nome_touro,registro,ano_nasc,var_mocha,pelagem,categoria,criador_codigo,fornecedor_semen_cod,reb_desm,nf_desm,pn_dep,pn_acuracia,pn_percentil,gnd_direto_dep,gnd_direto_acuracia,gnd_direto_percentil,gnd_materno_dep,gnd_materno_acuracia,gnd_materno_percentil,netos,conformacao_desm_dep,conformacao_desm_percentil,precocidade_desm_dep,precocidade_desm_percentil,musculatura_desm_dep,musculatura_desm_percentil,tamanho_desm_dep,tamanho_desm_percentil,pelame_desm_dep,pelame_desm_percentil,indice_desmama,indice_desmama_percentil,reb_sobreano,nf_sobreano,gds_dep,gds_acuracia,gds_percentil,gns_dep,gns_percentil,conformacao_sobr_dep,conformacao_sobr_percentil,precocidade_sobr_dep,precocidade_sobr_percentil,musculatura_sobr_dep,musculatura_sobr_percentil,tamanho_sobr_dep,tamanho_sobr_percentil,pelame_sobr_dep,pelame_sobr_percentil,perimetro_escrotal_dep,perimetro_escrotal_acuracia,perimetro_escrotal_percentil,indice_final,indice_final_percentil
LORENZEN FIELD DAY 7455,IA1076,2007,,V,IA,23805,,4,109,"0,80","0,31",84,"12,08","0,62",4,"-0,24","0,24",69,34,"0,22",20,"0,17",33,"0,14",44,"0,30",6,"-0,05",35,,6,4,70,"9,37","0,46",7,"21,45",4,"0,30",11,"0,23",19,"0,22",27,"0,33",6,"-0,02",48,"0,90","0,49",14,"32,80",6
TRADIÇÃO FIV T06 ZORZAL TE,146110,2010,,P,PO,3638,,1,23,"1,06","0,40",92,"13,46","0,51",2,"-2,68","0,27",96,5,"0,29",9,"0,26",15,"0,24",15,,,"0,07",84,,3,1,23,"6,77","0,45",18,"20,23",5,"0,25",20,"0,18",29,"0,22",28,,,"0,08",85,"1,41","0,48",2,"32,80",6
GAP 6449,219912,2018,,P,PO,2555,,1,58,"-0,58","0,60",11,"8,55","0,58",13,,,,,"0,28",9,"0,52",1,"0,48",1,,,"-0,19",4,,10,1,11,"10,43","0,31",4,"18,99",7,"0,28",14,"0,53",1,"0,52",1,,,"-0,20",5,"1,46","0,40",2,"32,77",6
G A R RELIANT,IA2073,2016,,P,IA,22294,,2,32,"-0,54","0,43",12,"9,07","0,41",11,,,,,"0,22",20,"0,07",65,"-0,01",87,"0,28",9,"-0,18",5,,12,1,5,"12,10","0,23",2,"21,17",4,"0,30",11,"0,10",52,"-0,01",87,"0,31",8,"-0,21",4,"0,79","0,24",19,"32,73",6
QUAKER HILL RAMPAGE 0A36 RAMPAGE,IA1518,2010,,P,IA,15614,A,9,51,"0,29","0,57",56,"10,27","0,57",7,"0,70","0,11",44,30,"0,16",38,"0,18",32,"0,08",66,"0,29",7,"-0,18",6,,11,6,30,"12,57","0,41",2,"22,85",3,"0,18",37,"0,14",38,"0,08",69,"0,30",8,"-0,17",9,"1,27","0,48",4,"32,68",6
GAP 6363,224571,2018,,P,PO,2555,T,2,135,"0,21","0,70",51,"7,09","0,68",21,,,,,"0,31",7,"0,13",45,"0,13",46,"0,13",34,"0,07",85,,14,1,6,"10,62","0,32",4,"17,71",9,"0,35",6,"0,25",16,"0,19",33,,,"0,04",73,"1,20","0,41",5,"32,43",6
RODEIO DO RINCÃO TE221 EXCEL BRAND 110,164289,2012,,P,PO,14672,,1,45,"0,93","0,36",88,"10,65","0,57",6,"-0,51","0,25",73,19,"0,28",10,"0,43",2,"0,19",26,"0,12",36,"-0,12",15,,6,1,30,"8,87","0,45",9,"19,52",6,"0,32",9,"0,41",3,"0,25",21,"0,12",37,"-0,14",14,"1,02","0,46",10,"32,40",6
GAR ASHLAND,IA1912,2015,,P,IA,23201,,10,89,"-0,35","0,55",19,"9,56","0,59",9,"2,40","0,08",13,3,"0,34",5,"0,26",16,"0,23",18,"0,32",5,"-0,10",21,,7,5,42,"7,22","0,37",15,"16,77",11,"0,37",5,"0,30",10,"0,26",18,"0,33",6,"-0,12",16,"1,42","0,44",2,"32,37",6
LD EMBLAZON 999 EMBLAZON 999,IA1705,2009,,P,IA,15614,,7,101,"-0,36","0,65",19,"9,50","0,65",9,"2,15","0,13",15,7,"0,40",2,"0,47",1,"0,30",7,"-0,02",81,"-0,11",18,,6,7,57,"9,42","0,46",7,"18,92",7,"0,41",3,"0,41",3,"0,33",8,"0,05",55,"-0,14",13,"-0,48","0,50",95,"31,64",7
MAC ACHIN GUINNES 6192 GUINNES,225366,2016,,P,PO,23163,L,1,27,"0,51","0,17",70,"10,67","0,31",6,,,,,"0,28",10,"0,31",9,"0,28",9,"0,27",10,"-0,03",47,,6,1,14,"7,95","0,21",12,"18,62",7,"0,29",13,"0,25",15,"0,31",11,"0,24",14,"-0,05",39,"1,32","0,23",3,"31,63",7
SÃO XAVIER 2277 MAGNATA SERTÃO,199444,2016,,P,PO,508,P,3,135,"0,17","0,67",48,"9,05","0,68",11,"2,83","0,16",9,4,"0,27",11,"0,10",56,"0,15",38,"0,22",15,"-0,05",36,,9,2,70,"10,45","0,49",4,"19,50",6,"0,30",11,"0,13",43,"0,16",43,"0,27",11,"-0,08",28,"0,76","0,55",21,"31,61",7
SAV RESOURCE 1441,IA1369,2011,,P,IA,22588,,103,1884,"0,78","0,88",83,"8,88","0,89",12,"-0,27","0,60",69,549,"0,27",11,"0,33",7,"0,30",7,"0,09",48,"-0,14",10,,10,82,1412,"9,83","0,83",6,"18,71",7,"0,37",5,"0,38",4,"0,40",3,"0,11",41,"-0,12",15,"0,64","0,87",27,"31,54",7
SITZ UPWARD 307R,IA1046,2005,,P,IA,23805,,17,161,"0,08","0,68",41,"9,48","0,72",9,"3,99","0,27",2,62,"0,27",11,"0,14",42,"0,12",50,"0,37",3,"0,04",73,,8,14,105,"9,10","0,56",8,"18,59",8,"0,31",9,"0,12",48,"0,16",45,"0,38",4,"0,03",68,"0,97","0,62",10,"31,16",7
TRADIÇÃO T61,190729,2015,,P,PO,3638,,1,30,"0,49","0,48",68,"11,82","0,51",4,"-0,47","0,19",72,9,"0,33",5,"0,32",7,"0,34",4,,,"0,01",60,,4,1,27,"5,70","0,40",25,"17,51",9,"0,31",10,"0,30",10,"0,35",6,,,"0,02",67,"1,19","0,46",6,"31,04",7
H2R PROFITBUILDER B403,IA1685,2014,,V,IA,16477,,21,250,"-0,94","0,75",5,"10,45","0,75",6,"2,76","0,17",10,32,"0,16",39,"0,33",7,"0,11",53,"0,18",21,"-0,08",26,,10,16,154,"8,88","0,57",9,"19,33",6,"0,27",17,"0,36",4,"0,21",29,"0,18",25,"-0,09",26,"1,66","0,67",1,"30,91",8
CIA.AZUL 3092 A. VALLEY ZORZAL,188318,2015,,P,PO,8538,,1,25,"-0,39","0,47",17,"9,35","0,46",10,"0,46","0,17",49,3,"0,19",29,"0,25",17,"0,04",74,"0,22",16,"-0,13",12,,13,1,11,"10,60","0,33",4,"19,94",6,"0,27",16,"0,30",9,"0,07",69,"0,31",8,"-0,16",10,"1,08","0,36",8,"30,88",8
JF PIRATINIZINHO 347,412677,2017,,P,PC,18778,,1,92,"2,76","0,58",99,"10,05","0,57",7,"-0,76","0,17",78,4,"0,38",3,"0,41",2,"0,36",2,"0,33",5,"-0,10",19,,5,1,54,"6,00","0,42",23,"16,05",12,"0,38",4,"0,39",3,"0,37",5,"0,36",4,"-0,06",37,"0,82","0,49",17,"30,74",8
INSIGHT BLACK 2820 TELLECHEA,199986,2016,,P,PO,18551,,2,24,"0,64","0,52",77,"8,04","0,52",15,,,,,"0,33",6,"0,30",10,"0,31",6,"0,16",27,"-0,07",28,,10,1,3,"8,76","0,35",9,"16,79",11,"0,33",8,"0,23",18,"0,36",5,"0,15",29,"-0,09",24,"0,83","0,41",17,"30,24",8
R B TOUR OF DUTY 177 DUTY,IA1640,2011,,P,IA,15614,A,16,173,"-0,29","0,70",21,"8,41","0,72",14,"3,81","0,24",3,49,"0,27",11,"0,10",56,"0,20",24,"0,39",3,"-0,08",25,,11,16,132,"9,85","0,58",6,"18,26",8,"0,28",15,"0,13",44,"0,19",34,"0,38",4,"-0,07",32,"0,89","0,67",14,"30,21",8
NERO VALLEY DA RIO DA PAZ TE,187605,2014,,P,PO,15956,,3,41,"0,77","0,54",82,"6,23","0,57",28,"1,35","0,19",29,22,"0,21",24,"0,17",34,"0,17",31,"0,16",25,"-0,12",15,,25,3,27,"11,53","0,44",3,"17,76",9,"0,32",8,"0,20",25,"0,25",21,"0,26",12,"-0,17",9,"1,13","0,53",7,"30,16",8
AKSAL REGARD DA RIO DA PAZ TE GENERAL,209005,2017,,P,PO,15956,P,5,70,"1,19","0,57",94,"10,73","0,61",6,,,,,"0,38",3,"0,29",11,"0,39",2,"0,35",4,"-0,15",8,,4,3,53,"4,70","0,48",34,"15,43",13,"0,36",6,"0,24",16,"0,40",3,"0,34",5,"-0,13",14,"1,03","0,57",9,"29,98",8
SAV RENOWN 3439 RENOWN,IA1716,2013,,P,IA,16477,G,47,694,"0,17","0,82",48,"8,09","0,83",15,"-0,67","0,42",76,144,"0,31",7,"0,28",12,"0,29",9,"0,13",33,"-0,10",20,,10,41,467,"9,50","0,72",6,"17,59",9,"0,36",5,"0,29",11,"0,34",7,"0,15",30,"-0,17",9,"0,25","0,78",56,"29,83",8
EXAR UPSHOT 0562B,IA1440,2010,,P,IA,15614,,5,36,"0,80","0,39",83,"7,71","0,47",18,"3,11","0,09",7,9,"0,24",17,"0,15",40,"0,11",54,"0,33",5,"0,04",75,,16,5,26,"10,19","0,33",5,"17,91",9,"0,29",12,"0,11",50,"0,14",49,"0,36",4,"0,03",70,"1,01","0,37",10,"29,80",9
SANTA THEREZA 2799,384203,2014,,P,PC,3108,,2,123,"-0,12","0,67",29,"12,18","0,65",4,"3,03","0,16",7,22,"0,14",43,"0,17",35,"0,08",63,"0,03",64,"-0,13",11,,7,1,48,"8,86","0,43",9,"21,04",4,"0,19",34,"0,17",32,"0,12",56,"0,04",60,"-0,17",9,"1,07","0,31",8,"29,55",9
KCF BENNETT PATRON B840 PATRON,IA1804,2014,,P,IA,22524,,4,40,"0,25","0,28",53,"7,85","0,48",16,,,,,"0,20",26,"0,01",80,"0,09",62,"0,27",9,"-0,08",25,,18,4,36,"9,74","0,35",6,"17,59",9,"0,29",13,"0,16",34,"0,13",54,"0,33",6,"-0,14",14,"1,32","0,37",3,"29,39",9
S A V RAINFALL 6846,IA2056,2016,,P,IA,22588,M,18,188,"0,03","0,72",37,"6,64","0,72",25,"2,87","0,16",8,5,"0,26",12,"0,25",16,"0,27",10,"0,02",70,"-0,06",33,,19,7,86,"10,79","0,53",4,"17,43",9,"0,31",10,"0,25",16,"0,30",11,"0,13",36,"-0,09",26,"0,48","0,61",38,"28,76",9
CORONEL REGARD DA RIO DA PAZ TE CORONEL,218220,2018,,P,PO,15956,P,3,51,"0,99","0,54",90,"10,56","0,59",6,,,,,"0,36",4,"0,43",2,"0,45",1,"0,10",43,"-0,11",16,,5,1,19,"4,51","0,43",36,"15,07",14,"0,34",7,"0,32",8,"0,48",1,"0,09",45,"-0,05",38,"0,93","0,50",12,"28,55",10
ELLINGSON ROUGHRIDER 4202,IA1943,2014,,P,IA,22161,,8,30,"0,25","0,49",53,"7,05","0,49",22,,,,,"0,40",2,"0,38",4,"0,31",6,"0,25",12,"0,01",63,,9,3,10,"4,61","0,32",35,"11,66",27,"0,44",2,"0,37",4,"0,32",10,"0,24",14,"-0,02",48,"1,03","0,40",9,"27,90",10
TÓLIO TE403 BRAND NAME TRAVELER ÉBANO,181339,2014,,P,PO,14838,T,1,20,"0,70","0,51",79,"11,79","0,53",4,"1,43","0,20",27,1,"0,29",9,"0,34",6,"0,28",10,"0,32",5,"0,08",87,,4,1,17,"4,11","0,43",40,"15,89",12,"0,28",15,"0,23",18,"0,30",12,"0,29",9,"0,09",86,"1,03","0,48",9,"27,52",10
SAV 654X RAINMASTER 6849,IA1979,2016,,P,IA,22588,,9,98,"0,26","0,67",53,"7,26","0,66",20,,,,,"0,35",4,"0,36",5,"0,25",14,"0,05",58,"-0,31",1,,11,7,69,"5,96","0,53",23,"13,22",20,"0,36",6,"0,32",8,"0,22",26,"0,09",45,"-0,31",1,"0,91","0,60",13,"27,22",10
CONNEALY RIGHT ANSWER 746,IA1239,2007,,P,IA,23805,,13,152,"-0,45","0,54",15,"5,30","0,64",36,"2,68","0,26",10,43,"0,23",19,"0,03",73,"0,09",60,"0,26",11,"-0,02",50,,29,8,36,"10,00","0,46",5,"15,29",13,"0,34",7,"0,11",50,"0,15",46,"0,33",5,"-0,05",40,"0,80","0,51",18,"27,21",10
COLEMAN CHARLO 0256,IA1853,2010,,P,IA,22488,,29,258,"-0,18","0,75",25,"7,64","0,75",18,"2,56","0,13",11,19,"0,38",3,"0,56",1,"0,51",1,"0,00",75,"-0,17",7,,8,18,99,"5,20","0,57",29,"12,84",22,"0,37",5,"0,49",1,"0,55",1,"-0,01",76,"-0,24",3,"0,82","0,66",17,"27,08",11
SANTA JOANA 2370,408372,2016,,P,PC,15398,,1,22,"0,03","0,47",38,"8,33","0,47",14,"1,49","0,14",26,5,"0,21",22,"0,19",28,"0,08",64,,,"-0,08",27,,15,1,13,"10,26","0,34",5,"18,59",8,"0,32",9,"0,23",19,"0,13",52,,,"-0,11",18,"-0,34","0,38",91,"27,02",11
TRADIÇÃO T73,190739,2015,,P,PO,3638,,2,53,"0,50","0,56",69,"8,69","0,60",13,"0,43","0,18",50,4,"0,29",9,"0,18",31,"0,22",19,"0,25",12,"0,04",74,,10,2,51,"7,38","0,48",15,"16,06",12,"0,24",24,"0,09",55,"0,19",33,"0,27",11,"0,05",77,"0,85","0,57",15,"26,95",11
SANTA THEREZA 2773,384237,2014,,P,PC,3108,,1,20,"-0,38","0,48",17,"10,41","0,46",6,"1,86","0,21",19,9,"0,26",13,"0,23",21,"0,28",10,"0,22",15,"-0,01",55,,7,1,8,"6,49","0,34",20,"16,90",10,"0,25",21,"0,13",42,"0,28",15,"0,23",15,"-0,01",54,"0,62","0,35",29,"26,86",11
S A V WATERFALL 8081,IA2143,2018,,P,IA,22588,,2,31,"0,94","0,49",88,"8,05","0,50",15,,,,,"0,33",6,"0,28",13,"0,26",13,"0,14",30,"-0,17",7,,9,1,5,"5,93","0,37",23,"13,99",17,"0,34",7,"0,27",14,"0,28",14,"0,16",28,"-0,19",7,"0,59","0,38",31,"26,45",11
MC CUMBER STEADFAST 635 STEADFAST,IA2094,2016,,P,IA,22390,K,5,22,"0,84","0,37",85,"9,66","0,40",8,,,,,"0,21",23,"0,34",6,"0,25",14,"0,13",33,"0,05",79,,10,4,14,"8,98","0,28",8,"18,64",7,"0,28",14,"0,34",6,"0,30",11,"0,21",19,"0,04",74,"-0,23","0,35",87,"26,43",12
VPJ BLACK DOTTY N.WORTH,154528,2012,,P,PO,8629,,2,37,"0,16","0,50",47,"5,68","0,49",33,,,,,"0,30",8,"0,24",18,"0,22",19,"0,18",21,"-0,08",26,,20,2,27,"9,45","0,38",7,"15,13",13,"0,34",7,"0,24",17,"0,23",25,"0,22",17,"-0,06",35,"0,01","0,45",74,"26,18",12
RINCON 0902 DEL SARANDY EL SAYCAN,112469,2005,,P,PO,7287,T,24,362,"0,17","0,78",47,"9,37","0,79",10,"3,75","0,51",3,323,"0,27",12,"0,16",36,"0,19",28,"0,26",11,"-0,22",3,,8,21,252,"6,51","0,68",20,"15,88",12,"0,29",12,"0,16",35,"0,15",47,"0,31",7,"-0,18",7,"0,41","0,70",43,"26,14",12
PAMPEANO 1971 LUCIDO DON QUIXOTE 668 PREDOMINANT,216315,2016,,P,PO,23219,R,6,133,"0,27","0,68",55,"8,04","0,68",15,"-0,60","0,14",74,7,"0,34",5,"0,35",5,"0,33",5,"0,03",64,"0,06",81,,9,6,103,"6,64","0,53",19,"14,67",15,"0,32",9,"0,35",5,"0,37",5,"0,04",61,"0,07",83,"0,20","0,55",60,"26,10",12
EF COMPLEMENT 8088,IA1389,2008,,P,IA,17737,,22,385,"-0,56","0,80",11,"4,79","0,80",42,"3,71","0,45",4,213,"0,12",53,"0,07",65,"-0,03",89,"0,13",32,"-0,03",42,,45,21,326,"12,25","0,69",2,"17,04",10,"0,34",7,"0,25",16,"0,14",50,"0,29",9,"-0,09",25,"0,25","0,74",55,"25,94",12
SAV THRIVE 5054,IA1897,2015,,P,IA,22588,,2,53,"0,99","0,51",90,"7,46","0,59",19,"-0,05","0,23",59,11,"0,32",6,"0,31",9,"0,35",3,"0,08",50,"-0,09",24,,12,2,38,"5,57","0,47",26,"13,03",21,"0,31",10,"0,28",12,"0,37",5,"0,01",70,"-0,10",22,"1,01","0,53",10,"25,83",12
RANGER BEST INTEREST DA RIO DA PAZ TE,200608,2015,,P,PO,15956,,2,32,"0,71","0,56",80,"9,24","0,56",10,"1,89","0,18",19,8,"0,21",22,"-0,01",83,"0,12",51,"0,44",2,"-0,13",12,,12,2,29,"6,46","0,44",20,"15,70",12,"0,26",19,"0,05",68,"0,14",50,"0,48",1,"-0,13",15,"0,96","0,53",11,"25,80",12
S A V CHECKMATE 8158 CHECKMATE,IA2075,2018,,P,IA,22588,,18,169,"-1,53","0,70",2,"7,42","0,70",19,,,,,"0,28",9,"0,40",3,"0,36",2,"0,13",33,"-0,06",33,,14,8,68,"7,75","0,49",13,"15,18",13,"0,30",11,"0,36",4,"0,43",2,"0,13",35,"-0,11",19,"0,30","0,57",52,"25,77",13
CANTÃO,417039,2017,,P,PC,20397,,1,62,"0,14","0,60",46,"7,10","0,60",21,,,,,"0,26",14,"0,15",38,"0,23",17,"0,25",12,"-0,05",38,,17,1,35,"7,19","0,49",15,"14,29",16,"0,32",9,"0,19",27,"0,26",19,"0,28",10,"-0,04",41,"0,73","0,47",22,"25,70",13
REDBAR NET WORTH D168 FINAL ANSWER,183971,2014,,P,PO,9271,,1,36,"1,82","0,54",99,"5,81","0,54",32,"1,14","0,22",34,13,"0,36",4,"0,32",8,"0,33",4,"0,27",10,"0,03",72,,16,1,26,"5,11","0,44",30,"10,92",30,"0,37",5,"0,26",14,"0,35",6,"0,30",9,"-0,01",55,"1,11","0,50",7,"25,51",13
BUFORD BLUESTEM 9974,IA1282,2009,,P,IA,17737,,13,195,"0,13","0,73",45,"5,44","0,73",35,"2,64","0,34",11,88,"0,26",13,"0,32",8,"0,19",25,"0,23",14,"-0,22",2,,25,12,124,"8,43","0,59",10,"13,86",18,"0,32",9,"0,44",2,"0,26",20,"0,26",12,"-0,23",3,"0,67","0,66",26,"25,45",13
Performance Qualidade de carne Adaptação CANTÃO,425258,2018,,P,PC,20397,,1,30,"0,32","0,55",58,"9,76","0,55",8,,,,,"0,27",11,"0,25",16,"0,22",20,"0,29",8,"-0,10",20,,8,1,24,"4,80","0,48",33,"14,56",15,"0,27",16,"0,22",20,"0,22",26,"0,29",9,"-0,09",26,"0,84","0,49",16,"25,35",13
GAP 6639,228559,2019,,P,PO,23388,,1,21,"0,07","0,51",41,"4,50","0,50",44,,,,,"0,27",12,"0,38",4,"0,29",8,"0,10",43,"-0,22",2,,30,,0,"8,40","0,35",10,"12,90",21,"0,30",11,"0,38",4,"0,33",8,"0,11",41,"-0,20",5,"1,14","0,41",7,"25,34",13
EF AUTHENTIC 0829,IA1368,2010,,P,IA,16477,,12,133,"-1,56","0,66",2,"7,23","0,68",20,"3,89","0,20",3,20,"0,17",35,"0,27",14,"0,13",47,"0,13",34,"-0,21",3,,23,11,100,"10,94","0,54",4,"18,17",8,"0,21",30,"0,31",8,"0,18",38,"0,18",25,"-0,21",4,"0,11","0,58",68,"25,24",13
HOOVER DAM,IA1514,2008,,P,IA,21143,,2,32,"-0,12","0,45",29,"6,27","0,44",28,"1,45","0,06",27,4,"0,14",47,"0,08",61,"0,04",74,"0,02",69,"-0,11",17,,32,2,21,"7,91","0,29",12,"14,18",16,"0,20",32,"0,12",45,"0,12",55,"0,07",50,"-0,11",18,"2,13","0,34",1,"25,13",13
REDBAR D168 NET WORTH G466 MATRIX,220892,2017,,P,PO,9271,,1,25,"1,57","0,49",98,"9,13","0,48",11,,,,,"0,38",2,"0,35",5,"0,31",6,"0,38",3,"0,00",59,,6,1,24,"4,33","0,39",37,"13,46",19,"0,37",5,"0,21",22,"0,29",13,"0,40",3,"-0,03",45,"-0,20","0,47",86,"25,02",14
SCHIEFELBEIN RHOMBUS 4937 RHOMBUS,IA1989,2017,,P,IA,23503,,3,21,"-0,04","0,46",33,"10,74","0,49",6,,,,,"0,17",36,"0,08",61,"0,19",28,"0,30",6,"-0,06",34,,9,2,16,"8,94","0,43",9,"19,68",6,"0,16",43,"0,07",61,"0,22",28,"0,30",8,"-0,12",17,"-0,17","0,46",85,"24,98",14
SANTA JOANA 1866,362713,2012,,P,PC,15398,,2,99,"0,84","0,67",85,"4,94","0,67",40,"7,13","0,31",1,71,"0,34",4,"0,38",3,"0,35",3,,,"-0,25",1,,21,1,80,"8,11","0,54",11,"13,05",20,"0,42",3,"0,48",1,"0,42",2,,,"-0,26",2,"-0,41","0,59",93,"24,82",14
CONNEALY EARNAN 076E,IA1341,2010,,P,IA,10379,,20,91,"0,02","0,55",36,"8,41","0,64",14,"-0,10","0,23",60,62,"0,24",17,"0,23",19,"0,19",28,"0,22",15,"-0,03",47,,13,13,55,"7,13","0,48",16,"15,54",12,"0,27",16,"0,25",16,"0,16",44,"0,23",16,"-0,02",48,"0,30","0,55",52,"24,69",14
CONNEALY FINAL PRODUCT,IA1220,2007,,P,IA,23805,,8,250,"0,40","0,72",63,"8,29","0,73",14,"3,74","0,23",3,31,"0,28",10,"0,21",24,"0,23",17,"0,31",6,"0,08",88,,12,8,209,"6,47","0,61",20,"14,76",14,"0,29",13,"0,13",43,"0,16",44,"0,27",11,"0,11",91,"0,27","0,72",54,"24,69",14
CIA.AZUL TE4066 RESOURCE QUEBRACHO CAPITÃO,222258,2017,,P,PO,8538,P,4,146,"-0,67","0,67",9,"9,37","0,68",10,"-0,75","0,23",77,2,"0,35",4,"0,30",9,"0,33",4,"0,33",5,"-0,14",11,,7,3,48,"2,88","0,49",53,"12,26",24,"0,33",8,"0,17",31,"0,30",11,"0,24",13,"-0,13",15,"0,77","0,48",20,"24,68",14
TRADIÇÃO 2064 BEEF,372387,2013,,P,PC,3638,R,2,40,"0,25","0,44",53,"6,82","0,56",23,"1,22","0,22",32,11,"0,20",26,"0,08",60,"0,10",58,,,"-0,04",40,,23,2,38,"8,97","0,46",9,"15,79",12,"0,23",24,"0,14",39,"0,12",57,,,"-0,05",40,"0,53","0,52",34,"24,51",15
TRADIÇÃO T120 GUAPO,221988,2018,,P,PO,3638,P,3,28,"0,72","0,47",80,"8,03","0,52",15,,,,,"0,36",3,"0,17",33,"0,25",14,"0,13",33,"0,09",89,,8,1,9,"3,04","0,38",51,"11,07",29,"0,35",7,"0,15",37,"0,28",14,"0,15",30,"0,07",81,"0,87","0,47",15,"24,35",15
TRADIÇÃO 2005,372393,2013,,P,PC,3638,,1,136,"0,28","0,67",55,"8,00","0,68",16,"0,44","0,37",49,53,"0,30",8,"0,17",33,"0,30",8,"0,30",7,"-0,09",23,,11,1,120,"6,17","0,58",22,"14,17",16,"0,27",16,"0,18",31,"0,29",13,"0,32",7,"-0,10",22,"0,23","0,53",57,"24,16",15
CHALÉ U754,195883,2016,,P,PO,10385,,2,63,"0,53","0,51",71,"9,17","0,50",10,"0,77","0,16",43,2,"0,09",63,"0,09",57,"0,04",74,"0,10",41,"-0,08",26,,19,2,40,"9,02","0,37",8,"18,19",8,"0,19",35,"0,16",33,"0,10",63,"0,12",38,"-0,08",28,"0,46","0,46",40,"24,09",15
SAF FAME,IA636,1993,,P,IA,23805,,6,40,"0,63","0,46",76,"6,93","0,53",23,"1,57","0,23",25,64,"0,22",22,"0,11",49,"0,08",65,"0,36",4,"0,04",74,,20,5,33,"6,88","0,40",18,"13,81",18,"0,26",19,"0,14",39,"0,13",54,"0,35",4,"0,04",74,"0,99","0,36",10,"24,03",15
CANTÃO,417098,2017,,P,PC,20397,,1,32,"0,60","0,47",75,"9,24","0,47",10,"0,93","0,13",39,6,"0,27",12,"0,25",18,"0,31",6,"0,23",14,"-0,09",24,,9,1,27,"4,71","0,36",34,"13,95",17,"0,25",21,"0,23",18,"0,28",14,"0,24",14,"-0,09",25,"0,65","0,33",27,"23,78",16
SÃO XAVIER 1826 JACARTA TE,184891,2014,,P,PO,508,,1,50,"0,30","0,53",57,"5,55","0,57",34,"1,02","0,22",37,8,"0,24",17,"0,20",27,"0,30",7,"0,14",32,"-0,07",30,,27,1,38,"8,61","0,45",10,"14,16",17,"0,26",18,"0,19",26,"0,36",6,"0,16",28,"-0,05",38,"0,47","0,54",39,"23,77",16
S2 PREDESTINED 1430 GREAT DIVIDE,177948,2014,,P,PO,6667,,1,32,"1,07","0,38",92,"10,50","0,55",6,"1,15","0,18",33,9,"0,28",9,"0,18",31,"0,28",9,"0,31",6,"-0,08",27,,6,1,18,"3,95","0,40",42,"14,45",16,"0,25",21,"0,14",41,"0,25",21,"0,32",7,"-0,10",23,"0,40","0,43",44,"23,73",16
HXC DECLARATION 5504C,IA1838,2015,,V,IA,8148,,3,20,"0,00","0,31",35,"8,55","0,38",13,,,,,"0,17",35,"0,17",35,"0,21",22,"0,20",18,"-0,11",17,,17,3,19,"7,03","0,29",17,"15,58",12,"0,18",37,"0,18",30,"0,22",28,"0,25",12,"-0,11",20,"0,92","0,36",13,"23,63",16
STEVENSON TURNING POINT,IA1877,2016,,P,IA,22839,,8,103,"-1,25","0,65",3,"11,54","0,63",5,"1,05","0,09",36,1,"0,19",29,"0,17",33,"0,22",19,"0,20",19,"-0,06",33,,7,2,18,"5,76","0,33",24,"17,30",10,"0,18",38,"0,15",37,"0,23",24,"0,15",31,"-0,07",33,"0,21","0,35",59,"23,62",16
GAP FIV4611,185552,2013,,P,PO,2555,,2,53,"-0,07","0,62",32,"6,45","0,62",27,"-0,10","0,28",60,8,"0,34",5,"0,21",23,"0,13",47,,,"-0,21",3,,15,2,44,"4,31","0,50",38,"10,76",30,"0,39",4,"0,16",34,"0,10",63,,,"-0,24",3,"0,43","0,57",43,"23,50",16
SANTO ANTÃO NET WORTH 843,178023,2014,,P,PO,14982,,2,26,"1,41","0,48",97,"8,20","0,50",14,"0,10","0,22",57,10,"0,30",8,"0,27",14,"0,27",11,,,"-0,05",38,,10,2,16,"5,70","0,38",25,"13,91",17,"0,30",12,"0,23",20,"0,29",13,,,"-0,06",34,"-0,04","0,43",77,"23,48",16
SANTA JOANA 2726,427466,2018,,P,PC,15398,,1,30,"0,82","0,48",84,"7,85","0,48",16,,,,,"0,25",15,"0,22",21,"0,17",32,"0,15",29,"-0,07",28,,15,1,23,"7,69","0,34",13,"15,54",12,"0,26",18,"0,24",17,"0,19",35,"0,17",25,"-0,04",42,"-0,23","0,39",87,"23,44",16
TRADIÇÃO 2011,372471,2013,,P,PC,3638,,2,101,,,,"8,18","0,59",15,"1,86","0,28",19,61,"0,33",5,"0,35",5,"0,29",9,"0,25",12,"0,06",83,,9,1,79,"4,28","0,47",38,"12,46",23,"0,33",8,"0,28",11,"0,27",16,"0,23",15,"0,08",85,"0,12","0,56",67,"23,34",16
SANTA JOANA 1791,362616,2012,,P,PC,15398,,1,44,"0,34","0,57",60,"5,43","0,56",35,"1,48","0,25",26,18,"0,30",8,"0,10",53,"0,15",41,,,"-0,14",10,,22,1,34,"5,63","0,45",25,"11,07",29,"0,31",9,"0,04",71,"0,12",58,,,"-0,16",10,"0,92","0,50",13,"23,26",17
S2 GAR INTEGRITY 13036 WORTH 4200,168534,2013,,P,PO,6667,,3,38,"-0,16","0,57",26,"7,37","0,59",20,"0,96","0,27",38,26,"0,31",7,"0,33",7,"0,26",12,"0,26",11,"-0,14",11,,13,3,25,"5,86","0,45",24,"13,23",20,"0,34",7,"0,28",12,"0,31",10,"0,22",17,"-0,12",16,"-0,18","0,50",85,"23,23",17
GMRA PEACEMAKER 1216 PEACEMAKER,IA1444,2011,,V,IA,13096,,4,104,"0,37","0,27",61,"6,28","0,50",28,"-0,12","0,01",61,1,"0,20",25,"0,17",33,"0,19",26,"-0,04",85,"-0,09",22,,26,4,71,"7,55","0,34",14,"13,83",18,"0,23",24,"0,15",37,"0,19",36,"-0,04",82,"-0,10",23,"0,86","0,36",15,"23,22",17
SS OBJECTIVE T510 0T26,IA1225,2000,,P,IA,23805,,2,47,"0,05","0,57",39,"10,51","0,56",6,"1,07","0,21",36,52,"0,15",41,"0,17",33,"-0,02",87,"0,27",10,"-0,21",3,,10,2,44,"6,45","0,45",20,"16,96",10,"0,11",58,"0,12",45,"-0,06",93,"0,27",10,"-0,21",5,"0,79","0,47",19,"23,18",17
BIEBER DEEP END B597 DEEP END,IA1728,2014,,V,IA,16477,,2,20,"-0,95","0,36",5,"6,80","0,34",24,"0,97","0,03",38,3,"0,28",10,"-0,25",99,"0,10",56,"0,32",5,"0,12",95,,17,1,13,"5,41","0,21",28,"12,21",24,"0,34",7,"-0,18",99,"0,12",55,"0,34",5,"0,16",96,"0,37","0,24",46,"23,09",17
BIGUÁ 6463 DENSITY TE,184691,2014,,P,PO,18474,,1,250,"-0,58","0,55",10,"8,01","0,55",16,"0,91","0,27",39,38,"0,34",5,"0,34",6,"0,42",1,"0,26",11,"-0,07",29,,9,1,185,"2,41","0,42",58,"10,42",32,"0,36",6,"0,31",8,"0,45",2,"0,27",11,"-0,10",22,"0,77","0,43",20,"23,03",17
REDBAR GRETZKY G395 V64 LODI PRINCE GANADOR,221666,2017,,V,PO,9271,L,2,41,"1,05","0,54",91,"9,01","0,53",11,,,,,"0,34",5,"0,14",41,"0,04",76,"0,49",1,"-0,03",44,,8,2,35,"2,58","0,39",56,"11,60",27,"0,37",5,"0,12",46,"0,06",72,"0,45",2,"-0,07",31,"0,16","0,49",64,"23,00",17
SAV PEACE OF MIND 5070,IA917,2005,,P,IA,23805,,4,42,"1,20","0,59",94,"5,88","0,58",31,"3,58","0,25",4,66,"0,30",8,"0,13",45,"0,15",40,"0,30",7,"-0,07",28,,20,4,30,"5,63","0,45",25,"11,51",27,"0,29",13,"0,06",64,"0,10",61,"0,32",7,"-0,13",14,"0,66","0,48",26,"22,71",18
V A R DISCOVERED 7218,IA2092,2017,,P,IA,23145,,4,21,"0,68","0,43",79,"6,52","0,41",26,,,,,"0,12",52,"0,03",75,"-0,01",86,"0,26",11,"-0,06",34,,32,1,3,"8,64","0,22",10,"15,16",13,"0,17",40,"0,05",67,"0,01",83,"0,31",8,"-0,07",31,"1,00","0,23",10,"22,63",18
TRES MARIAS 9935 CURRENCY 6764 TE NAVAJO,IA1843,2013,,P,IA,5150,K,5,54,"-0,21","0,53",24,"7,92","0,52",16,"-1,76","0,14",90,1,"0,26",13,"0,04",73,"0,20",24,"0,28",8,"0,05",77,,14,4,34,"5,21","0,36",29,"13,12",20,"0,25",20,"-0,03",87,"0,19",35,"0,33",5,"0,12",92,"0,50","0,42",37,"22,59",18
SAV REAL PERFORMANCE 4876,IA1726,2014,,P,IA,10379,,12,133,"0,73","0,68",81,"4,94","0,70",40,"-1,00","0,30",81,53,"0,26",13,"0,05",69,"0,05",73,"0,16",26,"0,05",79,,28,12,106,"6,41","0,56",20,"11,35",28,"0,32",9,"0,16",33,"0,11",58,"0,17",26,"0,05",75,"0,64","0,62",27,"22,40",19
SAV TECHNIQUE 5120,IA1973,2015,,P,IA,22588,,3,34,"1,15","0,53",93,"7,07","0,52",22,"0,88","0,16",40,2,"0,17",33,"0,01",79,"0,15",40,"0,14",30,"-0,08",26,,23,3,21,"7,61","0,39",13,"14,68",15,"0,21",29,"0,03",74,"0,16",42,"0,17",27,"-0,09",26,"0,55","0,37",33,"22,39",19
SAV SEEDSTOCK 4838,IA1313,2014,,P,IA,22588,,2,28,"0,64","0,53",77,"7,46","0,53",19,"1,21","0,25",32,16,"0,21",24,"0,20",27,"0,14",42,"0,18",21,"-0,10",21,,19,2,19,"6,69","0,43",19,"14,15",17,"0,25",21,"0,22",21,"0,16",44,"0,25",13,"-0,15",11,"0,27","0,44",54,"22,15",19
CANTÃO,417101,2017,,V,PC,20397,,1,23,"0,47","0,52",67,"7,98","0,52",16,,,,,"0,17",34,"0,28",13,"0,28",10,"0,18",21,"-0,07",29,,19,1,18,"6,25","0,46",21,"14,24",16,"0,20",30,"0,29",10,"0,30",11,"0,15",29,"-0,07",32,"0,77","0,47",20,"22,09",19
TIMBAÚVA 9046 BRUISER TIMB. 11,432665,2019,,P,PC,14168,,1,22,"-1,42","0,48",2,"7,77","0,46",17,,,,,"0,23",19,"0,18",32,"0,05",73,"0,23",14,"-0,10",21,,16,,0,"5,08","0,30",30,"12,85",21,"0,29",13,"0,18",30,"0,11",60,"0,25",12,"-0,13",14,"0,46","0,37",40,"22,03",19
BALDRIDGE BRONC,IA1867,2015,,P,IA,22483,M,3,26,"-0,09","0,46",31,"5,78","0,46",32,"1,25","0,07",31,2,"0,10",62,"0,04",73,"0,10",58,"0,13",34,"-0,03",46,,40,2,19,"9,52","0,33",6,"15,30",13,"0,15",47,"0,09",56,"0,15",46,"0,12",37,"-0,07",34,"0,96","0,39",11,"22,01",19
MOHNEN SOUTH DAKOTA 402 DAKOTA,IA1519,2012,,P,IA,16783,,21,297,"0,57","0,71",73,"7,66","0,74",18,"1,52","0,35",26,126,"0,25",16,"0,20",27,"0,21",22,"0,20",19,"-0,00",56,,16,17,204,"5,61","0,62",26,"13,26",20,"0,25",20,"0,18",30,"0,24",22,"0,19",21,"0,01",63,"0,28","0,70",53,"21,84",19
BASIN RAINMAKER 4404,IA1963,2014,,P,IA,22579,,8,75,"0,14","0,54",46,"4,91","0,59",40,,,,,"0,15",40,"-0,05",90,"-0,13",98,"0,30",7,"-0,06",32,,40,5,28,"8,95","0,36",9,"13,87",18,"0,20",31,"0,03",73,"-0,12",97,"0,33",6,"-0,13",15,"0,77","0,42",20,"21,82",20
SAV HERITAGE 6295 HERITAGE,IA1036,2006,,P,IA,23805,,16,75,"1,18","0,64",94,"6,10","0,65",29,"-0,29","0,26",70,29,"0,24",17,"-0,06",91,"0,13",47,"0,27",10,"0,05",77,,23,13,45,"7,09","0,51",16,"13,19",20,"0,27",16,"-0,03",86,"0,13",52,"0,26",11,"0,06",79,"0,09","0,56",69,"21,81",20
RINCON CRAQUE 1373 DEL SARANDY,127588,2008,,V,PO,7287,,4,56,"0,90","0,57",87,"6,54","0,59",26,"-2,92","0,26",97,28,"0,21",24,"0,05",70,"0,25",14,"0,16",25,"-0,03",45,,24,4,42,"6,76","0,47",18,"13,30",19,"0,28",15,"0,07",64,"0,32",10,"0,21",18,"-0,04",43,"0,23","0,51",58,"21,65",20
LEACHMAN FIELD DAY A614N,IA814,2003,,V,IA,23805,M,30,449,"0,05","0,72",39,"8,22","0,81",14,"-0,68","0,53",76,277,"0,22",20,"0,13",46,"0,19",27,"0,21",16,"-0,05",38,,15,25,279,"4,79","0,70",33,"13,01",21,"0,26",19,"0,14",38,"0,20",32,"0,21",18,"-0,04",42,"0,47","0,75",39,"21,65",20
CIA.AZUL TE3594 WEST RIVER ZORZAL,202019,2016,,P,PO,8538,,1,20,"0,33","0,46",59,"7,44","0,47",19,"-1,76","0,23",90,16,"0,27",11,"0,17",33,"0,09",60,"0,26",11,"0,05",78,,15,1,16,"3,93","0,37",42,"11,37",28,"0,26",18,"0,05",68,"0,08",67,"0,23",16,"0,07",82,"0,74","0,33",22,"21,58",20
ALC BIG EYE D09N,IA853,2003,,P,IA,27149,M,4,52,"-0,28","0,59",21,"-0,34","0,60",86,"6,48","0,29",1,106,"0,18",32,"0,06",67,"0,09",62,"0,34",4,"-0,30",1,,73,2,35,"12,79","0,47",2,"12,46",23,"0,28",14,"0,16",34,"0,16",42,"0,43",2,"-0,26",2,"0,25","0,52",55,"21,52",20
ESPINILHO BRAND NAME TE118,171432,2012,,P,PO,14550,,1,22,"-0,01","0,47",35,"6,35","0,48",27,"1,50","0,17",26,7,"0,30",8,"0,04",73,"0,19",27,,,"0,01",64,,18,1,10,"3,24","0,33",49,"9,58",37,"0,28",14,"0,05",68,"0,23",24,,,"-0,01",54,"1,19","0,33",6,"21,51",20
CIA.AZUL 5162 ROGER CINCH,231506,2019,,P,PO,8538,,1,27,"2,13","0,54",99,"6,45","0,52",27,,,,,"0,31",7,"0,21",25,"0,28",10,"0,22",15,"-0,11",18,,17,,0,"3,92","0,33",42,"10,38",32,"0,32",9,"0,19",28,"0,34",8,"0,26",12,"-0,11",20,"0,50","0,41",37,"21,50",20
GAP T001/17,415498,2017,,P,PC,2555,,1,29,"-0,24","0,53",23,"5,72","0,52",32,,,,,"0,23",19,"0,23",20,"0,22",20,"0,23",14,"-0,11",18,,27,1,10,"8,06","0,37",11,"13,77",18,"0,29",13,"0,21",22,"0,25",20,"0,24",13,"-0,15",11,"-0,33","0,45",91,"21,49",20
Performance Qualidade de carne Adaptação GAP 5729,198739,2016,,V,PO,2555,,1,27,"0,74","0,50",81,"5,49","0,49",35,"2,94","0,19",8,7,"0,17",34,"0,19",29,"0,18",29,,,"-0,04",40,,34,1,16,"7,98","0,36",12,"13,48",19,"0,24",23,"0,28",12,"0,30",11,,,"-0,03",45,"0,46","0,31",40,"21,43",20
GRAN EXAR 2844 TELLECHEA,199996,2016,,P,PO,18551,,2,106,"0,78","0,66",83,"5,11","0,64",38,,,,,"0,23",18,"0,18",30,"0,22",20,"0,06",55,"0,04",74,,30,1,13,"4,27","0,36",38,"9,37",38,"0,28",15,"0,18",30,"0,25",20,"0,06",53,"-0,02",51,"1,67","0,43",1,"21,41",20
SAV TEXTBOOK 5115,IA1862,2015,,P,IA,22588,,6,107,"0,60","0,64",75,"7,62","0,63",18,"0,50","0,17",48,8,"0,16",39,"0,07",63,"0,13",48,"0,12",37,"-0,09",24,,22,4,42,"6,64","0,44",19,"14,26",16,"0,18",37,"0,08",60,"0,12",55,"0,13",34,"-0,11",19,"0,69","0,52",24,"21,38",20
TÓLIO TE422 FARAÓ FARAÓ,192097,2015,,P,PO,14838,P,4,63,"-0,54","0,64",12,"3,54","0,63",54,"0,51","0,17",48,1,"0,15",41,"0,14",43,"0,15",38,"0,12",35,"-0,10",21,,50,3,41,"9,38","0,48",7,"12,92",21,"0,21",29,"0,12",46,"0,19",33,"0,16",28,"-0,11",19,"0,89","0,51",14,"21,38",20
QUIRÍ M060,343770,2010,,V,PC,92,,2,25,"0,76","0,46",82,"7,41","0,45",19,"1,69","0,14",23,7,"0,19",28,"0,20",27,"0,11",54,"0,12",38,"0,01",61,,20,1,17,"5,66","0,33",25,"13,07",20,"0,20",30,"0,12",46,"0,14",51,"0,17",25,"-0,01",55,"0,84","0,35",16,"21,37",21
SOLDERA 6019 BISMARK,195499,2016,,P,PO,15061,,1,34,"-0,27","0,46",22,"9,24","0,50",10,,,,,"0,15",41,"0,15",40,"0,17",32,"0,08",49,"0,06",82,,15,1,16,"4,30","0,37",38,"13,54",19,"0,17",42,"0,10",51,"0,18",38,"0,08",49,"0,09",86,"1,21","0,41",5,"21,25",21
GAP 3867,144521,2010,,P,PO,2555,,2,42,"0,33","0,58",59,"2,88","0,58",61,"0,75","0,28",43,61,"0,14",44,"0,20",26,"0,17",34,"0,17",25,"-0,07",30,,57,2,28,"8,48","0,44",10,"11,36",28,"0,26",19,"0,26",14,"0,27",16,"0,18",23,"-0,16",10,"1,28","0,45",4,"21,20",21
SANTA JOANA 0130,231044,2019,,P,PO,15398,,1,34,"0,67","0,52",78,"6,34","0,51",27,,,,,"0,14",45,"0,21",24,"0,10",59,"0,16",26,"-0,18",6,,31,1,11,"7,29","0,36",15,"13,63",18,"0,26",19,"0,29",10,"0,17",39,"0,25",13,"-0,22",3,"0,46","0,42",40,"21,19",21
BROWN JYJ REDEMPTION Y1334,IA1420,2011,,V,IA,16477,,38,513,"-1,75","0,81",1,"3,49","0,81",55,"1,33","0,39",30,175,"0,11",58,"0,16",36,"0,10",57,"0,00",73,"0,02",68,,56,32,358,"10,56","0,70",4,"14,05",17,"0,24",22,"0,27",13,"0,22",26,"0,04",62,"0,06",79,"0,38","0,76",46,"21,09",21
CONSENSUS 3002 TELLECHEA,211134,2017,,P,PO,18551,,1,31,"-1,67","0,52",2,"9,00","0,52",11,,,,,"0,20",27,"0,36",4,"0,19",27,"0,10",42,"-0,11",18,,13,1,14,"4,87","0,37",32,"13,87",18,"0,18",36,"0,33",7,"0,17",42,"0,08",50,"-0,10",22,"0,54","0,38",34,"21,05",21
GAP D061,331573,2011,,V,PC,2555,,2,198,"1,04","0,76",91,"5,18","0,75",38,"0,10","0,39",57,73,"0,33",6,"0,22",22,"0,13",47,,,"-0,15",9,,21,2,158,"5,45","0,63",27,"10,63",31,"0,36",6,"0,21",22,"0,14",50,,,"-0,17",9,"-0,26","0,68",89,"21,00",21
SAV ANGUS VALLEY 1867,IA1372,2011,,P,IA,22588,,45,553,"-0,93","0,81",5,"4,28","0,83",47,"2,11","0,51",16,340,"0,12",52,"0,10",54,"0,07",68,"0,13",34,"-0,12",14,,48,35,388,"8,72","0,73",9,"13,00",21,"0,20",30,"0,16",35,"0,12",58,"0,22",17,"-0,12",17,"1,00","0,80",10,"20,92",21
SÃO XAVIER 2284 MONT BLACK TE,212343,2016,,P,PO,508,,1,25,"0,49","0,50",69,"6,61","0,51",25,,,,,"0,12",51,"0,07",63,"0,05",73,"0,19",20,"-0,03",44,,31,1,15,"7,27","0,38",15,"13,89",17,"0,09",66,"0,08",58,"0,02",81,"0,15",30,"-0,06",35,"1,43","0,45",2,"20,86",22
SAV CLARK 8374,IA1090,2008,,P,IA,23805,M,9,36,"0,53","0,44",71,"5,62","0,52",33,"1,69","0,21",23,24,"0,20",25,"0,07",64,"0,15",38,"0,14",31,"0,05",79,,29,6,26,"6,25","0,39",21,"11,87",25,"0,24",22,"0,08",57,"0,20",31,"0,15",30,"0,04",74,"0,72","0,41",23,"20,79",22
SAV REIGN 6845,IA1941,2016,,P,IA,22588,,23,226,"0,54","0,73",71,"5,46","0,75",35,"2,10","0,16",16,2,"0,18",30,"0,21",23,"0,18",30,"0,01",72,"-0,11",17,,33,17,159,"6,32","0,61",21,"11,78",26,"0,22",27,"0,25",16,"0,26",19,"0,01",71,"-0,22",4,"1,01","0,69",10,"20,68",22
REDBAR R48 GRAND CANYON U80,297255,2007,,V,PC,9271,,1,39,"0,95","0,56",89,"2,82","0,55",62,"-0,81","0,17",78,18,"0,16",38,"0,25",16,"0,13",44,"0,19",19,"-0,00",58,,55,1,34,"9,46","0,43",7,"12,28",23,"0,31",10,"0,39",3,"0,27",15,"0,31",7,"-0,02",50,"0,21","0,49",59,"20,67",22
ELLINGSON VERIFIED,IA2157,2019,,P,IA,22161,,3,20,"0,65","0,26",78,"9,16","0,35",11,,,,,"0,22",22,"0,04",72,"0,11",53,"0,31",6,"-0,03",47,,12,2,6,"4,52","0,16",36,"13,69",18,"0,23",24,"0,04",72,"0,12",58,"0,33",6,"-0,02",50,"0,02","0,15",74,"20,59",22
SOLDERA 8041 INSTINCT,218479,2018,,P,PO,15061,,2,25,"1,54","0,19",98,"6,48","0,27",26,,,,,"0,08",65,"0,03",74,"-0,05",93,"0,07",53,"0,06",83,,37,,0,"8,53","0,19",10,"15,01",14,"0,11",59,"0,05",67,"-0,04",90,"0,06",54,"0,05",76,"0,91","0,30",13,"20,50",22
CONNEALY LEGENDARY 644L,IA1922,2016,,P,IA,22305,M,16,196,"-0,76","0,72",8,"7,53","0,71",19,"0,37","0,15",51,22,"0,21",22,"0,25",17,"0,14",43,"0,29",7,"-0,14",11,,18,11,121,"4,35","0,53",37,"11,87",26,"0,23",24,"0,24",17,"0,12",55,"0,20",21,"-0,13",15,"0,68","0,59",25,"20,35",22
SAV TEN SPEED 3022,IA1688,2013,,P,IA,16477,,33,275,"0,39","0,74",63,"5,67","0,76",33,"-0,26","0,23",69,31,"0,10",60,"0,06",68,"0,13",47,"0,07",52,"0,01",63,,41,30,168,"8,86","0,61",9,"14,54",15,"0,17",42,"0,06",66,"0,12",56,"0,12",39,"-0,00",57,"0,51","0,68",36,"20,28",23
PA SAFEGUARD 021,204579,2010,,P,PO,22302,,3,216,"-0,11","0,71",30,"1,33","0,70",74,"3,21","0,13",6,9,"0,02",81,"-0,03",87,"-0,08",96,"0,11",39,"-0,19",4,,77,3,181,"12,38","0,56",2,"13,71",18,"0,18",37,"0,09",54,"0,05",74,"0,28",9,"-0,28",1,"1,05","0,70",9,"20,26",23
SANTA JOANA 2214,398949,2015,,P,PC,15398,,1,35,"1,57","0,49",98,"9,20","0,49",10,"1,13","0,18",34,15,"0,05",76,"0,14",42,"0,07",68,,,"-0,11",16,,22,1,29,"6,97","0,38",17,"16,17",11,"0,06",73,"0,14",40,"0,13",53,,,"-0,13",15,"0,99","0,42",10,"20,19",23
CIA.AZUL 4152 WOLF GAITEIRO,209334,2017,,P,PO,8538,,1,55,"-0,57","0,56",11,"9,46","0,56",9,,,,,"0,24",17,"0,06",69,"0,18",30,"0,22",15,"-0,11",17,,9,1,42,"2,49","0,43",57,"11,95",25,"0,19",33,"0,02",76,"0,18",36,"0,13",35,"-0,22",4,"0,76","0,47",21,"20,18",23
SAV DUKE 6313,IA1057,2006,,P,IA,23805,,5,31,"-0,07","0,50",32,"6,99","0,51",22,"2,12","0,14",16,75,"0,30",8,"0,23",20,"0,25",14,"0,28",8,"-0,03",44,,15,3,18,"2,68","0,37",55,"9,67",36,"0,31",10,"0,22",21,"0,26",18,"0,26",12,"0,00",59,"0,48","0,45",38,"20,11",23
QHF WEST COAST SGR C403 WEST COAST,IA1915,2015,,P,IA,22520,A,3,24,"-0,24","0,46",23,"6,04","0,46",30,,,,,"0,14",46,"0,05",71,"0,13",45,"0,14",32,"0,03",72,,34,3,15,"5,30","0,32",28,"11,34",28,"0,17",41,"-0,01",83,"0,14",51,"0,18",23,"0,04",72,"1,64","0,32",1,"20,09",23
SOSSEGO 109P,208384,2016,,P,PO,14764,,1,46,"0,52","0,53",70,"5,08","0,53",39,,,,,"0,11",55,"0,12",48,"0,20",23,"0,10",44,"-0,22",2,,44,1,19,"8,30","0,37",11,"13,38",19,"0,21",28,"0,21",22,"0,25",21,"0,17",26,"-0,21",5,"0,52","0,37",35,"20,06",23
REDBAR FINAL ANSWER E331 VIGOR,202780,2015,,P,PO,9271,,1,28,"-0,38","0,49",18,"6,63","0,49",25,"0,89","0,22",40,11,"0,12",50,"0,10",55,"0,09",60,"0,30",6,"-0,14",11,,31,1,27,"6,96","0,41",17,"13,59",19,"0,14",50,"0,08",58,"0,06",73,"0,32",7,"-0,17",9,"0,90","0,49",14,"20,03",24
REDBAR BAR EXT V23 VAQUERO,139467,2008,,P,PO,9271,,1,81,"0,68","0,66",79,"5,07","0,65",39,"1,24","0,32",32,60,"0,28",10,"0,29",12,"0,20",25,"0,14",30,"-0,13",11,,26,1,73,"3,85","0,55",43,"8,92",40,"0,36",6,"0,37",4,"0,25",20,"0,15",30,"-0,14",13,"0,45","0,59",41,"19,99",24
SAV BRAND NAME 9115 BRAND NAME,IA1235,2009,,P,IA,23805,,21,155,"0,38","0,72",62,"6,77","0,75",24,"2,57","0,46",11,257,"0,27",11,"0,28",12,"0,32",6,"0,13",32,"0,03",72,,18,19,118,"3,26","0,65",49,"10,03",34,"0,24",22,"0,24",17,"0,36",6,"0,12",36,"0,03",69,"0,86","0,71",15,"19,96",24
BASCO LUCKY 822,184723,2014,,P,PO,4074,,2,24,"0,87","0,38",86,"7,07","0,39",21,"-2,09","0,14",93,4,"0,17",33,"0,15",40,"0,16",37,"0,03",64,"0,02",67,,24,1,8,"5,99","0,31",23,"13,07",20,"0,20",31,"0,12",47,"0,18",38,"0,02",67,"0,04",71,"0,40","0,37",44,"19,92",24
RAML RANGEFINDER 7536 RANGEFINDER,IA1981,2017,,P,IA,23492,A,1,24,"-0,04","0,45",33,"8,04","0,44",15,,,,,"0,18",32,"0,08",62,"0,14",44,"0,24",13,"-0,25",2,,18,1,17,"6,60","0,30",19,"14,65",15,"0,25",22,"0,12",47,"0,19",34,"0,24",14,"-0,23",3,"-0,59","0,29",96,"19,92",24
NET WORTH DE CANTAGALO 3845 MASTER,169670,2013,,P,PO,275,P,3,58,"0,51","0,35",70,"5,65","0,52",33,"2,45","0,24",12,14,"0,16",38,"0,22",22,"0,10",58,"0,14",31,"-0,07",29,,34,3,52,"6,17","0,43",22,"11,83",26,"0,20",31,"0,27",13,"0,14",51,"0,14",33,"-0,09",26,"0,95","0,50",12,"19,87",24
RED HONK TONK 1885 TELLECHEA,180608,2014,,V,PO,18551,,2,35,"-0,35","0,52",19,"6,55","0,51",26,,,,,"0,19",30,"0,12",49,"0,15",39,"0,14",31,"-0,19",5,,25,1,21,"5,57","0,36",26,"12,13",24,"0,18",38,"0,16",34,"0,17",41,"0,14",32,"-0,21",5,"0,82","0,42",17,"19,87",24
AAR TEN X 7008 SA TEN X,IA1561,2007,,P,IA,13096,,8,83,"0,03","0,65",38,"6,75","0,66",24,"1,94","0,20",18,5,"0,15",42,"-0,05",91,"-0,00",85,"0,16",25,"-0,00",56,,28,8,60,"5,71","0,53",25,"12,46",23,"0,18",37,"-0,03",86,"-0,01",86,"0,19",21,"-0,03",46,"0,93","0,60",12,"19,84",24
SAV 707 RITO 9969,IA1249,2009,,P,IA,23805,,11,61,"1,00","0,60",90,"4,90","0,61",41,"1,07","0,27",36,74,"0,23",17,"0,20",27,"0,26",13,"0,09",46,"-0,04",40,,32,10,44,"6,19","0,48",22,"11,10",29,"0,25",21,"0,20",26,"0,29",12,"0,04",59,"-0,06",35,"0,37","0,49",47,"19,72",25
RRA ONE AND ONLY 733,IA2097,2017,,V,IA,26075,,6,102,"-0,18","0,60",25,"3,94","0,62",50,,,,,"0,21",23,"0,13",44,"0,20",25,"0,07",54,"0,03",71,,41,5,72,"7,68","0,46",13,"11,62",27,"0,25",21,"0,16",34,"0,25",21,"0,10",44,"0,01",61,"0,21","0,52",59,"19,66",25
CANTÃO,425314,2018,,P,PC,20397,,1,52,"0,45","0,60",66,"6,73","0,60",24,,,,,"0,27",11,"0,20",26,"0,19",25,"0,24",13,"-0,04",39,,18,1,19,"2,78","0,51",54,"9,51",37,"0,27",17,"0,20",25,"0,23",25,"0,25",13,"-0,02",48,"0,80","0,52",18,"19,59",25
TRADIÇÃO T68 PALANQUE,190734,2015,,P,PO,3638,R,14,251,"1,13","0,75",93,"7,37","0,76",20,"0,00","0,38",58,11,"0,28",9,"0,23",20,"0,34",3,"0,13",33,"0,11",93,,14,12,156,"1,45","0,64",66,"8,82",41,"0,26",20,"0,19",27,"0,36",5,"0,13",35,"0,13",94,"1,09","0,69",8,"19,48",25
FSL H AVIS TE526,128807,2008,,P,PO,14320,T,4,143,"0,12","0,65",44,"2,83","0,65",61,"-0,09","0,21",60,9,"0,14",43,"0,00",82,"0,04",77,"0,19",20,"-0,01",56,,57,4,108,"7,40","0,53",14,"10,23",33,"0,22",27,"0,01",78,"0,14",50,"0,28",9,"-0,05",39,"1,31","0,65",3,"19,38",26
BASCO SUEZ YESQUERO 1253TE,215880,2017,,V,PO,4074,,1,26,"1,69","0,50",98,"6,39","0,49",27,,,,,"0,25",15,"0,23",20,"0,17",31,"0,21",16,"-0,03",42,,21,1,14,"2,26","0,34",59,"8,65",42,"0,25",21,"0,20",23,"0,15",48,"0,25",13,"-0,07",33,"1,36","0,29",3,"19,35",26
JUQUIRY RED 9616 NACHO,429021,2018,,V,PC,18553,,1,46,"0,28","0,45",56,"7,48","0,44",19,,,,,"0,19",28,"0,28",12,"0,20",24,"0,17",25,"-0,05",36,,20,1,17,"3,41","0,30",47,"10,90",30,"0,22",26,"0,28",11,"0,26",20,"0,16",28,"-0,07",31,"0,94","0,31",12,"19,34",26
LARSON SUN KING 016,IA1345,2010,,V,IA,14435,M,9,67,"-1,46","0,46",2,"4,44","0,55",45,"-1,10","0,17",82,40,"0,09",64,"0,03",75,"0,02",81,"0,25",12,"0,06",81,,51,8,36,"10,05","0,37",5,"14,49",15,"0,13",53,"0,08",60,"0,09",64,"0,25",13,"0,09",87,"0,36","0,45",47,"19,28",26
BIGUÁ 6679 HEAVY HITTER TE,187081,2015,,P,PO,18474,,3,118,"1,24","0,66",95,"6,15","0,67",29,"-3,34","0,29",98,25,"0,25",14,"0,04",73,"0,13",45,"-0,04",85,"0,15",97,,22,3,113,"2,54","0,57",57,"8,69",42,"0,24",22,"0,01",78,"0,17",41,"-0,02",79,"0,16",97,"1,28","0,62",4,"19,26",26
SANTA CECÍLIA 3216,408598,2015,,P,PC,10,,2,37,"-0,13","0,52",28,"3,60","0,55",54,"3,27","0,19",6,1,"0,11",57,"0,07",64,"-0,03",89,"0,24",13,"-0,12",14,,55,2,19,"9,24","0,41",7,"12,84",22,"0,22",27,"0,16",33,"0,04",78,"0,33",6,"-0,15",12,"0,36","0,48",48,"19,21",26
WOODHILL AUGUSTA,IA2024,2018,,P,IA,23642,,15,296,"-0,32","0,74",20,"7,02","0,75",22,"1,55","0,07",25,4,"0,19",29,"0,09",58,"0,05",73,"0,14",31,"-0,02",48,,22,14,164,"4,40","0,58",37,"11,42",28,"0,27",17,"0,06",66,"0,10",62,"0,23",15,"-0,05",39,"0,33","0,63",49,"19,20",26
ANDRAS NEW DIRECTION R240,IA1503,2011,,V,IA,16477,,60,996,"-0,65","0,85",9,"3,90","0,86",50,"2,34","0,49",13,269,"0,14",44,"0,12",47,"0,04",75,"0,12",35,"0,03",69,,48,49,542,"6,83","0,75",18,"10,73",31,"0,25",21,"0,27",13,"0,24",23,"0,13",35,"0,04",72,"0,91","0,81",14,"19,16",26
JUQUIRY RED 8038 8862,387372,2013,,V,PC,18553,,1,33,"1,34","0,39",96,"9,22","0,49",10,"-2,93","0,16",97,18,"0,16",37,"0,14",42,"0,17",31,"0,22",16,"0,06",82,,14,1,31,"4,03","0,38",40,"13,25",20,"0,14",50,"0,12",46,"0,17",40,"0,21",18,"0,04",72,"0,58","0,22",31,"19,07",27
SILVEIRAS MISSION NEXUS 1378,IA1625,2011,,V,IA,17737,,10,59,"-0,81","0,56",7,"4,61","0,57",43,"0,54","0,19",47,15,"0,17",36,"0,15",40,"0,17",34,"0,16",26,"0,20",99,,41,8,41,"6,54","0,44",19,"11,15",29,"0,24",22,"0,21",23,"0,25",20,"0,17",27,"0,24",99,"0,55","0,50",33,"19,00",27
SAV 8180 TRAVELER 004,IA804,2000,,P,IA,23805,,77,1072,"0,45","0,86",66,"5,56","0,87",34,"2,66","0,70",10,1335,"0,17",34,"0,05",70,"0,04",74,"0,27",9,"0,01",61,,34,65,829,"5,93","0,81",23,"11,49",27,"0,18",38,"0,03",72,"0,03",78,"0,28",9,"-0,03",46,"0,83","0,83",16,"18,99",27
Performance Qualidade de carne Adaptação ALBARDÃO 471 YESQUERO BRIGADIER HOBO,385011,2014,,V,PC,436,,1,62,"0,24","0,35",52,"6,47","0,54",26,"-0,64","0,22",75,19,"0,30",8,"0,29",11,"0,29",8,"0,23",14,"0,12",95,,17,1,54,"2,52","0,44",57,"8,99",40,"0,30",12,"0,21",22,"0,26",18,"0,20",20,"0,14",95,"0,40","0,51",44,"18,99",27
QUAKER HILL BLINDSIDE SGR BLINDSIDE,IA1902,2015,,P,IA,22520,A,2,27,"-0,36","0,45",18,"7,63","0,44",18,,,,,"0,10",60,"0,03",76,"-0,02",87,"0,07",54,"-0,03",44,,27,1,2,"5,61","0,25",26,"13,24",20,"0,09",64,"0,01",77,"-0,04",90,"0,06",54,"-0,04",41,"1,19","0,25",6,"18,95",27
RED FINE LINE MULBERRY 26P,IA1069,2004,,V,IA,14890,,8,53,"0,28","0,60",56,"4,19","0,59",47,"2,68","0,23",10,91,"0,11",55,"-0,01",84,"0,10",59,"0,04",61,"-0,03",46,,49,4,29,"8,49","0,46",10,"12,68",22,"0,20",32,"0,09",55,"0,17",39,"0,10",43,"-0,01",54,"0,46","0,48",39,"18,94",27
REDBAR GRID MAKER D213,398577,2014,,P,PC,9271,,1,25,"1,04","0,50",91,"5,90","0,50",31,"1,37","0,24",29,17,"0,30",8,"0,17",34,"0,30",7,"0,24",13,"-0,06",33,,19,1,25,"2,97","0,42",52,"8,86",41,"0,34",7,"0,17",31,"0,34",7,"0,21",18,"-0,07",32,"0,09","0,49",69,"18,93",27
QUIRI A55,432799,2018,,P,PC,92,,2,25,"0,20","0,42",50,"5,80","0,45",32,,,,,"0,20",26,"0,22",21,"0,28",9,"0,06",55,"-0,09",22,,28,2,23,"6,25","0,36",21,"12,05",25,"0,20",30,"0,22",21,"0,29",13,"0,06",55,"-0,15",11,"0,20","0,44",61,"18,93",27
NICHOLS EXTRA K205,IA1334,2000,,P,IA,17737,,4,22,"1,02","0,14",91,"7,12","0,38",21,"1,11","0,04",35,6,"0,16",37,"0,16",36,"0,22",20,"0,31",6,"-0,10",21,,24,3,8,"4,96","0,20",31,"12,08",25,"0,19",35,"0,17",33,"0,25",21,"0,30",8,"-0,11",19,"0,59","0,12",30,"18,81",27
KCF BENNETT TOTAL,IA854,1999,,P,IA,23805,,13,119,"-0,42","0,69",16,"5,57","0,68",34,"3,59","0,31",4,123,"0,12",54,"0,10",56,"0,01",82,"0,16",27,"-0,05",37,,39,11,79,"6,35","0,53",20,"11,92",25,"0,17",40,"0,14",38,"0,14",48,"0,15",31,"-0,10",23,"0,95","0,58",11,"18,79",28
ESPINILHO FIV154,169330,2013,,P,PO,14550,,1,33,"-0,20","0,38",25,"8,66","0,55",13,"2,35","0,24",13,8,"0,17",33,"0,08",60,"0,13",44,"0,16",27,"-0,02",49,,16,1,21,"3,76","0,43",44,"12,43",23,"0,18",39,"0,05",68,"0,12",55,"0,13",34,"-0,01",55,"0,44","0,39",42,"18,61",28
TERRA COSTA TE18 BARBA ZORZAL 1501,149545,2011,,P,PO,16872,,1,59,"-0,37","0,54",18,"6,58","0,54",26,"-2,92","0,26",97,50,"0,20",26,"0,24",19,"0,13",48,"0,07",53,"-0,07",28,,24,1,43,"4,81","0,41",33,"11,39",28,"0,23",25,"0,30",10,"0,11",58,"0,10",42,"-0,08",29,"0,23","0,38",58,"18,50",28
SAV PIONEER 7301 PIONEER,IA1040,2007,,P,IA,23805,,47,332,"0,14","0,77",46,"7,34","0,79",20,"3,67","0,49",4,340,"0,23",18,"0,19",28,"0,17",31,"0,22",15,"-0,06",32,,18,39,223,"3,20","0,68",49,"10,53",31,"0,15",47,"0,07",61,"0,11",59,"0,17",26,"-0,09",26,"0,93","0,74",12,"18,35",28
RINCON 2583 CANDELERO DEL SARANDY,188265,2014,,P,PO,7287,,1,23,"1,06","0,47",92,"6,68","0,46",25,"-1,03","0,20",81,5,"0,21",24,"0,20",26,"0,18",29,"0,07",52,"0,04",75,,23,1,17,"4,33","0,37",37,"11,01",30,"0,17",40,"0,17",31,"0,22",27,"0,07",52,"0,05",76,"0,66","0,40",26,"18,33",28
REDBAR NET WORTH E327 BRIGADIER,202781,2015,,P,PO,9271,,1,23,"0,48","0,49",68,"5,73","0,50",32,"0,16","0,27",56,7,"0,25",15,"0,10",56,"0,23",18,"0,17",24,"0,05",78,,24,1,23,"2,57","0,43",56,"8,30",44,"0,25",20,"0,09",55,"0,23",26,"0,17",25,"0,06",79,"1,04","0,48",9,"18,29",29
ESPINILHO RECORD HARVEST TE256,211878,2015,,P,PO,14550,,1,34,"1,83","0,50",99,"6,72","0,52",24,,,,,"0,23",19,"0,19",30,"0,35",3,"0,13",34,"-0,03",46,,21,1,17,"3,87","0,37",43,"10,59",31,"0,16",45,"0,14",38,"0,31",10,"0,09",45,"-0,04",41,"0,77","0,40",20,"18,25",29
GAR GRID MAKER,IA729,1998,,P,IA,23805,M,15,176,"1,12","0,67",93,"6,86","0,72",23,"1,13","0,39",34,132,"0,22",20,"0,14",41,"0,26",13,"0,14",31,"-0,03",47,,20,14,134,"3,39","0,61",47,"10,25",33,"0,27",16,"0,14",40,"0,28",15,"0,17",26,"-0,07",32,"0,26","0,68",55,"18,24",29
MCPHEE TROPHY 36,IA1817,2013,,V,IA,22574,,3,33,"1,17","0,32",94,"4,64","0,40",43,"1,68","0,11",23,8,"0,17",36,"-0,06",91,"0,06",70,"0,01",70,"-0,07",29,,41,3,27,"7,09","0,30",16,"11,73",26,"0,21",29,"-0,03",87,"0,08",68,"0,03",64,"-0,08",28,"0,20","0,38",60,"18,24",29
QUIRI R0118,390085,2013,,V,PC,92,,1,67,"-0,05","0,63",33,"7,56","0,62",18,"1,43","0,20",28,24,"0,30",8,"0,36",5,"0,25",13,"0,18",21,"-0,05",36,,13,1,46,"2,53","0,46",57,"10,09",34,"0,28",14,"0,30",9,"0,23",24,"0,14",33,"-0,02",52,"-0,22","0,55",87,"18,21",29
WHITESTONE ARMANDO A074,IA1380,2011,,P,IA,16477,,3,35,"1,02","0,39",90,"6,35","0,46",27,"2,17","0,14",15,14,"0,20",25,"0,23",21,"0,16",35,"0,06",57,"-0,10",19,,25,3,27,"2,73","0,35",55,"9,08",39,"0,19",35,"0,19",28,"0,20",31,"0,04",59,"-0,12",17,"1,40","0,37",3,"18,18",30
FSL I BERRIEL 721 TE,134706,2009,,P,PO,14320,,2,23,"0,05","0,45",40,"6,06","0,45",30,"0,21","0,14",54,2,"0,21",22,"0,25",16,"0,16",35,"0,25",12,"-0,07",27,,26,2,22,"4,17","0,36",39,"10,23",33,"0,26",18,"0,26",15,"0,20",31,"0,25",13,"-0,06",34,"0,30","0,48",52,"18,15",30
S2 BANDO 9074 11063 GAR YIELD GRADE,147099,2011,,P,PO,6667,M,6,25,"-0,28","0,42",21,"5,81","0,52",32,"2,64","0,19",11,10,"0,25",14,"0,23",19,"0,14",44,"0,01",72,"-0,24",2,,24,5,18,"2,63","0,40",56,"8,44",43,"0,28",14,"0,19",27,"0,12",57,"0,04",60,"-0,22",4,"0,69","0,47",24,"18,15",30
BASCO MULBERRY 1287,212510,2017,,V,PO,4074,,1,34,"0,86","0,53",85,"5,17","0,52",38,,,,,"0,19",28,"0,16",37,"0,13",45,"0,01",72,"0,04",76,,34,1,17,"5,42","0,36",27,"10,58",31,"0,18",36,"0,13",42,"0,15",48,"-0,01",75,"0,12",92,"0,68","0,40",25,"18,10",30
BC MATRIX 4132,IA867,2002,,P,IA,27153,,23,227,"0,05","0,72",39,"7,30","0,76",20,"2,97","0,50",7,297,"0,16",39,"0,15",40,"0,07",68,"0,21",16,"-0,25",1,,24,21,165,"5,18","0,66",29,"12,49",23,"0,16",46,"0,15",37,"0,04",77,"0,27",11,"-0,24",2,"0,37","0,70",47,"18,06",30
CONNEALY CONSENSUS 7229,IA1430,2009,,P,IA,16783,,11,154,"0,25","0,69",53,"6,85","0,71",23,"-0,70","0,29",77,70,"0,22",20,"0,25",17,"0,20",23,"0,13",32,"-0,11",17,,20,8,103,"3,16","0,58",50,"10,01",34,"0,22",27,"0,16",34,"0,19",35,"0,08",50,"-0,15",11,"0,59","0,65",30,"18,01",30
SANTA JOANA 2123,387210,2014,,P,PC,15398,,1,20,"-2,24","0,43",1,"6,63","0,42",25,"2,40","0,09",13,9,"0,10",60,"0,16",36,"0,13",47,,,"-0,19",4,,34,1,20,"6,37","0,33",20,"13,00",21,"0,18",38,"0,19",26,"0,19",35,,,"-0,26",2,"0,30","0,40",52,"17,96",30
CRA BEXTOR 872-5205-608,IA727,1998,,P,IA,23805,M,13,142,"0,26","0,70",54,"4,77","0,71",42,"3,94","0,37",2,112,"0,16",38,"0,05",69,"0,06",69,"0,18",22,"-0,08",27,,40,11,108,"5,89","0,59",24,"10,66",31,"0,21",28,"0,07",63,"0,07",72,"0,20",21,"-0,14",13,"0,59","0,63",30,"17,92",30
BARRAGEM TE255 - UPWARD - 808,193117,2015,,P,PO,2251,,1,20,"0,31","0,40",58,"4,13","0,44",48,"1,05","0,10",36,6,"0,08",65,"0,09",58,"0,02",80,"-0,02",79,"-0,05",37,,54,1,16,"7,97","0,33",12,"12,09",25,"0,16",45,"0,10",52,"0,10",64,"-0,01",76,"-0,06",36,"0,78","0,41",19,"17,90",30
JUQUIRY RED 4259 8722,387419,2013,,V,PC,18553,,1,51,"0,23","0,41",52,"8,52","0,53",13,"-1,76","0,16",90,6,"0,20",25,"0,20",27,"0,20",24,"0,24",13,"0,07",84,,15,1,49,"3,62","0,42",45,"12,14",24,"0,20",32,"0,13",44,"0,24",23,"0,27",11,"0,09",87,"-0,08","0,42",80,"17,78",31
SAV FINAL ANSWER 0035,IA872,2000,,P,IA,23805,,66,743,"-0,44","0,85",15,"5,88","0,86",31,"3,18","0,63",6,541,"0,17",33,"0,14",41,"0,12",51,"0,21",17,"-0,08",25,,31,53,486,"3,84","0,77",43,"9,73",36,"0,16",43,"0,06",66,"0,08",68,"0,18",25,"-0,12",17,"1,23","0,81",5,"17,71",31
SOLÉ 1474 NACHO LIDER,216365,2018,,P,PO,11430,,1,27,,,,"5,80","0,43",32,,,,,"0,23",18,"0,29",11,"0,27",10,"0,18",22,"-0,18",5,,26,1,20,"2,82","0,32",54,"8,63",42,"0,26",19,"0,30",10,"0,35",6,"0,18",25,"-0,19",6,"0,73","0,39",22,"17,69",31
RECREIO P03 LADINO MJR LEAGUE BRIGADIER,182439,2014,,V,PO,13387,,1,23,"-0,48","0,43",14,"7,59","0,43",18,"-0,89","0,20",79,14,"0,13",48,"0,15",39,"0,10",60,"0,11",41,"-0,08",27,,24,1,23,"5,74","0,35",25,"13,33",19,"0,23",25,"0,17",33,"0,16",42,"0,14",33,"-0,09",24,"-0,44","0,38",94,"17,61",31
SÃO XAVIER 1825 JAGÜEL TE,184890,2014,,P,PO,508,,1,21,"1,19","0,47",94,"3,45","0,52",56,"0,91","0,21",39,1,"0,12",51,"-0,02",84,"0,11",54,"0,23",14,"-0,00",57,,55,1,16,"8,58","0,42",10,"12,03",25,"0,16",45,"-0,00",80,"0,13",53,"0,24",14,"-0,01",54,"0,38","0,50",46,"17,60",31
QUAKER HILL DEACON 5EX6 DEACON,IA1888,2015,,P,IA,22520,G,5,40,"1,22","0,44",95,"7,19","0,52",21,"1,17","0,04",33,1,"0,06",72,"-0,02",85,"-0,03",89,"0,20",18,"0,09",90,,34,5,35,"5,07","0,38",31,"12,26",24,"0,07",69,"-0,14",98,"-0,08",95,"0,22",17,"0,11",90,"1,45","0,47",2,"17,53",31
SOLÉ 1314 IRON MOUNTAIN,201647,2016,,P,PO,11430,,1,70,,,,"8,03","0,52",15,,,,,"0,18",32,"0,19",29,"0,17",32,"0,18",22,"-0,01",53,,19,1,66,"3,45","0,41",46,"11,48",27,"0,13",53,"0,12",45,"0,14",50,"0,18",24,"-0,05",39,"0,70","0,47",24,"17,50",31
S2 BAR EXT 9083 BLACK WATCH,133478,2009,,P,PO,6667,,1,42,"-0,19","0,31",25,"5,94","0,49",31,"0,30","0,16",52,3,"0,22",20,"0,21",23,"0,19",28,"0,23",14,"-0,12",14,,26,1,18,"3,83","0,35",43,"9,77",36,"0,21",29,"0,18",31,"0,19",35,"0,18",24,"-0,10",22,"0,51","0,46",36,"17,50",31
SANTA EULÁLIA NET WORTH TE1352 MANDRAKE,204162,2016,,P,PO,95,P,3,52,"0,06","0,32",40,"7,55","0,47",18,,,,,"0,17",34,"0,15",39,"0,27",11,"0,10",42,"-0,02",50,,21,2,48,"4,02","0,38",40,"11,57",27,"0,18",38,"0,14",40,"0,28",14,"0,10",42,"-0,02",52,"0,33","0,34",50,"17,48",31
DAMERON C-5 AMERICAN CLASSIC CLASSIC,IA1612,2012,,P,IA,16477,,17,85,"0,14","0,59",46,"4,51","0,63",44,"2,94","0,18",8,34,"0,14",46,"0,14",43,"0,17",33,"0,09",45,"0,08",88,,45,15,56,"7,03","0,46",16,"11,54",27,"0,18",37,"0,15",38,"0,24",23,"0,13",35,"0,05",77,"0,32","0,52",51,"17,38",31
CONNEALY CONFIDENCE PLUS,IA1729,2013,,P,IA,16477,,11,111,"0,01","0,64",36,"5,94","0,65",31,"0,05","0,14",57,26,"0,24",17,"0,32",8,"0,27",11,"0,12",38,"-0,14",9,,24,8,58,"5,49","0,47",27,"11,43",28,"0,23",25,"0,33",6,"0,28",14,"0,03",64,"-0,13",15,"-0,57","0,57",96,"17,32",32
CIA. AZUL F550 TOUAREG,255935,2006,,P,PC,8538,P,21,400,"-0,36","0,80",18,"4,57","0,81",44,"0,01","0,51",58,322,"0,16",39,"0,31",9,"0,26",12,"0,01",72,"-0,09",22,,42,17,284,"7,50","0,70",14,"12,07",25,"0,20",32,"0,43",2,"0,37",5,"0,02",66,"-0,18",8,"-0,25","0,73",88,"17,17",32
MAR RESPOND 1734,IA1073,2014,,P,IA,16477,,5,31,"0,53","0,45",71,"4,68","0,47",42,"-0,37","0,16",71,10,"0,18",31,"0,10",56,"0,03",79,"0,20",18,"-0,08",25,,39,4,20,"5,52","0,34",27,"10,21",33,"0,23",25,"0,09",56,"0,04",77,"0,21",18,"-0,08",29,"0,24","0,33",56,"17,06",32
RECONQUISTA TE2344 VAMP CANDELERO M.BEEF,181404,2014,,P,PO,155,,2,41,"0,08","0,45",41,"5,39","0,49",36,"0,34","0,31",51,12,"0,12",54,"0,15",40,"0,17",33,"0,04",62,"0,05",77,,41,1,25,"6,27","0,42",21,"11,66",27,"0,15",48,"0,14",38,"0,19",35,"0,10",41,"0,04",73,"0,52","0,41",36,"16,92",32
WERNER FLAT TOP 4136,IA1920,2014,,P,IA,23230,M,5,21,"0,13","0,43",45,"6,75","0,43",24,"1,05","0,15",37,4,"0,16",40,"0,25",16,"0,23",17,"0,13",34,"-0,16",8,,27,4,17,"5,11","0,33",30,"11,85",26,"0,14",51,"0,18",29,"0,25",21,"0,14",33,"-0,20",5,"0,29","0,37",53,"16,87",33
MANÁ DO CARUMBÉ 1860,142871,2010,,P,PO,18551,,1,140,"-0,18","0,69",25,"9,80","0,69",8,"-4,46","0,32",99,64,"0,36",4,"0,34",6,"0,33",5,"0,09",47,"0,22",99,,6,1,107,"-2,64","0,55",93,"7,16",50,"0,28",15,"0,23",20,"0,31",10,"0,04",59,"0,25",99,"0,32","0,60",50,"16,86",33
SAV RECORD HARVEST 2186,IA1426,2012,,P,IA,16477,,18,80,"2,32","0,60",99,"6,84","0,63",23,"-0,49","0,25",73,40,"0,22",21,"-0,02",84,"0,25",13,"0,20",18,"0,13",96,,21,15,56,"2,47","0,50",57,"9,31",38,"0,15",47,"-0,03",86,"0,21",29,"0,14",32,"0,12",93,"0,91","0,59",13,"16,76",33
SANTA JOANA 714,192751,2001,,P,PC,15398,,10,215,"1,22","0,71",95,"3,87","0,74",51,"1,42","0,46",28,344,"0,31",7,"0,27",14,"0,38",2,"0,24",13,"-0,19",5,,30,10,182,"4,70","0,65",34,"8,56",43,"0,23",25,"0,26",14,"0,35",7,"0,31",8,"-0,18",7,"-0,13","0,68",83,"16,67",33
SAV 004 PREDOMINANT 4438 PREDOMINANT,IA968,2004,,P,IA,23805,,17,350,"0,20","0,76",50,"4,29","0,79",46,"3,29","0,51",6,294,"0,18",32,"0,14",41,"0,10",58,"0,13",33,"0,05",79,,43,14,286,"4,28","0,70",38,"8,57",43,"0,21",28,"0,18",31,"0,16",45,"0,18",23,"0,02",66,"0,93","0,72",12,"16,66",33
RED RRAR PALERMO 20Y,IA1573,2011,,V,IA,16783,,2,39,"0,12","0,52",44,"-2,56","0,51",94,"0,02","0,13",58,30,"0,19",29,"0,16",37,"0,13",48,"-0,06",88,"-0,06",32,,84,2,31,"9,08","0,35",8,"6,52",53,"0,30",10,"0,22",20,"0,24",22,"0,01",70,"-0,07",33,"0,75","0,39",21,"16,63",34
QUIRI R0168,390377,2013,,V,PC,92,,1,53,"0,03","0,59",37,"8,51","0,59",13,"0,17","0,16",55,12,"0,22",21,"0,17",34,"0,17",34,"0,16",25,"0,01",63,,14,1,37,"2,27","0,44",59,"10,78",30,"0,19",34,"0,16",33,"0,19",34,"0,13",36,"0,07",81,"0,00","0,52",75,"16,54",34
ANGUS VALLEY TE 2354 TELLECHEA,181086,2014,,P,PO,18551,,2,67,"-0,36","0,61",19,"3,47","0,61",55,"1,96","0,25",18,21,"0,12",51,"0,06",66,"0,09",62,"0,15",28,"-0,07",28,,54,2,55,"4,69","0,48",34,"8,16",45,"0,18",37,"0,13",43,"0,17",40,"0,17",26,"-0,09",27,"1,59","0,51",1,"16,53",34
SANTA JOANA 5545,260518,2006,,P,PC,15398,,6,55,"0,73","0,60",81,"5,51","0,62",34,"-0,29","0,28",70,62,"0,11",57,"0,01",80,"0,12",50,"0,19",19,"-0,02",50,,41,4,38,"4,54","0,48",35,"10,05",34,"0,21",28,"0,10",53,"0,20",31,"0,23",16,"-0,07",32,"0,75","0,52",22,"16,52",34
Performance Qualidade de carne Adaptação SAV BRUISER 9164,IA1195,2009,,P,IA,23805,,11,116,"-0,55","0,68",11,"5,03","0,68",39,"-0,32","0,32",70,66,"0,22",20,"0,20",27,"0,17",34,"0,07",54,"-0,06",34,,32,9,71,"3,31","0,53",48,"8,35",44,"0,30",11,"0,23",18,"0,27",16,"0,08",48,"-0,10",23,"0,16","0,60",63,"16,51",34
JUQUIRY BLACK J07 GENERAL TEIC8,171405,2012,,P,PO,18553,,2,71,"0,83","0,45",85,"5,83","0,58",31,"-3,80","0,16",99,19,"0,19",30,"0,24",19,"0,17",32,"0,10",42,"-0,11",18,,29,2,62,"3,95","0,45",42,"9,78",35,"0,19",34,"0,27",13,"0,22",26,"0,07",51,"-0,12",17,"0,46","0,49",40,"16,44",34
CONNEALY IN FOCUS 4925,IA1155,2006,,P,IA,23805,,2,22,"0,41","0,34",64,"4,02","0,43",49,"1,61","0,10",24,10,"0,19",27,"0,20",28,"0,12",50,"0,23",14,"-0,09",22,,42,2,19,"4,79","0,32",33,"8,81",41,"0,18",39,"0,17",32,"0,09",64,"0,21",18,"-0,14",13,"0,81","0,32",18,"16,41",34
SAV PUREBRED 4896,IA1653,2014,,P,IA,22588,,8,76,"0,05","0,59",39,"3,57","0,59",54,"3,57","0,26",4,22,"0,30",8,"0,08",61,"0,20",25,"0,08",50,"-0,07",27,,35,6,18,"1,86","0,42",63,"5,43",59,"0,22",26,"-0,01",83,"0,14",51,"0,05",58,"-0,10",23,"1,29","0,45",4,"16,28",35
SÃO XAVIER 2640 TOUR OF DUTY,223785,2018,,P,PO,508,,1,46,"-0,23","0,55",24,"5,29","0,54",36,,,,,"0,21",22,"0,10",54,"0,16",37,"0,08",49,"-0,16",8,,31,1,31,"3,87","0,40",43,"9,17",39,"0,21",29,"0,07",62,"0,13",53,"0,07",50,"-0,13",14,"0,36","0,48",48,"16,27",35
JUQUIRY RED 9544 8712TQ,418530,2017,,V,PC,18553,,1,27,"0,24","0,38",52,"8,08","0,37",15,,,,,"0,17",34,"0,25",17,"0,13",45,"0,12",37,"0,05",78,,19,,0,"3,19","0,21",49,"11,26",29,"0,15",46,"0,20",26,"0,12",55,"0,09",46,"0,06",80,"0,19","0,26",62,"16,26",35
COLEMAN VENTURE VENTURE,IA1791,2014,,P,IA,22488,,3,39,"-0,46","0,53",14,"7,19","0,53",21,"1,38","0,17",29,19,"0,17",35,"0,31",8,"0,10",57,"-0,02",80,"-0,09",22,,23,3,36,"3,29","0,41",48,"10,48",32,"0,12",55,"0,25",16,"0,10",63,"-0,08",89,"-0,13",15,"0,68","0,45",25,"16,21",35
S A V RENOVATION 6822,IA2037,2016,,P,IA,22588,,6,106,"0,49","0,63",68,"3,54","0,64",54,,,,,"0,25",16,"0,13",44,"0,28",10,"0,03",65,"-0,04",42,,40,4,86,"3,62","0,53",45,"7,16",50,"0,27",16,"0,15",37,"0,31",10,"0,00",72,"-0,09",27,"0,47","0,60",39,"16,16",35
RED NORTHLINE BREAKER 28S BREAKER,IA1164,2006,,V,IA,23805,,5,113,"0,78","0,68",83,"6,47","0,68",26,"3,04","0,32",7,123,"0,19",29,"0,16",37,"0,17",31,"0,20",18,"0,08",87,,26,2,89,"1,82","0,54",63,"8,29",44,"0,15",47,"0,07",63,"0,16",44,"0,23",16,"0,05",77,"1,27","0,62",4,"16,02",35
EPV RED WATCH 1701 CHIVAS,181703,2014,,V,PO,10791,P,7,101,"0,82","0,64",84,"5,32","0,67",36,"-1,29","0,18",85,9,"0,20",26,"0,28",13,"0,25",15,"0,11",40,"-0,06",31,,32,4,55,"4,24","0,49",38,"9,56",37,"0,18",39,"0,24",17,"0,24",22,"0,09",45,"-0,08",28,"0,37","0,53",46,"16,01",35
COCKBURN RIBEYE 308U,IA1304,2008,,V,IA,17737,,5,75,"0,54","0,56",71,"6,63","0,59",25,"-0,91","0,17",79,39,"0,14",43,"-0,29",99,"0,08",64,"0,38",3,"0,30",99,,29,5,62,"2,06","0,46",61,"8,68",42,"0,19",35,"-0,32",99,"0,16",45,"0,40",3,"0,25",99,"1,16","0,46",6,"16,01",36
UMBU 2516 TRAVELER,181257,2014,,P,PO,99,,1,119,"0,01","0,70",36,"1,16","0,68",75,"0,16","0,25",56,20,"0,12",50,"0,13",45,"0,09",61,"-0,02",80,"-0,02",48,,70,1,75,"7,17","0,53",16,"8,33",44,"0,28",15,"0,20",24,"0,19",33,"0,00",73,"-0,01",54,"0,55","0,59",33,"15,99",36
TAMANDUÁ TE11 CARRASCO LIDER TE37,146375,2010,,P,PO,16005,,1,21,"-0,02","0,38",34,"7,58","0,41",18,"0,21","0,19",54,9,"0,25",16,"0,31",8,"0,29",8,"-0,02",79,"0,02",67,,16,1,1,"1,55","0,28",65,"9,12",39,"0,20",32,"0,31",9,"0,31",10,"-0,02",79,"0,04",74,"0,25","0,33",56,"15,98",36
DOS TAPES BW306,182595,2014,,P,PO,5949,,1,42,"-0,08","0,33",32,"5,39","0,48",35,"1,22","0,16",32,10,"0,26",13,"0,13",45,"0,19",26,"0,06",55,"-0,04",41,,26,1,40,"2,42","0,39",58,"7,81",47,"0,27",17,"0,09",54,"0,17",40,"0,04",61,"-0,01",52,"0,11","0,46",68,"15,92",36
BYERGO BLACK MAGIC 3348 BLACK MAGIC,IA1985,2013,,P,IA,23499,A,6,25,"0,49","0,43",69,"6,06","0,44",30,,,,,"0,08",66,"-0,28",99,"0,01",83,"0,25",12,"0,01",61,,40,5,15,"4,27","0,29",38,"10,33",32,"0,09",65,"-0,31",99,"0,01",83,"0,28",10,"-0,00",57,"1,41","0,31",2,"15,89",36
SAV NET WORTH 4200,IA911,2004,,P,IA,23805,,109,2967,"0,85","0,90",85,"4,99","0,91",40,"1,41","0,78",28,2808,"0,22",20,"0,15",39,"0,24",15,"0,17",25,"0,03",70,,32,94,2316,"3,06","0,87",51,"8,05",46,"0,22",27,"0,11",49,"0,25",20,"0,16",28,"0,05",75,"0,56","0,89",33,"15,86",36
EXAR RESISTOL 3710BB,IA1642,2013,,P,IA,15614,,4,34,"-0,13","0,50",28,"4,60","0,53",43,"2,53","0,12",12,3,"0,06",72,"-0,10",96,"-0,02",88,"0,10",43,"0,02",65,,52,3,23,"3,76","0,38",44,"8,36",44,"0,10",63,"-0,06",91,"-0,02",88,"0,13",34,"-0,00",58,"2,25","0,41",1,"15,82",36
SÃO XAVIER 2729 LAPACHO,224630,2019,,V,PO,508,T,2,26,"-0,87","0,51",6,"5,05","0,50",39,,,,,"0,21",22,"0,39",3,"0,24",16,"0,06",57,"-0,06",35,,33,,0,"4,39","0,29",37,"9,44",37,"0,25",20,"0,35",5,"0,33",9,"0,07",51,"-0,10",21,"-0,28","0,35",89,"15,74",37
HALL BIG TOP 840,IA2151,2018,,P,IA,26238,,1,20,"0,91","0,42",87,"5,35","0,40",36,,,,,"0,25",15,"0,17",34,"0,11",55,"0,07",53,"-0,07",30,,27,1,8,"2,35","0,25",59,"7,70",47,"0,22",28,"0,09",57,"0,10",62,"0,09",46,"-0,05",38,"0,51","0,20",36,"15,68",37
LEACHMAN MAJOR LEAGUE A502M,IA762,2002,,V,IA,23805,,25,382,"-0,24","0,78",23,"6,54","0,79",26,"-0,22","0,52",63,250,"0,07",67,"0,06",65,"0,04",75,"0,12",35,"-0,00",57,,37,19,271,"5,83","0,69",24,"12,37",23,"0,16",44,"0,07",61,"0,11",61,"0,19",23,"-0,02",48,"-0,02","0,71",76,"15,67",37
BC CLASSIC 385-7,IA1213,2007,,P,IA,27153,M,8,36,"0,17","0,52",48,"6,10","0,51",29,"1,63","0,12",24,23,"0,21",23,"0,25",18,"0,21",21,"0,06",57,"-0,02",49,,26,6,26,"3,33","0,35",48,"9,43",38,"0,19",36,"0,29",10,"0,19",35,"0,03",65,"-0,06",35,"0,21","0,42",59,"15,66",37
REDBAR RED LABEL A134 DOSE DUPLA,348547,2011,,V,PC,9271,A,3,54,"-0,26","0,56",22,"4,85","0,55",41,"1,77","0,19",21,31,"0,17",34,"0,24",18,"0,25",13,"0,19",20,"-0,15",9,,38,2,53,"5,37","0,45",28,"10,22",33,"0,18",38,"0,24",18,"0,31",10,"0,18",23,"-0,12",15,"0,07","0,47",71,"15,64",37
CONNEALY FINAL SOLUTION,IA1610,2009,,P,IA,13096,,2,32,,,,"6,72","0,37",24,"0,75","0,11",43,13,"0,12",54,"0,01",81,"0,08",64,"0,17",24,"-0,02",48,,31,1,19,"4,25","0,25",38,"10,97",30,"0,13",52,"0,01",79,"0,03",79,"0,20",19,,,"0,45","0,32",41,"15,45",38
EF PRESIDIO 9001,IA1327,2009,,P,IA,17737,,3,21,"-0,80","0,36",7,"4,87","0,41",41,"1,20","0,04",33,5,"0,25",15,"0,16",37,"0,20",24,"0,12",38,"-0,14",11,,29,3,20,"3,51","0,29",46,"8,38",44,"0,24",23,"0,17",32,"0,20",31,"0,13",35,"-0,17",9,"-0,15","0,36",84,"15,27",38
SAV RADIANCE 0801,IA1438,2010,,P,IA,16783,,6,51,"-0,16","0,56",26,"6,06","0,57",30,"2,81","0,24",9,31,"0,17",37,"0,12",48,"0,11",54,"0,18",21,"0,04",73,,30,5,30,"3,06","0,43",51,"9,12",39,"0,18",39,"0,04",70,"0,11",59,"0,17",26,"0,07",82,"0,56","0,44",33,"15,22",38
JUQUIRY RED 8038 9026,387509,2014,,V,PC,18553,,1,38,"0,89","0,46",86,"6,80","0,50",23,"-1,08","0,11",82,2,"0,17",34,"0,20",27,"0,19",25,"0,11",40,"0,06",81,,25,1,33,"1,13","0,38",69,"7,93",46,"0,16",43,"0,15",38,"0,19",34,"0,11",39,"0,06",81,"1,17","0,37",6,"15,19",38
LAS LILAS 1931 LIDER MAX ARAFAT,IA1143,2008,,P,IA,23805,,6,83,"0,02","0,64",36,"4,65","0,65",43,"1,70","0,27",23,47,"0,19",28,"0,32",8,"0,12",52,"0,07",52,"0,04",75,,37,5,74,"4,23","0,54",38,"8,89",41,"0,22",26,"0,32",7,"0,17",41,"0,08",48,"-0,02",48,"0,05","0,59",72,"15,15",38
BIG MAC TRAVELER 2033 TELLECHEA BIG RED,191492,2015,,V,PO,18551,R,6,66,"1,03","0,59",91,"-2,75","0,57",95,,,,,"0,33",6,"0,32",8,"0,30",7,"0,21",16,"0,17",98,,74,4,30,"6,43","0,37",20,"3,68",68,"0,37",5,"0,36",4,"0,41",3,"0,21",18,"0,15",95,"0,06","0,39",72,"15,12",39
GAP 6131,211020,2017,,V,PO,2555,M,1,24,"0,92","0,52",88,"4,04","0,51",49,,,,,"0,12",52,"0,18",32,"0,04",76,"0,08",50,"0,21",99,,50,1,4,"5,68","0,35",25,"9,72",36,"0,14",50,"0,19",27,"0,09",64,"0,07",51,"0,20",99,"0,64","0,43",28,"15,10",39
9 MILE ENTERPRISE 8180,IA2110,2018,,V,IA,23758,,3,65,"-0,88","0,49",5,"4,38","0,49",45,,,,,"0,19",30,"0,44",2,"0,23",17,"-0,15",97,"0,03",70,,40,2,17,"1,73","0,28",64,"6,11",55,"0,21",29,"0,40",3,"0,29",12,"-0,13",95,"0,04",72,"1,40","0,31",3,"15,07",39
CASAMU 7824 LIHUEN ROLLIZO ARECUTRÁN,IA1752,2008,,V,IA,22230,,7,42,"0,17","0,45",48,"2,98","0,52",60,"0,85","0,08",41,5,"0,20",27,"0,25",17,"0,27",10,"-0,01",78,"-0,08",27,,49,5,33,"4,65","0,39",34,"7,63",48,"0,26",19,"0,31",8,"0,30",12,"0,06",54,"-0,10",22,"0,22","0,43",58,"15,07",39
SAV ABUNDANCE 6117,IA1887,2016,,P,IA,22588,,1,49,"-0,49","0,46",13,"3,74","0,46",52,,,,,"0,29",9,"0,35",5,"0,36",3,"0,05",59,"-0,05",36,,34,1,47,"2,58","0,36",56,"6,32",54,"0,28",14,"0,29",10,"0,36",6,"0,05",58,"-0,08",30,"0,10","0,39",69,"15,05",39
BENJAMIN 1547 ZORZAL LIDER CONDOR,IA1106,2005,,P,IA,26294,,6,87,"0,86","0,59",86,"6,20","0,66",28,"-2,57","0,39",96,144,"0,22",20,"0,25",16,"0,21",23,"0,06",55,"0,16",98,,24,6,77,"2,25","0,56",59,"8,44",43,"0,14",50,"0,17",31,"0,14",49,"0,03",65,"0,15",96,"0,63","0,60",28,"15,04",39
GAP 3677-2937 EXTRA,135443,2009,,P,PO,2555,,2,273,"0,05","0,78",39,"5,27","0,77",37,"-4,49","0,42",99,158,"0,10",58,"0,07",64,"0,03",80,"-0,10",93,"-0,05",37,,43,2,191,"4,27","0,64",38,"9,55",37,"0,14",51,"0,13",43,"0,01",82,"-0,09",92,"-0,09",25,"0,89","0,70",15,"15,01",39
DON MIGUEL DESAFIO 2135 NW TE DESAFIO,IA1349,2010,,P,IA,10379,,3,37,"0,25","0,33",53,"4,56","0,44",44,"2,01","0,19",17,7,"0,25",15,"0,27",14,"0,24",16,"0,07",52,"0,01",64,,32,3,27,"1,83","0,35",63,"6,38",53,"0,26",19,"0,24",17,"0,26",19,"0,06",55,"0,01",62,"0,47","0,42",39,"14,96",39
CIA.AZUL 1118 F.ANSWER ZORZAL WOLF,138031,2009,,P,PO,8538,P,10,340,"-0,54","0,77",11,"4,28","0,79",46,"2,56","0,43",11,147,"0,17",34,"0,16",36,"0,16",35,"0,07",53,"-0,10",18,,43,9,254,"2,57","0,68",56,"6,85",51,"0,13",52,"0,12",45,"0,17",41,"0,01",69,"-0,15",11,"1,55","0,71",2,"14,88",39
QUIRÍ N18,73396,1994,,V,PC,92,,10,326,"1,28","0,77",96,"2,26","0,80",67,"1,55","0,56",25,327,"0,12",53,"0,09",58,"0,17",31,"0,11",39,"0,12",94,,63,8,214,"7,19","0,70",15,"9,45",37,"0,17",40,"0,19",27,"0,30",12,"0,10",42,"0,12",93,"0,36","0,71",48,"14,86",39
SANTA JOANA 2262 NADAL,398965,2015,,V,PC,15398,F,3,75,"0,12","0,38",44,"3,84","0,57",51,"3,54","0,13",4,3,"0,07",68,"0,06",67,"0,07",67,"0,08",49,"-0,02",49,,57,3,55,"7,61","0,43",13,"11,46",28,"0,10",63,"0,13",42,"0,12",57,"0,09",45,"-0,04",43,"0,34","0,45",49,"14,82",39
SANTA SERGIA LUQUENSE MISTER 3256,196600,2013,,V,PO,19692,,4,117,"0,15","0,62",47,"6,08","0,62",30,,,,,"0,32",6,"0,49",1,"0,39",1,"0,04",62,"0,02",66,,18,4,42,"-1,76","0,38",90,"4,32",65,"0,29",13,"0,39",3,"0,32",10,"-0,02",78,"0,02",65,"0,84","0,49",16,"14,80",40
S A V CUTTING EDGE 4857,IA1959,2014,,P,IA,16783,,2,21,"1,20","0,41",94,"6,88","0,44",23,,,,,"0,12",51,"0,06",69,"0,15",39,"0,09",44,"-0,03",46,,29,2,14,"3,77","0,36",44,"10,65",31,"0,08",68,"0,06",65,"0,11",59,"0,08",47,"-0,08",30,"0,65","0,38",26,"14,78",40
SÃO XAVIER 1389 FOGÓN TE,155596,2011,,P,PO,508,,1,67,"-0,84","0,51",6,"8,00","0,60",16,"-1,89","0,24",91,23,"0,07",70,"0,03",74,"0,06",71,"0,07",51,"0,12",94,,27,1,45,"4,72","0,43",34,"12,71",22,"0,09",64,"0,04",71,"0,07",70,"0,14",32,"0,15",95,"0,02","0,52",74,"14,64",40
TRÊS MENINAS 414 SIERRA CUT 847,208188,2017,,P,PO,16507,,1,22,"-0,05","0,24",33,"3,91","0,39",50,,,,,"0,13",47,"0,13",44,"0,03",78,"0,22",16,"-0,04",40,,49,1,15,"5,77","0,29",24,"9,68",36,"0,17",42,"0,15",37,"0,03",78,"0,23",15,"-0,06",36,"0,20","0,36",61,"14,60",40
CARUMBÉ RED GRINGO 1315,142834,2010,,V,PO,18551,,1,51,"1,23","0,36",95,"5,69","0,56",33,"1,90","0,24",18,43,"0,14",43,"0,19",29,"0,19",25,"0,11",41,"-0,04",39,,36,1,48,"4,36","0,44",37,"10,05",34,"0,19",32,"0,16",34,"0,22",27,"0,15",30,"-0,03",47,"-0,14","0,50",83,"14,55",41
TRAVELER DO CARUMBÉ TE1608,129646,2008,,P,PO,269,,6,70,"0,56","0,59",72,"2,03","0,60",68,"3,88","0,27",3,35,"0,16",37,"0,13",44,"0,14",44,"0,10",43,"0,01",63,,60,5,56,"6,52","0,47",20,"8,56",43,"0,17",41,"0,15",36,"0,21",29,"0,10",42,"-0,02",48,"0,32","0,51",50,"14,51",41
SAV 004 DENSITY 4336 DENSITY,IA982,2004,,P,IA,23805,,61,1055,"0,79","0,86",83,"3,82","0,87",51,"-0,63","0,64",75,952,"0,19",30,"0,12",47,"0,19",27,"0,08",50,"-0,05",37,,45,52,802,"4,16","0,80",39,"7,97",46,"0,21",29,"0,15",38,"0,21",29,"0,11",41,"-0,07",32,"0,30","0,83",52,"14,49",41
PVF INSIGHT 0129,IA1496,2010,,P,IA,16477,,28,292,"0,03","0,74",37,"4,91","0,77",40,"3,83","0,37",3,114,"0,19",29,"0,13",43,"0,15",41,"0,09",47,"-0,02",49,,36,22,202,"3,17","0,62",50,"8,08",45,"0,18",39,"0,06",65,"0,18",36,"0,12",37,"-0,01",54,"0,48","0,69",38,"14,45",41
SAV BEST INTEREST 0136,IA1538,2010,,P,IA,16477,,10,99,"1,26","0,64",96,"5,27","0,67",37,"1,95","0,28",18,48,"0,15",42,"0,07",63,"0,13",47,"0,18",21,"0,00",59,,38,9,71,"3,26","0,54",49,"8,53",43,"0,13",52,"0,07",61,"0,17",41,"0,10",43,"0,01",62,"0,81","0,61",18,"14,32",41
SAV IRON MOUNTAIN 8066,IA1250,2008,,P,IA,23805,,27,380,"0,88","0,76",86,"5,22","0,79",37,"-0,45","0,46",72,207,"0,19",30,"0,13",44,"0,12",50,"0,25",12,"0,07",84,,35,22,230,"2,41","0,66",58,"7,63",48,"0,19",36,"0,08",60,"0,09",65,"0,21",18,"0,06",79,"0,61","0,72",29,"14,31",41
SAV BRILLIANCE 8077,IA1222,2008,,P,IA,23805,,39,556,"-0,27","0,83",22,"6,85","0,84",23,"3,91","0,54",3,337,"0,20",26,"0,16",37,"0,18",30,"0,13",33,"-0,09",24,,22,32,444,"0,03","0,75",78,"6,88",51,"0,20",32,"0,04",70,"0,16",44,"0,10",43,"-0,08",28,"0,90","0,80",14,"14,28",42
Performance Qualidade de carne Adaptação RINCON TE2625 COMPADRON DEL SARANDY,196229,2014,,V,PO,7287,,1,52,"0,62","0,58",76,"4,83","0,58",41,"-2,48","0,14",95,10,"0,20",26,"0,13",45,"0,16",35,"0,10",42,"0,07",86,,36,1,44,"4,09","0,45",40,"8,92",40,"0,23",25,"0,10",51,"0,21",29,"0,11",39,"0,10",88,"-0,37","0,51",92,"14,27",42
RECONQUISTA TEI2473 ZELOSO HARVESTOR PRO,191672,2015,,P,PO,155,,10,302,"1,10","0,68",92,"5,15","0,72",38,"-0,54","0,36",73,20,"0,22",21,"0,15",39,"0,24",16,"0,07",51,"0,02",66,,32,9,189,"1,70","0,60",64,"6,85",51,"0,18",38,"0,08",58,"0,21",30,"0,03",62,"0,06",78,"0,78","0,63",20,"14,24",42
UMBU 2678 RADIANCE,185679,2015,,P,PO,99,,1,24,"0,49","0,49",68,"2,71","0,48",63,"2,06","0,17",17,3,"0,17",35,"0,15",38,"0,15",38,"0,09",47,"-0,07",31,,55,1,9,"4,82","0,36",33,"7,53",48,"0,19",35,"0,11",48,"0,17",39,"0,12",37,"-0,05",40,"0,55","0,41",33,"14,21",42
CIA.AZUL 0474-C0134 PANHANDLE,110164,2005,,V,PO,8538,,4,213,"1,11","0,76",93,"3,43","0,76",56,"-5,73","0,46",99,192,"0,08",66,"0,23",19,"0,34",4,"-0,03",83,"-0,01",56,,59,3,147,"7,64","0,64",13,"11,07",29,"0,16",43,"0,34",6,"0,51",1,"0,04",59,"-0,03",45,"-0,29","0,68",90,"14,06",42
CASTELO TE08,152617,2010,,P,PO,16656,,1,150,"-1,02","0,60",5,"7,57","0,69",18,"-1,50","0,35",87,73,"0,12",53,"0,14",41,"0,15",41,"0,13",32,"-0,05",35,,26,1,96,"4,64","0,56",35,"12,21",24,"0,11",59,"0,10",52,"0,11",58,"0,12",37,"-0,07",33,"-0,49","0,63",95,"14,03",42
EARLEY DATELINE 2M,IA812,2002,,P,IA,23805,,7,81,"0,57","0,64",73,"4,49","0,65",45,"1,12","0,29",35,55,"0,07",69,"-0,08",94,"0,08",66,"0,20",18,"-0,07",28,,52,7,66,"5,45","0,53",27,"9,94",35,"0,17",41,"-0,04",89,"0,13",55,"0,18",24,"-0,10",21,"0,28","0,59",53,"13,97",43
SANTA JOANA NET WORTH,166648,2012,,P,PO,15398,,3,61,"1,83","0,59",99,"5,30","0,59",36,"1,21","0,28",32,38,"0,11",56,"0,10",53,"0,12",52,"-0,02",80,"0,10",92,,42,2,46,"4,27","0,47",38,"9,57",37,"0,11",58,"0,12",45,"0,15",46,"-0,01",76,"0,11",91,"0,54","0,53",33,"13,92",43
SÃO BIBIANO HEADLINER 6509,113333,2006,,P,PO,110,,5,71,"0,38","0,54",62,"5,45","0,62",35,"-1,38","0,31",86,59,"0,18",32,"0,21",24,"0,23",17,"0,01",72,"-0,12",15,,34,2,14,"3,45","0,45",46,"8,90",41,"0,14",49,"0,23",18,"0,25",21,"-0,02",77,"-0,10",22,"0,18","0,45",62,"13,83",43
GAP 3981,145903,2010,,P,PO,2555,,1,88,"0,00","0,67",35,"3,64","0,66",53,"-1,57","0,26",88,47,"0,14",44,"0,09",58,"-0,12",98,,,"0,01",62,,50,1,53,"5,61","0,49",26,"9,25",38,"0,15",46,"0,05",68,"-0,13",98,,,"0,00",59,"0,05","0,52",72,"13,75",43
GAP 5391,189030,2015,,P,PO,2555,,1,23,"0,95","0,49",89,"5,39","0,48",36,,,,,"0,13",47,"0,22",22,"0,14",42,,,"0,04",75,,39,1,9,"2,68","0,33",55,"8,08",45,"0,14",50,"0,19",26,"0,13",54,,,"0,05",76,"0,84","0,39",16,"13,73",43
SANTA JOANA 2553,419852,2017,,P,PC,15398,,1,27,"0,09","0,46",42,"4,33","0,46",46,"0,83","0,09",41,4,"0,09",64,"0,17",33,"0,14",43,"0,00",74,"-0,24",2,,51,1,22,"6,61","0,34",19,"10,94",30,"0,07",70,"0,14",39,"0,17",39,"0,01",69,"-0,25",2,"0,22","0,42",59,"13,68",44
RITO 9FB3 OF 5H11 FULLBACK,IA368,1989,,P,IA,23805,M,21,213,"1,06","0,68",92,"4,31","0,74",46,"1,67","0,49",23,350,"0,23",18,"0,20",26,"0,26",12,"0,11",40,"-0,10",22,,36,19,165,"3,74","0,64",44,"8,05",46,"0,10",62,"0,10",52,"0,21",30,"0,10",44,"-0,10",22,"0,35","0,68",48,"13,64",44
TRADIÇÃO 1928,353394,2012,,P,PC,3638,,2,145,"0,56","0,65",72,"8,01","0,67",15,"-0,37","0,35",71,91,"0,24",17,"-0,07",93,"0,11",55,"0,32",5,"-0,03",45,,15,2,135,"1,24","0,57",68,"9,25",38,"0,21",29,"-0,03",86,"0,12",56,"0,21",18,"-0,02",52,"-0,71","0,50",98,"13,63",44
REDBAR BISMARCK G360 FINAL ANSWER,214355,2017,,P,PO,9271,,1,20,"-0,00","0,49",35,"4,08","0,49",48,,,,,"0,13",49,"-0,00",83,"0,18",30,"0,03",67,"0,11",94,,48,1,18,"4,62","0,40",35,"8,70",42,"0,10",60,"0,01",79,"0,24",23,"-0,01",75,"0,10",88,"0,69","0,47",25,"13,57",44
CONNEALY CONFIDENCE 0100 CONNEALY,IA1374,2010,,P,IA,4568,M,3,20,"-0,81","0,46",7,"4,38","0,48",45,"2,94","0,15",8,8,"0,26",13,"0,15",39,"0,26",12,"0,07",52,"-0,13",13,,32,2,17,"3,70","0,37",44,"8,08",45,"0,25",21,"0,14",38,"0,27",17,"-0,02",77,"-0,11",20,"-0,87","0,43",99,"13,48",44
GAP 6807,228286,2019,,V,PO,23388,,1,32,"0,63","0,51",76,"5,39","0,49",35,,,,,"0,07",69,"0,18",30,"0,21",22,,,"-0,07",28,,46,,0,"5,27","0,25",28,"10,66",31,"0,10",60,"0,21",22,"0,29",13,,,"-0,06",35,"0,24","0,28",56,"13,47",44
BT RIGHT TIME 24J,IA886,1999,,P,IA,23805,,7,128,"0,31","0,54",58,"2,00","0,67",69,"1,53","0,28",26,72,"0,11",57,"0,06",67,"0,08",65,"0,10",42,"-0,05",38,,66,7,95,"4,65","0,53",35,"6,65",52,"0,20",31,"0,09",55,"0,10",62,"0,17",26,"-0,08",27,"0,98","0,45",10,"13,42",45
SANTA JOANA 49,185560,2014,,P,PO,15398,,2,93,"0,43","0,64",65,"9,26","0,64",10,"3,32","0,22",5,16,"-0,01",86,"0,17",33,"-0,04",91,"-0,04",83,"-0,20",4,,26,2,85,"3,62","0,52",45,"12,89",21,"0,01",84,"0,11",48,"-0,05",92,"0,02",66,"-0,20",6,"0,58","0,62",31,"13,37",45
SANTA AMÉLIA 7032 SAV RADIANCE 0801,412669,2017,,P,PC,33,,1,29,"0,31","0,37",58,"2,88","0,41",61,,,,,"0,20",26,"0,24",18,"0,22",20,"0,01",72,"0,08",88,,49,1,30,"3,68","0,33",45,"6,56",53,"0,25",20,"0,25",15,"0,29",13,"0,02",67,"0,11",90,"0,07","0,42",71,"13,37",45
GAP 5385,189082,2015,,P,PO,2555,,3,27,"-0,83","0,51",6,"6,66","0,50",25,"0,96","0,18",38,14,"0,14",44,"0,25",18,"0,22",19,"-0,05",86,"0,01",62,,28,3,18,"2,30","0,37",59,"8,97",40,"0,13",54,"0,21",23,"0,24",23,"-0,09",91,"0,01",60,"0,40","0,41",44,"13,37",45
LEACHMAN SHARPSHOOTER 1369,90492,1998,,V,PO,7992,,28,335,"-0,17","0,74",26,"7,93","0,78",16,"0,28","0,55",53,443,"0,13",48,"0,16",35,"0,09",60,"0,14",29,"-0,01",53,,22,22,245,"2,04","0,69",61,"9,97",34,"0,13",53,"0,15",36,"0,10",62,"0,16",28,"-0,05",40,"0,07","0,72",70,"13,35",45
RUBETA 3910 GRINGO TE GRINGO,IA1005,2003,,P,IA,23805,,13,284,"1,29","0,76",96,"3,79","0,76",51,"-1,36","0,46",85,261,"0,14",45,"0,19",29,"0,16",37,"0,21",17,"-0,05",37,,49,11,229,"4,28","0,66",38,"8,07",45,"0,15",46,"0,13",41,"0,19",34,"0,21",18,"-0,07",31,"0,45","0,72",41,"13,29",45
RINCON CHIMARRÃO TE2059 DEL SARANDY,160403,2012,,P,PO,7287,,1,23,"0,51","0,49",69,"5,62","0,48",33,"-1,46","0,16",87,2,"0,08",64,"0,10",56,"0,15",39,"0,00",74,"-0,01",54,,43,1,21,"4,84","0,39",32,"10,46",32,"0,03",79,"0,07",63,"0,16",43,"0,00",72,"-0,01",52,"0,57","0,38",32,"13,17",45
BUFFALO CREEK VAQUERO 1626,IA351,1988,,V,IA,23805,,43,784,"0,37","0,84",61,"3,39","0,86",56,"-1,04","0,70",81,909,"0,12",53,"0,13",44,"0,17",32,"0,07",53,"0,02",65,,56,39,568,"5,43","0,80",27,"8,82",41,"0,20",31,"0,22",21,"0,26",19,"0,10",42,"-0,02",50,"-0,12","0,77",82,"13,15",46
RITO 12E7 OF 5F56 RITO 5M2,IA1630,2011,,P,IA,16477,,2,166,"0,14","0,67",46,"10,11","0,67",7,"-0,66","0,17",76,12,"0,18",32,"0,25",17,"0,14",42,"0,13",34,"-0,19",5,,11,2,96,"-1,12","0,50",86,"8,99",40,"0,06",71,"0,11",49,"0,01",82,"0,09",47,"-0,24",3,"0,67","0,59",26,"13,06",46
BUFORD PATHFINDER C304,IA1865,2014,,P,IA,22812,,14,216,"-0,43","0,70",15,"3,68","0,70",53,"0,98","0,25",38,11,"0,10",60,"0,11",50,"0,07",67,"0,02",69,"0,06",81,,56,11,85,"5,52","0,56",26,"9,20",39,"0,16",44,"0,18",29,"0,12",56,"-0,00",73,"0,05",77,"0,07","0,62",72,"13,03",46
GAR SUNRISE,IA1795,2010,,P,IA,22294,,3,22,"-0,31","0,43",20,"5,42","0,43",35,"3,47","0,08",5,20,"0,13",47,"0,05",71,"-0,01",85,"0,24",13,"-0,02",51,,39,3,20,"4,74","0,32",33,"10,16",33,"0,11",58,"0,06",64,"-0,01",86,"0,29",9,"0,02",66,"-0,21","0,40",86,"13,01",46
PIRAY 893 RED BRIGADIER JACOBO TE,IA1317,2009,,V,IA,13096,,6,112,"-0,42","0,64",16,"2,24","0,66",67,"-1,57","0,25",88,53,"0,17",35,"0,06",66,"0,18",29,"0,04",61,"0,05",77,,58,5,97,"5,19","0,53",29,"7,43",49,"0,14",51,"0,06",64,"0,24",22,"0,04",61,"0,07",82,"0,42","0,60",43,"12,99",46
TRES MARIAS 9849 CACHAFAS 7238 TE SULTAN,IA1844,2013,,P,IA,5150,K,8,86,"-0,68","0,61",8,"4,98","0,62",40,"-1,53","0,15",88,12,"0,11",58,"0,23",21,"0,20",23,"-0,09",93,"-0,01",55,,45,7,38,"3,67","0,42",45,"8,65",42,"0,10",60,"0,19",27,"0,20",31,"-0,05",84,"-0,02",49,"0,70","0,45",24,"12,97",46
MYTTY IN FOCUS,IA882,2001,,P,IA,23805,,11,183,"-0,33","0,68",20,"5,32","0,73",36,"2,52","0,42",12,179,"0,06",73,"0,07",64,"-0,03",89,"0,11",41,"-0,13",14,,48,10,152,"3,96","0,63",41,"9,28",38,"0,03",79,"0,07",63,"-0,11",97,"0,09",46,"-0,18",8,"1,22","0,62",5,"12,94",46
LEACHMAN CHEYENNE B221L,IA781,2001,,V,IA,23805,,34,686,"-0,23","0,77",23,"5,27","0,83",37,"-0,61","0,53",74,285,"0,12",54,"0,05",70,"-0,05",91,"0,11",40,"-0,06",33,,42,32,431,"3,80","0,74",43,"9,06",39,"0,10",61,"0,02",77,"-0,06",93,"0,09",46,"-0,05",40,"0,44","0,75",42,"12,91",46
BT JUNCO BRIGADIER 1151,185336,2014,,V,PO,21499,,2,31,,,,"6,08","0,38",29,,,,,"0,11",57,"0,20",28,"0,15",38,"0,14",30,"0,01",62,,37,2,23,"3,24","0,31",49,"9,32",38,"0,13",54,"0,19",28,"0,19",36,"0,12",38,"0,01",63,"0,27","0,28",54,"12,89",46
TÓLIO TE411 BRIGADIER WIDESPREAD ELOGIO,182314,2014,,V,PO,14838,,1,22,"-0,29","0,50",21,"3,25","0,52",57,"-2,43","0,22",95,1,"0,18",31,"0,14",43,"0,14",44,"0,13",33,"0,06",83,,48,1,20,"2,65","0,43",55,"5,90",56,"0,23",24,"0,15",36,"0,21",29,"0,09",47,"0,04",72,"0,45","0,48",41,"12,77",47
PAMPEANO 1877 GAME DAY 1570 DON PANCHO,216317,2016,,P,PO,23219,R,6,44,"0,54","0,49",71,"5,29","0,48",37,,,,,"0,19",28,"0,18",30,"0,31",7,"0,06",56,"0,09",89,,33,4,9,"2,05","0,22",61,"7,34",49,"0,23",24,"0,15",35,"0,34",7,"0,08",50,"0,10",89,"-0,19","0,14",86,"12,71",47
QUIRÍ G31,264652,2005,,P,PC,92,,4,113,"0,70","0,70",80,"3,12","0,70",58,"1,75","0,37",21,90,"0,16",40,"0,23",20,"0,19",26,"-0,04",84,"0,00",59,,53,4,85,"3,90","0,59",43,"7,02",51,"0,16",45,"0,30",10,"0,17",40,"-0,06",86,"-0,04",44,"0,52","0,67",35,"12,70",47
RINCON MAFIOSO 2387 DEL SARANDY,171739,2013,,P,PO,7287,,1,24,"0,59","0,49",74,"6,13","0,49",29,"-3,12","0,24",98,3,"0,15",40,"0,22",22,"0,24",16,"0,01",71,"0,15",97,,31,1,21,"2,07","0,41",61,"8,20",45,"0,15",48,"0,19",28,"0,24",22,"-0,04",83,"0,17",97,"0,27","0,42",54,"12,70",47
SANTA AMÉLIA 6944 TRADIÇÃO 2028,407532,2016,,P,PC,33,,1,24,"1,25","0,38",95,"4,19","0,48",47,,,,,"-0,03",91,"-0,08",93,"-0,02",88,"0,13",33,"-0,07",30,,65,1,23,"8,38","0,39",11,"12,57",22,"-0,01",86,"0,07",61,"-0,02",87,"0,16",27,"-0,06",37,"0,41","0,47",44,"12,68",47
TRANQUERAS 289 BRIG BRUTAL TE BRUTAL,IA2009,2011,,V,IA,22957,K,8,30,"0,37","0,44",61,"2,92","0,48",60,"-2,60","0,19",96,1,"0,15",43,"0,11",51,"0,11",55,"0,02",68,"-0,03",47,,56,7,22,"3,17","0,38",50,"6,09",55,"0,17",42,"0,12",47,"0,10",63,"0,05",56,"-0,01",55,"0,94","0,41",12,"12,67",47
CASAMU 280 ARECUTRAN JEWLIAN CHAITUN,IA1850,2011,,V,IA,22230,,2,30,"-1,10","0,48",4,"5,47","0,47",35,,,,,"0,12",54,"0,16",36,"0,27",11,"-0,01",77,"-0,05",35,,40,2,25,"3,82","0,34",43,"9,29",38,"0,13",54,"0,16",35,"0,27",16,"0,03",65,"-0,05",38,"0,09","0,34",69,"12,63",47
CIA.AZUL 1282 NET WORTH WIDESPREAD,149256,2010,,P,PO,8538,T,2,62,"0,30","0,62",57,"4,63","0,63",43,"-0,54","0,36",73,62,"0,14",46,"-0,06",91,"0,06",69,"0,19",20,"0,01",62,,44,2,45,"3,39","0,52",47,"8,02",46,"0,18",39,"-0,05",90,"0,07",71,"0,20",19,"-0,01",53,"0,16","0,54",64,"12,63",47
INHANDUÍ 1763,276560,2007,,V,PC,8386,,12,350,"-0,06","0,78",33,"4,09","0,79",48,"0,19","0,36",55,104,"0,21",23,"0,26",15,"0,23",18,"0,09",48,"-0,19",4,,40,10,284,"3,66","0,68",45,"7,76",47,"0,25",20,"0,23",18,"0,27",17,"0,14",33,"-0,20",5,"-0,78","0,73",99,"12,56",47
QUIRÍ Q091P,173294,2012,,P,PO,92,,2,43,"0,29","0,54",56,"7,05","0,54",22,"1,14","0,20",34,6,"0,06",73,"0,11",50,"0,14",43,"0,03",65,"0,05",78,,35,2,39,"2,86","0,43",53,"9,90",35,"0,04",78,"0,09",55,"0,13",52,"0,04",61,"0,07",82,"0,82","0,51",17,"12,54",48
KCF BENNETT FORTRESS,IA1532,2011,,P,IA,4568,,2,32,"0,45","0,39",66,"1,49","0,47",73,,,,,"0,13",48,"-0,03",87,"0,10",58,"0,09",46,"0,06",81,,67,2,26,"6,22","0,36",21,"7,71",47,"0,17",42,"-0,01",83,"0,10",63,"0,10",42,"-0,03",47,"0,14","0,39",65,"12,48",48
LEACHMAN GRAND CANYON 1244G,IA576,1997,,V,IA,23805,,26,231,"0,16","0,76",47,"6,25","0,78",28,"-0,28","0,56",70,299,"0,10",60,"0,08",61,"0,07",68,"0,10",42,"0,04",75,,36,22,156,"3,53","0,69",46,"9,79",35,"0,14",49,"0,03",72,"0,16",43,"0,12",38,"0,14",94,"-0,14","0,71",83,"12,47",48
TRADIÇÃO 1933,372893,2012,,P,PC,3638,,1,70,"0,22","0,48",51,"0,10","0,61",84,"-0,37","0,19",71,12,"0,21",23,"0,07",62,"0,23",17,,,"-0,02",51,,68,1,68,"4,84","0,50",32,"4,94",61,"0,19",32,"0,01",78,"0,18",36,,,"0,00",58,"0,54","0,58",34,"12,35",48
ROY ROGERS 5604 ROY ROGERS,IA1000,2005,,V,IA,23805,,15,72,"0,57","0,50",73,"7,26","0,60",20,"-0,56","0,16",74,33,"0,16",39,"0,07",64,"0,11",53,"0,25",11,"0,01",64,,24,12,48,"0,82","0,43",72,"8,08",45,"0,16",45,"0,03",72,"0,13",53,"0,23",16,"0,02",65,"0,15","0,45",65,"12,34",48
SANTA JOANA 1023 GRAN LIDER,279582,2007,,P,PC,15398,L,3,82,"-0,09","0,66",31,"3,28","0,65",57,"0,33","0,36",52,123,"0,27",12,"0,50",1,"0,38",2,"0,03",66,"0,07",84,,39,3,60,"3,19","0,53",49,"6,47",53,"0,28",14,"0,51",1,"0,46",1,"0,01",69,"0,09",86,"-0,89","0,57",99,"12,31",48
UMBU 2666 CLASSIC HEADLINER,185670,2015,,P,PO,99,,1,25,"0,48","0,53",68,"1,61","0,53",72,"1,05","0,18",36,3,"0,11",56,"0,11",51,"0,16",37,"-0,03",82,"0,01",61,,68,1,12,"4,51","0,39",36,"6,12",54,"0,13",52,"0,11",50,"0,20",30,"0,00",72,"0,05",77,"1,11","0,42",7,"12,18",49
Performance Qualidade de carne Adaptação TRES MARIAS 6927 PUCARA TE PUCARÁ,IA929,2003,,V,IA,23805,K,48,471,"1,54","0,79",98,"1,46","0,82",73,"-2,96","0,52",97,331,"0,14",47,"0,09",57,"0,23",17,"0,11",40,"-0,02",49,,67,38,343,"4,66","0,72",34,"6,12",54,"0,20",32,"0,14",41,"0,30",12,"0,11",40,"-0,04",44,"0,49","0,75",37,"12,09",49
UMBU 2962 1296 HEADLINER,196732,2016,,P,PO,99,,1,30,"-0,44","0,53",15,"4,25","0,52",47,"3,18","0,14",6,1,"0,16",38,"0,13",44,"0,19",26,"0,15",29,"-0,00",57,,44,1,14,"3,54","0,37",46,"7,79",47,"0,17",41,"0,18",29,"0,23",26,"0,15",29,"-0,03",47,"-0,12","0,38",82,"12,02",49
GAP 3123 QUEBRACHO BARTO,121417,2007,,V,PO,2555,,3,496,"1,07","0,83",92,"3,16","0,82",58,"-1,20","0,57",84,453,"0,21",24,"0,10",53,"0,20",23,"0,26",11,"-0,07",29,,47,3,348,"2,06","0,73",61,"5,22",60,"0,16",44,"0,11",49,"0,26",18,"0,32",7,"0,01",64,"0,67","0,77",26,"11,90",50
INHANDUÍ 1125 BRILLIANCE PREDOMINANT,170345,2013,,P,PO,8386,,1,54,"0,59","0,51",75,"3,34","0,50",56,"2,54","0,20",12,18,"0,20",25,"0,17",33,"0,23",18,"0,02",70,"-0,13",13,,46,1,10,"1,07","0,33",69,"4,41",65,"0,20",30,"0,14",38,"0,22",27,"-0,01",76,"-0,15",11,"0,82","0,40",17,"11,89",50
OSU CLARITY 1152 CLARITY,IA1736,2011,,P,IA,18583,,2,63,"0,68","0,53",78,"5,00","0,55",39,"3,72","0,17",3,15,"0,17",34,"0,09",59,"0,13",44,"0,16",26,"-0,17",7,,37,2,39,"2,49","0,41",57,"7,49",48,"0,14",50,"-0,01",83,"0,11",61,"0,17",27,"-0,21",4,"0,10","0,50",68,"11,86",50
CONNEALY CAPITALIST 028,IA1265,2010,,P,IA,4568,M,18,105,"-0,52","0,69",12,"4,10","0,69",48,"0,23","0,33",54,58,"0,09",62,"0,26",16,"0,11",53,"-0,03",82,"-0,12",14,,53,18,78,"3,07","0,56",51,"7,17",50,"0,05",74,"0,12",44,"0,05",75,"-0,07",88,"-0,15",11,"1,29","0,62",4,"11,84",50
SAV BRAVE 8320,IA1119,2008,,P,IA,23805,,8,129,"0,92","0,65",88,"3,28","0,69",57,"3,31","0,35",5,129,"0,18",32,"0,21",25,"0,18",29,"0,12",36,"-0,24",2,,49,8,118,"2,76","0,58",54,"6,03",55,"0,15",47,"0,19",28,"0,17",39,"0,07",53,"-0,26",2,"0,57","0,60",31,"11,83",50
PASTORIZA 1548 TRUENO TE,IA1952,2014,,V,IA,22742,,7,99,"1,40","0,54",97,"0,24","0,63",83,,,,,"0,25",15,"0,34",6,"0,33",4,"0,07",54,"0,14",96,,63,5,66,"2,03","0,47",61,"2,28",75,"0,30",11,"0,36",5,"0,42",3,"0,10",44,"0,16",97,"0,64","0,52",27,"11,80",50
TRADIÇÃO 2028 RETRUCO,372896,2013,,P,PC,3638,P,13,237,"0,56","0,75",72,"1,08","0,76",76,"1,65","0,35",24,75,"0,06",73,"0,01",79,"0,11",55,"-0,00",75,"-0,03",42,,76,12,171,"6,03","0,64",23,"7,11",50,"0,15",48,"0,20",25,"0,20",32,"0,00",73,"-0,04",41,"0,75","0,71",21,"11,78",50
WT BUTIÁ TE140 BISMARK X STA AMÉLIA 5001,168556,2012,,P,PO,17087,,1,81,"-0,16","0,55",26,"5,31","0,56",36,"-0,22","0,27",66,52,"0,09",64,"0,15",38,"0,14",42,"0,04",63,"0,03",73,,45,1,70,"2,68","0,45",55,"7,99",46,"0,11",59,"0,12",46,"0,17",40,"0,01",70,"0,01",61,"0,62","0,53",28,"11,66",50
MANDAN BLACK 2582 TELLECHEA,190401,2015,,P,PO,18551,,2,44,"-0,11","0,57",29,"1,47","0,55",73,,,,,"0,20",26,"0,09",59,"0,12",52,"0,15",29,"-0,14",11,,60,1,20,"1,68","0,36",65,"3,15",71,"0,21",29,"0,11",49,"0,14",49,"0,08",48,"-0,15",11,"1,17","0,43",6,"11,64",51
SANTO ANTÃO PENDLETON 692,156957,2012,,P,PO,14982,,1,39,"-0,74","0,36",8,"6,08","0,58",29,"1,52","0,22",26,12,"0,31",7,"0,23",21,"0,43",1,"0,08",50,"0,09",90,,18,1,32,"-2,08","0,46",91,"4,00",67,"0,22",26,"0,04",71,"0,38",4,"-0,00",74,"0,06",80,"0,20","0,52",60,"11,62",51
QUIRI R065,389313,2013,,V,PC,92,,2,53,"-0,15","0,60",27,"5,87","0,59",31,"-2,69","0,21",96,14,"0,27",12,"0,23",20,"0,24",15,"0,12",37,"0,01",63,,22,2,23,"-0,48","0,42",83,"5,39",59,"0,25",21,"0,19",27,"0,25",22,"0,07",51,"0,04",73,"-0,32","0,51",91,"11,55",51
LEACHMAN NONE BETTER 9604,73526,1991,,V,PO,6317,,46,775,"-0,17","0,79",26,"5,26","0,84",37,"-1,60","0,68",89,921,"0,02",82,"0,08",62,"0,03",77,"-0,03",83,"0,01",63,,53,38,596,"5,40","0,78",28,"10,66",31,"0,05",75,"0,10",53,"0,08",69,"0,06",53,"-0,00",57,"0,16","0,71",63,"11,52",51
QUIRI T0217,409454,2015,,P,PC,92,,2,33,"0,55","0,38",72,"-1,02","0,48",89,"1,73","0,15",22,5,"0,17",36,"0,11",51,"0,20",23,"-0,03",82,"0,02",68,,78,1,26,"4,67","0,37",34,"3,64",68,"0,20",31,"0,16",33,"0,29",13,"0,03",65,"-0,02",50,"1,00","0,46",10,"11,50",51
TRADIÇÃO 2450 XAVANTE,418278,2017,,P,PC,3638,P,3,27,"0,67","0,41",78,"0,81","0,49",78,,,,,"0,14",45,"0,25",17,"0,11",53,"-0,02",80,"-0,03",43,,70,3,27,"4,15","0,39",39,"4,96",61,"0,21",29,"0,30",10,"0,16",43,"-0,04",82,"-0,04",40,"0,64","0,43",28,"11,45",51
LA LEGUA CANYON 8279 TE CANONAZO,IA1267,2002,,V,IA,17375,,2,60,"0,69","0,58",79,"6,36","0,58",27,"-1,28","0,22",84,22,"0,15",42,"0,02",78,"0,10",57,"0,20",19,"0,01",62,,30,2,58,"0,63","0,48",74,"6,99",51,"0,22",26,"0,01",78,"0,16",43,"0,15",29,"0,04",71,"-0,09","0,54",81,"11,40",51
RECALADA TE18 CAPITÁN RESOURCE TE1638,215276,2017,,P,PO,21701,,1,60,"0,28","0,49",55,"3,42","0,59",56,,,,,"0,15",42,"0,21",24,"0,21",21,"-0,05",86,"0,00",59,,52,1,27,"2,79","0,45",54,"6,22",54,"0,15",47,"0,16",34,"0,25",20,"-0,04",82,"-0,00",57,"0,53","0,51",34,"11,36",52
TRES MARIAS 7033 CANDOMBE 6164 TE,IA931,2004,,P,IA,23805,,14,83,"0,39","0,61",63,"4,17","0,66",47,"-2,57","0,40",96,189,"0,09",62,"0,10",56,"0,12",50,"0,05",59,"-0,03",46,,52,10,38,"4,94","0,54",31,"9,11",39,"0,10",63,"0,14",39,"0,13",54,"0,03",63,"-0,01",54,"-0,09","0,59",81,"11,31",52
BF ITANHOMI DA BRASIL FLORESTAL TE653,204013,2016,,P,PO,18640,,1,31,"1,04","0,51",91,"1,66","0,50",71,,,,,"0,24",17,"0,18",31,"0,13",47,"0,10",42,"0,01",62,,55,1,16,"1,48","0,38",66,"3,14",71,"0,23",24,"0,19",28,"0,15",47,"0,12",37,"0,00",59,"0,59","0,42",30,"11,26",52
GAP TE 4041 GRINGO 2048,148763,2011,,P,PO,2555,,2,54,"0,39","0,62",62,"0,84","0,61",78,"0,90","0,26",39,43,"0,07",69,"-0,00",83,"0,06",71,"0,09",46,"-0,05",37,,76,2,36,"7,03","0,46",16,"7,87",46,"0,15",47,"0,04",70,"0,14",49,"0,09",47,"-0,14",12,"0,09","0,49",69,"11,25",52
ESPINILHO FIV157,184021,2013,,P,PO,14550,,1,23,"0,35","0,40",60,"3,57","0,53",54,"1,87","0,25",19,6,"0,19",28,"0,05",72,"0,17",34,"0,17",23,"0,02",68,,46,1,14,"0,69","0,42",73,"4,26",66,"0,17",40,"0,03",74,"0,18",37,"0,15",29,"0,05",76,"0,89","0,45",14,"11,23",52
TRADIÇÃO T69,190735,2015,,P,PO,3638,,1,65,"0,85","0,58",85,"7,06","0,62",22,,,,,"0,10",58,"0,19",29,"0,14",42,,,"0,05",77,,30,1,61,"2,83","0,53",53,"9,89",35,"0,05",76,"0,06",66,"0,07",70,,,"0,07",83,"-0,06","0,60",79,"11,22",52
BON VIEW NEW DESIGN 878,IA721,1998,,P,IA,23805,M,21,301,"0,02","0,74",37,"2,56","0,78",64,"5,46","0,53",1,384,"0,10",60,"0,08",60,"0,04",75,"0,32",5,"-0,14",10,,63,19,240,"5,44","0,69",27,"8,00",46,"0,10",63,"0,10",52,"0,01",82,"0,36",4,"-0,21",4,"0,23","0,68",57,"11,20",52
SAC CONVERSATION,IA1660,2013,,P,IA,4568,M,6,46,"-0,65","0,53",9,"4,92","0,54",40,"3,15","0,13",7,11,"0,18",31,"0,14",41,"0,20",25,"0,12",38,"-0,07",30,,37,5,34,"-0,03","0,39",79,"4,90",61,"0,22",27,"0,17",31,"0,24",23,"0,12",37,"-0,13",15,"0,45","0,42",41,"11,10",52
MAUFER FALSARIO 0177FIV FLORICE ZORZAL,165397,2013,,P,PO,17034,,2,20,"0,82","0,42",84,"4,01","0,42",49,"-2,94","0,20",97,5,"0,17",36,"-0,03",86,"0,06",71,"0,08",49,"0,00",59,,45,1,13,"2,14","0,32",60,"6,15",54,"0,17",41,"-0,04",89,"0,05",75,"0,06",53,"-0,00",57,"0,20","0,34",61,"11,09",52
MAYA 97 ELEUTÉRIO BRIGADIER CAMÉLIA,128233,2008,,V,PO,15958,,4,27,"0,27","0,47",54,"4,87","0,47",41,"-3,17","0,21",98,19,"0,16",39,"0,17",34,"0,24",16,"0,14",30,"0,07",84,,40,3,19,"0,93","0,37",71,"5,80",57,"0,13",52,"0,18",30,"0,26",18,"0,12",39,"0,08",85,"0,73","0,43",23,"11,09",52
ESPINILHO 1324,168497,2013,,V,PO,14550,,1,21,"-0,25","0,29",23,"5,16","0,44",38,"-2,18","0,16",93,5,"0,11",56,"0,13",45,"0,22",20,"-0,02",80,"-0,00",58,,43,1,16,"3,26","0,33",48,"8,43",43,"0,11",58,"0,13",42,"0,25",20,"-0,05",85,"0,01",63,"-0,03","0,25",77,"11,09",52
MAUFER 038TEI APAM96 ZORZAL DISPARO,152927,2011,,P,PO,17034,,1,31,"-0,26","0,35",22,"4,00","0,43",49,"-2,95","0,24",97,49,"0,20",27,"0,14",43,"0,19",25,"-0,01",77,,,,42,1,29,"0,93","0,34",71,"4,93",61,"0,21",28,"0,06",65,"0,16",42,"-0,02",77,,,"0,27","0,37",54,"11,07",53
CIA.AZUL 2648 F ANSWER CREDITO,181398,2014,,P,PO,8538,,1,41,"-0,51","0,57",13,"4,94","0,56",40,"1,31","0,20",30,8,"0,14",46,"0,05",70,"0,04",77,"0,14",30,"-0,06",34,,42,1,19,"1,00","0,40",70,"5,94",56,"0,17",42,"0,01",78,"-0,02",87,"0,15",31,"-0,10",21,"0,59","0,39",30,"11,04",53
TRADIÇÃO T 56,181917,2014,,P,PO,3638,,2,51,"0,84","0,50",85,"6,44","0,54",27,,,,,"0,21",24,"0,11",49,"0,22",20,"0,05",60,"0,09",89,,24,2,39,"-0,25","0,40",81,"6,19",54,"0,15",47,"0,04",70,"0,14",48,"-0,01",75,"0,08",86,"0,16","0,49",64,"11,02",53
RED TER RON PARKER 34A,IA1889,2013,,P,IA,22965,,3,86,"1,79","0,63",99,"5,85","0,63",31,"1,40","0,07",28,6,"0,22",21,"0,20",28,"0,19",27,"0,07",53,"0,19",99,,27,3,53,"-2,54","0,44",93,"3,31",70,"0,19",36,"0,12",47,"0,20",32,"0,05",56,"0,20",99,"1,18","0,50",6,"11,02",53
VOLCAN BLOCKANA 4259 TE TANQUE,IA1297,2009,,V,IA,10379,,28,483,"0,87","0,79",86,"4,90","0,82",40,"-2,24","0,49",93,250,"0,20",27,"0,26",16,"0,26",12,"0,07",54,"0,15",97,,35,24,378,"1,51","0,72",66,"6,42",53,"0,19",35,"0,23",19,"0,30",11,"0,04",61,"0,17",98,"-0,26","0,76",88,"10,92",53
ERRE TE 27 FACON GENERAL,IA1280,2006,,P,IA,17375,,9,66,"0,86","0,54",85,"3,92","0,61",50,"-4,03","0,26",99,82,"0,14",43,"0,17",34,"0,12",50,"0,13",34,"0,01",63,,48,8,53,"2,89","0,49",53,"6,80",52,"0,10",63,"0,20",25,"0,15",47,"0,10",42,"0,02",66,"0,44","0,54",42,"10,88",53
SÃO XAVIER 2215 MARADONA TE,206128,2016,,P,PO,508,,1,21,"1,09","0,49",92,"2,91","0,51",61,"0,86","0,20",40,1,"0,14",45,"0,17",33,"0,16",37,"-0,04",84,"-0,01",56,,57,1,19,"3,07","0,41",51,"5,97",56,"0,15",48,"0,10",51,"0,19",33,"-0,04",82,"-0,01",55,"0,45","0,49",41,"10,83",53
CIA.AZUL 3118 RESOURCE PAYADOR,188328,2015,,P,PO,8538,,1,45,"-0,49","0,58",13,"4,89","0,59",41,"-0,39","0,18",71,5,"0,11",56,"0,16",35,"0,23",18,"0,01",73,"-0,07",28,,45,1,26,"3,26","0,43",49,"8,15",45,"0,12",56,"0,13",44,"0,22",27,"-0,03",80,"-0,08",28,"-0,04","0,49",78,"10,83",53
CASSOL R928 RIO NEGRO,128163,2008,,P,PO,4602,,5,70,"0,13","0,58",45,"3,32","0,57",57,"-2,55","0,27",96,55,"0,11",58,"0,13",44,"0,10",58,"0,00",73,"0,11",93,,57,3,31,"4,64","0,40",35,"7,97",46,"0,13",54,"0,09",57,"0,10",63,"0,03",63,"0,12",92,"-0,09","0,42",81,"10,78",54
GLACIER CHATEAU 744,IA663,1997,,V,IA,23805,,28,520,"-0,55","0,74",11,"4,56","0,81",44,"0,24","0,58",54,429,"0,09",63,"0,07",64,"0,09",60,"0,20",18,"-0,05",35,,49,22,376,"4,20","0,72",39,"8,76",42,"0,16",45,"0,09",57,"0,15",46,"0,22",17,"-0,10",21,"-0,47","0,65",94,"10,77",54
SÃO BIBIANO 7351 VERDADERO,165840,2013,,P,PO,110,,1,21,,,,"3,85","0,45",51,"2,43","0,15",13,10,"0,16",37,"0,20",26,"0,17",33,"0,08",51,"-0,14",10,,47,1,19,"3,04","0,34",51,"6,89",51,"0,18",37,"0,16",34,"0,15",47,"0,09",47,"-0,14",13,"-0,32","0,41",91,"10,73",54
SANTO ANTÃO DON LEO 703,156967,2012,,P,PO,14982,,1,40,"-0,09","0,35",30,"3,32","0,59",57,"-0,92","0,23",80,10,"0,11",57,"0,21",25,"0,10",59,"-0,02",81,"-0,05",38,,57,1,32,"2,63","0,47",56,"5,95",56,"0,14",51,"0,22",20,"0,13",53,"-0,00",73,"-0,03",44,"0,73","0,54",22,"10,73",54
INHANDUÍ 1187 TEJAS QUEBRANTADOR,170366,2013,,V,PO,8386,,3,55,"1,20","0,60",94,"5,22","0,60",38,"-0,82","0,19",79,12,"0,06",72,"0,14",40,"0,12",49,"0,18",21,"0,07",85,,48,3,34,"3,04","0,45",51,"8,25",44,"0,06",73,"0,19",26,"0,18",37,"0,15",30,"0,09",86,"0,59","0,46",31,"10,70",54
SAV PRIORITY 7283 PRIORITY,IA1352,2007,,P,IA,16477,,61,956,"0,40","0,85",63,"5,70","0,86",32,"2,92","0,57",8,455,"0,15",43,"0,11",51,"0,10",56,"0,16",26,"-0,11",16,,35,52,610,"-0,25","0,77",81,"5,45",59,"0,17",40,"0,05",69,"0,10",63,"0,11",39,"-0,17",8,"0,62","0,82",29,"10,68",54
RED SODER CANYON 126M,IA823,2002,,V,IA,23805,,3,25,"0,33","0,43",59,"4,58","0,42",43,"-1,74","0,14",90,22,"-0,02",89,"-0,03",86,"-0,01",87,"0,09",48,"0,11",93,,62,2,14,"4,92","0,30",32,"9,50",37,"0,01",82,"-0,02",84,"0,01",82,"0,08",48,"0,08",85,"0,84","0,36",16,"10,63",54
RED DKF RAZOR 55C,IA1939,2015,,P,IA,23272,,4,57,"0,51","0,54",70,"4,69","0,55",42,,,,,"0,04",78,"0,02",77,"-0,04",91,"0,10",44,"-0,10",20,,56,3,22,"5,42","0,30",27,"10,10",34,"0,05",76,"0,06",66,"-0,04",91,"0,12",38,"-0,06",37,"-0,09","0,35",81,"10,56",54
TIMBAÚVA 7100 MISSION BRIGADIER,417108,2017,,V,PC,14168,,1,28,"-0,29","0,49",21,"0,80","0,44",79,,,,,"0,10",59,"0,21",23,"0,13",46,"0,09",45,"0,03",70,,74,1,10,"3,98","0,28",41,"4,78",62,"0,17",42,"0,25",16,"0,19",35,"0,12",38,"0,05",76,"0,85","0,33",16,"10,43",54
INDIO NUEVO 419 DIFERENTE 28 T/E,IA2045,2016,,P,IA,23718,,8,98,"0,55","0,65",72,"4,44","0,64",45,,,,,"0,12",51,"0,20",26,"0,16",35,"-0,02",80,"-0,03",47,,47,6,61,"0,17","0,47",77,"4,61",63,"0,13",53,"0,17",32,"0,17",40,"-0,06",86,"0,04",73,"1,24","0,56",5,"10,42",54
RECONQUISTA 1301 NACO CACHAFAZ FENOMENA,122718,2007,,V,PO,155,,13,77,"0,93","0,59",88,"5,74","0,62",32,"-2,94","0,38",97,115,"0,14",46,"0,17",35,"0,19",26,"0,09",45,"0,07",84,,36,10,31,"2,22","0,49",60,"7,96",46,"0,12",54,"0,21",23,"0,16",43,"0,12",36,"0,09",87,"-0,31","0,53",90,"10,38",55
Performance Qualidade de carne Adaptação FLORIPANA CAMPECHE TEI72 YESQUERO,196689,2015,,V,PO,21117,,2,22,"1,71","0,48",99,"2,15","0,48",67,,,,,"0,11",57,"0,06",66,"0,13",46,"0,02",69,"0,05",77,,64,2,17,"3,25","0,38",49,"5,40",59,"0,15",48,"0,07",64,"0,16",44,"0,07",52,"0,03",69,"0,72","0,40",23,"10,37",55
LT 598 BANDO 9074,IA831,1999,,P,IA,23805,,22,336,"-1,17","0,78",3,"3,68","0,78",53,"0,81","0,49",41,337,"0,01",83,"0,02",78,"-0,03",90,"0,03",66,"-0,24",2,,64,20,260,"5,39","0,68",28,"9,07",39,"0,04",77,"0,04",71,"-0,02",88,"0,07",52,"-0,25",2,"0,46","0,71",40,"10,35",55
TARRÃ TE121 CAMBIAÇO PERFORMA HAYMOUNT,153329,2012,,P,PO,14838,,2,124,"1,25","0,60",96,"8,14","0,60",15,"-1,53","0,13",88,12,"0,01",83,"0,05",69,"0,04",75,"0,10",43,"0,01",64,,32,1,45,"1,73","0,41",64,"9,88",35,"-0,05",91,"-0,02",85,"-0,02",88,"0,02",68,"0,01",62,"0,89","0,52",14,"10,29",55
FSL 953 IMPÉRIO,153578,2010,,P,PO,18583,,2,159,"0,83","0,65",85,"0,57","0,65",80,"1,65","0,16",24,8,"0,03",79,"0,00",82,"0,00",84,"0,03",64,"-0,12",15,,81,2,138,"6,83","0,53",18,"7,40",49,"0,08",68,"0,05",69,"0,12",58,"0,04",59,"-0,11",18,"0,60","0,67",29,"10,28",55
GAP 4613,168627,2013,,P,PO,2555,,3,282,"-0,03","0,78",34,"4,03","0,77",49,"1,11","0,37",35,102,"0,13",48,"0,49",1,"0,37",2,"-0,16",97,"-0,14",10,,48,3,216,"1,85","0,64",63,"5,88",56,"0,08",68,"0,49",1,"0,35",6,"-0,14",95,"-0,09",25,"0,83","0,70",16,"10,22",55
ALIANÇA EDE YH768,339306,2012,,V,PC,16258,,1,22,"-0,13","0,34",28,"5,27","0,41",37,"1,01","0,11",37,1,"0,05",74,"0,02",79,"0,11",55,"0,11",38,"-0,01",53,,48,1,9,"4,36","0,27",37,"9,63",36,"0,04",78,"-0,01",82,"0,10",63,"0,06",54,"-0,02",51,"-0,02","0,26",76,"10,21",55
SAV CINCH 1248,IA1370,2011,,P,IA,22588,,11,95,"0,33","0,63",59,"3,74","0,68",52,"0,02","0,30",58,112,"0,21",24,"0,05",70,"0,19",26,"0,12",37,"0,11",94,,43,10,67,"0,89","0,54",71,"4,63",63,"0,23",25,"0,08",58,"0,26",18,"0,12",38,"0,13",93,"-0,08","0,63",80,"10,19",55
CIA.AZUL TE3068 MAXI WINDSPREAD,190097,2015,,P,PO,8538,,1,24,"0,73","0,51",81,"5,50","0,54",34,"-1,65","0,20",89,6,"0,19",28,"0,24",19,"0,21",22,"0,02",67,"0,02",67,,32,1,14,"0,20","0,41",77,"5,70",57,"0,15",47,"0,23",19,"0,24",22,"-0,02",78,"0,03",68,"0,10","0,46",69,"10,18",55
TRADIÇÃO 2060,372484,2013,,P,PC,3638,,1,52,,,,"3,50","0,56",55,"-1,53","0,14",88,8,"0,32",6,"-0,04",88,"0,28",10,,,,,,32,1,50,"-0,74","0,45",84,"2,76",73,"0,29",12,"-0,06",91,"0,23",24,,,,,"-0,54","0,55",96,"10,04",56
QUIRÍ M008,344171,2010,,P,PC,92,,1,45,"-0,16","0,51",26,"4,93","0,54",40,"1,12","0,25",35,66,"0,17",36,"0,31",8,"0,35",3,"0,01",73,"0,04",73,,38,1,40,"0,81","0,44",72,"5,74",57,"0,18",36,"0,33",7,"0,42",2,"-0,06",86,"0,02",65,"-0,03","0,43",77,"10,03",56
BLACK PRINCE 11999 DON LEO DON LEO,IA1125,2006,,P,IA,27159,,25,513,"0,12","0,77",44,"2,17","0,82",67,"-0,60","0,50",74,409,"0,06",72,"0,09",57,"0,06",69,"0,10",44,"-0,07",29,,69,21,386,"4,23","0,72",38,"6,41",53,"0,06",72,"0,11",49,"0,08",67,"0,16",28,"-0,07",31,"0,92","0,77",13,"9,96",56
BASCO BRAND NAME ONIX 525TE,161627,2012,,P,PO,4074,,1,39,"0,21","0,50",51,"3,48","0,53",55,"-1,19","0,19",83,9,"0,20",25,"0,07",63,"0,15",39,"0,05",59,"0,11",93,,46,1,31,"-0,78","0,41",84,"2,70",73,"0,18",38,"0,01",79,"0,16",44,"0,00",73,"0,14",94,"1,03","0,45",9,"9,95",56
UMBU 1296 HEADLINER,122521,2007,,P,PO,99,,3,202,"-0,42","0,76",16,"3,08","0,75",58,"2,97","0,42",7,149,"0,17",33,"0,17",34,"0,23",18,"0,03",65,"0,03",72,,51,2,150,"2,82","0,63",54,"5,90",56,"0,20",31,"0,20",24,"0,29",13,"0,04",61,"0,03",69,"-0,41","0,69",93,"9,94",56
S A V GEOGRAPHIC 5318,IA2072,2015,,P,IA,22588,,1,47,,,,"4,09","0,39",48,,,,,"0,11",58,"-0,09",94,"0,01",83,"0,19",19,"0,04",76,,51,1,17,"2,12","0,23",60,"6,21",54,"0,09",65,"-0,05",90,"-0,00",85,"0,20",20,"0,05",76,"0,60","0,20",29,"9,75",56
SCHULER REBEL 0029X REBEL,IA1751,2010,,V,IA,22231,,1,25,,,,"5,25","0,35",37,"2,21","0,08",15,10,"-0,01",87,"0,07",65,"-0,14",99,"0,07",52,,,,57,1,20,"5,49","0,23",27,"10,74",31,"0,04",78,"0,05",69,"-0,09",96,"0,06",55,,,"-0,28","0,30",89,"9,74",57
BADLANDS ALL BEEF 114J,IA803,2001,,V,IA,23805,,9,111,"0,52","0,61",70,"4,78","0,66",42,"1,68","0,29",23,70,"0,16",40,"0,07",64,"0,24",16,"-0,00",75,"0,05",78,,41,8,84,"2,74","0,52",55,"7,52",48,"0,15",46,"0,05",69,"0,22",26,"0,01",71,"0,03",70,"-0,74","0,44",99,"9,67",57
ERRE TE679 LUCIDO PEREZOSO TE ELEGIDO,IA1559,2011,,P,IA,10379,,2,63,"0,04","0,60",38,"2,62","0,59",64,"-0,96","0,20",80,26,"0,16",37,"0,27",14,"0,19",26,"-0,03",82,"0,15",97,,56,2,55,"1,59","0,45",65,"4,20",66,"0,10",61,"0,23",19,"0,18",36,"-0,05",85,"0,16",97,"0,90","0,52",14,"9,60",57
BASCO NET WORTH 529,175845,2012,,P,PO,4074,,1,38,"0,26","0,55",54,"4,59","0,56",43,"0,02","0,24",58,19,"-0,02",89,"0,11",53,"0,21",21,"0,09",46,"0,02",66,,61,1,23,"3,34","0,42",48,"7,93",46,"-0,02",88,"0,11",49,"0,26",18,"0,08",49,"-0,02",49,"1,34","0,35",3,"9,53",57
INHANDUÍ 1349 DON LEO DENSITY,170423,2013,,P,PO,8386,,1,40,"0,28","0,50",55,"1,46","0,49",73,"-0,68","0,20",76,21,"0,14",44,"0,05",70,"0,09",60,"0,15",29,"-0,15",9,,66,1,12,"2,50","0,34",57,"3,96",67,"0,19",34,"0,07",62,"0,14",51,"0,22",17,"-0,19",6,"0,47","0,40",38,"9,53",57
JF PIRATINIZINHO 194 TANQUE,390358,2015,,V,PC,18778,,1,37,"2,19","0,52",99,"4,76","0,51",42,"-3,48","0,17",99,13,"0,17",35,"0,10",54,"0,20",24,"0,13",33,"0,21",99,,39,1,28,"0,69","0,39",73,"5,46",59,"0,20",31,"0,12",47,"0,25",20,"0,16",28,"0,19",98,"-0,23","0,43",87,"9,51",57
GAP FIV5065,185323,2014,,P,PO,2555,,2,87,"0,67","0,66",78,"3,13","0,65",58,"-1,42","0,27",86,49,"0,16",38,"0,10",55,"0,04",75,"0,40",2,"-0,18",6,,52,2,67,"2,40","0,50",58,"5,53",58,"0,18",37,"0,01",78,"0,02",81,"0,46",2,"-0,20",5,"-0,23","0,54",87,"9,45",57
SÃO XAVIER 2000 LAPACHO,192397,2015,,V,PO,508,,1,53,"-1,02","0,56",5,"3,46","0,59",55,"-2,11","0,16",93,4,"0,06",74,"0,15",39,"0,13",48,"-0,08",91,"-0,02",52,,61,1,43,"5,11","0,44",30,"8,57",43,"0,09",64,"0,13",42,"0,20",31,"-0,02",77,"-0,05",37,"-0,31","0,52",91,"9,42",57
6 MILE FULL THROTTLE 171T,IA1350,2007,,V,IA,16477,,8,115,"0,11","0,61",43,"1,99","0,64",69,"-0,96","0,22",80,60,"0,11",56,"0,03",75,"0,05",73,"0,07",51,"0,37",99,,65,7,97,"4,58","0,49",35,"6,57",53,"0,15",48,"0,14",39,"0,09",67,"0,17",26,"0,39",99,"-0,23","0,56",87,"9,42",57
BR NEW DAY 454,IA1028,2004,,P,IA,23805,M,3,58,"0,35","0,59",60,"5,06","0,59",39,"2,35","0,21",13,45,"0,15",40,"0,10",56,"0,10",57,"0,15",28,"-0,14",10,,39,3,53,"1,00","0,47",70,"6,06",55,"0,09",64,"0,01",77,"0,04",77,"0,09",45,"-0,15",12,"0,21","0,53",59,"9,35",58
GAP 3893,144563,2010,,V,PO,2555,,1,60,"0,32","0,51",58,"3,57","0,49",54,"-0,90","0,26",79,41,"0,13",48,"0,05",70,"0,13",47,"0,10",43,"-0,01",55,,52,1,13,"1,95","0,32",62,"5,52",58,"0,17",41,"0,04",71,"0,17",41,"0,11",40,"-0,02",51,"0,04","0,33",73,"9,35",58
TRES MARIAS 6301 ZORZAL TE ZORZAL,IA850,2001,,P,IA,23805,K,66,1071,"0,78","0,86",83,"4,90","0,87",41,"-4,73","0,71",99,1815,"0,14",44,"0,14",42,"0,12",49,"0,02",70,"0,08",88,,41,54,686,"1,07","0,81",69,"5,97",55,"0,10",63,"0,06",66,"0,07",70,"-0,04",82,"0,09",88,"0,30","0,83",52,"9,31",58
GAP 4591,168584,2013,,V,PO,2555,,2,138,"0,52","0,72",70,"6,29","0,72",28,"-1,09","0,39",82,55,"0,21",23,"0,21",26,"0,18",30,,,"0,06",80,,25,2,97,"-1,81","0,59",90,"4,48",64,"0,17",42,"0,09",55,"0,19",35,,,"0,06",78,"0,14","0,62",66,"9,24",58
HW85 GOLIAS BAMBA 15 DE FIELD DAY,149812,2010,,V,PO,18650,,1,70,"-0,17","0,63",26,"4,65","0,62",43,"0,47","0,23",49,30,"0,11",58,"0,00",81,"0,05",72,"0,08",49,"0,04",75,,47,1,32,"-1,22","0,43",86,"3,42",69,"0,14",49,"-0,01",82,"0,02",81,"0,11",41,"0,07",83,"1,38","0,41",3,"9,21",58
RITO SAV 2282 TELLECHEA,171138,2013,,P,PO,18551,,3,42,"1,19","0,54",94,"4,35","0,54",46,"-1,37","0,15",86,8,"0,16",38,"0,27",14,"0,17",32,"0,22",16,"-0,10",20,,44,3,22,"1,56","0,36",65,"5,90",56,"0,14",50,"0,22",20,"0,16",42,"0,16",28,"-0,11",20,"-0,16","0,41",84,"9,17",58
SANTA EULÁLIA ZORZAL 960,173378,2013,,P,PO,95,,1,25,"0,85","0,42",85,"2,73","0,42",62,"-2,74","0,17",97,3,"0,12",54,"0,22",22,"0,10",56,"0,07",53,,,,60,1,25,"2,49","0,33",57,"5,22",60,"0,15",46,"0,19",26,"0,12",56,"0,09",45,,,"0,24","0,38",56,"9,10",58
CONNEALY COMRADE 1385,IA1432,2011,,P,IA,4568,M,9,131,"-1,09","0,66",4,"5,00","0,69",39,"0,21","0,23",54,42,"0,15",42,"0,24",18,"0,16",37,"-0,00",76,"-0,05",36,,40,8,104,"0,67","0,56",73,"5,68",57,"0,10",61,"0,22",21,"0,10",62,"-0,08",90,"-0,06",36,"0,29","0,66",53,"9,10",58
OCC HEADLINER 661H LIDER,IA679,1998,,P,IA,23805,,42,779,"-0,27","0,84",22,"3,77","0,86",51,"0,88","0,69",40,1068,"0,24",16,"0,36",5,"0,33",5,"-0,01",78,"-0,03",44,,38,35,600,"-0,55","0,79",83,"3,22",70,"0,20",31,"0,38",4,"0,36",6,"-0,04",82,"-0,01",53,"0,02","0,82",74,"9,05",59
REDBAR NET WORTH F427 MATRIX,209475,2016,,P,PO,9271,,1,30,"-1,03","0,53",4,"3,51","0,53",55,,,,,"0,21",24,"0,24",18,"0,21",21,"0,02",69,"-0,06",33,,45,1,29,"0,21","0,44",77,"3,72",68,"0,19",35,"0,17",33,"0,22",27,"-0,00",73,"-0,06",36,"0,11","0,50",67,"9,03",59
BASCO COMPADRON 1257,212879,2017,,V,PO,4074,,1,46,"0,93","0,56",88,"2,52","0,55",65,,,,,"0,10",59,"0,19",30,"0,19",28,"-0,01",77,"-0,03",46,,62,1,24,"3,21","0,37",49,"5,73",57,"0,14",51,"0,14",39,"0,22",28,"0,03",65,"0,00",59,"0,16","0,48",64,"9,02",59
UMBU 2776 REDEMPTION,191304,2015,,V,PO,99,,1,54,"0,57","0,61",73,"-1,85","0,60",92,,,,,"0,16",40,"0,10",55,"0,13",45,"0,04",63,"0,07",86,,83,1,32,"3,23","0,44",49,"1,38",79,"0,23",25,"0,14",40,"0,20",32,"0,02",66,"0,13",93,"0,90","0,46",14,"8,91",59
BRAVE 2108 TELLECHEA,160131,2012,,P,PO,18551,,1,27,"0,05","0,49",39,"1,64","0,51",72,"1,23","0,18",32,12,"0,30",8,"0,42",2,"0,32",5,"0,02",67,"-0,19",4,,47,1,20,"-1,84","0,38",90,"-0,20",84,"0,30",10,"0,35",5,"0,33",8,"-0,02",78,"-0,17",8,"0,36","0,39",47,"8,91",59
SANTA SÉRGIA LUQUE PAGARE 3248,183517,2013,,V,PO,19692,,1,32,"0,14","0,46",46,"4,00","0,47",49,"-0,13","0,03",61,5,"0,14",44,"0,11",50,"0,18",31,"0,05",60,"-0,07",28,,47,1,25,"0,39","0,32",75,"4,39",65,"0,16",46,"0,10",53,"0,19",34,"0,07",50,"-0,06",35,"0,40","0,34",44,"8,84",59
TROTTERS STRONGHOLD 156,IA1483,2011,,V,IA,16477,,40,800,"1,29","0,84",96,"5,83","0,85",31,"-1,41","0,49",86,322,"0,18",32,"0,11",50,"0,07",67,"0,28",9,"0,06",81,,30,35,640,"1,81","0,76",63,"7,64",47,"0,10",63,"-0,02",84,"0,05",75,"0,22",17,"0,07",83,"-0,86","0,81",99,"8,83",59
CIA.AZUL KODAK TE 1278,142987,2010,,P,PO,8538,,3,31,"0,31","0,52",57,"4,87","0,53",41,"-1,89","0,24",91,20,"0,12",53,"-0,01",84,"-0,07",95,"0,12",38,"0,02",67,,44,3,26,"0,53","0,42",75,"5,40",59,"0,08",67,"-0,03",87,"-0,12",98,"0,07",51,"0,01",62,"0,53","0,39",35,"8,59",59
GAP 5085,178561,2014,,V,PO,2555,,2,29,"1,81","0,53",99,"2,48","0,52",65,"-0,31","0,19",70,8,"0,08",65,"0,27",14,"0,17",33,,,"-0,10",19,,65,2,18,"3,72","0,38",44,"6,20",54,"0,07",70,"0,29",10,"0,21",30,,,"-0,01",54,"0,33","0,42",49,"8,56",59
TRES MARIAS 4809 LESTER TE,75375,1995,,P,PO,5150,,26,559,"0,66","0,76",78,"1,89","0,83",69,"-0,79","0,57",78,531,"0,08",65,"0,04",73,"0,07",68,"0,06",55,"-0,10",19,,69,22,336,"3,61","0,72",45,"5,50",58,"0,16",43,"0,08",60,"0,11",58,"0,12",38,"-0,07",34,"0,01","0,72",75,"8,53",59
RUBETA 4444 QUEBRANTADOR QUEBRANTADOR,IA1116,2005,,V,IA,23805,K,53,789,"0,99","0,84",90,"2,13","0,86",68,"-3,52","0,60",99,529,"0,22",20,"0,19",30,"0,27",11,"0,06",56,"0,09",89,,53,44,620,"0,80","0,78",72,"2,93",72,"0,20",30,"0,16",33,"0,30",12,"0,03",63,"0,12",93,"-0,01","0,82",75,"8,50",59
CAPANE 23 CHUMBO B.NAME TE195,160536,2012,,P,PO,17732,,6,87,"0,94","0,56",88,"2,77","0,60",62,"1,65","0,18",24,14,"0,28",10,"0,47",1,"0,36",3,"-0,06",87,"-0,14",10,,42,6,54,"-0,99","0,45",85,"1,79",77,"0,24",22,"0,44",2,"0,37",4,"-0,07",89,"-0,14",14,"-0,09","0,48",81,"8,50",60
TÓLIO TE402 BRAND NAME TRAVELER ECLIPSE,181338,2014,,P,PO,14838,,4,44,"-0,01","0,59",35,"2,12","0,59",68,"2,10","0,20",16,3,"0,21",22,"0,19",30,"0,17",32,"0,16",26,"0,10",91,,54,4,31,"-0,36","0,46",81,"1,76",77,"0,17",41,"0,11",48,"0,18",38,"0,19",22,"0,11",91,"0,76","0,54",21,"8,45",60
GAP M157/15,393336,2015,,P,PC,2555,,1,94,"-0,39","0,67",17,"1,43","0,66",74,"-0,23","0,32",69,32,"0,15",41,"0,20",27,"0,11",55,,,"0,04",74,,65,1,68,"3,34","0,54",48,"4,77",62,"0,15",47,"0,15",38,"0,11",59,,,"-0,00",56,"-0,14","0,60",83,"8,41",60
UMBU 6266,352343,2012,,V,PC,99,,1,34,"0,29","0,48",56,"5,66","0,47",33,"-1,57","0,10",88,5,"0,12",51,"0,12",46,"0,15",39,"0,14",31,"0,10",91,,38,1,31,"0,38","0,36",75,"6,04",55,"0,12",56,"0,14",39,"0,15",45,"0,12",39,"0,14",94,"-0,05","0,33",79,"8,39",60
RED BJR AH BRANDED BEEF L107,IA861,2001,,V,IA,14890,,12,176,"-1,21","0,64",3,"2,49","0,70",65,"0,21","0,40",54,164,"0,05",75,"-0,02",86,"0,06",70,"0,27",9,"0,09",90,,69,8,143,"5,25","0,58",29,"7,74",47,"0,05",76,"-0,05",89,"0,05",76,"0,28",9,"0,15",96,"-0,11","0,64",82,"8,33",60
TRADIÇÃO 2013,372374,2013,,P,PC,3638,,1,80,"0,43","0,60",65,"5,54","0,62",34,"-0,94","0,34",80,42,"0,09",63,"0,20",27,"0,23",17,"0,10",42,"-0,03",45,,43,1,75,"1,27","0,53",68,"6,80",52,"0,07",70,"0,20",25,"0,25",21,"0,03",63,"-0,02",49,"0,10","0,47",69,"8,30",60
LAJUANITA EURO 313 TE DON CARLO,216316,2016,,P,PO,23219,R,6,84,"0,75","0,63",81,"2,26","0,63",66,,,,,"0,22",21,"0,03",74,"0,08",63,"-0,07",90,"0,08",87,,52,4,36,"0,29","0,40",76,"2,55",73,"0,16",43,"0,01",79,"0,07",72,"-0,11",93,"0,05",77,"0,36","0,47",48,"8,26",60
Performance Qualidade de carne Adaptação 44 ENVISION,IA1603,2013,,P,IA,16477,,3,47,"-0,70","0,55",8,"2,73","0,54",62,"2,75","0,14",10,6,"0,05",75,"0,09",57,"0,05",72,"0,10",43,"-0,16",8,,67,3,30,"4,11","0,41",40,"6,84",52,"0,08",67,"0,13",43,"0,04",77,"0,12",38,"-0,19",7,"0,08","0,45",70,"8,21",61
LJC MISSION STATEMENT P27,IA869,2004,,V,IA,23805,,20,588,"0,03","0,78",37,"-0,68","0,82",87,"1,83","0,54",20,355,"-0,04",92,"-0,12",97,"-0,11",98,"0,09",46,"0,14",97,,90,16,420,"6,32","0,72",20,"5,65",58,"0,12",57,"0,00",80,"0,03",79,"0,13",35,"0,20",99,"0,79","0,73",19,"8,20",61
SAV INTERNATIONAL 2020,IA1669,2012,,P,IA,21143,,18,156,"1,15","0,68",93,"1,69","0,70",71,"0,64","0,26",46,72,"0,12",55,"-0,07",93,"0,06",70,"0,04",62,"0,16",98,,67,16,116,"2,88","0,57",53,"4,57",64,"0,10",62,"-0,05",91,"0,07",71,"0,03",64,"0,17",97,"0,47","0,67",38,"8,19",61
SANTA AUGUSTA 1008 ROY ROGERS,347942,2011,,V,PC,16076,,2,32,"0,40","0,43",63,"4,35","0,44",46,"-1,68","0,13",90,14,"0,07",70,"0,03",76,"0,10",59,"0,02",70,"0,09",89,,54,2,17,"1,95","0,32",62,"6,30",54,"0,05",75,"-0,02",84,"0,11",60,"-0,02",78,"0,09",87,"0,50","0,28",37,"8,19",61
FAS FORTE 565,191091,2015,,P,PO,17720,,1,26,"2,47","0,39",99,"4,59","0,39",43,,,,,"0,14",45,"0,02",78,"0,11",56,"0,15",28,"-0,07",27,,44,1,13,"-0,25","0,29",81,"4,34",65,"0,17",42,"0,02",74,"0,11",61,"0,17",25,"-0,07",33,"0,15","0,37",64,"8,18",61
CONNEALY COURAGE 25L,IA1534,2012,,P,IA,4568,M,21,208,"-0,77","0,74",7,"3,64","0,74",53,"3,72","0,29",3,97,"0,12",52,"0,11",52,"0,15",39,"0,01",71,"-0,08",24,,53,18,169,"1,71","0,61",64,"5,34",60,"0,12",57,"0,10",51,"0,19",34,"-0,06",87,"-0,06",37,"0,04","0,69",73,"8,07",61
QUIRÍ Q051 IDEAL,372531,2012,,P,PC,92,P,7,159,"-0,00","0,69",35,"4,91","0,72",40,"1,87","0,29",19,50,"0,24",17,"0,18",32,"0,25",14,"0,14",30,"0,06",80,,30,6,107,"-3,30","0,57",95,"1,61",78,"0,16",43,"0,12",47,"0,16",44,"0,07",51,"0,04",71,"0,72","0,64",23,"8,05",61
WESTWIND RITO 8503-DJH-019,IA367,1990,,P,IA,23805,M,23,95,"0,01","0,65",36,"3,28","0,71",57,"3,81","0,52",3,307,"0,10",58,"0,09",57,"0,10",57,"0,09",48,"-0,08",25,,58,18,57,"3,11","0,62",50,"6,40",53,"0,10",60,"0,13",41,"0,09",65,"0,06",55,"-0,08",27,"-0,28","0,58",89,"8,03",61
TRADIÇÃO 2307 MARAGATO,407965,2016,,V,PC,3638,P,1,34,"1,05","0,49",91,"2,58","0,53",64,,,,,"0,25",15,"0,17",34,"0,21",23,"-0,00",75,"-0,01",53,,46,1,34,"0,37","0,44",76,"2,95",72,"0,28",15,"0,17",32,"0,26",20,,,"-0,02",49,"-0,87","0,53",99,"8,00",61
TRÊS LAGOAS TE146,184230,2014,,P,PO,18898,,1,21,"0,16","0,40",47,"1,67","0,47",71,,,,,"0,07",68,"0,03",74,"0,03",77,"0,02",70,"0,03",69,,71,1,13,"3,61","0,35",45,"5,29",60,"0,08",66,"0,07",63,"0,04",76,"0,10",44,"0,03",69,"0,44","0,40",42,"7,99",61
BR NEW FRONTIER 095,IA819,2000,,P,IA,23805,,16,137,"0,42","0,68",64,"2,83","0,71",61,"3,45","0,38",5,148,"0,07",70,"0,01",80,"-0,05",92,"0,17",24,"0,05",80,,64,11,106,"2,44","0,59",58,"5,27",60,"0,05",76,"-0,08",95,"-0,09",95,"0,18",23,"0,03",70,"0,79","0,59",19,"7,99",61
HXC JACKHAMMER 8800U,IA1229,2008,,V,IA,23805,,3,39,"-0,02","0,49",34,"3,71","0,52",52,"-1,31","0,07",85,13,"0,04",77,"0,18",32,"0,10",59,"0,02",68,"0,05",79,,61,3,29,"4,95","0,36",31,"8,65",42,"0,06",73,"0,16",35,"0,16",45,"0,05",56,"0,04",72,"-0,59","0,31",96,"7,98",61
BASCO QUATI LUCKY 1007 TE,195259,2015,,P,PO,4074,,1,47,"0,08","0,47",41,"0,59","0,53",80,,,,,"0,12",53,"0,08",60,"0,11",55,"0,01",71,"-0,07",30,,74,1,31,"4,85","0,40",32,"5,44",59,"0,18",36,"0,12",47,"0,16",43,"0,07",52,"-0,07",33,"-0,67","0,40",98,"7,90",62
CIA.AZUL 3260 A.VALLEY G.7372,194433,2015,,P,PO,8538,,1,27,"-0,84","0,48",6,"-1,64","0,47",92,"3,57","0,17",4,4,"0,07",68,"0,05",69,"0,01",83,"0,10",44,"-0,11",18,,88,,0,"5,24","0,31",29,"3,60",68,"0,14",49,"0,11",50,"0,09",66,"0,19",22,"-0,10",21,"0,59","0,37",30,"7,86",62
HSAF BANDO 1961,IA1014,2001,,P,IA,23805,,8,70,"-0,19","0,57",25,"1,07","0,59",76,"0,97","0,20",38,39,"0,26",14,"0,10",54,"0,06",71,"0,36",4,"-0,13",12,,57,7,53,"-0,00","0,45",79,"1,07",80,"0,26",20,"0,09",57,"0,02",80,"0,40",3,"-0,18",8,"-0,09","0,45",80,"7,81",62
CIA.AZUL 3090 RESOURCE TRAVELER 004,188317,2015,,P,PO,8538,,1,61,"-0,35","0,63",19,"2,60","0,63",64,"1,11","0,23",35,10,"0,07",68,"0,12",48,"0,10",57,"-0,03",81,"0,01",63,,65,1,28,"3,89","0,46",43,"6,50",53,"0,10",62,"0,11",48,"0,13",55,"-0,03",81,"0,02",65,"-0,20","0,49",86,"7,78",62
RED SIX MILE SAKIC 832S,IA1124,2006,,V,IA,23805,,39,313,"0,59","0,74",74,"3,85","0,77",51,"0,70","0,43",44,218,"0,20",25,"0,18",32,"0,21",22,"0,06",55,"0,03",70,,43,27,214,"-0,82","0,65",84,"3,03",71,"0,18",36,"0,13",42,"0,19",33,"-0,01",76,"0,04",73,"0,01","0,69",74,"7,77",62
SÃO XAVIER 1957 JOHNNIE RED TE,193509,2014,,V,PO,508,,1,31,"0,93","0,47",88,"3,76","0,49",52,"0,28","0,13",53,4,"0,21",24,"0,12",49,"0,12",49,"0,18",21,"-0,06",32,,43,1,18,"-0,50","0,34",83,"3,26",70,"0,19",33,"0,04",70,"0,06",73,"0,15",29,"-0,06",36,"-0,20","0,40",86,"7,75",62
GAP 5857,198547,2016,,P,PO,2555,,1,41,"0,17","0,54",48,"2,13","0,53",67,,,,,"0,10",61,"0,34",6,"0,21",23,"-0,07",90,"-0,03",46,,66,1,13,"2,80","0,34",54,"4,93",61,"0,13",54,"0,34",6,"0,23",24,"-0,08",89,"-0,10",22,"0,11","0,35",68,"7,71",62
LEACHMAN LADIES MAN 1144B,75929,1992,,V,PO,6315,,47,654,"-0,08","0,78",31,"1,32","0,84",75,"1,03","0,66",37,807,"0,03",80,"0,02",78,"-0,02",88,"0,07",53,"-0,07",28,,77,43,465,"4,64","0,77",35,"5,96",56,"0,02",82,"0,05",68,"-0,04",91,"0,04",59,"-0,08",28,"0,73","0,76",22,"7,67",62
SANTA AMÁBILE TE121,125263,2008,,V,PO,14702,,3,32,"0,58","0,24",73,"2,98","0,43",60,"1,78","0,19",21,16,"0,04",77,"0,06",67,"-0,04",90,"0,05",61,"-0,05",35,,66,3,20,"3,05","0,34",51,"6,03",55,"0,08",68,"0,13",44,"-0,02",89,"0,06",53,"-0,08",29,"0,33","0,42",50,"7,65",62
SAV SENSATION 5615,IA1910,2015,,P,IA,22588,,3,20,"0,29","0,43",56,"3,09","0,43",58,,,,,"0,03",79,"-0,04",88,"-0,01",86,"0,05",59,"-0,06",31,,66,3,16,"3,11","0,34",50,"6,21",54,"0,06",73,"-0,02",85,"-0,03",89,"0,10",43,"-0,07",31,"0,41","0,36",43,"7,65",62
HUACA CURU 7210 ZORZAL 5795TE CURU,IA1855,2013,,P,IA,21230,,11,205,"1,25","0,70",96,"3,37","0,73",56,"-3,01","0,28",97,16,"0,24",16,"0,20",28,"0,24",16,"0,03",64,"0,14",97,,42,9,139,"0,59","0,60",74,"3,95",67,"0,13",54,"0,08",58,"0,17",39,"-0,03",79,"0,18",98,"-0,41","0,63",94,"7,62",63
CIA.AZUL 3180 RESOURCE GAITERO,188351,2015,,P,PO,8538,,1,66,"-0,50","0,64",13,"1,91","0,63",69,"-1,27","0,23",84,13,"0,01",84,"0,11",53,"0,04",75,"-0,16",97,"-0,12",16,,76,1,23,"5,32","0,45",28,"7,23",50,"0,09",66,"0,19",26,"0,13",53,"-0,11",93,"-0,12",18,"-0,12","0,51",82,"7,57",63
SAV HARVESTOR 0338 HARVESTOR,IA1528,2010,,P,IA,16783,,12,159,"0,95","0,68",89,"3,64","0,72",53,"0,39","0,26",50,38,"0,11",55,"-0,06",92,"0,12",49,"0,09",45,"0,06",81,,54,9,120,"1,05","0,60",70,"4,69",63,"0,04",78,"-0,05",89,"0,07",72,"0,03",63,"0,07",83,"0,68","0,68",25,"7,55",63
UMBU 2132 DATELINE,159371,2012,,P,PO,99,,2,26,"1,17","0,51",94,"0,19","0,50",83,"2,28","0,14",14,4,"0,06",71,"0,00",82,"0,06",71,"0,08",49,"-0,00",58,,80,1,17,"4,76","0,37",33,"4,95",61,"0,08",68,"0,05",69,"0,08",68,"0,10",42,"-0,01",55,"0,45","0,42",41,"7,55",63
TRES MARIAS A689 GARDEL,IA2369,2015,,P,IA,5150,K,5,28,"0,05","0,48",39,"2,77","0,47",62,"-1,57","0,15",88,2,"0,19",29,"0,12",46,"0,15",40,"0,14",31,"0,11",93,,51,3,10,"1,15","0,33",68,"3,92",67,"0,18",37,"0,05",68,"0,11",60,"0,14",31,"0,17",97,"-0,49","0,38",95,"7,44",64
SÃO BIBIANO INSIGHT 7811,211629,2017,,P,PO,110,,2,60,"-1,11","0,54",4,"1,25","0,55",75,,,,,"0,12",51,"0,20",26,"0,13",45,"0,04",63,"-0,07",30,,69,2,48,"3,18","0,42",50,"4,43",64,"0,11",60,"0,22",20,"0,16",43,"0,04",60,"-0,10",24,"0,06","0,45",72,"7,28",64
GAP 2937 BRIGADIER DISCUTIDO,114934,2006,,P,PO,2555,,3,367,"-0,19","0,82",25,"2,87","0,81",61,"-4,32","0,51",99,252,"0,09",63,"0,07",63,"0,09",60,"0,02",70,"-0,03",46,,62,3,258,"0,90","0,70",71,"3,77",67,"0,13",53,"0,12",44,"0,17",41,"0,01",69,"-0,04",43,"0,56","0,74",32,"7,27",64
CMC TAINÁ DO CEDRO C5TE ZORZAL,162880,2012,,P,PO,17029,,2,64,"0,13","0,58",45,"3,80","0,57",51,"-0,76","0,24",77,28,"0,06",73,"0,22",22,"0,18",30,"-0,04",85,"-0,07",30,,59,2,54,"3,37","0,45",47,"7,17",50,"0,04",77,"0,21",22,"0,21",29,"-0,09",91,"-0,06",35,"-0,18","0,49",85,"7,26",64
HART ROLL CALL 7086,IA2141,2017,,P,IA,22829,,3,47,"-0,14","0,48",28,"3,68","0,50",53,,,,,"0,00",85,"-0,00",83,"-0,02",89,"0,12",37,"-0,14",10,,65,3,26,"4,67","0,30",34,"8,35",44,"-0,04",91,"-0,07",93,"-0,05",92,"0,10",44,"-0,19",6,"0,14","0,35",66,"7,25",64
SUMMITCREST FOCUS 2U66,IA1391,2008,,P,IA,17737,,4,104,"0,07","0,63",40,"4,93","0,62",40,"4,62","0,19",1,19,"0,07",71,"0,30",10,"0,03",78,"0,08",50,"-0,02",50,,49,4,88,"0,67","0,49",73,"5,60",58,"-0,00",85,"0,27",12,"-0,03",90,"0,02",67,"-0,00",56,"0,83","0,62",16,"7,24",64
WHITESTONE WIDESPREAD MB,IA603,1995,,P,IA,23805,,23,357,"0,61","0,74",75,"2,62","0,80",64,"0,70","0,60",44,743,"0,07",68,"0,08",62,"0,08",65,"0,05",59,"-0,01",53,,65,22,265,"3,34","0,72",48,"5,96",56,"0,07",70,"0,07",61,"0,06",72,"0,08",48,"-0,05",38,"-0,02","0,76",76,"7,23",64
RED NORTHLINE ROCK STAR 911U ROCK,IA1358,2008,,V,IA,16477,,7,95,"0,15","0,51",47,"3,22","0,62",58,"-0,32","0,19",70,39,"0,11",57,"0,15",38,"0,18",28,"0,04",63,"0,06",81,,58,7,62,"2,33","0,45",59,"5,55",58,"0,08",66,"0,14",40,"0,19",33,"0,01",70,"0,09",88,"-0,12","0,46",82,"7,20",64
TRES MARIAS 8561 SALVAJE 7630-T/E,A.779131,2009,,P,,E 5150,,11,38,"0,86","0,55",86,"1,87","0,56",70,"0,60","0,26",46,44,"0,17",35,"-0,02",84,"0,08",66,"0,14",31,"0,03",69,,60,8,22,"0,20","0,44",77,"2,07",76,"0,18",39,"-0,03",86,"0,08",67,"0,12",38,"0,02",64,"0,37","0,49",47,"7,15",64
SOO LINE MOMENTUM 7051,IA1251,2007,,V,IA,23805,,14,195,"0,63","0,68",76,"2,11","0,74",68,"2,41","0,29",13,86,"0,11",55,"0,01",80,"0,08",66,"0,17",25,"0,12",95,,64,11,120,"0,44","0,58",75,"2,55",74,"0,11",59,"-0,03",85,"0,08",68,"0,16",27,"0,13",93,"0,91","0,63",13,"6,96",65
TRES MARIAS 5839 QUEBRACHO TE QUEBRACHO,IA755,1999,,V,IA,23805,K,57,826,"0,97","0,83",89,"0,76","0,86",79,"-3,40","0,69",99,1084,"0,10",61,"0,06",68,"0,17",33,"0,07",52,"0,02",65,,75,49,534,"2,99","0,80",52,"3,75",67,"0,12",56,"0,09",54,"0,22",27,"0,10",41,"0,01",64,"0,30","0,80",51,"6,92",65
LAS LILAS 1385 MAX LUXOR MAXQ BUENO,IA1142,2005,,P,IA,23805,,13,169,"0,45","0,68",66,"3,43","0,72",56,"-1,55","0,36",88,142,"0,11",55,"0,15",40,"0,06",70,"0,00",74,"-0,22",2,,56,12,135,"-0,90","0,60",85,"2,53",74,"0,13",53,"0,10",53,"0,04",77,"0,02",68,"-0,20",5,"0,83","0,65",17,"6,84",65
TRES MARIAS 6241 PAYADOR TE PAYADOR,IA848,2001,,V,IA,23805,,23,115,"0,52","0,70",70,"1,60","0,72",72,"-3,34","0,50",98,273,"0,11",57,"0,11",52,"0,21",21,"-0,10",93,"0,05",77,,68,17,75,"3,92","0,63",42,"5,52",58,"0,13",52,"0,11",50,"0,28",15,"-0,08",89,"0,02",65,"-0,67","0,64",98,"6,84",65
BLACK PRINCE/CAMBÁ-PYTÁ 8706 ARGENTINO 2,164830,2010,,P,PO,17491,,1,83,"1,22","0,63",95,"1,35","0,61",74,"1,11","0,12",35,24,"0,15",42,"-0,02",84,"-0,04",91,"0,17",23,"-0,02",51,,66,1,23,"1,35","0,33",67,"2,70",73,"0,13",53,"-0,11",96,"-0,09",96,"0,18",24,"-0,01",54,"0,37","0,19",47,"6,81",65
EATHINGTON SUB-ZERO,IA1481,2012,,P,IA,16477,,6,37,"-0,59","0,52",10,"2,64","0,55",63,"2,61","0,20",11,26,"0,04",76,"0,02",77,"0,05",73,"0,09",46,"-0,01",53,,68,6,27,"3,11","0,42",50,"5,75",57,"0,00",84,"-0,08",95,"-0,02",88,"0,12",36,"-0,01",54,"0,55","0,49",33,"6,81",65
CEHDROS HECTOR CACIQUE H01P,207798,2017,,P,PO,17029,,1,25,"1,58","0,38",98,"1,61","0,39",72,,,,,"0,08",67,"0,11",49,"-0,01",87,"-0,01",77,"0,02",68,,71,1,18,"1,90","0,28",62,"3,51",69,"0,09",65,"0,10",50,"0,01",82,"0,00",72,"0,02",65,"0,74","0,37",22,"6,76",65
TRES MARIAS 8311 TRAPICHE TE TRAPICHE,IA1152,2008,,V,IA,23805,K,15,133,"0,42","0,69",64,"0,58","0,70",80,"1,05","0,39",37,125,"0,12",53,"0,03",74,"0,13",45,"0,07",54,"0,08",87,,74,13,81,"2,60","0,56",56,"3,18",70,"0,15",46,"-0,01",83,"0,20",32,"0,09",46,"0,09",88,"0,09","0,63",70,"6,70",66
HW109 HILÁRIO DE TEI21 COVENANT,149801,2011,,V,PO,18650,,1,71,"-0,48","0,63",14,"-0,06","0,62",85,"0,64","0,16",46,27,"0,11",57,"0,01",79,"0,09",63,"-0,04",84,"0,14",96,,78,1,52,"3,69","0,45",45,"3,63",68,"0,12",55,"0,05",69,"0,15",46,"-0,01",76,"0,11",91,"0,07","0,52",71,"6,59",66
TRADIÇÃO 2514,426845,2018,,P,PC,3638,,1,23,"0,43","0,43",65,"0,99","0,43",77,,,,,"0,10",62,"0,11",51,"0,12",51,,,"0,06",82,,73,1,21,"2,30","0,34",59,"3,29",70,"0,04",77,"0,03",73,"0,09",65,,,"0,08",85,"0,84","0,38",16,"6,45",66
LEACHMAN KING ROB 8621,IA459,1990,,V,IA,23805,,21,177,"-0,75","0,68",8,"3,29","0,75",57,"1,44","0,53",27,156,"-0,02",88,"-0,06",92,"-0,01",87,"0,08",50,"0,03",71,,70,17,110,"4,21","0,66",39,"7,50",48,"0,02",81,"-0,04",89,"0,01",83,"0,11",39,"0,04",71,"-0,03","0,64",77,"6,43",66
SAO DIONISIO 249 QUEBRANTADOR H.HITTER,216451,2017,,P,PO,20442,,1,25,"0,13","0,31",44,"2,10","0,34",68,,,,,"0,12",51,"-0,19",99,"-0,04",91,"0,21",16,,,,63,1,23,"0,81","0,27",72,"2,91",72,"0,14",50,"-0,19",99,"-0,03",90,"0,25",12,"0,11",90,"0,23","0,29",58,"6,34",66
TRES MARIAS 8189 YESQUERO TE YESQUERO,IA1151,2008,,V,IA,23805,K,30,358,"-0,41","0,78",16,"1,92","0,80",69,"-2,52","0,47",96,214,"0,14",45,"0,06",67,"0,14",41,"0,09",46,"0,14",96,,63,26,260,"0,84","0,70",72,"2,76",73,"0,15",48,"0,04",70,"0,14",50,"0,10",44,"0,12",93,"0,12","0,74",67,"6,29",67
Performance Qualidade de carne Adaptação UMBU 3496 RESOURCE,221805,2018,,P,PO,99,,1,80,"-1,04","0,64",4,"0,99","0,62",77,,,,,"0,04",78,"0,01",80,"0,09",60,"-0,06",88,"-0,05",38,,78,1,20,"4,48","0,40",36,"5,47",59,"0,07",70,"0,08",60,"0,15",45,"-0,02",77,"-0,02",49,"-0,05","0,43",78,"6,21",67
SÃO XAVIER 1976 LIBRES,192383,2015,,P,PO,508,,1,30,"1,11","0,49",93,"3,43","0,52",56,"-0,01","0,17",59,3,"0,19",29,"0,31",9,"0,30",8,"0,19",20,"0,13",95,,47,1,26,"-1,54","0,39",88,"1,89",77,"0,19",33,"0,26",15,"0,31",10,"0,16",29,"0,15",96,"-0,05","0,46",79,"6,20",67
TRES MARIAS 9087 MULBERRY 8280 TE HALCON,IA1458,2011,,V,IA,16982,K,20,146,"0,81","0,69",84,"0,70","0,72",80,"0,44","0,36",49,86,"0,08",67,"0,05",69,"0,12",51,"0,02",69,"-0,01",56,,76,18,108,"2,53","0,58",57,"3,22",70,"0,08",67,"0,07",61,"0,17",40,"0,04",60,"0,01",63,"0,64","0,64",28,"6,20",67
OTTONO B1777 TE HERDEIRO,111950,2005,,V,PO,35,,23,621,"0,89","0,82",87,"4,63","0,84",43,"0,03","0,57",58,408,"0,13",47,"0,17",34,"0,14",42,"-0,00",75,"0,12",94,,45,21,476,"-0,30","0,76",81,"4,33",65,"0,13",54,"0,12",47,"0,17",39,"0,03",64,"0,09",86,"-0,29","0,77",90,"6,19",67
CONNEALY ARSENAL 2174 ARSENAL,IA1515,2012,,P,IA,10379,,2,26,"-0,10","0,38",30,"1,70","0,41",71,"2,45","0,06",12,8,"0,06",72,"-0,02",85,"-0,05",92,"0,25",11,"0,01",62,,72,2,15,"1,95","0,28",62,"3,65",68,"0,08",67,"-0,05",89,"-0,07",94,"0,28",10,"-0,02",49,"0,57","0,32",31,"6,12",67
STEVENSON MAXIMUM 930C,IA479,1993,,P,IA,23805,,2,55,"0,81","0,34",84,"0,71","0,59",79,"0,41","0,27",50,51,"0,07",68,"0,10",54,"-0,04",90,"0,01",71,"-0,04",41,,77,2,43,"1,83","0,46",63,"2,54",74,"0,12",56,"0,03",73,"-0,03",89,"0,06",55,"-0,04",41,"0,71","0,35",24,"6,10",67
BJR MONU 4X-303,IA627,1995,,V,IA,27158,,9,171,"1,08","0,45",92,"4,31","0,70",46,"-2,39","0,37",95,148,"0,03",80,"0,03",73,"0,02",80,"0,12",35,"-0,03",47,,58,6,117,"0,25","0,55",76,"4,55",64,"0,07",71,"0,03",74,"0,07",70,"0,15",31,"-0,04",42,"0,65","0,52",27,"6,09",67
PAINEIRAS LUCKY ZORZAL TE5294,136796,2009,,P,PO,14028,,4,192,"0,39","0,64",62,"2,84","0,71",61,"-1,46","0,37",87,97,"0,04",77,"0,01",80,"0,07",68,"0,06",58,"-0,07",29,,67,4,159,"2,65","0,60",55,"5,49",58,"0,06",74,"-0,00",81,"0,07",72,"0,05",57,"-0,06",35,"0,09","0,65",70,"6,06",68
AML 6083 LL MAX 930C IA479,199758,2016,,P,PO,2117,,1,51,"-0,27","0,40",22,"4,11","0,49",48,"0,99","0,14",38,3,"0,03",79,"0,18",32,"0,12",49,"0,03",64,"0,05",78,,59,1,23,"0,95","0,33",71,"5,05",61,"0,03",79,"0,11",49,"0,11",61,"0,02",67,"0,03",68,"0,58","0,29",31,"6,01",68
GAR PREDESTINED,IA750,1999,,P,IA,23805,M,22,325,"0,12","0,76",44,"2,74","0,79",62,"2,88","0,49",8,338,"0,09",64,"0,07",63,"0,01",83,"0,11",41,"-0,19",5,,63,20,245,"2,04","0,69",61,"4,77",62,"0,03",79,"0,03",74,"-0,11",97,"0,10",42,"-0,22",4,"0,19","0,70",62,"5,91",68
HW 90 GAJO DIADEMA 21 DE FIELD DAY,140994,2010,,V,PO,8349,,1,71,"0,12","0,62",44,"-2,35","0,62",94,"-0,04","0,24",59,39,"0,08",66,"-0,03",88,"0,05",73,"0,04",63,"0,03",71,,89,1,53,"5,18","0,47",29,"2,83",72,"0,14",51,"0,06",65,"0,09",65,"0,09",46,"0,01",63,"0,13","0,49",66,"5,89",68
SANTA EULÁLIA BRILLIANCE 01053,173375,2013,,P,PO,95,,1,34,"-0,23","0,45",23,"5,43","0,45",35,"-0,80","0,19",78,9,"0,10",60,"0,12",48,"0,24",15,"-0,01",78,,,,43,1,34,"-0,11","0,37",80,"5,32",60,"0,05",74,"-0,02",85,"0,19",35,"-0,05",85,,,"-0,14","0,39",83,"5,86",68
QUIRÍ F43,234942,2004,,P,PC,92,,1,78,"-0,37","0,65",18,"2,53","0,65",65,"0,95","0,26",38,33,"0,10",60,"0,20",27,"0,25",15,"0,00",74,"-0,03",45,,63,1,63,"1,87","0,53",63,"4,40",65,"0,07",70,"0,22",21,"0,23",24,"-0,05",85,"-0,02",51,"-0,04","0,62",77,"5,83",68
ALIANÇA EDE YH1564,188436,2015,,P,PO,16258,,1,21,"-0,06","0,42",33,"4,73","0,41",42,,,,,"0,14",46,"0,06",67,"0,13",46,"0,22",15,"-0,05",37,,44,1,11,"-1,67","0,26",89,"3,06",71,"0,11",58,"0,05",67,"0,10",63,"0,22",17,"-0,04",42,"0,21","0,30",60,"5,83",68
GAP 5409,189084,2015,,P,PO,2555,,1,23,"-0,15","0,46",27,"3,75","0,45",52,"0,82","0,14",41,2,"0,04",77,"0,18",31,"0,16",37,"-0,02",80,"0,09",91,,61,1,10,"0,88","0,32",71,"4,62",63,"0,00",84,"0,13",44,"0,10",64,"-0,05",84,"0,11",90,"0,76","0,38",21,"5,76",68
AGROMELU 2494 CITATION BOOM TE IMPACTO,IA992,2000,,V,IA,27148,,8,127,"0,62","0,71",76,"-0,02","0,71",84,"-1,81","0,35",91,121,"0,09",63,"0,12",47,"0,14",42,"-0,02",80,"0,06",82,,80,5,103,"2,94","0,60",52,"2,92",72,"0,08",68,"0,12",44,"0,15",46,"-0,04",82,"0,11",90,"0,49","0,65",37,"5,74",69
3F EMBLAZON 3652,IA885,2003,,P,IA,27147,,10,104,"-0,10","0,56",30,"1,64","0,66",71,"2,38","0,32",13,72,"0,16",37,"0,12",47,"0,10",57,"-0,10",93,"-0,12",14,,63,9,78,"1,60","0,54",65,"3,25",70,"0,08",68,"0,13",42,"0,08",67,"-0,04",83,"-0,15",12,"-0,05","0,53",79,"5,73",69
UMBU 3508 STRONGHOLD,221810,2018,,V,PO,99,,1,44,"0,61","0,57",76,"4,32","0,55",46,,,,,"0,11",56,"0,20",27,"0,10",56,"0,12",38,"0,03",69,,48,1,7,"0,16","0,34",77,"4,48",64,"0,07",71,"0,14",41,"0,12",58,"0,08",48,"0,05",76,"-0,06","0,38",79,"5,68",69
ASD 530 BRIGADIER PANDERO PANDERO,116014,2006,,V,PO,15780,,22,408,"-0,47","0,80",14,"1,45","0,81",73,"-2,69","0,53",96,289,"0,06",73,"0,03",75,"0,08",64,"-0,07",90,"0,06",80,,74,15,263,"1,11","0,70",69,"2,55",73,"0,10",63,"0,02",76,"0,13",53,"-0,03",80,"0,06",80,"0,81","0,73",18,"5,63",69
SANTA JOANA DAKOTA 68,193402,2015,,P,PO,15398,,1,40,"1,90","0,45",99,"4,53","0,45",44,"1,82","0,17",20,18,"0,17",35,"0,33",7,"0,20",24,,,"-0,03",42,,41,1,31,"-0,44","0,35",82,"4,09",66,"0,10",60,"0,26",14,"0,20",31,,,"0,02",66,"-0,54","0,40",96,"5,61",69
JR SUPREMO PROSPERITY 139 DA SANTA THERE,157333,2012,,P,PO,3108,,2,78,"-0,93","0,62",5,"4,52","0,61",44,"0,31","0,13",52,20,"0,01",83,"0,02",78,"0,04",75,"0,01",73,"-0,03",45,,59,1,47,"0,07","0,42",78,"4,59",63,"0,01",83,"-0,07",93,"-0,04",91,"0,07",52,"-0,02",52,"0,95","0,42",11,"5,59",69
TRÊS MARIAS 4971 MAN EXT TE,74324,1996,,P,PO,5150,,2,235,"-2,27","0,77",1,"0,86","0,76",78,"4,44","0,42",2,156,"-0,05",93,"-0,06",92,"-0,06",93,"-0,01",78,"-0,02",51,,85,2,175,"5,01","0,64",31,"5,87",56,"0,03",80,"0,04",71,"-0,04",91,"0,05",58,"0,00",58,"0,40","0,65",44,"5,56",69
BJR PAY DAY 1528 PAY DAY,IA643,1998,,V,IA,23805,,10,465,"-0,48","0,54",14,"0,48","0,74",81,"-1,63","0,46",89,274,"0,09",63,"0,04",73,"-0,01",87,"0,09",46,"-0,02",51,,77,10,335,"2,63","0,63",56,"3,11",71,"0,08",67,"0,02",77,"0,01",82,"0,13",35,"-0,06",34,"0,35","0,66",48,"5,54",69
HW 79 GUAPO BARTIRA 20 DE FIELD DAY,140985,2010,,V,PO,8349,,1,84,"-0,15","0,65",28,"3,15","0,65",58,"-1,72","0,26",90,39,"0,09",62,"0,13",45,"0,08",65,"0,16",27,"0,03",69,,60,1,49,"0,48","0,49",75,"3,64",68,"0,10",63,"0,11",49,"0,10",63,"0,12",37,"0,04",72,"0,13","0,51",66,"5,48",69
LAS LILAS 1659 SOTEIN NAYMEJOR TE SOBRADOR,IA1254,2006,,V,IA,23805,,2,36,"-2,17","0,48",1,"2,23","0,49",67,"0,75","0,09",43,12,"0,06",74,"0,06",67,"0,12",52,"-0,13",96,"-0,12",14,,70,2,32,"0,78","0,36",72,"3,01",72,"0,06",72,"0,03",74,"0,13",54,"-0,08",91,"-0,11",19,"0,78","0,40",19,"5,37",70
PARINGA IRON ORE E27,IA1409,2009,,V,IA,15614,,10,347,"-0,38","0,71",18,"-0,26","0,76",85,"1,13","0,20",34,56,"0,23",18,"0,06",65,"-0,02",88,"0,11",40,"-0,10",21,,68,10,187,"-0,88","0,56",84,"-1,14",87,"0,20",31,"0,01",78,"-0,08",95,"0,22",17,"-0,11",18,"0,42","0,66",43,"5,36",70
GUE-GLEN SUR CHILDE TE SOBERBIO,IA1638,2012,,P,IA,10379,,7,93,"0,20","0,45",50,"2,03","0,62",68,"-0,66","0,20",76,23,"0,07",69,"0,06",65,"0,16",37,"-0,00",75,"0,06",83,,70,7,58,"2,56","0,46",56,"4,59",63,"0,06",74,"0,06",65,"0,21",30,"-0,02",77,"0,06",78,"-0,03","0,52",77,"5,36",70
SAV REGISTRY 2831 REGISTRY,IA1563,2012,,P,IA,13096,,10,92,"0,52","0,62",70,"2,63","0,65",63,"-0,95","0,32",80,58,"0,12",53,"0,11",52,"0,11",53,"0,06",56,"-0,04",39,,60,9,67,"-0,36","0,53",81,"2,27",75,"0,12",57,"0,07",62,"0,08",68,"0,05",57,"-0,07",33,"0,36","0,57",48,"5,34",70
MVF VRD DATELINE 913P,IA922,2004,,P,IA,23805,,17,153,"1,60","0,65",98,"0,25","0,71",83,"4,96","0,35",1,138,"0,04",77,"-0,13",98,"-0,01",85,"0,17",24,"0,07",85,,82,13,122,"3,22","0,59",49,"3,47",69,"0,07",71,"-0,05",90,"0,00",84,"0,18",24,"0,08",84,"0,45","0,66",41,"5,25",70
CACHAFAZ 2382 TELLECHEA,181029,2014,,P,PO,18551,,2,32,"0,44","0,52",65,"-1,88","0,52",93,"-0,15","0,09",62,2,"0,27",12,"0,29",12,"0,23",17,"0,06",54,"-0,14",9,,75,1,22,"-0,34","0,37",81,"-2,22",90,"0,28",13,"0,27",12,"0,25",21,"0,01",69,"-0,16",10,"-0,02","0,39",76,"5,23",70
CIA.AZUL 3650 CIA 0474 PANDEIRO,198712,2016,,V,PO,8538,,1,21,"-0,53","0,50",12,"-0,65","0,49",87,"-2,41","0,19",95,6,"-0,01",86,"-0,02",85,"0,02",81,"-0,12",95,"-0,02",48,,88,1,13,"5,11","0,37",30,"4,47",64,"0,10",62,"0,10",52,"0,18",38,"-0,02",79,"-0,05",40,"0,03","0,40",73,"5,11",70
LAS LILAS 2003 MAX CACIQUE MANDINGA,IA1252,2008,,P,IA,23805,,2,32,"0,92","0,27",88,"-0,33","0,40",86,"-0,12","0,07",61,1,"0,05",75,"0,08",60,"-0,06",93,"0,07",54,"0,03",71,,84,2,18,"3,70","0,27",44,"3,37",69,"0,09",64,"0,10",52,"-0,01",85,"0,11",39,"0,03",70,"0,20","0,25",61,"5,11",70
CONSENSUS TE 2352 TELLECHEA,181085,2014,,P,PO,18551,,2,155,"0,29","0,71",57,"2,95","0,70",60,"-0,55","0,24",73,26,"0,17",34,"0,11",50,"0,18",30,"0,09",47,"0,03",69,,52,1,94,"-1,34","0,54",87,"1,60",78,"0,12",56,"0,02",76,"0,12",57,"0,04",61,"0,03",69,"0,21","0,56",60,"5,09",71
QUIRI S094P,190524,2014,,V,PO,92,,1,88,"-0,41","0,64",16,"1,17","0,63",75,"0,18","0,11",55,11,"0,12",50,"0,13",46,"0,15",40,"-0,06",89,"0,01",62,,70,1,56,"0,36","0,46",76,"1,53",78,"0,13",53,"0,11",49,"0,20",32,"-0,08",90,"-0,01",55,"0,36","0,55",48,"5,08",71
MAYA CAT 300 IMPÁVIDO ELEUTÉRIO LANA,159542,2012,,V,PO,16424,,5,33,"0,49","0,49",68,"4,54","0,47",44,"-2,35","0,10",95,1,"0,09",63,"-0,10",96,"0,00",84,"0,14",30,"0,04",76,,49,5,14,"-1,18","0,30",86,"3,36",69,"0,05",76,"-0,12",97,"-0,04",91,"0,12",38,"0,06",78,"0,46","0,37",40,"4,98",71
JINDRA DOUBLE VISION DOUBLE VISION,IA1480,2010,,P,IA,16477,G,7,78,"-1,25","0,50",3,"4,75","0,60",42,"2,38","0,15",13,16,"-0,03",91,"-0,28",99,"-0,17",99,"0,23",14,"0,04",75,,61,7,65,"4,26","0,45",38,"9,01",40,"-0,05",92,"-0,34",99,"-0,28",99,"0,22",17,"0,02",65,"-0,65","0,52",97,"4,98",71
SAV BISMARCK 5682,IA1188,2005,,P,IA,23805,,80,1383,"-0,71","0,88",8,"2,63","0,89",63,"1,34","0,69",30,926,"0,13",50,"0,03",76,"0,11",54,"0,05",59,"0,05",77,,60,71,1050,"-0,97","0,82",85,"1,67",78,"0,08",66,"0,00",80,"0,11",60,"-0,02",78,"0,05",77,"0,64","0,86",27,"4,97",71
SAV BEACON 0008,IA1295,2010,,P,IA,22588,M,3,21,"-0,79","0,44",7,"2,53","0,44",65,"-1,05","0,17",81,11,"0,02",82,"0,04",73,"-0,01",85,"0,06",56,"0,08",87,,71,3,16,"2,37","0,33",58,"4,89",62,"0,02",81,"0,08",57,"0,03",80,"0,06",54,"0,07",83,"0,29","0,37",52,"4,93",71
RED SIX MILE CUSTOM MADE 505C,IA1907,2015,,V,IA,11155,,3,27,"0,64","0,45",77,"0,78","0,43",79,,,,,"0,03",79,"0,12",47,"0,04",76,"0,00",73,"-0,04",41,,80,1,10,"4,55","0,22",35,"5,33",60,"0,06",74,"0,13",43,"0,10",63,"0,02",68,"-0,02",51,"-0,39","0,17",93,"4,89",71
QUIRI S0202,395598,2014,,P,PC,92,,1,27,"1,30","0,46",96,"3,91","0,47",50,"2,07","0,17",16,9,"0,08",67,"0,26",15,"0,23",17,"-0,08",91,"-0,06",32,,57,1,25,"0,34","0,37",76,"4,25",66,"0,01",83,"0,16",35,"0,19",33,"-0,10",92,"-0,06",36,"0,31","0,49",51,"4,86",71
RECONQUISTA 1738 REDOBRADO PUC G. CANYON,144236,2010,,V,PO,155,,2,46,"0,57","0,36",73,"-1,83","0,41",92,,,,,"0,08",65,"-0,04",89,"0,08",64,"0,08",49,"0,07",84,,88,1,40,"2,82","0,36",54,"0,99",80,"0,13",54,"0,01",78,"0,14",49,"0,11",41,"0,06",80,"0,65","0,36",27,"4,86",71
TRES MARIAS 9989 ZORZALIT 8958 TE ZORZALITO,IA1841,2013,,P,IA,5150,K,27,303,"0,03","0,76",37,"2,64","0,77",63,"-2,74","0,31",96,49,"0,16",37,"0,20",26,"0,21",21,"0,01",71,"0,10",92,,56,21,224,"-0,59","0,64",83,"2,04",76,"0,12",57,"0,07",64,"0,12",56,"-0,00",74,"0,15",96,"-0,09","0,71",81,"4,74",72
SINCLAIR RITO LEGACY 3R9,IA1088,2003,,P,IA,23805,,6,32,"0,15","0,52",46,"1,68","0,52",71,"3,29","0,22",6,22,"0,21",24,"0,38",4,"0,19",26,"0,11",40,"-0,13",13,,58,6,25,"-0,59","0,41",83,"1,10",80,"0,19",35,"0,32",7,"0,13",52,"0,08",49,"-0,18",8,"-0,47","0,47",94,"4,70",72
TRES MARIAS 9257 FEDERAL TE FEDERAL,IA1459,2011,,P,IA,16982,K,36,457,"0,64","0,80",77,"4,55","0,81",44,"-1,93","0,40",92,164,"0,15",41,"0,06",67,"0,12",52,"0,12",37,"0,16",98,,43,33,339,"-2,15","0,70",92,"2,40",74,"0,11",59,"0,02",75,"0,08",68,"0,07",52,"0,20",99,"-0,03","0,77",77,"4,63",72
ARAPAN 393 STRONGHOLD 916,190606,2015,,V,PO,17045,,1,21,"-0,73","0,43",8,"4,11","0,42",48,,,,,"0,12",52,"0,06",67,"0,11",54,"0,09",47,"-0,02",50,,49,,0,"0,84","0,28",72,"4,95",61,"0,09",64,"0,01",78,"0,11",58,"0,07",51,"-0,02",51,"-0,95","0,34",99,"4,58",72
SOSSEGO 05PFIV,215637,2016,,P,PO,14764,,1,30,"-0,05","0,35",33,"1,46","0,38",73,,,,,"-0,03",90,"0,04",72,"-0,01",86,"-0,11",95,"-0,04",40,,81,1,18,"2,53","0,30",57,"3,99",67,"-0,05",91,"0,00",79,"-0,01",87,"-0,11",93,"-0,05",39,"1,21","0,35",5,"4,53",72
SÃO BIBIANO LIDER TE7327,170506,2013,,P,PO,110,,1,26,"-0,16","0,42",26,"-1,29","0,48",90,"-0,30","0,21",70,5,"0,20",25,"0,21",25,"0,26",13,"-0,09",93,"-0,03",44,,76,1,22,"1,12","0,39",69,"-0,17",84,"0,19",33,"0,20",24,"0,26",19,"-0,08",90,"-0,04",41,"-0,19","0,44",86,"4,51",72
RANCHO GRANDE 5494 DOBLE ANCHO IA1 1997 P IAPC,23805,,,,,,,4,110,"0,87","0,68",86,"2,28","0,69",66,"-1,52","0,40",87,80,"0,09",64,"0,11",49,"0,10",58,"0,02",68,"-0,06",32,,66,4,92,"-0,40","0,58",82,"1,88",77,"0,04",78,"0,09",56,"0,11",58,"-0,00",74,"-0,07",32,"0,88","0,58",15,"4,48",72
Performance Qualidade de carne Adaptação CATANDUVA TE213 NOSTRADAMUS K.ROB TE12,99045,2003,,V,PO,16417,,30,406,"0,44","0,76",66,"1,17","0,81",75,"-3,38","0,50",99,256,"0,17",35,"0,07",64,"0,21",21,"0,09",45,"0,04",74,,65,22,330,"1,36","0,72",67,"2,53",74,"0,16",45,"0,03",74,"0,22",26,"0,12",37,"0,05",75,"-0,84","0,77",99,"4,43",73
SAV HEAVY HITTER 6347,IA1056,2006,,P,IA,23805,,10,58,"0,68","0,70",78,"3,00","0,70",60,"-1,01","0,42",81,333,"0,03",79,"-0,06",91,"-0,10",97,"0,14",30,"0,12",94,,67,9,40,"0,14","0,61",78,"3,14",71,"0,04",78,"-0,04",88,"-0,08",94,"0,17",27,"0,14",95,"0,71","0,66",24,"4,40",73
SÃO XAVIER 1804 JUNIOR TE,192525,2014,,P,PO,508,,1,49,"-0,29","0,55",21,"2,98","0,58",60,"-0,67","0,24",76,8,"0,16",38,"0,09",58,"0,17",32,"0,03",65,"0,10",92,,53,1,40,"-1,97","0,46",91,"1,01",80,"0,13",54,"0,05",68,"0,13",53,"0,01",71,"0,10",89,"0,23","0,54",57,"4,36",73
SANTA THEREZA 1571,269046,2007,,P,PC,3108,,6,133,"1,14","0,71",93,"1,96","0,70",69,"1,16","0,33",33,112,"0,10",60,"-0,00",82,"0,07",68,"-0,01",77,"0,03",70,,67,6,88,"1,24","0,54",68,"3,20",70,"0,12",55,"-0,01",83,"0,07",71,"-0,06",87,"0,07",81,"-0,43","0,44",94,"4,30",73
KCF BENNETT THEROCK A473 THEROCK,IA1670,2013,,P,IA,10379,,5,42,"0,59","0,39",74,"3,06","0,48",59,"2,08","0,02",16,1,"-0,02",88,"-0,09",94,"-0,05",92,"0,19",20,"-0,00",58,,71,3,15,"2,17","0,26",60,"5,23",60,"-0,00",85,"-0,02",85,"-0,02",88,"0,21",19,"0,01",60,"0,31","0,22",51,"4,30",73
QUIRI S059P,189468,2014,,V,PO,92,,1,67,"0,28","0,62",55,"0,80","0,61",79,"0,53","0,12",48,11,"0,09",62,"0,13",45,"0,13",47,"0,02",68,"-0,00",58,,74,1,41,"0,89","0,42",71,"1,69",78,"0,14",48,"0,20",25,"0,19",36,"0,01",69,"-0,04",41,"0,09","0,44",69,"4,29",73
CONNEALY HARMONY 0171,IA1293,2010,,P,IA,10379,,1,31,"0,18","0,48",49,"2,67","0,48",63,"0,59","0,08",46,9,"0,07",69,"0,02",77,"0,12",52,"0,22",16,"-0,15",9,,65,1,27,"-0,44","0,35",82,"2,22",75,"-0,01",86,"-0,11",96,"-0,01",87,"0,14",33,"-0,19",6,"1,08","0,42",8,"4,23",73
BASCO YESQUERO 1221,212574,2017,,V,PO,4074,,1,32,"0,99","0,52",90,"1,04","0,51",76,,,,,"0,13",50,"0,16",35,"0,22",21,"-0,10",93,"0,05",77,,70,1,12,"-0,48","0,36",82,"0,56",82,"0,16",45,"0,17",32,"0,27",17,"-0,03",81,"0,04",72,"0,30","0,41",52,"4,22",73
TRES MARIAS 9549 MAXIMO 7858 TE MAXIMO,IA1527,2012,,P,IA,16982,K,17,405,"2,36","0,79",99,"5,67","0,79",33,"-3,35","0,42",98,67,"0,21",25,"0,21",23,"0,24",16,"0,10",41,"0,06",82,,29,15,282,"-3,91","0,68",97,"1,77",77,"0,12",55,"0,09",55,"0,17",39,"0,04",60,"0,09",87,"-0,30","0,72",90,"4,21",73
SOLÉ 1184 794,202052,2015,,P,PO,11430,,1,20,,,,"0,21","0,40",83,,,,,"0,07",70,"0,13",46,"0,08",63,"0,05",58,"0,01",64,,80,1,17,"-0,06","0,27",79,"0,15",83,"0,09",64,"0,13",44,"0,12",56,"0,04",62,"0,00",59,"1,24","0,41",5,"4,17",73
PASTORIZA 853 NICANOR TE NICANOR,IA1486,2006,,V,IA,10379,,6,73,"-0,38","0,53",18,"-6,99","0,62",99,"0,26","0,26",53,49,"0,17",34,"0,07",63,"0,17",32,"0,09",46,"-0,01",55,,97,5,57,"3,37","0,49",47,"-3,62",93,"0,19",35,"0,10",53,"0,22",26,"0,09",47,"-0,01",56,"1,13","0,54",7,"4,09",74
CATANDUVA JOÃO ALANO GRAMÁTICO 1195,88680,2001,,V,PO,16417,,11,186,"0,45","0,58",66,"2,03","0,72",68,"-2,70","0,36",96,97,"0,05",76,"-0,09",95,"0,08",65,"0,04",63,"-0,01",55,,71,10,156,"1,31","0,61",68,"3,35",70,"0,06",72,"-0,04",89,"0,07",70,"0,04",59,"0,02",66,"0,11","0,63",68,"3,90",74
VISION UNANIMOUS 1418 UNANIMOUS,IA1520,2011,,P,IA,16783,,7,127,"-0,19","0,67",25,"2,19","0,67",67,"-3,12","0,18",98,38,"0,06",73,"-0,03",86,"-0,04",90,"0,01",73,"0,12",95,,69,6,104,"2,18","0,53",60,"4,38",65,"0,03",80,"-0,05",89,"-0,05",92,"-0,04",82,"0,13",93,"-0,25","0,60",88,"3,86",74
QUIRÍ M161,343174,2010,,P,PC,92,,1,120,"0,52","0,63",70,"0,85","0,65",78,"1,69","0,39",23,107,"-0,03",91,"-0,02",86,"0,11",53,"-0,10",93,"0,05",79,,84,1,102,"4,53","0,56",36,"5,38",59,"0,01",83,"0,07",60,"0,23",26,"-0,09",92,"0,06",79,"-0,04","0,52",78,"3,84",74
RECONQUISTA TE2234 UNITÁRIO CANDELERO,172050,2013,,P,PO,155,,2,38,"0,23","0,50",52,"4,04","0,53",48,"-0,48","0,32",72,12,"0,10",60,"0,14",41,"0,16",36,"-0,07",91,"0,03",69,,52,2,29,"-1,35","0,45",87,"2,69",73,"0,09",65,"0,08",58,"0,15",47,"-0,05",85,"0,02",67,"-0,06","0,46",79,"3,73",74
CARUMBÉ RED BRIGADIER 1115,122252,2007,,V,PO,269,,5,268,"0,43","0,71",65,"-3,37","0,77",96,"0,10","0,49",57,230,"0,12",54,"0,08",62,"0,12",49,"-0,05",85,"-0,11",16,,91,5,219,"4,20","0,66",39,"0,83",81,"0,18",39,"0,16",33,"0,22",28,"-0,02",78,"-0,12",16,"-0,38","0,65",93,"3,70",74
AB 273 HORNERO TE,188051,2014,,P,PO,2873,,2,33,"0,50","0,55",69,"2,61","0,55",64,"-2,31","0,42",94,7,"0,10",59,"-0,09",95,"0,10",58,"0,05",60,"0,06",80,,62,2,28,"-0,27","0,50",81,"2,34",75,"0,08",67,"-0,11",96,"0,10",62,"0,01",70,"0,07",82,"0,00","0,50",75,"3,64",74
PASTORIZA 565 BRIGADIER TE BRIGADIER,IA796,2001,,V,IA,23805,,133,4195,"0,08","0,91",41,"1,30","0,92",75,"-3,56","0,82",99,3799,"0,10",58,"0,11",52,"0,18",29,"-0,04",84,"-0,02",50,,71,113,2973,"-0,41","0,88",82,"0,89",81,"0,11",58,"0,10",50,"0,22",26,"-0,06",87,"-0,03",47,"0,36","0,89",47,"3,62",74
QUIRI S001,402759,2014,,V,PC,92,,1,98,"0,05","0,66",39,"1,31","0,65",75,"-1,04","0,16",81,19,"0,08",66,"0,17",33,"0,09",61,"-0,15",97,"0,06",81,,73,1,71,"0,52","0,50",75,"1,83",77,"0,06",72,"0,18",30,"0,12",57,"-0,16",96,"0,06",78,"0,35","0,52",49,"3,40",74
SINCLAIR NET PRESENT VALUE,IA893,2002,,P,IA,23805,,9,128,"-2,58","0,63",1,"1,55","0,68",73,"3,61","0,25",4,46,"-0,04",91,"0,06",67,"-0,08",96,"-0,00",76,"-0,06",34,,81,8,108,"5,05","0,56",31,"6,59",52,"-0,01",87,"0,15",36,"-0,13",98,"-0,00",74,"-0,10",24,"-0,60","0,60",97,"3,31",75
SAV EXPERTISE 7028,IA2013,2017,,P,IA,22588,,5,28,"1,00","0,50",90,"0,28","0,50",83,,,,,"0,02",81,"-0,18",99,"-0,12",98,"-0,07",91,"0,01",61,,83,4,20,"4,47","0,39",36,"4,75",62,"0,05",75,"-0,07",93,"-0,07",94,"-0,06",87,"-0,07",32,"-0,68","0,43",98,"3,24",75
PASTORIZA 805 ALJIBE TE ALJIBE,IA949,2005,,P,IA,23805,,9,79,"0,12","0,48",44,"-0,09","0,58",85,"-1,52","0,26",88,50,"0,03",79,"0,03",76,"-0,06",93,"-0,12",95,"-0,05",35,,84,6,50,"1,62","0,44",65,"1,53",78,"0,08",67,"0,05",67,"-0,05",92,"-0,06",86,"-0,07",32,"0,53","0,42",34,"3,21",75
OSU CURRENCY 8173,IA1224,2008,,P,IA,23805,,7,38,"-0,09","0,47",31,"1,77","0,51",70,"1,35","0,09",29,16,"0,12",54,"-0,03",87,"0,04",74,"0,12",37,"0,10",92,,66,6,23,"-0,58","0,36",83,"1,18",79,"0,06",72,"-0,12",97,"0,01",82,"0,13",35,"0,17",97,"0,32","0,35",51,"3,19",75
PAINEIRAS GRAN CANYON CONHAQUE 949 CONHAQUE,83697,2000,,V,PO,14028,,7,110,"-0,45","0,58",15,"2,86","0,67",61,"1,71","0,28",22,73,"0,04",78,"-0,06",91,"-0,09",96,"0,04",61,"-0,10",21,,68,6,81,"0,80","0,53",72,"3,66",68,"0,04",78,"-0,01",83,"-0,08",95,"0,04",60,"-0,04",43,"-0,05","0,59",78,"3,13",75
ZORZAL TE 2044 TELLECHEA,160590,2012,,P,PO,18551,,1,28,"0,80","0,49",83,"3,29","0,50",57,"-1,57","0,20",88,6,"0,12",53,"0,11",53,"0,10",59,"0,08",50,"-0,02",50,,56,1,18,"-2,11","0,37",91,"1,18",79,"0,10",62,"0,02",76,"0,04",77,"0,03",62,"-0,02",48,"0,14","0,33",65,"3,12",75
BASCO CREDITO 921,190955,2015,,P,PO,4074,,1,26,"0,60","0,53",75,"1,93","0,53",69,"-0,44","0,21",72,8,"0,07",67,"-0,09",94,"0,08",63,"0,16",28,"0,02",67,,70,1,22,"-1,48","0,43",88,"0,45",83,"0,02",82,"-0,12",97,"0,06",73,"0,10",43,"0,04",73,"1,16","0,49",6,"2,97",76
BECKTON EPIC R397 K,IA1323,2005,,V,IA,17737,,6,295,"0,04","0,55",38,"-0,34","0,71",86,"-0,59","0,17",74,41,"-0,09",96,"-0,03",87,"-0,09",96,"-0,01",79,"0,21",99,,91,5,178,"4,45","0,54",36,"4,11",66,"0,01",83,"0,07",63,"0,05",75,"0,01",70,"0,26",99,"0,52","0,57",35,"2,88",76
LUQUENSE 1911 ENTRADOR TE ENTRADOR,IA1975,2015,,V,IA,23488,,6,61,"-0,46","0,58",14,"-2,37","0,57",94,"-1,66","0,05",89,1,"0,01",83,"-0,06",92,"0,03",79,"-0,05",86,"0,25",99,,92,3,31,"3,55","0,37",46,"1,18",79,"0,04",77,"-0,02",85,"0,06",74,"-0,04",82,"0,25",99,"0,77","0,37",20,"2,87",76
CONSENSUS TE 2366 TELLECHEA,184206,2014,,P,PO,18551,,2,69,"0,67","0,62",78,"0,96","0,61",77,"-1,30","0,18",85,13,"0,16",37,"0,11",53,"0,18",30,"0,05",58,"0,12",95,,67,2,53,"-0,03","0,47",79,"0,93",81,"0,12",55,"0,02",76,"0,15",45,"0,04",59,"0,09",88,"-0,48","0,49",95,"2,82",76
RITO 6I6 OF 4B20-6807,IA596,1996,,P,IA,23805,M,8,56,"-0,24","0,60",23,"0,36","0,63",82,"3,29","0,40",6,170,"-0,01",87,"0,02",77,"-0,04",90,"0,05",60,"-0,10",20,,85,8,48,"2,56","0,54",56,"2,92",72,"-0,01",86,"0,02",75,"-0,04",90,"0,02",68,"-0,08",29,"0,58","0,53",31,"2,72",76
GRAN LIDER TE 2548 TELLECHEA,196970,2015,,P,PO,18551,,2,20,"0,38","0,44",61,"1,07","0,45",76,,,,,"0,19",29,"0,31",9,"0,19",28,"0,01",71,"-0,06",31,,63,1,9,"-1,47","0,31",88,"-0,40",85,"0,15",47,"0,28",11,"0,19",33,"-0,02",78,"-0,06",36,"-0,26","0,30",88,"2,72",76
UMBU 1922 BRIGADIER UMBU,150819,2011,,V,PO,99,P,23,882,"0,03","0,85",37,"4,40","0,85",45,"-3,85","0,47",99,171,"0,16",39,"0,18",31,"0,19",26,"0,06",55,"-0,01",54,,44,18,528,"-3,69","0,75",96,"0,71",82,"0,08",67,"0,09",54,"0,14",50,"-0,03",80,"-0,00",57,"0,11","0,78",67,"2,67",77
BASIN RAINMAKER 654X,IA344,1988,,P,IA,22579,,3,303,"-1,71","0,77",1,"1,70","0,77",71,"2,01","0,47",17,132,"0,00",84,"-0,09",95,"0,03",77,"0,01",71,"-0,05",35,,77,3,173,"1,40","0,64",67,"3,10",71,"0,02",81,"-0,04",89,"0,04",77,"0,01",70,"-0,07",33,"0,28","0,65",53,"2,66",77
PAIPASSO U112,147179,2010,,V,PO,15996,,1,35,"-0,08","0,28",32,"3,66","0,35",53,"-0,35","0,18",71,14,"-0,07",95,"-0,01",84,"0,03",77,"0,01",71,"0,05",77,,72,1,25,"2,65","0,29",55,"6,31",54,"-0,05",91,"0,01",79,"0,05",75,"0,02",66,"0,05",75,"-0,17","0,34",84,"2,61",77
GAP 5429,189056,2015,,V,PO,2555,,1,23,"-0,02","0,49",34,"0,39","0,48",81,"-1,78","0,19",90,5,"0,06",71,"0,09",59,"0,17",32,"-0,09",93,"-0,06",31,,79,1,19,"1,71","0,38",64,"2,10",76,"0,07",70,"0,07",62,"0,14",50,"-0,14",95,"-0,05",37,"-0,11","0,34",82,"2,56",77
QUIRÍ A164,164858,2000,,V,PC,92,,2,73,"0,76","0,37",82,"-0,04","0,60",84,"0,48","0,25",49,34,"0,05",76,"0,05",71,"-0,01",85,"0,04",64,"0,07",85,,82,2,39,"1,74","0,44",64,"1,70",78,"0,04",77,"0,06",67,"0,06",73,"0,00",72,"0,07",82,"0,32","0,37",50,"2,54",77
BIGUÁ 6255 BISMARCK TE,174103,2013,,P,PO,18474,,2,56,"-1,38","0,39",2,"0,85","0,41",78,"0,38","0,17",50,7,"0,08",65,"0,12",49,"0,09",61,"-0,16",97,"0,03",73,,75,2,38,"-0,10","0,29",80,"0,75",82,"0,03",80,"0,10",52,"0,06",74,"-0,16",96,"-0,01",55,"0,68","0,30",25,"2,53",77
UMBU 2290 ZORZAL,170820,2013,,P,PO,99,,2,208,"-1,85","0,75",1,"0,42","0,74",81,"0,27","0,31",53,44,"0,08",66,"0,07",63,"0,09",61,"0,01",72,"0,03",68,,78,1,132,"2,91","0,59",52,"3,33",70,"0,06",73,"0,09",55,"0,09",65,"-0,00",74,"0,02",65,"-0,73","0,62",98,"2,53",77
CV4712 HORNERO NET WORTH,174437,2013,,P,PO,1949,,1,34,"0,39","0,47",62,"3,06","0,47",59,"-2,33","0,19",94,8,"0,08",67,"0,09",59,"0,09",60,"0,02",67,"-0,00",57,,62,1,23,"-0,52","0,35",83,"2,54",74,"0,03",79,"0,04",70,"0,07",71,"-0,02",79,"0,01",63,"-0,02","0,34",76,"2,52",77
HW104 HÉLIO DE 16 FIELD DAY,151600,2011,,V,PO,18650,,1,96,"-0,10","0,67",30,"-0,02","0,66",84,"0,27","0,26",53,45,"0,08",65,"0,06",66,"0,02",80,"-0,08",91,"0,15",97,,80,1,70,"1,13","0,52",69,"1,10",80,"0,05",75,"0,03",74,"0,02",81,"-0,04",82,"0,14",95,"0,24","0,54",56,"2,43",77
TRÊS MARIAS 7651 HOLLY 6976 TE PORTEÑO,IA1123,2006,,V,IA,23805,,9,67,"0,38","0,52",62,"0,33","0,60",82,"-0,27","0,24",69,26,"0,08",65,"0,07",64,"0,14",42,"-0,01",78,"0,22",99,,78,7,47,"0,49","0,46",75,"0,82",81,"0,12",55,"0,08",59,"0,15",45,"-0,00",74,"0,22",99,"-0,03","0,43",77,"2,43",77
WOLF CREEK PLAINSMAN,IA1400,2009,,P,IA,15614,,2,38,"-0,86","0,43",6,"2,78","0,42",62,"2,21","0,09",15,21,"0,03",78,"0,29",11,"0,19",26,"0,10",42,"0,03",70,,68,2,23,"-0,02","0,27",79,"2,76",73,"0,05",76,"0,20",25,"0,19",34,"0,10",42,"0,03",68,"0,00","0,36",75,"2,35",77
LAS LILAS 1715 CAMERUN MAX TE ETO-O,IA1146,2006,,P,IA,23805,,11,174,"0,73","0,69",81,"-0,23","0,72",85,"0,19","0,24",55,65,"0,05",75,"0,05",72,"0,16",35,"0,06",55,"0,01",61,,83,10,140,"-1,06","0,58",86,"-1,29",88,"0,10",61,"-0,01",83,"0,19",35,"0,11",40,"0,03",69,"1,21","0,63",5,"2,31",78
FSL TE1068 FENÔMENO,144233,2010,,P,PO,18583,,5,71,"-0,25","0,56",23,"3,01","0,59",59,,,,,"-0,02",88,"0,06",67,"-0,01",87,"-0,11",94,"-0,09",22,,71,4,54,"1,53","0,46",66,"4,54",64,"0,00",84,"0,03",74,"0,04",77,"-0,08",89,"-0,08",27,"-0,18","0,60",85,"2,27",78
GAP 4753,169098,2013,,P,PO,2555,,3,63,"0,73","0,62",81,"0,10","0,61",84,"1,35","0,21",29,23,"0,01",83,"0,15",40,"0,24",16,"-0,08",91,"-0,03",45,,84,3,47,"2,70","0,46",55,"2,81",73,"0,02",82,"0,13",41,"0,27",17,"-0,02",79,"-0,02",50,"0,10","0,53",69,"2,22",78
BASCO PAYADOR MANÁ TE327,155775,2010,,V,PO,4074,,2,31,"0,59","0,51",75,"0,07","0,51",84,"-0,34","0,20",71,18,"0,09",63,"-0,01",84,"0,04",77,"-0,05",87,"0,01",63,,79,1,14,"0,78","0,36",72,"0,86",81,"0,11",58,"-0,00",81,"0,08",68,"-0,07",88,"-0,01",53,"-0,16","0,27",84,"2,22",78
CONFIDENCE 2372 TELLECHEA,181111,2014,,P,PO,18551,,1,44,"0,63","0,54",77,"-0,75","0,53",87,"2,33","0,10",13,6,"0,14",43,"0,04",72,"0,13",45,"0,06",57,"-0,21",3,,79,1,37,"0,55","0,38",75,"-0,20",84,"0,15",48,"0,05",67,"0,16",45,"0,02",68,"-0,20",6,"-0,36","0,41",92,"2,06",78
SAV TEN PERCENT 3085,IA1583,2013,,P,IA,10379,,6,37,"-0,71","0,46",8,"0,55","0,52",81,"2,09","0,14",16,15,"0,07",68,"-0,12",97,"-0,06",93,"0,06",55,"0,07",84,,77,5,23,"0,73","0,36",73,"1,28",79,"0,07",71,"-0,12",97,"-0,10",96,"0,08",48,"0,06",80,"0,02","0,35",74,"1,99",78
Performance Qualidade de carne Adaptação KCF BENNETT ABSOLUTE ABSOLUTE,IA1698,2009,,P,IA,15614,A,5,52,"-0,29","0,60",21,"4,34","0,60",46,"2,32","0,23",14,21,"0,02",81,"-0,16",99,"-0,18",99,"-0,06",89,"-0,10",20,,59,5,43,"0,10","0,47",78,"4,44",64,"-0,09",96,"-0,30",99,"-0,29",99,"-0,18",97,"-0,11",19,"0,14","0,52",65,"1,99",78
TAMANDUÁ TEI249 HOBY FEDERAL T. M 8180,205117,2015,,P,PO,16005,,1,26,"-1,01","0,36",5,"1,59","0,34",72,,,,,"0,12",52,"-0,02",85,"0,01",83,"0,07",51,"0,05",79,,67,1,1,"-1,80","0,20",90,"-0,21",84,"0,09",65,"-0,06",92,"-0,04",90,"0,05",57,"0,10",89,"0,27","0,20",54,"1,93",78
SANTA SERGIA AMIGO MANDARIN 2884 AUGUSTO,IA1718,2011,,V,IA,10379,,4,32,"-0,54","0,37",12,"1,37","0,47",74,"-0,94","0,07",80,4,"0,13",50,"0,36",4,"0,20",24,"0,01",71,"0,09",89,,68,4,21,"-2,08","0,32",91,"-0,71",86,"0,15",46,"0,32",8,"0,22",26,"0,02",67,"0,11",91,"0,04","0,34",73,"1,90",78
SANTA AUGUSTA 152 BISMARCK,157169,2011,,P,PO,16076,,1,53,"0,52","0,48",70,"1,18","0,47",75,"3,04","0,21",7,16,"0,09",64,"-0,01",84,"0,01",83,"0,05",60,"0,00",60,,73,1,22,"-0,11","0,36",80,"1,06",80,"0,08",68,"-0,01",83,"0,01",82,"0,04",61,"0,00",59,"-0,08","0,34",80,"1,83",79
DON PANCHO 53 BARTOLOMÉ TE BARTOLOMÉ 53,75372,1993,,V,PO,5150,,76,3466,"0,34","0,87",60,"0,27","0,91",83,"-0,80","0,80",78,2850,"0,01",84,"-0,06",92,"0,01",82,"0,06",57,"-0,05",38,,84,66,2476,"2,87","0,86",53,"3,14",71,"0,04",78,"-0,03",85,"0,02",80,"0,09",47,"-0,02",48,"-0,32","0,85",91,"1,76",79
VOLCAN BLACKCAP 4665 TE AMBICIOSO,IA1624,2011,,P,IA,10379,,3,30,"0,76","0,43",82,"1,40","0,44",74,"0,00","0,12",59,7,"0,06",73,"-0,04",90,"-0,03",90,"0,04",63,"-0,02",49,,74,3,26,"0,60","0,32",74,"2,00",76,"0,02",81,"-0,03",87,"-0,01",87,"0,04",61,"-0,02",48,"0,03","0,32",73,"1,69",79
CONDESSA 5755,311929,2008,,V,PC,112,,1,43,"0,23","0,58",52,"-0,24","0,58",85,"1,96","0,24",18,27,"-0,04",91,"-0,03",86,"-0,06",94,"0,01",71,"0,01",61,,88,1,33,"3,93","0,45",42,"3,69",68,"-0,02",88,"-0,04",88,"-0,03",90,"0,03",63,"-0,03",47,"0,01","0,40",75,"1,69",79
MESSMER PACKER S008,IA1053,2006,,V,IA,23805,,5,186,"-0,83","0,48",7,"0,94","0,67",77,"1,28","0,27",31,83,"0,06",71,"0,09",59,"0,08",66,"0,35",4,"0,03",69,,76,5,126,"-0,03","0,50",79,"0,90",81,"0,06",74,"0,01",78,"0,06",72,"0,33",6,"0,03",68,"0,21","0,57",59,"1,67",79
GARUPA 8520 LOOKOUT 7TROUXAS,162115,2011,,P,PO,57,,1,24,"-0,07","0,45",32,"-0,20","0,46",85,"-0,39","0,14",71,6,"0,04",77,"0,11",49,"0,11",53,"-0,05",87,"-0,08",25,,84,1,8,"1,79","0,30",64,"1,59",78,"0,03",79,"0,10",53,"0,11",60,"-0,07",88,"-0,08",27,"0,15","0,27",65,"1,67",79
BASCO MULBERRY 1283,212509,2017,,V,PO,4074,,1,20,"0,67","0,46",78,"-1,08","0,45",90,,,,,"0,05",75,"0,13",44,"0,08",63,"-0,10",93,"0,03",72,,87,1,8,"1,73","0,31",64,"0,64",82,"0,07",71,"0,17",31,"0,12",56,"-0,08",90,"0,05",75,"0,22","0,37",58,"1,66",79
CHARLES G617 BRILLANCE 3 WILLY,IA1849,2014,,P,IA,22741,,2,52,"-0,67","0,50",9,"2,62","0,55",64,"2,04","0,15",17,2,"-0,03",91,"-0,01",83,"-0,03",90,"0,04",62,"-0,05",37,,75,2,32,"1,00","0,40",70,"3,61",68,"-0,00",86,"0,00",80,"-0,05",92,"0,05",57,"-0,08",27,"0,08","0,35",70,"1,49",80
MLK CREEK CUB 722,IA832,1997,,V,IA,23805,,7,143,"-1,18","0,67",3,"7,39","0,68",19,"0,96","0,39",38,147,"-0,02",88,"-0,09",95,"-0,02",88,"0,23",13,"0,08",87,,41,6,132,"-1,61","0,58",89,"5,78",57,"-0,07",94,"-0,17",99,"-0,09",96,"0,20",20,"0,12",93,"-0,31","0,41",90,"1,40",80
TRÊS MARIAS 8795 TITAN TE TITAN,IA1407,2010,,P,IA,16982,K,17,92,"-0,36","0,65",19,"4,13","0,66",47,"-2,96","0,28",97,50,"0,07",69,"-0,01",83,"0,08",66,"0,08",49,"0,19",99,,56,12,51,"-3,36","0,50",95,"0,77",81,"0,03",80,"-0,06",92,"0,03",79,"0,13",36,"0,25",99,"0,51","0,56",36,"1,38",80
LAS LILAS 1405 ALAMO COOPER ROB MEXICANO,IA1187,2005,,V,IA,23805,,20,402,"0,30","0,75",57,"1,54","0,79",73,"-0,99","0,36",80,131,"0,11",56,"0,07",65,"0,09",61,"0,12",36,"0,07",86,,68,16,251,"-0,45","0,66",82,"1,09",80,"0,06",72,"0,03",74,"0,06",73,"0,08",48,"0,08",85,"-0,38","0,65",92,"1,25",80
RINCON TORNADO TE2618 DEL SARANDY,182024,2014,,P,PO,7287,,2,39,"0,08","0,56",41,"1,52","0,55",73,"-0,53","0,26",73,1,"0,07",69,"0,21",25,"0,18",30,"-0,09",92,"0,24",99,,72,1,28,"-0,89","0,46",85,"0,63",82,"0,03",80,"0,16",35,"0,19",35,"-0,11",93,"0,26",99,"0,33","0,50",50,"1,18",80
CIA.AZUL TE2150,172424,2013,,P,PO,8538,,2,82,"-0,68","0,66",9,"2,81","0,66",62,"-0,57","0,33",74,50,"0,05",76,"0,22",22,"0,18",29,"-0,06",87,"0,02",67,,67,2,50,"-0,41","0,51",82,"2,40",74,"-0,01",87,"0,20",24,"0,21",29,"-0,11",93,"0,05",74,"-0,04","0,53",78,"1,08",81
BARRAGEM 431 WESTWIND LÍDER 127,116042,2006,,P,PO,2251,,2,35,,,,"4,31","0,52",46,"1,97","0,21",18,20,"-0,06",94,"-0,01",84,"-0,04",91,"0,04",62,"-0,00",56,,68,2,13,"0,97","0,36",70,"5,28",60,"-0,11",97,"0,00",79,"-0,07",94,"-0,03",80,"0,02",66,"0,11","0,38",68,"1,07",81
CANDELERO TRES MARIAS 8155 CANDELERO (ROSENDO),IA1148,2008,,P,IA,23805,K,51,1319,"0,35","0,86",60,"0,38","0,87",82,"-3,89","0,63",99,1077,"0,08",65,"0,06",67,"0,13",48,"0,01",72,"0,11",93,,77,45,945,"-0,97","0,80",85,"-0,59",86,"0,04",77,"0,04",71,"0,11",60,"0,05",57,"0,12",92,"0,60","0,84",30,"1,06",81
BASCO YESQUERO 568TE,176341,2012,,V,PO,4074,,1,39,"-0,86","0,49",6,"-1,74","0,55",92,"-1,53","0,21",88,5,"0,04",76,"-0,09",94,"-0,09",96,"0,12",35,"0,09",89,,89,1,25,"1,84","0,43",63,"0,09",84,"0,07",70,"-0,03",86,"-0,07",94,"0,18",23,"0,09",86,"0,22","0,46",58,"1,05",81
JUQUIRY RED 8038 8908,387528,2014,,V,PC,18553,,1,42,"0,52","0,50",70,"-0,94","0,53",89,"-2,31","0,14",94,2,"0,05",75,"0,12",48,"0,15",41,"-0,00",76,"0,02",66,,86,1,34,"1,25","0,41",68,"0,31",83,"0,10",61,"0,18",30,"0,18",36,"-0,01",75,"0,03",70,"-0,10","0,42",81,"0,95",81
UMBU 2030 LAPACHO,156628,2012,,V,PO,99,,1,26,"0,50","0,50",69,"1,44","0,49",74,"-3,57","0,20",99,11,"0,17",33,"0,10",54,"0,25",13,"0,14",30,"-0,06",31,,63,1,17,"-2,39","0,36",92,"-0,95",87,"0,12",55,"0,04",72,"0,23",25,"0,10",43,"-0,06",37,"-0,39","0,35",93,"0,90",81
BIEBER STORMER Z433 STORMER,IA1766,2012,,V,IA,15256,,2,21,"-1,70","0,40",1,"4,66","0,38",42,"-0,33","0,01",70,1,"-0,09",96,"-0,11",97,"-0,05",92,"0,16",26,"0,09",90,,69,2,15,"1,37","0,25",67,"6,03",55,"-0,08",95,"-0,12",97,"-0,08",95,"0,17",26,"0,08",84,"-0,24","0,29",88,"0,90",81
BT JUNCO MAGNO 1161,185338,2014,,P,PO,21499,,2,34,"-0,10","0,15",30,"0,70","0,36",79,"1,02","0,04",37,1,"0,06",72,"-0,02",85,"0,09",62,"0,00",74,"0,04",73,,78,2,23,"0,16","0,23",77,"0,86",81,"0,02",81,"-0,06",92,"0,07",69,"0,03",64,"0,04",71,"0,14","0,20",65,"0,84",81
RHRA EZ 537 10T,IA1018,2007,,V,IA,23805,,3,37,"-0,10","0,44",30,"0,57","0,49",80,"0,99","0,10",38,20,"0,04",78,"0,03",76,"0,00",83,"-0,04",85,"-0,02",51,,81,3,26,"1,05","0,33",70,"1,62",78,"0,03",79,"0,01",78,"-0,01",85,"-0,07",88,"-0,00",57,"-0,19","0,28",86,"0,68",81
GAR RETAIL PRODUCT,IA749,1999,,P,IA,23805,M,5,68,"-0,33","0,63",20,"-1,43","0,64",91,"3,85","0,27",3,62,"0,06",72,"0,08",61,"0,02",80,"0,16",26,"-0,12",15,,88,4,59,"0,76","0,52",73,"-0,68",86,"0,04",77,"0,07",63,"0,01",83,"0,11",40,"-0,13",15,"0,48","0,59",38,"0,61",81
RED RUST REDEEM 201C,IA1883,2015,,V,IA,22904,,3,51,"-0,65","0,22",9,"-0,53","0,41",86,,,,,"-0,08",95,"0,05",71,"-0,07",94,"0,06",56,"-0,01",55,,91,1,4,"3,47","0,17",46,"2,95",72,"-0,04",91,"0,09",54,"-0,02",88,"0,04",61,"0,00",60,"0,34","0,11",49,"0,59",82
LEACHMAN END CUT 1383G,78071,1997,,V,PO,7992,,14,270,"0,58","0,70",74,"-0,98","0,74",89,"2,79","0,45",9,247,"0,01",83,"0,01",80,"-0,03",89,"-0,13",96,"-0,01",55,,88,11,177,"1,28","0,62",68,"0,30",83,"0,03",79,"0,05",68,"-0,02",87,"-0,10",92,"-0,04",43,"0,39","0,51",45,"0,45",82
OTTONO B444 TEI DON PANCHO,67758,1995,,V,PO,35,,84,2857,"0,33","0,87",59,"0,31","0,91",82,"0,03","0,79",58,2599,"0,04",78,"0,00",81,"0,04",74,"0,05",58,"0,02",66,,82,75,2156,"0,73","0,87",73,"1,04",80,"0,05",75,"0,03",73,"0,06",74,"0,03",62,"0,04",71,"-0,19","0,86",86,"0,38",82
WT BUTIÁ 210 MOMENTUM X BUTIÁ 002,170497,2014,,V,PO,17087,,1,29,"0,09","0,47",42,"3,18","0,47",58,"-0,15","0,15",62,13,"0,05",76,"-0,11",97,"-0,03",89,"0,00",74,"0,02",67,,64,1,27,"-2,48","0,38",93,"0,70",82,"0,00",84,"-0,15",99,"-0,08",95,"-0,01",76,"0,03",69,"0,40","0,49",44,"0,35",82
GARUPÁ TE8488 ZORZAL BODACIOUS,152101,2011,,P,PO,57,,2,41,"0,38","0,29",62,"3,18","0,50",58,"-2,21","0,24",93,27,"0,07",68,"0,06",67,"0,09",62,"-0,04",84,"0,06",81,,61,1,32,"-1,02","0,39",85,"2,16",76,"0,04",77,"0,01",79,"0,08",69,"-0,09",91,"0,06",79,"-0,71","0,44",98,"0,34",82
SANTA CECÍLIA PREDESTINED 1433-5G-437,161259,2012,,P,PO,10,,1,32,"-0,12","0,52",29,"2,91","0,51",61,"2,26","0,19",14,7,"0,02",82,"0,01",79,"-0,09",96,"0,05",60,"-0,09",23,,69,1,21,"-0,88","0,38",84,"2,03",76,"-0,02",88,"-0,02",84,"-0,20",99,"0,04",61,"-0,10",21,"0,09","0,43",69,"0,34",82
CMC TAURA DO CEDRO C1TE CANDELERO,162877,2012,,P,PO,17029,,1,33,"-0,05","0,50",33,"1,86","0,49",70,"-2,06","0,21",92,14,"0,05",75,"0,07",65,"0,04",77,"-0,02",81,"-0,03",44,,72,1,24,"-0,77","0,38",84,"1,09",80,"0,00",84,"0,03",74,"0,03",80,"0,02",65,"-0,04",43,"0,07","0,36",71,"0,28",82
MAYA 162 FLORISBELO GRAMÁTICO LANÇA,136309,2009,,V,PO,15958,,1,76,"0,09","0,64",42,"-1,13","0,63",90,"0,27","0,22",53,29,"0,02",81,"0,10",54,"0,15",38,"0,02",69,"-0,17",7,,88,1,61,"1,12","0,49",69,"-0,01",84,"0,08",67,"0,12",47,"0,17",40,"-0,01",75,"-0,13",14,"0,08","0,49",70,"0,23",82
GAP 5377,188991,2015,,P,PO,2555,,1,28,"-0,22","0,47",24,"0,50","0,46",81,,,,,"0,06",72,"0,03",74,"0,24",15,"-0,08",91,,,,79,1,15,"-1,29","0,35",86,"-0,78",87,"0,09",65,"-0,02",85,"0,27",16,"-0,09",91,"0,04",71,"0,21","0,38",59,"0,22",82
TRÊS LAGOAS TEI54,164901,2013,,P,PO,18898,,3,20,"0,60","0,29",75,"-0,85","0,47",88,"-1,07","0,18",82,10,"0,09",62,"0,02",77,"0,05",72,"0,02",68,"0,12",95,,83,3,13,"-0,45","0,36",82,"-1,30",88,"0,11",59,"0,04",70,"0,11",60,"0,00",72,"0,14",94,"0,00","0,42",75,"0,15",82
BIGUÁ 5711 BISMARCK 5682 TEI,149475,2011,,P,PO,18474,,4,51,"0,62","0,51",76,"1,80","0,54",70,"0,14","0,24",56,27,"-0,06",94,"-0,04",89,"-0,02",88,"0,17",25,"0,07",84,,82,4,46,"0,54","0,44",75,"2,34",75,"-0,12",98,"-0,12",97,"-0,11",97,"0,16",28,"0,07",83,"1,02","0,50",10,"0,14",82
CIA.AZUL GAITEIRO 0620 ZORZAL GORDO,121151,2007,,P,PO,8538,,6,151,"0,15","0,72",47,"1,85","0,73",70,"-3,33","0,44",98,191,"0,07",70,"0,00",82,"0,06",69,"0,05",60,"0,06",82,,71,3,108,"-1,38","0,61",87,"0,46",83,"0,00",84,"-0,02",84,"-0,00",85,"-0,05",85,"0,05",76,"0,16","0,63",64,"0,07",83
CATANDUVA GRAMÁTICO STRYKER 4128-TE15,75476,1998,,V,PO,16417,,16,246,"0,90","0,73",87,"-1,39","0,77",91,"-1,40","0,48",86,192,"0,06",72,"0,03",75,"0,14",42,"0,02",69,"0,05",77,,88,14,166,"-0,03","0,65",79,"-1,42",88,"0,08",67,"0,04",72,"0,15",46,"-0,03",80,"0,10",89,"0,34","0,68",49,"0,00",83
ESPINILHO 1326,168500,2013,,V,PO,14550,,1,25,"-0,38","0,28",18,"1,58","0,49",72,"1,26","0,16",31,5,"0,07",69,"0,07",65,"0,17",34,"-0,01",79,"0,09",91,,72,1,15,"-0,61","0,35",83,"0,97",81,"0,03",80,"0,01",79,"0,17",40,"-0,04",82,"0,12",93,"-0,28","0,38",89,"-0,04",83
OCC GREAT PLAINS 943G,IA923,1997,,P,IA,23805,,5,34,"-1,07","0,52",4,"0,92","0,54",77,"2,29","0,23",14,42,"0,04",77,"0,02",77,"0,01",83,"0,03",66,"0,03",71,,78,4,32,"0,99","0,44",70,"1,91",77,"-0,01",86,"0,06",65,"-0,07",94,"-0,02",77,"0,04",71,"-0,33","0,50",91,"-0,06",83
BAYUCUA,205191,2015,,P,PO,17254,,1,42,"0,95","0,48",89,"1,10","0,53",76,"-1,11","0,12",82,5,"0,00",85,"-0,05",90,"-0,07",95,"-0,03",81,"0,09",90,,81,1,26,"-1,95","0,37",91,"-0,85",87,"0,01",83,"0,00",80,"-0,01",86,"-0,00",73,"0,10",89,"1,05","0,38",8,"-0,23",83
BRUNS THUNDERBOLT 963,IA1550,2013,,P,IA,4568,M,1,25,,,,"1,36","0,27",74,"-1,19","0,04",83,4,"-0,01",87,"0,11",50,"-0,09",96,"0,11",39,"-0,04",41,,80,1,9,"0,36","0,14",76,"1,72",77,"0,01",83,"0,09",57,"-0,14",99,"0,13",35,"-0,03",47,"-0,06","0,18",79,"-0,26",84
WEBR DOC HOLLIDAY 2N,IA835,2003,,V,IA,23805,,23,365,"-0,44","0,77",15,"2,19","0,79",67,"1,59","0,57",25,417,"0,01",84,"-0,07",93,"-0,00",85,"0,13",33,"0,17",98,,74,19,230,"-0,84","0,70",84,"1,35",79,"0,04",78,"-0,08",94,"0,01",82,"0,09",47,"0,15",95,"-0,16","0,69",84,"-0,27",84
GV FAUSTO TE110 CANDELERO,196284,2015,,P,PO,14117,,1,30,"-0,09","0,50",31,"-1,03","0,50",89,"-2,43","0,17",95,5,"0,01",84,"-0,11",96,"-0,04",90,"-0,06",89,"0,00",60,,89,1,14,"1,34","0,33",67,"0,30",83,"0,01",83,"-0,07",93,"-0,03",89,"-0,03",81,"0,00",59,"0,27","0,28",54,"-0,28",84
PFFR CONVOY 9Z,IA1644,2012,,V,IA,16477,,7,90,"0,34","0,45",60,"1,76","0,62",70,"1,25","0,17",31,25,"0,05",76,"0,08",62,"0,00",84,"0,09",44,"0,00",60,,73,7,70,"-2,57","0,47",93,"-0,81",87,"0,06",73,"0,14",41,"0,08",69,"0,09",46,"0,03",68,"0,38","0,54",46,"-0,35",84
RINCON PENETRA 1642 DEL SARANDY,141996,2010,,P,PO,7287,,5,107,"0,91","0,67",87,"-0,67","0,66",87,"-2,44","0,32",95,40,"0,06",74,"0,20",27,"0,18",29,"-0,11",94,"0,11",93,,85,4,85,"0,06","0,55",78,"-0,61",86,"0,01",83,"0,09",56,"0,15",47,"-0,11",93,"0,11",91,"0,36","0,61",48,"-0,44",84
LSF BRA NO WORRIES 4657B,IA1811,2014,,V,IA,22559,,18,163,"-1,07","0,72",4,"-2,03","0,72",93,"1,44","0,24",27,40,"0,10",58,"0,15",40,"0,12",50,"-0,04",84,"0,10",91,,88,16,121,"2,20","0,57",60,"0,17",83,"0,09",65,"0,21",22,"0,15",46,"-0,05",85,"0,10",88,"-0,96","0,62",99,"-0,47",84
RINCON MALANDRO 2937 DEL SARANDY,192583,2015,,P,PO,7287,,3,26,"0,49","0,52",69,"2,10","0,51",68,"-0,39","0,26",71,2,"0,10",58,"0,07",64,"0,10",58,"-0,01",76,"0,10",92,,65,2,23,"-4,35","0,43",98,"-2,25",90,"0,10",61,"-0,02",85,"0,08",67,"-0,06",87,"0,12",93,"0,35","0,45",49,"-0,48",84
Performance Qualidade de carne Adaptação LA LEGUA SAKIC 781 TE,IA1880,2011,,V,IA,17610,,2,60,"0,72","0,54",81,"2,45","0,54",65,"0,08","0,12",57,7,"0,10",61,"0,01",79,"0,11",55,"0,03",64,"0,24",99,,64,2,51,"-3,74","0,41",96,"-1,29",88,"-0,01",86,"-0,10",95,"-0,01",86,"-0,09",91,"0,28",99,"0,64","0,50",28,"-0,53",84
BARRAGEM CHATELLE TE105 NETWORTH 512,159638,2012,,P,PO,2251,,1,38,"0,40","0,46",63,"-0,30","0,50",85,,,,,"0,03",79,"0,03",74,"0,05",72,"-0,07",90,"0,02",66,,85,1,23,"0,22","0,36",76,"-0,08",84,"0,04",78,"0,04",72,"0,07",71,"-0,08",90,"0,01",63,"-0,04","0,35",77,"-0,81",85
FILOMENA 193 MAXI 16 TE VISTOSO,IA1455,2010,,P,IA,10379,,14,331,"-0,06","0,75",32,"0,40","0,79",81,"-0,46","0,46",72,115,"0,07",68,"0,02",77,"0,12",48,"-0,01",76,"0,16",98,,79,13,251,"-0,98","0,69",85,"-0,58",86,"0,04",78,"-0,01",82,"0,13",53,"-0,06",87,"0,19",99,"-0,07","0,75",79,"-0,90",85
EF COMMANDO 1366,IA1730,2011,,P,IA,16477,,7,38,"-0,84","0,51",6,"-3,41","0,52",97,,,,,"-0,00",86,"-0,09",94,"-0,07",95,"0,00",74,"0,03",69,,95,7,33,"2,99","0,41",52,"-0,42",85,"0,07",70,"-0,00",81,"-0,01",86,"0,05",58,"-0,01",52,"-0,09","0,48",80,"-0,96",85
TIMBAÚVA 22 AGAMENON NACO MR BEEF 805,163388,2012,,V,PO,14168,,1,28,"0,62","0,47",76,"0,38","0,47",82,"-1,72","0,21",90,23,"-0,01",86,"0,00",81,"0,10",57,"-0,07",90,"0,09",89,,84,1,21,"0,76","0,35",73,"1,15",80,"0,00",84,"0,08",60,"0,10",64,"-0,01",75,"0,08",83,"-0,17","0,31",85,"-1,10",86
S A V SUPERCHARGER 6813,IA2057,2016,,P,IA,22588,M,4,24,"0,90","0,38",87,"-1,40","0,38",91,,,,,"0,03",78,"0,05",71,"0,10",56,"-0,06",88,"-0,09",22,,89,3,20,"-1,04","0,29",85,"-2,44",90,"0,06",73,"0,02",77,"0,08",68,"-0,05",84,"-0,12",16,"0,70","0,30",24,"-1,13",86
RED ROCK STAR 1749 TELLECHEA,176955,2014,,V,PO,18551,,2,80,"-0,37","0,64",18,"-5,32","0,63",99,"-0,31","0,16",70,21,"0,09",64,"0,15",39,"0,15",40,"-0,06",87,"0,13",95,,96,1,48,"1,85","0,43",63,"-3,47",92,"0,08",68,"0,14",38,"0,17",41,"-0,09",91,"0,13",94,"0,46","0,46",40,"-1,14",86
CONNEALY PILGRIM PILGRIM,IA1744,2014,,P,IA,22155,,2,35,"-1,83","0,51",1,"0,41","0,50",81,"-0,11","0,10",61,9,"-0,15",98,"0,01",80,"-0,07",95,"-0,12",95,"-0,07",30,,91,2,22,"1,99","0,34",62,"2,40",74,"-0,14",98,"0,01",77,"-0,10",96,"-0,15",95,"-0,10",23,"1,07","0,33",8,"-1,24",86
HW99 HERALDO DE 04 FIELD DAY,149792,2011,,V,PO,18650,,1,54,"-0,44","0,60",15,"2,11","0,59",68,"-0,75","0,20",77,14,"-0,01",86,"-0,13",97,"-0,08",96,"0,06",57,"0,11",92,,75,1,31,"-0,91","0,41",85,"1,20",79,"-0,04",90,"-0,09",95,"-0,12",98,"0,06",55,"0,12",92,"0,07","0,34",71,"-1,31",86
LARKS CANYON 74D4,IA702,1994,,P,IA,23805,,6,54,"0,27","0,60",54,"3,06","0,61",59,"1,76","0,32",21,127,"0,06",73,"-0,07",93,"-0,09",96,"0,21",17,"-0,01",54,,64,4,40,"-2,06","0,49",91,"1,00",80,"0,01",83,"-0,04",88,"-0,10",97,"0,21",18,"-0,06",37,"-0,53","0,56",96,"-1,43",86
LAS LILAS 659 MARKER HIGHLITE TEJAS,IA1161,1999,,V,IA,23805,,14,321,"-0,51","0,74",13,"1,98","0,78",69,"-1,65","0,47",89,241,"-0,04",91,"-0,00",82,"-0,05",92,"0,04",62,"0,02",66,,79,11,271,"0,09","0,68",78,"2,07",76,"-0,04",91,"0,03",73,"0,01",84,"-0,04",82,"0,06",79,"-0,19","0,67",86,"-1,54",86
SANTO ANTÃO ZORZAL MAGNO 762,167493,2013,,P,PO,14982,,1,44,"-0,14","0,47",28,"-1,06","0,57",89,"-1,28","0,13",85,1,"0,06",72,"0,21",24,"0,10",59,"-0,05",86,"0,04",74,,86,1,27,"-1,66","0,42",89,"-2,72",91,"0,05",76,"0,15",37,"0,05",74,"-0,11",93,"0,01",61,"0,54","0,45",34,"-1,68",86
PA FORTITUDE 2500,IA1499,2011,,P,IA,16477,,7,97,"-0,20","0,63",24,"3,95","0,65",50,"0,67","0,12",45,12,"0,02",81,"-0,03",87,"-0,05",92,"0,06",55,"-0,10",20,,61,5,87,"-1,93","0,52",90,"2,02",76,"-0,10",97,"-0,11",96,"-0,12",97,"0,01",71,"-0,12",16,"-0,13","0,62",82,"-1,73",86
LELAND MARKSMAN 6629,IA1969,2016,,V,IA,23392,,6,61,"-1,15","0,55",3,"3,05","0,55",59,,,,,"0,05",74,"0,16",35,"0,09",61,"0,20",19,"0,08",87,,64,2,31,"-1,62","0,34",89,"1,42",78,"0,01",83,"0,10",51,"0,10",62,"0,10",43,"0,17",97,"-0,87","0,41",99,"-1,82",87
ANGUS GUARITA 244TEI TOMAHAWK TOMAHAWK,195003,2015,,P,PO,20983,R,23,318,"0,81","0,77",84,"-0,05","0,77",84,"-0,97","0,23",80,4,"0,02",82,"0,16",37,"0,17",34,"-0,14",96,"0,07",85,,84,21,199,"-0,97","0,63",85,"-1,02",87,"-0,02",88,"0,08",59,"0,17",39,"-0,17",97,"0,06",81,"0,44","0,69",42,"-1,83",87
GUE GLEN NORTE ARITZ T/E CARLONCHO,IA1010,2004,,V,IA,23805,,22,442,"-0,28","0,77",22,"-1,30","0,81",90,"-1,61","0,49",89,280,"0,12",55,"0,30",9,"0,17",34,"-0,20",99,"0,07",86,,83,21,329,"-0,09","0,71",80,"-1,39",88,"0,13",54,"0,27",13,"0,23",25,"-0,20",98,"0,06",80,"-1,05","0,75",99,"-1,87",87
RODEIO DO RINCÃO 241 CHANDOCA BRAND TE74,162086,2012,,P,PO,14672,,1,50,"0,14","0,42",46,"-0,69","0,60",87,"0,79","0,22",42,12,"0,01",83,"0,10",54,"0,04",74,"-0,08",92,"-0,05",35,,88,1,36,"0,16","0,47",77,"-0,53",85,"0,01",83,"0,09",56,"0,04",77,"-0,08",90,"-0,06",36,"0,01","0,48",74,"-1,91",87
SÃO BIBIANO BRUJO 06849 TE,149212,2009,,V,PO,110,,1,90,"-0,30","0,67",21,"-4,29","0,66",98,"0,34","0,25",51,50,"0,13",47,"0,04",73,"0,10",58,"-0,04",85,"0,03",71,,92,1,68,"-0,08","0,52",80,"-4,37",94,"0,14",51,"-0,00",81,"0,11",60,"-0,10",92,"0,03",69,"-0,11","0,57",82,"-1,96",87
RINCON LAPACHO 860 DEL SARANDY,104073,2004,,V,PO,7287,,15,869,"0,59","0,85",74,"-1,16","0,85",90,"-6,73","0,63",99,716,"0,20",27,"0,00",82,"0,33",4,"0,05",60,"0,03",69,,76,13,651,"-3,08","0,78",95,"-4,24",94,"0,17",41,"-0,06",91,"0,26",18,"-0,00",74,"0,04",73,"-0,62","0,81",97,"-2,01",87
TRES MARIAS 5181 JÚNIOR TE,IA713,1997,,P,IA,23805,,15,80,"0,26","0,60",54,"-0,85","0,64",88,"0,90","0,24",40,45,"-0,06",94,"-0,17",99,"-0,03",90,"0,11",40,"0,06",81,,91,11,48,"2,64","0,47",55,"1,79",77,"-0,03",90,"-0,15",99,"-0,01",86,"0,12",38,"0,09",86,"-0,32","0,54",91,"-2,04",87
GAP 3635 BEEF BROTHER,135403,2009,,P,PO,2555,,1,47,"0,58","0,60",73,"2,15","0,60",67,"-1,63","0,24",89,13,"-0,04",91,"-0,05",90,"-0,11",98,"-0,06",88,"0,06",82,,78,1,29,"-0,88","0,46",84,"1,27",79,"-0,03",90,"-0,07",92,"-0,12",98,"-0,10",92,"0,06",79,"-0,16","0,50",84,"-2,26",87
OTTONO B600 TE DADDY PANCHO NEGRO,73032,1997,,P,PO,35,,58,1341,"0,93","0,85",88,"-0,82","0,88",88,"2,16","0,71",15,1194,"0,06",72,"0,02",77,"0,09",61,"-0,01",78,"0,08",87,,85,50,806,"-0,20","0,81",80,"-1,01",87,"0,07",70,"-0,01",82,"0,10",63,"-0,04",82,"0,11",91,"-0,71","0,81",98,"-2,48",88
S2 EBV 6703-7136 TENIENTE,119550,2007,,V,PO,6667,,2,41,"-1,15","0,45",3,"2,43","0,47",66,"1,58","0,23",25,19,"-0,02",88,"0,04",72,"-0,01",85,"-0,09",92,"-0,04",42,,75,2,36,"-1,34","0,39",87,"1,09",80,"-0,07",94,"0,02",76,"-0,03",90,"-0,14",95,"-0,05",37,"-0,04","0,36",78,"-2,50",88
MOHNEN PULSE 533,IA1911,2013,,P,IA,22840,,1,32,"-1,76","0,49",1,"-1,17","0,48",90,"1,85","0,06",20,5,"-0,07",95,"-0,05",90,"0,01",82,"0,03",65,"-0,04",42,,92,1,20,"1,89","0,31",63,"0,72",82,"-0,04",91,"-0,02",85,"0,04",76,"0,06",55,"-0,05",39,"0,04","0,29",73,"-2,55",88
RIVERBEND NONE BETTER Y095,IA1465,2011,,P,IA,13096,,2,40,"0,20","0,29",50,"0,30","0,44",82,"0,69","0,14",45,21,"-0,01",87,"0,07",64,"-0,00",84,"-0,01",79,"-0,06",32,,85,2,32,"0,28","0,31",76,"0,58",82,"-0,07",95,"-0,00",81,"-0,04",90,"-0,07",88,"-0,08",30,"0,03","0,18",73,"-2,60",88
TRADIÇÃO 1503,295364,2008,,P,PC,3638,,1,100,"0,11","0,48",43,"-1,26","0,66",90,"-1,53","0,33",88,76,"0,11",57,"0,03",74,"0,13",46,"-0,07",91,,,,84,1,86,"-1,09","0,55",86,"-2,35",90,"0,10",60,"0,06",66,"0,12",55,,,,,"-0,68","0,54",98,"-2,60",88
LAS LILAS 2403 BOYD ON TARGUET MAX OBJETIVO,IA1677,2010,,P,IA,13096,,2,41,"0,10","0,09",42,"0,26","0,31",83,"-0,63","0,06",75,12,"-0,00",85,"-0,04",88,"0,05",72,"-0,08",92,"0,05",80,,85,1,19,"-1,31","0,16",87,"-1,04",87,"-0,01",87,"-0,05",89,"0,00",84,"-0,09",91,"0,06",80,"0,30","0,15",52,"-2,65",88
CIA.AZUL 3190 CIA 0474 CIA 0146,188354,2015,,V,PO,8538,,1,44,"0,40","0,47",63,"-5,87","0,53",99,"-1,63","0,17",89,4,"0,06",71,"0,05",71,"0,15",38,"-0,04",84,"0,09",89,,97,1,32,"2,89","0,40",53,"-2,98",91,"0,12",56,"0,12",47,"0,27",16,"0,01",71,"0,05",75,"-0,52","0,46",95,"-2,67",88
FEDDES BIG SKY R9,IA930,2005,,V,IA,23805,,8,173,"-2,20","0,71",1,"0,26","0,72",83,"0,73","0,33",44,106,"-0,08",96,"-0,10",96,"-0,07",94,"0,03",67,"0,13",96,,89,8,110,"2,59","0,57",56,"2,85",72,"-0,08",95,"-0,12",97,"-0,05",92,"0,06",54,"0,12",92,"-0,60","0,60",96,"-2,81",88
TRES MARIAS 8953 ZORZAL 7858 TE EMPERADOR,IA1457,2010,,P,IA,16982,K,4,36,"-0,64","0,53",10,"1,63","0,51",72,"-2,10","0,19",93,5,"0,04",78,"0,03",76,"-0,00",85,"-0,17",98,"0,06",82,,75,4,12,"-2,40","0,35",92,"-0,77",87,"-0,01",87,"-0,01",83,"-0,05",92,"-0,22",99,"0,06",80,"-0,09","0,36",81,"-2,84",88
LAS LILAS 2445 MEJICANO SENSATION CHAMACO,IA1675,2010,,V,IA,13096,,5,57,"0,05","0,35",39,"1,03","0,53",76,"0,45","0,12",49,11,"0,06",71,"-0,07",92,"0,01",82,"0,21",17,"0,18",99,,76,4,32,"-3,63","0,36",96,"-2,60",90,"0,01",83,"-0,13",98,"-0,06",93,"0,17",27,"0,19",98,"0,35","0,41",48,"-2,86",88
TRÊS MENINAS 128 MAXI 547TE,179995,2014,,P,PO,16507,,1,29,,,,"0,51","0,45",81,"-0,29","0,20",70,5,"0,06",71,"0,04",72,"0,05",73,"0,25",11,"0,02",67,,79,1,26,"-2,11","0,37",91,"-1,61",89,"0,05",75,"0,02",77,"0,11",60,"0,23",15,"0,02",66,"-0,39","0,40",93,"-2,88",88
DOBLEHACHE 293 BIGUA TE TEHUELCHE,IA1410,2008,,P,IA,15614,,13,132,"-0,29","0,65",21,"-1,79","0,70",92,"0,24","0,37",54,112,"0,16",39,"0,33",7,"0,25",14,"-0,11",94,"-0,03",44,,83,12,103,"-2,35","0,58",92,"-4,14",94,"0,16",44,"0,33",7,"0,28",14,"-0,14",95,"-0,01",53,"-0,72","0,63",98,"-2,88",88
DON JOSE 176 MAXI TE MAXI,IA1149,2005,,P,IA,23805,K,37,401,"0,47","0,80",67,"2,18","0,82",67,"-3,22","0,56",98,384,"0,10",60,"0,11",52,"0,17",32,"0,00",74,"0,11",93,,65,32,260,"-4,32","0,73",98,"-2,13",89,"0,04",77,"0,11",49,"0,20",31,"-0,07",88,"0,15",95,"-0,27","0,77",89,"-2,94",88
BIEBER RREDS TAKEOUT 305A,IA1554,2013,,V,IA,4568,M,5,27,"-1,32","0,35",3,"-2,81","0,43",95,"0,90","0,03",40,2,"-0,02",88,"0,06",69,"-0,10",97,"0,02",70,"-0,03",43,,94,4,22,"1,33","0,30",67,"-1,48",88,"-0,00",85,"0,12",45,"-0,04",90,"-0,00",75,"-0,05",40,"0,15","0,38",64,"-3,06",88
ASD 623TE PAYADOR CARRASCO,120767,2007,,V,PO,73,,27,409,"0,43","0,79",65,"-1,07","0,81",89,"-3,13","0,46",98,209,"0,14",44,"0,05",71,"0,14",41,"-0,02",81,"0,07",85,,81,19,257,"-1,33","0,68",87,"-2,39",90,"0,11",59,"0,03",73,"0,13",52,"0,00",72,"0,10",88,"-1,14","0,71",99,"-3,15",89
CLM DON ALFREDO 0694 TE DON ALFREDO,IA1958,2012,,P,IA,10379,,6,62,"-0,01","0,55",35,"2,66","0,54",63,"-0,42","0,03",71,3,"0,12",51,"0,14",41,"0,13",46,"-0,10",93,"0,19",99,,60,4,40,"-6,99","0,35",99,"-4,33",94,"0,07",71,"0,04",70,"0,10",62,"-0,17",97,"0,21",99,"0,38","0,35",46,"-3,20",89
JUQUIRY RED 8038 8910,387529,2014,,V,PC,18553,,1,29,"-0,06","0,43",33,"-1,22","0,48",90,"-1,87","0,12",91,4,"-0,05",93,"0,08",61,"0,02",81,"-0,01",79,"0,00",60,,91,1,26,"1,27","0,37",68,"0,05",84,"-0,06",92,"0,08",59,"0,02",81,"-0,03",80,"-0,04",44,"0,07","0,41",71,"-3,30",89
TRADIÇÃO AZUL 9016 CRÉDITO,131832,2008,,P,PO,13339,,2,24,,,,"-3,18","0,49",96,"1,47","0,22",27,29,"0,10",59,"0,03",75,"0,12",52,"0,04",62,"0,06",82,,91,2,12,"-1,77","0,37",90,"-4,95",95,"0,10",62,"-0,04",88,"0,06",72,"0,07",52,"0,08",83,"0,17","0,48",63,"-3,35",89
RITO 9M25 OF RITA 5F56 PRED,IA1501,2008,,P,IA,16477,,1,24,"-0,64","0,47",9,"1,59","0,47",72,"1,12","0,18",35,25,"-0,01",88,"-0,07",93,"-0,11",97,"0,13",33,"-0,03",46,,79,1,22,"-1,53","0,37",88,"0,06",84,"-0,08",95,"-0,11",97,"-0,21",99,"0,09",46,"-0,05",39,"0,09","0,39",69,"-3,35",89
ZHAURY DO CARUMBÉ 1290,102042,2003,,P,PO,269,,3,39,"0,06","0,48",40,"-1,64","0,52",92,"-3,36","0,19",99,15,"-0,02",88,"-0,06",91,"-0,06",93,"-0,04",83,"-0,06",31,,91,3,28,"0,63","0,38",74,"-1,01",87,"-0,01",87,"-0,07",94,"-0,04",91,"-0,05",85,"-0,07",32,"-0,03","0,25",77,"-3,42",89
TRADIÇÃO AZUL 9132 REAL,131851,2008,,P,PO,13339,,2,21,,,,"0,35","0,46",82,"-1,08","0,11",82,9,"-0,00",86,"0,12",48,"0,02",81,"0,00",74,"0,06",82,,84,2,11,"-2,07","0,31",91,"-1,72",89,"-0,02",89,"0,12",46,"0,01",82,"-0,06",86,"0,05",76,"0,33","0,43",50,"-3,55",89
JUQUIRY BLACK J05 GENERAL TEIC22,171403,2012,,P,PO,18553,,2,42,"0,59","0,34",74,"0,39","0,51",82,"-2,80","0,17",97,23,"0,09",64,"0,07",63,"0,12",51,"0,08",49,"0,10",91,,77,2,39,"-3,57","0,39",96,"-3,18",92,"0,04",77,"0,06",67,"0,13",54,"0,03",63,"0,11",90,"-0,10","0,41",81,"-3,73",89
RED LAZY MC BENELLI 102B,IA1769,2014,,V,IA,22342,,6,76,"0,27","0,51",54,"1,59","0,54",72,"-0,83","0,01",79,2,"0,11",58,"0,18",31,"0,09",62,"0,07",52,"0,06",83,,69,4,25,"-4,09","0,31",97,"-2,50",90,"0,06",74,"0,07",63,"0,02",80,"-0,03",80,"0,07",81,"-0,64","0,33",97,"-3,96",90
RINCON AL CAPONE TE1523 DEL SARANDY,135696,2009,,P,PO,7287,,4,22,"1,25","0,43",95,"1,94","0,46",69,"0,82","0,20",41,6,"0,05",75,"-0,12",97,"0,14",44,"-0,04",85,"0,17",99,,72,5,16,"-3,91","0,35",97,"-1,98",89,"-0,01",87,"-0,17",99,"0,11",61,"-0,09",91,"0,22",99,"-0,06","0,36",79,"-3,97",90
RUBETA 4980 BOMBARDERO TE BOMBAZO,IA1331,2007,,P,IA,17375,,2,34,"-0,19","0,40",25,"-1,88","0,40",93,"2,11","0,25",16,85,"0,14",46,"0,02",78,"0,04",76,"0,03",65,"0,06",82,,85,2,34,"-3,47","0,35",95,"-5,35",96,"0,10",61,"0,02",75,"0,05",75,"0,02",68,"0,07",81,"-0,12","0,39",82,"-4,15",90
DOBLEHACHE 33 ORIENTAL TE,IA674,1996,,V,IA,23805,,39,790,"0,57","0,81",73,"-0,91","0,85",88,"-1,83","0,65",91,708,"0,08",65,"0,06",66,"0,08",63,"-0,06",88,"0,02",68,,84,35,512,"-3,09","0,77",95,"-4,00",93,"0,01",82,"0,00",80,"0,05",74,"-0,08",90,"0,05",76,"0,21","0,80",59,"-4,19",90
SÃO BIBIANO HERDEIRO 7159,149992,2011,,V,PO,110,,2,33,"-0,15","0,49",28,"-1,41","0,50",91,"0,89","0,21",40,16,"0,02",81,"0,10",54,"0,12",53,"-0,11",94,"0,00",59,,89,2,27,"-1,24","0,39",86,"-2,66",91,"0,02",81,"0,06",66,"0,11",61,"-0,07",88,"-0,01",53,"-0,07","0,39",80,"-4,23",90
Performance Qualidade de carne Adaptação TRIARA SLAM DUNK ET 357Y SLAM DUNK,IA1770,2011,,P,IA,22376,,1,33,"-0,21","0,47",24,"-2,29","0,46",94,"1,17","0,08",33,8,"0,06",72,"-0,04",88,"-0,03",89,"0,20",18,"0,09",90,,90,1,27,"-3,58","0,34",96,"-5,88",96,"0,04",78,"-0,09",95,"-0,08",94,"0,19",22,"0,10",89,"0,95","0,48",11,"-4,26",90
RED PRINCESS 14603 FERRARI-T/E-,IA2102,2016,,V,IA,11673,,10,136,"0,79","0,69",83,"-1,37","0,68",91,,,,,"0,14",43,"0,10",55,"0,28",9,"-0,05",86,"-0,02",48,,82,7,53,"-4,61","0,45",98,"-5,98",97,"0,08",68,"0,07",61,"0,30",12,"-0,12",94,"0,06",80,"0,22","0,53",58,"-4,32",90
CURA 4925 CLASSIC HEADLINER TE MANÁ,IA953,2005,,P,IA,23805,,30,561,"0,60","0,82",75,"1,15","0,84",76,"-2,30","0,59",94,647,"0,06",71,"0,08",61,"0,13",47,"-0,00",76,"0,12",94,,75,27,375,"-4,65","0,75",99,"-3,50",92,"-0,02",88,"0,01",79,"0,16",43,"-0,04",83,"0,19",98,"0,39","0,78",45,"-4,36",90
LIMESTONE GREAT DIVIDE U254 DIVIDE,IA1118,2008,,P,IA,23805,M,10,130,"1,38","0,69",96,"1,00","0,69",77,"-1,23","0,29",84,86,"0,08",66,"-0,02",85,"0,13",47,"-0,03",82,"0,05",80,,75,8,96,"-4,03","0,54",97,"-3,03",91,"-0,01",86,"-0,10",96,"0,09",65,"-0,05",84,"0,05",77,"-0,06","0,61",79,"-4,51",91
ERRE TE 383 CONDOR EURO TE EURO,IA1886,2011,,P,IA,21177,K,18,138,"0,27","0,67",55,"-0,88","0,68",88,"-2,22","0,20",93,26,"0,07",68,"0,17",33,"0,11",55,"-0,11",94,"0,11",93,,84,14,98,"-3,51","0,54",96,"-4,39",94,"0,00",84,"0,08",58,"0,04",78,"-0,19",97,"0,10",88,"0,37","0,62",46,"-4,64",91
THUNDER DO CARUMBÉ 1660,136682,2009,,P,PO,269,,2,82,"-0,04","0,54",33,"5,82","0,62",32,"0,24","0,24",54,57,"-0,07",95,"0,13",44,"0,03",78,"0,13",34,"-0,03",46,,58,2,55,"-3,74","0,46",96,"2,08",76,"-0,13",98,"0,07",63,"0,01",82,"0,10",42,"-0,05",39,"-0,40","0,42",93,"-4,85",91
RIB TEI05 YESQUERO QUEBRACHO KARÚ,186817,2014,,V,PO,21184,K,21,234,"-0,39","0,72",17,"-1,94","0,75",93,"-0,55","0,24",73,25,"0,04",78,"0,04",72,"0,12",50,"0,01",73,"0,07",84,,90,20,184,"-1,63","0,62",89,"-3,57",93,"-0,01",87,"-0,01",83,"0,11",59,"-0,02",79,"0,04",74,"0,17","0,69",63,"-4,86",91
VAR RESERVE 1111 RESERVE,IA1709,2011,,P,IA,15614,,5,29,"-0,20","0,43",25,"0,58","0,43",80,"0,57","0,11",47,11,"-0,03",90,"-0,13",98,"-0,05",93,"0,04",62,"0,02",67,,85,5,24,"-0,87","0,30",84,"-0,28",85,"-0,09",95,"-0,17",99,"-0,12",98,"-0,02",78,"0,04",72,"-0,29","0,35",90,"-4,92",91
LSF COMBINATION A301M,IA978,2002,,V,IA,23805,,12,178,"0,96","0,57",89,"2,22","0,69",67,"-0,58","0,33",74,133,"-0,18",99,"-0,26",99,"-0,23",99,"0,12",36,"-0,05",38,,88,10,158,"1,37","0,57",67,"3,59",68,"-0,17",99,"-0,23",99,"-0,26",99,"0,09",47,"-0,07",31,"-0,35","0,54",92,"-5,00",91
LAS LILAS 1663 ROBUSTO CACIQUE TE VIGOROSO,IA1145,2006,,P,IA,23805,,2,28,"-0,82","0,32",7,"-0,07","0,43",85,"-0,20","0,05",63,9,"-0,10",96,"0,01",81,"-0,04",90,"-0,04",84,"-0,02",51,,91,2,25,"0,03","0,30",78,"-0,03",84,"-0,10",96,"-0,03",86,"-0,01",87,"-0,05",84,"-0,03",46,"0,11","0,08",68,"-5,02",91
STRATUM 1333 CREDITO DISCOVERY TE CREDITO,IA1072,2000,,P,IA,23805,,23,320,"0,50","0,80",69,"-3,66","0,80",97,"2,04","0,46",17,281,"0,07",67,"0,03",76,"0,13",47,"-0,08",92,"0,11",92,,93,18,233,"-1,46","0,69",88,"-5,12",95,"0,02",82,"-0,04",88,"0,11",61,"-0,07",88,"0,13",93,"0,21","0,74",60,"-5,16",91
CIA.AZUL TE2624 CUMBIERO ZORZAL AVATAR,181092,2014,,P,PO,8538,P,2,38,"0,72","0,55",80,"0,53","0,58",81,"-1,88","0,23",91,12,"-0,04",91,"0,01",80,"0,01",82,"-0,13",96,"0,09",91,,86,2,28,"-1,40","0,45",87,"-0,87",87,"-0,07",94,"-0,06",92,"-0,02",88,"-0,16",96,"0,09",87,"-0,22","0,51",87,"-5,35",91
CIA.AZUL FIV TE1692 TRAPICHE PANCHO 444,161188,2012,,V,PO,8538,,1,48,"0,73","0,56",81,"-1,83","0,57",92,"0,20","0,21",55,24,"-0,01",87,"-0,08",94,"-0,03",90,"-0,03",82,"0,08",87,,91,1,28,"0,26","0,40",76,"-1,57",89,"0,00",84,"-0,12",97,"-0,05",92,"-0,02",78,"0,10",89,"-0,82","0,33",99,"-5,72",92
REPECHO TEI534 HAYMOUNT DA TÓLIO´S FARM,132529,2009,,P,PO,14838,,2,194,"-0,40","0,58",16,"3,33","0,59",57,"3,63","0,19",4,32,"0,06",74,"0,08",60,"0,06",70,"-0,07",90,"0,10",92,,62,2,147,"-7,32","0,45",99,"-3,99",93,"0,00",84,"-0,03",87,"-0,03",90,"-0,10",92,"0,14",95,"0,12","0,38",67,"-5,87",92
RED L83 MATADOR 43A MATADOR,IA1591,2013,,V,IA,16783,,2,34,"0,12","0,35",44,"1,03","0,47",76,"1,14","0,06",34,12,"-0,05",92,"0,11",49,"0,05",72,"-0,07",90,"0,02",68,,84,2,29,"-2,50","0,33",93,"-1,47",88,"-0,08",95,"0,10",53,"0,05",75,"-0,08",89,"0,03",68,"-0,01","0,32",76,"-5,96",92
RODEIO DO RINCÃO 199 ADÃO HEART TE106,162089,2012,,P,PO,14672,,1,24,"0,97","0,18",89,"-2,78","0,45",95,,,,,"0,03",78,"-0,03",87,"-0,04",91,"0,11",40,"-0,11",16,,92,1,20,"-1,52","0,32",88,"-4,30",94,"0,06",72,"-0,03",87,"-0,00",85,"0,12",38,"-0,12",16,"-0,43","0,36",94,"-5,96",92
TRÊS MARIAS TRES MARIAS 8565 CUMBIERO 7832 TE CUMBIERO 8565,IA1198,2009,,P,IA,23805,K,49,483,"0,52","0,81",70,"0,31","0,82",82,"0,26","0,51",53,408,"0,05",74,"-0,00",82,"0,12",51,"-0,03",82,"0,08",87,,80,40,307,"-4,34","0,71",98,"-4,02",93,"-0,01",86,"-0,07",93,"0,07",70,"-0,07",89,"0,08",84,"-0,09","0,76",80,"-6,07",92
TRADIÇÃO 1828,345057,2011,,P,PC,3638,,1,88,"0,17","0,35",48,"-4,14","0,64",98,"1,61","0,25",24,32,"0,13",48,"0,14",42,"0,09",60,,,,,,92,1,82,"-1,69","0,53",90,"-5,83",96,"0,08",68,"0,09",57,"0,09",65,,,,,"-0,63","0,59",97,"-6,15",92
PAINEIRAS ARPÃO GURI 4918,105921,2004,,P,PO,14028,,11,213,"-0,48","0,66",14,"-1,98","0,73",93,"-4,25","0,42",99,149,"0,06",74,"-0,04",90,"0,00",84,"-0,04",85,"0,00",59,,89,9,126,"-2,39","0,59",92,"-4,38",94,"0,04",78,"-0,08",94,"-0,03",89,"-0,02",78,"-0,02",50,"-0,41","0,51",94,"-6,18",92
SANTA SÉRGIA TOMY RUBIO TENIENTE,IA839,2000,,V,IA,23805,,56,1550,"-0,16","0,85",26,"-1,22","0,88",90,"2,86","0,68",8,987,"0,02",81,"0,09",57,"0,06",70,"-0,06",87,"-0,10",19,,89,50,1056,"-3,50","0,81",96,"-4,72",95,"0,02",82,"0,08",57,"0,08",69,"-0,10",93,"-0,11",18,"0,16","0,84",63,"-6,19",92
BC LOOKOUT 7024,IA1038,2004,,P,IA,27153,,12,132,"0,37","0,61",61,"-3,24","0,68",96,"0,27","0,24",53,85,"0,02",81,"0,02",79,"0,09",61,"-0,21",99,"0,08",87,,94,11,77,"-0,92","0,50",85,"-4,17",94,"-0,01",86,"0,04",71,"0,06",73,"-0,21",98,"0,08",85,"-0,11","0,54",82,"-6,28",92
BIEBER ROUSE SAMURAI X22,IA1431,2010,,V,IA,4568,M,4,28,"-1,07","0,26",4,"-0,36","0,46",86,"0,04","0,14",58,9,"-0,02",88,"-0,10",95,"-0,07",95,"-0,04",84,"0,17",98,,88,4,17,"-0,35","0,32",81,"-0,72",86,"-0,07",93,"-0,12",97,"-0,11",97,"-0,12",94,"0,18",98,"-0,85","0,34",99,"-6,30",92
TRIPLE J DESIGN OF FOXCROSS,IA891,2002,,P,IA,23805,,8,86,"-0,44","0,57",15,"-2,69","0,65",95,"1,07","0,29",36,82,"0,01",83,"0,12",48,"-0,03",90,"-0,06",88,"0,00",60,,93,8,71,"-1,87","0,52",90,"-4,56",95,"-0,01",87,"0,01",77,"-0,08",95,"-0,08",90,"0,02",66,"0,18","0,54",62,"-6,32",92
SANTA CECÍLIA 3244,408633,2015,,P,PC,10,,1,24,"-0,91","0,48",5,"0,37","0,48",82,"3,47","0,12",5,2,"-0,01",86,"0,02",78,"-0,03",90,"0,18",22,"0,04",73,,84,1,15,"-3,82","0,35",96,"-3,45",92,"-0,07",93,"-0,02",85,"-0,12",97,"0,14",33,"0,04",73,"0,32","0,43",50,"-6,41",93
TRADIÇÃO 2003,372461,2013,,P,PC,3638,,1,53,"1,27","0,54",96,"0,32","0,56",82,"1,32","0,19",30,5,"-0,04",92,"-0,13",98,"-0,01",86,"-0,23",99,"-0,03",43,,87,1,48,"-2,96","0,44",94,"-2,65",90,"-0,07",93,"-0,13",98,"-0,04",91,"-0,29",99,"-0,02",48,"0,11","0,51",67,"-6,58",93
DON FLORENCIO 627 GUARANÖ 466 TE GUARANI,IA1931,2013,,V,IA,12657,K,7,44,"1,02","0,59",90,"-3,33","0,59",96,"-3,55","0,22",99,6,"0,12",53,"0,17",33,"0,15",40,"-0,08",91,"-0,00",58,,91,5,27,"-2,78","0,44",94,"-6,11",97,"0,11",59,"0,20",25,"0,18",36,"-0,10",92,"0,01",60,"-0,74","0,48",99,"-6,60",93
CONNEALY UNITED 1116,IA1508,2011,,P,IA,278,,4,40,"0,39","0,46",62,"-1,21","0,52",90,"-1,36","0,13",85,16,"0,02",82,"0,22",23,"0,07",67,"-0,07",90,"0,09",90,,89,4,26,"-2,19","0,36",92,"-3,40",92,"0,02",82,"0,17",31,"0,08",67,"-0,07",88,"0,10",88,"-0,58","0,40",96,"-6,61",93
UMBU 1416 BRIGADIER TE,129663,2008,,V,PO,99,,4,350,"-0,07","0,80",32,"-0,71","0,79",87,"-4,29","0,50",99,288,"0,06",73,"0,05",69,"0,12",49,"0,09",45,"-0,00",57,,85,3,262,"-5,13","0,69",99,"-5,84",96,"0,04",78,"0,02",75,"0,16",44,"0,07",53,"-0,00",56,"0,14","0,72",66,"-6,73",93
TRÊS MARIAS 9265 CANDE 8328 TE CORONEL,IA1415,2011,,P,IA,16982,K,21,254,"0,50","0,73",69,"0,98","0,76",77,"-4,18","0,37",99,88,"0,03",79,"-0,02",86,"0,00",84,"0,07",53,"0,30",99,,79,19,162,"-4,30","0,62",98,"-3,32",92,"-0,06",92,"-0,19",99,"-0,09",96,"0,06",55,"0,36",99,"-0,14","0,69",83,"-6,74",93
LC VULCANICO TEIV312 CUMBIERO,163566,2012,,P,PO,4602,,1,20,"0,46","0,28",67,"-0,22","0,27",85,,,,,"0,05",76,"0,00",81,"0,08",66,"-0,01",77,"0,08",87,,83,1,2,"-3,87","0,21",96,"-4,08",93,"-0,00",85,"-0,06",91,"0,05",75,"-0,06",86,"0,09",87,"-0,40","0,22",93,"-6,94",93
BIGUÁ 6677 HEAVY HITTER TE,187083,2015,,P,PO,18474,,1,24,"0,47","0,37",67,"-1,27","0,41",90,"-2,33","0,16",94,5,"0,01",83,"-0,02",85,"-0,05",93,"-0,13",95,"0,14",96,,89,1,20,"-4,60","0,34",98,"-5,87",96,"-0,03",90,"-0,05",90,"-0,04",91,"-0,17",96,"0,16",96,"0,76","0,35",21,"-6,98",93
FREYS OPPORTUNITY 148A,IA1673,2013,,P,IA,16783,,3,37,"0,05","0,27",39,"-1,05","0,46",89,"-0,01","0,02",59,3,"0,03",80,"-0,03",87,"-0,06",94,"-0,07",90,"0,11",92,,88,3,21,"-3,65","0,28",96,"-4,70",95,"0,04",77,"-0,05",90,"-0,06",93,"-0,04",84,"0,11",90,"-0,37","0,26",92,"-7,02",94
LUCQ 254 PESIFICADO TE PESIFICADO,IA2071,2014,,P,IA,25935,,6,31,"0,80","0,45",84,"-3,06","0,45",96,,,,,"0,12",52,"0,16",37,"0,09",60,"-0,10",93,"0,23",99,,90,4,24,"-4,03","0,32",97,"-7,09",98,"0,11",60,"0,13",44,"0,06",73,"-0,13",94,"0,28",99,"-0,51","0,32",95,"-7,18",94
LA TRINDAD CAPITAN S CAPITAN PRECISION 1025 2T/E,IA1058,2005,,V,IA,23805,,20,530,"-0,42","0,74",16,"-2,38","0,81",94,"2,45","0,54",12,423,"-0,09",96,"-0,14",98,"-0,11",97,"0,06",57,"-0,03",43,,96,17,396,"0,81","0,71",72,"-1,58",89,"-0,08",95,"-0,14",98,"-0,07",94,"0,03",62,"0,01",61,"-0,38","0,74",93,"-7,22",94
CATANDUVA HIBERNAL STRYKER 4140 TE 37,79149,1999,,V,PO,16417,,2,180,"0,17","0,74",48,"-0,16","0,73",85,"-1,63","0,41",89,174,"-0,01",86,"-0,04",89,"0,06",70,"-0,03",83,"0,07",84,,87,2,138,"-3,79","0,62",96,"-3,95",93,"-0,02",89,"-0,05",91,"0,05",75,"-0,03",80,"0,08",84,"-0,14","0,66",83,"-7,37",94
PAINEIRAS STRYKER ROCK GARRINCHA 4948,106917,2004,,P,PO,14028,,4,82,"0,67","0,52",78,"-3,91","0,64",97,"1,31","0,36",30,78,"-0,03",90,"-0,06",92,"-0,00",85,"0,02",68,"0,03",70,,97,4,32,"-1,51","0,49",88,"-5,42",96,"-0,02",89,"-0,01",82,"0,04",78,"0,02",67,"0,03",68,"0,40","0,44",44,"-7,43",94
COLEMAN REGIS 904,IA1215,2009,,P,IA,23805,M,4,70,"-1,54","0,61",2,"-3,47","0,61",97,"4,53","0,29",2,82,"-0,09",96,"-0,08",93,"-0,04",90,"-0,06",88,"-0,02",49,,97,3,56,"1,17","0,48",68,"-2,30",90,"-0,14",98,"-0,03",86,"-0,10",96,"-0,10",92,"-0,03",45,"0,14","0,56",65,"-7,43",94
TRES MARIAS A348 DON EMILIO DON EMILIO,IA1930,2015,,P,IA,5150,K,20,110,"0,64","0,63",77,"-4,19","0,65",98,"-0,55","0,18",73,5,"-0,08",95,"-0,05",90,"-0,00",85,"-0,17",98,"0,23",99,,98,14,58,"0,24","0,48",76,"-3,95",93,"-0,11",97,"-0,02",85,"0,00",84,"-0,21",98,"0,19",98,"0,52","0,54",36,"-7,70",94
TRÊS MARIAS 7629 DAKTARY TE DAKTARY,IA1417,2006,,V,IA,16982,,9,40,"-0,56","0,54",11,"-4,88","0,53",98,"-0,64","0,20",75,9,"0,12",54,"0,21",26,"0,26",13,"-0,17",98,"0,15",97,,94,6,24,"-2,92","0,40",94,"-7,80",99,"0,16",43,"0,21",21,"0,32",9,"-0,19",98,"0,13",93,"-0,84","0,48",99,"-7,73",94
MAYA FIV431 KEVIN CANDELERO FOREMAN,181864,2014,,P,PO,15958,K,1,30,"0,53","0,47",71,"-4,10","0,46",97,,,,,"-0,00",85,"-0,02",86,"0,06",69,"0,02",68,"0,03",71,,96,1,11,"-1,88","0,30",90,"-5,98",97,"-0,01",87,"0,02",75,"0,06",72,"0,06",55,"0,04",71,"0,29","0,25",52,"-7,75",94
GELADO DA RIO DA PAZ,102914,2004,,P,PO,13436,,2,140,"0,05","0,66",39,"-1,62","0,70",92,"0,53","0,35",47,135,"-0,06",94,"0,10",54,"0,17",33,"-0,23",99,"0,07",86,,93,2,106,"-0,07","0,57",80,"-1,69",89,"-0,05",92,"0,08",58,"0,16",43,"-0,22",99,"0,09",87,"-0,87","0,65",99,"-7,79",94
BASCO NET WORTH 506TE,176335,2012,,P,PO,4074,,1,33,"0,78","0,52",83,"-3,04","0,53",96,"0,16","0,20",56,7,"-0,01",87,"-0,02",84,"0,12",49,"0,02",67,"-0,00",58,,95,1,18,"-2,14","0,39",92,"-5,18",95,"-0,03",90,"-0,01",83,"0,12",56,"0,03",63,"0,01",62,"-0,05","0,38",78,"-8,28",95
RINCON TE3083 DEL SARANDY,204937,2016,,P,PO,7287,,1,21,"0,74","0,46",81,"-5,18","0,45",99,"-1,34","0,20",85,1,"0,05",74,,,,,,,"0,14",96,,97,1,13,"-2,63","0,36",93,"-7,81",99,"-0,00",85,"-0,00",81,"0,06",74,"-0,19",97,"0,16",97,"0,38","0,33",46,"-8,39",95
CIA.AZUL TE2626 MAXI NET WORTH,194287,2014,,P,PO,8538,,1,48,"0,52","0,58",70,"0,13","0,58",84,,,,,"-0,08",96,"-0,03",88,"-0,06",93,"-0,11",94,"-0,02",48,,89,1,22,"-1,63","0,41",89,"-1,50",88,"-0,12",97,"0,01",79,"-0,03",90,"-0,13",95,"0,01",61,"-0,52","0,43",95,"-8,41",95
UMBU TE1784 HORNERO,165406,2010,,P,PO,99,,1,54,"-0,94","0,61",5,"-0,32","0,60",86,"-3,28","0,24",98,26,"-0,06",94,"-0,03",88,"0,02",80,"0,01",73,"0,07",85,,90,1,43,"-2,82","0,47",94,"-3,14",91,"-0,12",98,"-0,08",95,"-0,01",86,"-0,03",81,"0,09",86,"0,05","0,50",72,"-8,43",95
Performance Qualidade de carne Adaptação SANTA JOANA FULLBACK 24TE,164313,2011,,P,PO,15398,,3,83,"1,38","0,62",97,"3,10","0,61",58,"0,20","0,27",55,54,"0,00",85,"0,30",10,"0,18",29,"-0,03",83,"-0,05",35,,69,3,69,"-5,73","0,49",99,"-2,63",90,"-0,17",99,"0,10",53,"0,11",59,"-0,11",94,"-0,01",53,"-0,09","0,53",80,"-8,44",95
NORTHLINE FAT TONY 605U,IA1181,2008,,V,IA,23805,,7,147,"-0,30","0,59",21,"-2,80","0,69",95,"0,05","0,26",57,81,"-0,19",99,"-0,10",95,"-0,13",99,"-0,01",78,"0,02",65,,98,7,99,"1,77","0,54",64,"-1,03",87,"-0,17",99,"-0,03",87,"-0,13",98,"-0,01",75,"0,02",66,"0,12","0,47",67,"-8,47",95
74-51 CHANGING TIME 060,IA1470,2010,,P,IA,18583,,5,71,"0,49","0,57",68,"1,57","0,56",72,"0,86","0,08",40,8,"-0,01",87,"-0,20",99,"-0,20",99,"0,36",4,"0,35",99,,80,4,56,"-4,55","0,42",98,"-2,98",91,"-0,07",94,"-0,23",99,"-0,26",99,"0,35",4,"0,37",99,"-0,57","0,55",96,"-8,58",95
TRES MARIAS 8239 MALEVO TE,IA1200,2008,,V,IA,23805,,4,22,"0,02","0,46",36,"-2,94","0,45",95,"-2,26","0,15",93,18,"0,05",75,"-0,03",87,"0,11",54,"-0,08",91,"0,01",62,,92,3,16,"-4,69","0,33",99,"-7,63",98,"0,06",74,"-0,05",90,"0,09",65,"-0,05",85,"0,00",59,"-0,04","0,34",77,"-8,78",95
TRES MARIAS 5893 FALUCHO TE,IA1122,1999,,P,IA,23805,K,12,183,"0,25","0,66",53,"0,25","0,70",83,"-5,07","0,38",99,124,"0,02",82,"0,02",79,"0,04",77,"-0,02",81,"0,12",95,,83,11,141,"-4,00","0,57",97,"-3,76",93,"-0,06",92,"-0,07",92,"0,01",83,"-0,08",89,"0,14",94,"-0,72","0,62",98,"-8,84",95
LAZY MC CC DETOUR 2W DETOUR,IA1365,2009,,V,IA,16783,,3,37,"-0,06","0,44",33,"-5,04","0,51",98,"-1,07","0,14",82,37,"0,02",83,"0,06",67,"0,07",67,"0,06",56,"0,11",94,,97,2,30,"-2,25","0,36",92,"-7,28",98,"0,01",83,"0,07",63,"0,07",70,"0,03",63,"0,13",94,"0,15","0,33",65,"-8,85",95
RECONQUISTA 273 DISCUTIDO COPPER ROB,77239,1999,,V,PO,155,,28,933,"0,23","0,73",52,"-3,91","0,81",97,"-0,48","0,54",72,341,"-0,01",87,"-0,05",90,"-0,00",85,"-0,05",86,"0,14",96,,96,25,622,"-1,54","0,70",88,"-5,44",96,"-0,02",89,"-0,07",93,"-0,05",92,"-0,05",85,"0,20",99,"-0,26","0,68",88,"-8,92",95
CIA.AZUL TE3058 TRAPICHE C.0134,190093,2015,,V,PO,8538,,1,36,"0,17","0,56",48,"-1,40","0,55",91,"-0,06","0,20",60,4,"-0,06",94,"0,25",17,"0,33",5,"-0,28",99,"-0,02",50,,92,1,20,"-1,67","0,41",89,"-3,07",91,"-0,07",94,"0,21",22,"0,40",3,"-0,29",99,"-0,03",46,"-0,67","0,38",97,"-9,29",96
PREMIER VALEDICTORIAN,IA255,1985,,P,IA,23805,,4,28,"0,47","0,11",67,"-0,88","0,47",88,"0,15","0,10",56,11,"-0,08",95,"-0,12",97,"-0,10",97,"0,02",70,"0,00",59,,91,3,20,"-1,99","0,32",91,"-2,87",91,"-0,10",97,"-0,13",98,"-0,12",98,"0,03",64,"0,01",61,"-0,49","0,16",95,"-9,40",96
FSL G VEZÚVIO TE G24,120681,2007,,P,PO,14320,,1,57,"0,26","0,54",54,"-0,67","0,54",87,,,,,"0,02",81,"-0,03",88,"0,13",45,"-0,05",86,"0,08",89,,87,1,54,"-4,20","0,45",98,"-4,87",95,"0,00",84,"-0,05",89,"0,16",44,"-0,11",93,"0,11",90,"-0,95","0,56",99,"-9,61",96
NICHOLS GOOD AS GOLD Z103,IA1812,2012,,P,IA,19892,,1,70,"0,77","0,45",82,"-3,50","0,44",97,,,,,"-0,07",94,"-0,13",98,"-0,01",86,"-0,13",96,,,,97,1,68,"-1,27","0,33",86,"-4,77",95,"-0,07",93,"-0,10",95,"-0,02",88,"-0,19",97,,,"-0,18","0,39",85,"-9,67",96
SANTA EULÁLIA BRIGADIER 744,153066,2011,,P,PO,95,,1,23,"-0,03","0,43",34,"-1,51","0,42",92,"-1,82","0,19",91,9,"-0,12",97,"-0,08",93,"-0,15",99,"-0,25",99,"-0,06",33,,95,1,22,"-2,67","0,32",94,"-4,18",94,"-0,14",98,"-0,08",94,"-0,18",99,"-0,27",99,"-0,07",32,"0,45","0,35",41,"-9,75",96
ENFATICO TEI123 DA 3 MARIAS TEI - FREE S,170732,2013,,P,PO,16965,,2,23,"0,20","0,36",50,"-4,26","0,35",98,"1,10","0,08",35,9,"-0,12",97,"-0,06",92,"-0,09",96,"-0,30",99,"-0,12",15,,99,1,14,"-1,45","0,22",88,"-5,72",96,"-0,12",98,"-0,07",92,"-0,09",96,"-0,30",99,"-0,11",19,"0,91","0,28",14,"-9,83",96
WT BUTIÁ 003,132078,2009,,P,PO,17087,,1,56,"0,35","0,50",60,"-0,08","0,50",85,"-2,20","0,26",93,104,"-0,23",99,"-0,33",99,"-0,17",99,"-0,17",98,"0,04",76,,95,1,55,"0,92","0,42",71,"0,85",81,"-0,16",99,"-0,26",99,"-0,15",99,"-0,08",90,"0,05",76,"-0,97","0,49",99,"-10,11",96
SOLDERA 7122 VISTOSO,207967,2017,,P,PO,15061,,1,35,"-2,26","0,49",1,"-3,27","0,52",96,"1,72","0,13",22,1,"-0,11",97,"-0,01",84,"-0,02",88,"-0,24",99,"0,02",66,,98,1,16,"-1,33","0,37",87,"-4,61",95,"-0,14",98,"-0,01",82,"0,00",84,"-0,31",99,"0,04",73,"0,38","0,44",46,"-10,13",96
UMBU 2476 GREAT DIVIDE,181210,2014,,P,PO,99,,1,25,"1,09","0,50",92,"-0,95","0,49",89,"0,26","0,13",53,4,"0,01",83,"-0,05",90,"0,02",81,"-0,01",77,"0,02",68,,88,1,19,"-5,42","0,37",99,"-6,38",97,"-0,06",93,"-0,13",98,"-0,04",92,"-0,09",91,"0,02",65,"-0,15","0,35",84,"-10,48",96
PAMPEANO 177 BLUE CUB 62 TINTO CABERNET,IA962,2004,,V,IA,23805,,15,237,"0,47","0,47",67,"-4,23","0,72",98,"-0,24","0,27",69,80,"-0,08",95,"-0,11",97,"-0,01",85,"-0,08",92,"0,03",71,,98,11,121,"-1,94","0,53",90,"-6,16",97,"-0,06",92,"-0,04",89,"0,03",80,"-0,17",96,"0,05",75,"0,12","0,45",67,"-10,57",97
ISA TEI3170 CANDELERO DA ENCARNAÇÃO,195349,2013,,P,PO,15061,,2,28,"-0,78","0,37",7,"-2,02","0,50",93,"-2,82","0,22",97,6,"-0,02",88,"-0,07",93,"0,04",75,"0,01",72,"0,11",93,,92,2,19,"-4,64","0,38",99,"-6,66",97,"-0,09",96,"-0,11",96,"-0,02",89,"-0,04",83,"0,13",94,"0,25","0,41",56,"-10,67",97
GLACIER MARIAS 548,IA501,1995,,V,IA,23805,,14,158,"0,46","0,63",67,"-0,19","0,73",85,"-1,16","0,48",83,149,"-0,01",86,"0,03",74,"0,04",75,"0,04",63,"0,12",95,,87,10,108,"-6,37","0,63",99,"-6,56",97,"-0,03",89,"-0,07",93,"0,01",83,"0,02",68,"0,14",94,"-0,22","0,53",87,"-10,78",97
CIA.AZUL 3298 MAXI WIDESPREAD HOLLYWOOD,191048,2015,,P,PO,8538,K,1,21,"0,60","0,47",75,"-0,78","0,45",87,"-1,25","0,17",84,1,"-0,03",90,"0,06",67,"0,05",72,"-0,23",99,"0,08",87,,90,1,5,"-4,81","0,29",99,"-5,59",96,"-0,09",96,"0,05",67,"0,05",76,"-0,27",99,"0,07",81,"-0,20","0,26",86,"-10,92",97
MAC'ACHIN BISMARCK 4473 CAPO,IA1697,2012,,P,IA,21721,,1,51,,,,"-3,40","0,19",97,"-0,69","0,17",77,20,"-0,05",93,"0,00",81,"0,00",84,"-0,03",82,"0,03",72,,96,1,43,"-3,71","0,16",96,"-7,11",98,"-0,08",95,"-0,02",84,"-0,00",85,"-0,06",86,"0,05",75,"0,35","0,18",48,"-11,03",97
RUBETA 5897 SUPREMO SUPREMO,IA1932,2010,,V,IA,18480,K,9,65,"0,27","0,58",55,"-4,93","0,60",98,"-2,44","0,19",95,1,"-0,02",88,"0,09",58,"0,07",68,"-0,18",98,"0,14",96,,98,9,50,"-2,43","0,47",93,"-7,36",98,"-0,00",85,"0,15",37,"0,11",60,"-0,23",99,"0,12",93,"-0,36","0,55",92,"-11,05",97
RED BRUJO 1447 TELLECHEA MAGO,150550,2011,,V,PO,18551,P,4,77,"-0,63","0,60",10,"-8,40","0,61",99,"1,53","0,21",26,20,"0,06",73,"0,08",62,"0,06",72,"-0,04",85,"0,16",98,,99,4,62,"-1,58","0,48",89,"-9,99",99,"0,08",68,"0,10",52,"0,06",74,"-0,05",84,"0,20",99,"-0,43","0,45",94,"-11,15",97
SANTA EULÁLIA 1141 QUEBRACHO ZORZALTE770,153836,2011,,P,PO,95,T,1,38,"-0,25","0,52",23,"-1,31","0,53",90,"-2,66","0,18",96,1,"-0,06",94,"-0,03",87,"0,03",78,"-0,17",98,"-0,03",45,,92,1,28,"-3,93","0,40",97,"-5,24",96,"-0,13",98,"-0,08",94,"-0,00",85,"-0,23",99,"-0,03",45,"-0,11","0,44",82,"-11,29",97
TRES MARIAS 5887 HORNERO TE HORNERO,IA849,1999,,P,IA,23805,K,62,732,"0,71","0,83",80,"2,12","0,85",68,"-7,54","0,66",99,1049,"-0,01",87,"-0,06",91,"0,04",75,"0,01",72,"0,11",93,,76,52,521,"-6,43","0,78",99,"-4,31",94,"-0,08",95,"-0,14",98,"-0,00",85,"-0,09",91,"0,15",96,"-1,01","0,80",99,"-11,43",97
PIEDRITA 731 ÑATO,IA1398,2010,,V,IA,4568,M,14,159,"-0,49","0,66",13,"-0,41","0,70",86,"-1,61","0,27",89,51,"-0,03",90,"0,10",54,"0,02",81,"-0,03",83,"-0,07",28,,88,14,119,"-5,03","0,57",99,"-5,45",96,"-0,03",90,"0,09",57,"-0,03",89,"-0,11",94,"-0,03",45,"-0,84","0,63",99,"-11,52",97
TRES MARIAS 6743 AGUILUCHO,IA1029,2003,,P,IA,23805,,21,343,"0,46","0,77",66,"0,48","0,79",81,"-7,74","0,50",99,280,"-0,07",95,"-0,08",93,"0,04",77,"-0,05",85,"0,07",85,,88,18,230,"-3,97","0,67",97,"-3,49",92,"-0,12",97,"-0,10",96,"-0,04",91,"-0,09",91,"0,12",92,"-0,86","0,66",99,"-11,53",98
CIA.AZUL NOBRE TE2306,172390,2013,,V,PO,8538,,1,36,"-0,36","0,54",19,"-0,84","0,53",88,"-1,14","0,20",83,21,"-0,20",99,"0,07",64,"0,15",40,"-0,32",99,"-0,01",54,,96,1,19,"-0,63","0,39",83,"-1,47",88,"-0,20",99,"0,03",72,"0,21",30,"-0,32",99,"-0,00",56,"-0,57","0,39",96,"-11,75",98
CIA.AZUL TE3574 MAXI P.MIND,191937,2015,,P,PO,8538,,1,69,"0,29","0,64",57,"-1,53","0,64",92,"-0,81","0,23",78,7,"-0,06",94,"0,01",79,"0,10",59,"-0,15",97,"0,14",96,,93,1,38,"-4,40","0,48",98,"-5,93",97,"-0,14",98,"-0,02",85,"0,08",68,"-0,20",98,"0,15",96,"0,09","0,47",69,"-11,80",98
F.A.S TE309,189108,2013,,V,PO,17647,,1,22,"0,21","0,43",51,"-4,01","0,42",97,"-2,04","0,21",92,11,"-0,08",95,"0,00",81,"-0,02",87,"-0,11",94,"0,04",76,,98,1,14,"-2,35","0,33",92,"-6,36",97,"-0,06",92,"0,01",78,"0,01",83,"-0,10",92,"0,04",74,"-0,41","0,38",94,"-12,13",98
DUFF TARGET 033,IA1335,2010,,P,IA,17737,,2,23,"0,22","0,45",51,"-3,89","0,46",97,"1,25","0,11",31,7,"-0,07",94,"0,24",19,"0,13",48,"-0,33",99,"-0,06",34,,97,2,22,"-3,94","0,35",97,"-7,83",99,"-0,07",94,"0,24",18,"0,16",42,"-0,35",99,"-0,10",23,"-0,15","0,39",84,"-13,24",98
UMBU 6076,342696,2011,,V,PC,99,,1,28,"-0,67","0,51",9,"-5,41","0,50",99,"-2,64","0,16",96,4,"0,07",68,"-0,05",91,"0,06",69,"0,06",57,"0,06",82,,97,1,21,"-6,86","0,38",99,"-12,27",99,"0,04",77,"-0,06",91,"0,06",72,"0,03",63,"0,08",85,"-0,01","0,41",75,"-13,53",99
UMBU 302 BARTOLOMÉ,78416,1999,,V,PO,99,,2,149,"2,85","0,73",99,"-1,90","0,72",93,"-4,58","0,39",99,118,"-0,06",94,"-0,01",84,"0,02",80,"0,06",58,"0,02",66,,94,2,113,"-5,28","0,60",99,"-7,18",98,"-0,10",96,"-0,05",90,"-0,01",86,"0,02",66,"0,02",64,"-0,32","0,65",91,"-13,64",99
BIGUÁ 6457 BISMARCK FIV,187111,2014,,P,PO,18474,M,5,27,"0,05","0,46",39,"-5,05","0,46",99,"-1,17","0,20",83,7,"0,07",68,"-0,08",93,"-0,01",87,"-0,18",98,"0,07",86,,96,4,25,"-7,08","0,37",99,"-12,13",99,"-0,01",87,"-0,10",95,"-0,00",85,"-0,30",99,"0,08",86,"-0,04","0,42",77,"-14,38",99
RED ERIC,IA683,1989,,V,IA,27157,,32,756,"-0,48","0,73",14,"-4,35","0,81",98,"-1,63","0,56",89,441,"-0,03",91,"0,02",78,"0,04",75,"-0,27",99,"0,04",73,,97,26,529,"-5,99","0,71",99,"-10,34",99,"-0,07",94,"-0,06",92,"-0,01",86,"-0,29",99,"0,09",87,"0,15","0,69",65,"-14,81",99
SOLÉ 805 MACANUDO 436,162970,2012,,P,PO,11430,,1,44,"0,64","0,22",77,"-7,30","0,50",99,"2,75","0,15",10,19,"-0,08",95,"0,16",36,"-0,01",86,"-0,22",99,"0,04",74,,99,1,42,"-1,95","0,38",91,"-9,25",99,"-0,15",99,"0,03",73,"-0,11",97,"-0,30",99,"0,03",70,"0,22","0,45",58,"-14,86",99
TRES MARIAS 8235 METEJON TE METEJON,IA1150,2008,,P,IA,23805,,9,46,"0,31","0,56",58,"-3,21","0,58",96,"-2,32","0,26",94,77,"-0,05",92,"-0,09",95,"-0,14",99,"0,06",57,"0,07",86,,96,8,34,"-8,22","0,45",99,"-11,43",99,"-0,06",93,"-0,08",95,"-0,15",99,"0,07",53,"0,09",87,"0,28","0,48",53,"-16,09",99
PWM REI TECB1560 LIDER,175803,2014,,P,PO,14676,,3,31,"0,77","0,50",82,"-3,54","0,51",97,"-2,51","0,22",96,2,"0,03",80,"0,04",72,"0,10",59,"-0,01",77,"0,18",99,,94,2,17,"-8,59","0,40",99,"-12,14",99,"-0,02",88,"0,03",73,"0,08",69,"-0,08",89,"0,20",99,"-0,26","0,45",88,"-16,13",99
PAMPEANO 1283 DAKTARY 594 BRUJO MELINCUE,IA1639,2012,,V,IA,10379,,3,34,"-0,25","0,25",23,"-7,86","0,47",99,"0,19","0,11",55,16,"-0,02",89,"0,15",40,"0,09",62,"-0,28",99,"0,19",99,,99,3,27,"-4,03","0,34",97,"-11,89",99,"-0,01",87,"0,15",36,"0,11",59,"-0,33",99,"0,18",98,"-1,02","0,33",99,"-17,88",99
ALICIA BEATRIZ 941 PASTOR TE REFERENTE,IA1399,2007,,V,IA,16477,,7,25,"-1,19","0,42",3,"-5,52","0,43",99,"-0,30","0,22",70,18,"-0,20",99,"-0,18",99,"-0,11",98,"-0,25",99,"0,17",98,,99,6,16,"-3,05","0,34",94,"-8,56",99,"-0,21",99,"-0,16",99,"-0,10",96,"-0,31",99,"0,19",98,"-0,53","0,34",96,"-19,58",99
DON APARICIO SERRUCHO 57 MAXI TE SERRUCHO,IA1891,2013,,P,IA,22984,K,28,310,"-0,03","0,75",34,"-4,11","0,77",98,"-2,19","0,24",93,17,"0,10",61,"-0,10",96,"0,11",55,"-0,17",98,"0,22",99,,93,22,230,"-13,76","0,65",99,"-17,87",99,"-0,01",86,"-0,17",99,"0,09",66,"-0,32",99,"0,25",99,"-0,14","0,74",83,"-21,19",99
BURITÍ,83871,2001,,V,PO,8534,,3,37,"-0,86","0,48",6,"-5,16","0,50",99,"0,49","0,19",48,13,"-0,26",99,"-0,38",99,"-0,25",99,"-0,33",99,"0,06",83,,99,2,28,"-4,41","0,37",98,"-9,57",99,"-0,28",99,"-0,36",99,"-0,27",99,"-0,35",99,"0,06",78,"-0,70","0,26",98,"-23,41",99
EL ABRA HAYMOUNT 4022,IA926,1996,,P,IA,23805,,5,170,"-1,80","0,54",1,"-5,77","0,67",99,"1,72","0,30",22,81,"-0,18",99,"-0,02",85,"-0,03",90,"-0,38",99,"0,07",86,,99,5,90,"-11,89","0,51",99,"-17,67",99,"-0,24",99,"-0,15",99,"-0,09",96,"-0,44",99,"0,12",92,"-0,40","0,50",93,"-29,94",99
