nome_touro,registro,ano_nasc,var_mocha,pelagem,categoria,criador_codigo,fornecedor_semen_cod,reb_desm,nf_desm,pn_dep,pn_acuracia,pn_percentil,gnd_direto_dep,gnd_direto_acuracia,gnd_direto_percentil,gnd_materno_dep,gnd_materno_acuracia,gnd_materno_percentil,netos,conformacao_desm_dep,conformacao_desm_percentil,precocidade_desm_dep,precocidade_desm_percentil,musculatura_desm_dep,musculatura_desm_percentil,tamanho_desm_dep,tamanho_desm_percentil,pelame_desm_dep,pelame_desm_percentil,indice_desmama,indice_desmama_percentil,reb_sobreano,nf_sobreano,gds_dep,gds_acuracia,gds_percentil,gns_dep,gns_percentil,conformacao_sobr_dep,conformacao_sobr_percentil,precocidade_sobr_dep,precocidade_sobr_percentil,musculatura_sobr_dep,musculatura_sobr_percentil,tamanho_sobr_dep,tamanho_sobr_percentil,pelame_sobr_dep,pelame_sobr_percentil,perimetro_escrotal_dep,perimetro_escrotal_acuracia,perimetro_escrotal_percentil,indice_final,indice_final_percentil
TRADIÇÃO 2075,C372370,2013,,P,PC,3638,,1,31,"0,25","0,44",61,"14,42","0,47",1,,,,,"0,54",1,"0,5",1,"0,51",1,"0,39",1,"-0,11",11,"54,93",1,1,30,"8,82","0,28",1,"23,24",1,"0,58",1,"0,46",1,"0,53",1,"0,46",1,"-0,1",15,"1,04","0,36",3,"57,18",1
SANTA JOANA 2387,C410343,2016,,P,PC,15398,,1,23,"1,61","0,28",99,"13,41","0,44",1,,,,,"0,45",1,"0,49",1,"0,46",1,,,"-0,38",1,"48,82",1,,0,"9,44","0,2",1,"22,85",1,"0,5",1,"0,56",1,"0,54",1,,,"-0,43",1,"0,5","0,32",20,"51,34",1
BUSHS EASY DECISION 98 EASY DECISION,IA-1768,2013,,P,IMP,16783,X,4,93,"0,22","0,53",59,"16,43","0,58",1,"0,11",0,46,15,"0,29",3,"0,19",16,"0,13",27,"0,49",1,"-0,24",1,"50,33",1,2,30,"10,27","0,21",1,"26,7",1,"0,31",3,"0,18",15,"0,22",13,"0,45",1,"-0,27",1,"1,24","0,39",1,"51,34",1
SAV REGARD 4863,IA-1692,2014,,P,IMP,,,6,107,"1,03","0,48",94,"13,86","0,62",1,"1,47","0,08",11,10,"0,34",2,"0,35",2,"0,35",2,"0,22",7,"-0,33",1,"45,94",1,4,60,"10,66","0,31",1,"24,52",1,"0,36",2,"0,33",3,"0,41",2,"0,17",15,"-0,32",1,"1,05","0,5",3,"50,31",1
WHS LIMELIGHT 64V,IA-1127,2007,,P,IMP,,,3,32,"0,14","0,46",52,"11,02","0,46",2,"0,23","0,09",36,2,"0,37",1,"0,18",17,"0,13",27,"0,41",1,"0,02",62,"39,93",1,3,25,"8,06","0,28",1,"19,07",1,"0,36",2,"0,19",15,"0,11",37,"0,44",1,0,55,"1,41","0,42",1,"44,47",1
CIA.AZUL 3264 CANDELERO CIA 1022 ROGER,O192024,2015,,P,PO,8538,"P,T",1,30,"1,25","0,51",97,"9,99","0,48",2,,,,,"0,54",1,"0,34",3,"0,38",1,"0,51",1,"-0,06",21,"43,9",1,1,9,"5,31","0,24",9,"15,3",3,"0,54",1,"0,26",6,"0,41",1,"0,53",1,"-0,04",30,"0,65","0,35",13,"44,25",1
SOLDERA TE6005 CANDELERO RESOURCE,O202214,2016,,P,PO,15061,,1,25,"0,6","0,33",80,"12,09","0,44",1,,,,,"0,25",5,"0,25",7,"0,25",5,"0,18",12,"-0,12",9,"38,28",1,1,4,"10,89","0,24",1,"22,98",1,"0,25",7,"0,26",6,"0,31",4,"0,15",17,"-0,13",9,"0,66","0,33",12,"43,01",1
SANTA JOANA 2269,C398979,2015,,P,PC,15398,,1,24,"1,26","0,45",97,"10,36","0,45",2,,,,,"0,41",1,"0,46",1,"0,43",1,,,"-0,08",17,"39,74",1,1,22,"7,87","0,26",2,"18,23",1,"0,49",1,"0,49",1,"0,51",1,,,"-0,1",14,"-0,13","0,42",76,"41,92",1
COLEMAN CHARLO 0256,IA-1853,2010,,P,IMP,,,6,28,"-0,2","0,41",25,"11,69","0,4",1,,,,,"0,44",1,"0,68",1,"0,51",1,"0,16",15,"-0,15",5,"44,34",1,4,16,"5,03","0,16",10,"16,72",2,"0,43",1,"0,53",1,"0,54",1,"0,08",35,"-0,15",7,"0,73","0,3",9,"41,76",1
TRADIÇÃO FIV T06 ZORZAL TE,O146110,2010,,P,PO,3638,,1,21,,,,"15,19","0,46",1,"-2,99","0,15",97,3,"0,23",8,"0,16",22,"0,2",12,,,"0,09",,"44,96",1,1,21,"6,12","0,3",5,"21,31",1,"0,21",12,"0,15",22,"0,19",19,,,,,"1,26","0,42",1,"40,4",1
R B TOUR OF DUTY 177 DUTY,IA-1640,2011,,P,IMP,,A,12,121,"-0,31","0,62",19,"9,29","0,63",3,"-1,32","0,03",80,6,"0,29",3,"0,13",29,"0,21",10,"0,47",1,"-0,08",15,"32,65",2,11,89,"10,07","0,31",1,"19,36",1,"0,27",6,"0,1",33,"0,18",21,"0,5",1,"-0,1",15,"0,79","0,57",7,"39,75",1
KOUPAL KOZI 418 KOZI,IA-1776,2014,,P,IMP,,,2,70,"0,55","0,4",78,"9,75","0,47",3,,,,,"0,45",1,"0,44",1,"0,51",1,"0,44",1,"-0,25",1,"39,92",1,1,4,"4,62","0,13",12,"14,37",4,"0,48",1,"0,39",2,"0,56",1,"0,44",1,"-0,25",1,"0,6","0,09",15,"39,67",1
SAV RESOURCE 1441 RESOURCE,IA-1369,2011,,P,IMP,,G,76,1188,"0,81","0,84",89,"7,84","0,86",6,"1,46","0,3",12,98,"0,26",5,"0,35",2,"0,3",3,"0,08",36,"-0,11",9,"27,99",5,59,671,"11,27","0,62",1,"19,11",1,"0,31",3,"0,38",2,"0,41",2,"0,05",46,"-0,11",12,"0,6","0,82",14,"39,33",1
RODEIO DO RINCÃO TE221 EXCEL BRAND 110,O164289,2012,,P,PO,14672,,2,45,"0,67","0,26",84,"11,53","0,55",1,-1,"0,12",75,6,"0,28",4,"0,46",1,"0,24",6,"0,11",28,"-0,11",10,"37,92",1,2,30,"6,57","0,31",4,"18,1",1,"0,33",3,"0,44",1,"0,3",5,"0,1",29,"-0,11",11,"0,83","0,42",6,"38,58",1
CIA.AZUL 3092 A. VALLEY ZORZAL,O188318,2015,,P,PO,8538,,1,25,"-0,37","0,47",17,"8,69","0,44",4,,,,,"0,19",13,"0,23",9,"0,04",56,"0,23",6,"-0,14",6,"27,44",5,1,11,"8,69","0,23",1,"17,38",2,"0,29",5,"0,27",5,"0,09",45,"0,32",2,"-0,18",4,"1,12","0,35",2,"36,15",2
SOLÉ 1314 IRON MOUNTAIN,O201647,2016,,P,PO,11430,,1,43,,,,"10,39","0,39",2,,,,,"0,26",5,"0,19",15,"0,22",9,"0,44",1,"-0,08",16,"34,46",2,,0,"7,56","0,2",2,"17,96",2,"0,23",10,"0,11",31,"0,18",21,"0,45",1,,,"0,54","0,32",17,"35,39",2
TRADIÇÃO T61,O190729,2015,,P,PO,3638,,1,30,"0,11","0,43",50,"11,16","0,47",1,,,,,"0,3",3,"0,29",5,"0,3",3,,,"0,03",69,"37,84",2,1,27,"4,46","0,28",13,"15,63",3,"0,29",5,"0,3",4,"0,33",4,,,"0,02",65,"0,94","0,42",4,"35,04",2
SANTA JOANA 1866,C362713,2012,,P,PC,15398,,2,100,"1,13","0,63",95,"5,78","0,64",15,"5,01","0,11",1,16,"0,4",1,"0,4",1,"0,39",1,,,"-0,24",1,"28,31",5,2,69,"7,36","0,37",2,"13,15",6,"0,51",1,"0,52",1,"0,5",1,,,"-0,27",1,"-0,41","0,55",91,"34,82",2
SAV WEST RIVER 2066,IA-1500,2012,,P,IMP,,,20,341,"-0,24","0,79",23,"8,16","0,78",5,"-0,64","0,17",69,19,"0,35",1,"0,26",6,"0,28",4,"0,24",6,"-0,06",21,"32,29",3,13,185,"5,26","0,44",9,"13,42",5,"0,37",2,"0,25",7,"0,3",5,"0,23",8,"-0,08",19,"0,66","0,67",13,"34,26",2
SAV RENOWN 3439 RENOWN,IA-1716,2013,,P,IMP,,G,21,268,"0,32","0,69",65,"6,95","0,72",9,"1,36","0,11",13,2,"0,32",2,"0,25",7,"0,24",7,"0,22",7,"-0,19",3,"28,16",5,16,161,"7,71","0,4",2,"14,66",4,"0,37",1,"0,27",5,"0,32",4,"0,22",8,"-0,2",3,"0,18","0,64",45,"34,17",2
BARRAGEM TE16 WESTWIND LÍDER TE198,O132409,2008,,P,PO,2251,,8,140,"-0,52","0,53",12,"10,7","0,61",2,"-0,52","0,23",66,27,"0,32",2,"0,54",1,"0,36",1,"-0,1",91,"-0,08",17,"37,28",2,7,62,"5,35","0,32",9,"16,05",2,"0,31",4,"0,58",1,"0,34",3,"-0,11",92,"-0,01",44,"0,16","0,47",47,"34,11",2
SAV SEEDSTOCK 4838,IA-1313,2014,,P,IMP,,,2,26,"0,8","0,44",89,"7,48","0,43",7,,,,,"0,34",2,"0,33",3,"0,28",4,"0,22",7,"-0,11",11,"30,23",3,2,18,"6,02","0,25",6,"13,5",5,"0,39",1,"0,35",2,"0,34",3,"0,27",5,"-0,13",9,"0,43","0,33",24,"34,04",2
SANTA JOANA 49,O185560,2014,,P,PO,15398,,2,36,"0,81","0,49",89,"11,46","0,49",1,,,,,"0,22",9,"0,35",2,"0,17",17,"0,09",32,"-0,21",2,"35,4",2,2,26,"5,7","0,31",7,"17,16",2,"0,25",8,"0,3",4,"0,18",21,"0,09",31,"-0,2",3,"0,77","0,44",8,"34,04",3
LORENZEN FIELD DAY 7455,IA-1076,2007,,V,IMP,,,5,121,"0,18","0,42",56,"9,81","0,65",2,"-0,19","0,25",60,52,"0,26",5,"0,18",16,"0,17",17,"0,23",6,"-0,1",11,"33,01",2,5,81,"5,49","0,41",8,"15,29",3,"0,3",4,"0,23",9,"0,23",12,"0,25",6,"-0,12",10,"0,81","0,51",7,"33,81",3
SANTO ANTÃO NET WORTH 843,O178023,2014,,P,PO,14982,,1,27,"0,96","0,47",93,"8,34","0,48",5,,,,,"0,32",2,"0,29",5,"0,28",4,,,"0,01",57,"31,46",3,1,15,"7,15","0,26",3,"15,49",3,"0,3",4,"0,25",7,"0,3",5,,,"0,01",58,"0,13","0,42",50,"33,57",3
S2 GAR INTEGRITY 13036 WORTH 4200 S2 INTEGRITY,O168534,2013,,P,PO,6667,L,3,32,"0,2","0,49",58,"7,31","0,51",8,"0,9","0,18",20,3,"0,27",4,"0,25",7,"0,17",18,"0,24",5,"-0,1",12,"26,99",5,3,17,"7,27","0,3",2,"14,58",4,"0,35",2,"0,23",9,"0,24",10,"0,26",5,"-0,09",17,"0,15","0,38",49,"32,21",3
GAP B221,C318965,2009,,V,PC,2555,,1,41,"-0,04","0,58",38,"6,11","0,56",14,"1,6","0,19",10,14,"0,25",6,"0,17",19,"0,15",23,,,"-0,01",45,"23,34",9,1,21,"6,82","0,32",3,"12,93",6,"0,3",4,"0,25",7,"0,16",25,,,0,56,"1,11","0,47",2,"31,66",3
CAMARO DENSITY DA RIO DA PAZ CAMARO,O171120,2013,,P,PO,15956,"P, T",3,23,"0,56","0,41",79,"8,73","0,47",4,"0,1","0,15",52,2,"0,28",4,"0,36",2,"0,15",21,"0,29",3,"-0,11",10,"31,04",3,3,20,"5,68","0,29",7,"14,42",4,"0,36",2,"0,41",1,"0,22",13,"0,37",1,"-0,12",11,"-0,02","0,43",65,"31,65",3
PA FULL POWER 1208,IA-1478,2011,,P,IMP,,,4,62,"0,24","0,51",61,"10,9","0,51",2,,,,,"0,13",27,"0,17",20,"0,12",32,"0,15",18,"-0,22",2,"30,6",3,3,9,"7,12","0,19",3,"18,02",2,"0,13",29,"0,15",21,"0,13",34,"0,18",13,"-0,24",2,"0,94","0,3",4,"31,64",3
BC CLASSIC 385-7 CLASSIC,IA-1213,2007,,P,IMP,,M,7,25,"0,42","0,42",70,"9,47","0,4",3,"0,38","0,04",32,9,"0,23",8,"0,33",3,"0,15",22,"0,11",26,"-0,08",15,"30,88",3,5,17,"6,08","0,17",5,"15,56",3,"0,25",7,"0,33",3,"0,12",35,"0,1",28,"-0,12",10,"0,5","0,24",20,"31,53",3
SANTA JOANA 5545,C260518,2006,,P,PC,15398,,6,52,"0,81","0,59",89,"7,16","0,6",8,"0,32","0,24",34,56,"0,21",10,"0,1",35,"0,21",9,"0,24",6,"-0,02",36,"24,51",7,5,35,"5,76","0,37",7,"12,92",6,"0,33",3,"0,2",13,"0,32",4,"0,26",5,"-0,08",19,"1,03","0,5",3,"30,96",3
SAV BRUISER 9164 BRUISER,IA-1195,2009,,P,IMP,,A,10,75,"-0,08","0,55",34,"7,88","0,59",6,"-0,27","0,15",62,14,"0,27",4,"0,2",14,"0,19",12,"0,21",9,"-0,09",14,"28,56",4,7,54,"5,4","0,34",8,"13,28",5,"0,35",2,"0,24",8,"0,28",7,"0,21",10,"-0,11",14,"0,31","0,51",33,"30,78",4
SITZ UPWARD 307R,IA-1046,2005,,P,IMP,,,16,136,"0,15","0,64",54,"8,11","0,68",5,"2,76","0,11",3,24,"0,25",5,"0,14",25,"0,15",23,"0,24",5,"0,05",77,"28,49",5,13,84,"4,4","0,33",14,"12,51",7,"0,33",3,"0,14",24,"0,19",18,"0,31",3,"0,05",77,"0,88","0,55",5,"30,66",4
CIA.AZUL TE3594 WEST RIVER ZORZAL,O202019,2016,,P,PO,8538,,1,20,"0,26","0,43",62,"8,77","0,43",4,,,,,"0,33",2,"0,29",5,"0,16",20,"0,34",2,"0,09",91,"32,92",2,1,16,"2,55","0,25",31,"11,32",9,"0,3",4,"0,15",20,"0,13",32,"0,28",4,"0,09",89,"0,83","0,29",6,"29,81",4
SANTA SERGIA LUQUENSE MISTER 3256,O196600,2013,,V,IMP,,,1,108,"0,07","0,62",47,"6,96","0,6",9,,,,,"0,37",1,"0,45",1,"0,4",1,"0,08",35,"-0,01",44,"30,05",4,1,35,"2,28","0,26",34,"9,24",16,"0,37",1,"0,4",2,"0,39",2,"0,04",48,0,49,"0,83","0,45",6,"29,49",4
S2 PREDESTINED 1430 GREAT DIVIDE,O177948,2014,,P,PO,6667,,1,33,"1,14","0,3",95,"9,83","0,51",2,,,,,"0,24",7,"0,16",22,"0,25",6,"0,27",4,"-0,1",12,"32,18",3,1,20,"4,23","0,29",15,"14,07",4,"0,26",7,"0,13",25,"0,28",7,"0,29",4,"-0,1",16,"0,43","0,39",23,"29,44",4
QUAKER HILL RAMPAGE 0A36 RAMPAGE,IA-1518,2010,,P,IMP,,A,3,31,"0,27","0,47",62,"8,86","0,46",4,"-0,45","0,02",65,1,"0,04",61,"0,1",36,0,71,"0,17",13,"-0,09",13,"22,14",10,3,16,"9,21","0,2",1,"18,08",1,"0,06",51,"0,1",32,0,71,"0,22",8,"-0,1",14,"1,12","0,33",2,"29,29",4
ALBARDÃO 471 YESQUERO BRIGADIER HOBO,C385011,2014,,V,PC,436,,1,40,"-0,02","0,3",39,"7,47","0,47",7,,,,,"0,3",3,"0,28",5,"0,25",5,"0,26",4,"0,1",93,"28,71",4,1,22,"3,68","0,28",19,"11,15",10,"0,33",3,"0,26",6,"0,28",6,"0,28",4,"0,09",89,"0,66","0,41",13,"29,12",4
KCF BENNETT ABSOLUTE ABSOLUTE,IA-1698,2009,,P,IMP,,A,5,29,"-0,12","0,47",31,"9,47","0,45",3,,,,,"0,21",10,"0,04",56,"0,06",51,"0,12",24,"-0,06",23,"30,21",3,5,25,"6,06","0,27",6,"15,53",3,"0,17",21,"-0,06",86,0,70,"0,03",52,"-0,08",20,"0,4","0,39",27,"29,03",5
H2R PROFITBUILDER B403 PROFITBUILDER,IA-1685,2014,,V,IMP,,G,13,120,"-0,81","0,67",6,"9,61","0,65",3,"0,43","0,01",31,2,"0,13",28,"0,29",5,"0,15",22,"0,15",16,"-0,05",24,"27,41",5,7,37,"6,4","0,23",4,"16,01",2,"0,15",24,"0,35",3,"0,25",9,"0,12",24,"-0,07",22,"0,78","0,4",8,"28,88",5
EXAR UPSHOT 0562B,IA-1440,2010,,P,IMP,,,8,37,"0,67","0,37",84,"6,41","0,45",12,"1,88","0,05",8,5,"0,22",9,"0,18",16,"0,12",31,"0,26",4,"0,06",82,23,9,7,25,"5,79","0,22",7,"12,19",7,"0,28",6,"0,15",22,"0,15",28,"0,3",3,"0,05",77,"0,84","0,35",6,"28,66",5
CANTÃO,C417098,2017,,P,PC,20397,,1,30,"0,52","0,45",77,"8,65","0,42",4,,,,,"0,26",5,"0,2",14,"0,3",3,"0,26",4,"-0,11",10,"30,2",4,,0,"3,44","0,18",21,"12,09",8,"0,26",7,"0,15",20,"0,29",6,"0,28",4,"-0,11",14,"0,62","0,28",14,"27,96",5
TRADIÇÃO 1928,C353394,2012,,P,PC,3638,,2,125,"0,36","0,58",68,"8,09","0,62",5,"-1,27","0,19",79,7,"0,26",4,"-0,05",83,"0,12",30,"0,33",2,"-0,05",27,"28,82",4,2,89,"6,95","0,4",3,"15,04",3,"0,25",7,0,67,"0,12",36,"0,25",6,"-0,05",29,"-0,73","0,4",98,"27,94",5
BUFORD BLUESTEM 9974 BLUESTEM,IA-1282,2009,,P,IMP,,A,13,125,"-0,13","0,66",30,"5,77","0,66",15,"0,17","0,19",38,31,"0,28",3,"0,33",3,"0,18",16,"0,17",13,"-0,15",5,"23,79",8,10,90,"5,21","0,34",9,"10,98",10,"0,33",3,"0,42",1,"0,2",16,"0,18",14,"-0,18",4,"0,37","0,58",29,"27,86",5
JUQUIRY RED 8038 8862,C387372,2013,,V,PC,18553,,1,33,"1,12","0,4",95,"10,75","0,46",2,,,,,"0,18",14,"0,17",20,"0,18",15,"0,25",5,"0,04",75,"32,3",2,1,31,4,"0,27",16,"14,74",3,"0,16",21,"0,13",24,"0,16",25,"0,24",6,"0,02",63,"0,65","0,21",13,"27,78",5
SS OBJECTIVE T510 0T26,IA-1225,2000,,P,IMP,,,2,47,"0,26","0,57",62,"10,82","0,54",2,"-2,17","0,17",91,43,"0,1",36,"0,17",18,"-0,05",86,"0,27",4,"-0,19",3,"29,53",4,2,43,"6,03","0,3",6,"16,84",2,"0,07",49,"0,1",34,"-0,13",96,"0,26",5,"-0,22",2,"0,72","0,43",9,"27,45",5
SILVEIRAS MISSION NEXUS 1378,IA-1625,2011,,V,IMP,,,7,33,"-0,68","0,48",8,"5,13","0,47",19,"0,05","0,11",54,1,"0,27",4,"0,2",13,"0,21",10,"0,24",6,"0,13",97,"21,81",11,6,31,"4,86","0,26",11,"9,99",13,"0,33",3,"0,29",4,"0,32",4,"0,25",6,"0,17",98,"0,64","0,42",13,"27,23",6
RANGER BEST INTEREST DA RIO DA PAZ TE RANGER,O200608,2015,,P,PO,15956,"P, T",1,31,"0,71","0,52",85,"6,92","0,5",9,,,,,"0,24",6,0,68,"0,16",19,"0,31",2,"-0,1",12,"25,1",7,1,10,"3,57","0,23",20,"10,49",12,"0,27",6,"0,03",58,"0,19",18,"0,34",2,"-0,09",17,"1,07","0,4",3,"27,19",6
SANTA JOANA 1972,C376439,2013,,P,PC,15398,,1,20,"0,42","0,45",71,"6,94","0,45",9,"1,38","0,17",13,2,"0,24",7,"0,22",10,"0,25",6,,,0,55,"25,03",7,1,20,"4,8","0,31",11,"11,74",8,"0,26",7,"0,17",17,"0,3",5,,,0,49,"0,53","0,44",18,"26,91",6
SANTA JOANA NET WORTH,O166648,2012,,P,PO,15398,,3,66,"2,13","0,57",99,"6,78","0,56",10,"0,21","0,21",37,16,"0,14",23,"0,1",34,"0,15",24,0,64,"0,12",96,"21,03",12,3,49,"7,27","0,36",3,"14,05",4,"0,16",21,"0,1",34,"0,18",21,"0,01",60,"0,16",97,"0,48","0,5",21,"26,17",6
ITALUÍ 185 TANGO TRAVELER,O139169,2009,,P,PO,675,,1,28,,,,"7,7","0,43",7,,,,,"0,15",21,"0,04",55,"0,1",39,"0,3",3,0,49,"23,6",9,1,12,"5,89","0,2",6,"13,59",5,"0,18",18,"0,04",55,"0,11",38,"0,3",3,"-0,03",35,,,,"26,17",6
SANTA JOANA 1898,C362734,2012,,P,PC,15398,,1,26,"-0,05","0,47",37,"8,39","0,47",5,"3,33","0,1",1,7,"0,19",13,"0,21",13,"0,19",12,,,"-0,16",4,"26,78",6,1,22,"3,14","0,27",24,"11,52",9,"0,25",8,"0,19",14,"0,22",14,,,"-0,18",4,"0,88","0,4",5,"26,09",6
JUQUIRY RED 4259 8722,C387419,2013,,V,PC,18553,,1,51,"0,08","0,44",48,"9,18","0,49",3,,,,,"0,24",6,"0,26",6,"0,24",6,"0,28",3,"0,04",72,"30,76",3,1,49,"3,78","0,3",18,"12,96",6,"0,24",9,"0,2",13,"0,27",7,"0,3",3,"0,06",80,"-0,09","0,42",72,"25,95",7
LEACHMAN FIELD DAY A614N,IA-814,2003,,V,IMP,,,33,465,"-0,19","0,71",26,"6,97","0,81",9,"-1,09","0,48",76,228,"0,22",9,"0,1",36,"0,17",17,"0,22",7,"-0,05",26,"24,44",7,24,269,"4,58","0,57",13,"11,55",9,"0,24",8,"0,14",24,"0,18",21,"0,22",9,"-0,02",39,"0,5","0,74",20,"25,85",7
RINCON 0902 DEL SARANDY EL SAYCAN,O112469,2005,,P,PO,7287,"P, T",28,370,"0,22","0,77",59,"7,85","0,79",6,"3,82","0,44",1,219,"0,24",6,"0,16",21,"0,2",11,"0,23",6,"-0,2",2,"27,37",5,24,255,"3,81","0,52",17,"11,66",8,"0,24",8,"0,12",29,"0,13",34,"0,25",6,"-0,18",4,"0,33","0,68",32,"25,76",7
MANAÁ DO CARUMBÉ 1860,O142871,2010,,P,PO,18551,,2,140,"-0,37","0,68",17,"10,32","0,67",2,"-3,7","0,19",98,10,"0,33",2,"0,31",4,"0,31",3,"0,05",46,"0,22",99,"36,81",2,2,107,"0,92","0,45",51,"11,24",10,"0,22",11,"0,19",15,"0,27",8,0,63,"0,26",99,"0,16","0,58",47,"25,62",7
MAYA 97ELEUTÉRIO BRIGADIER CAMÉLIA,O128233,2008,,V,PO,15958,,4,27,"0,29","0,4",64,"6,12","0,38",14,"0,52","0,06",29,3,"0,24",7,"0,23",9,"0,27",4,"0,1",30,"0,09",91,"23,05",9,3,17,"4,53","0,17",13,"10,65",11,"0,21",13,"0,25",7,"0,29",6,"0,06",43,"0,11",92,"0,86","0,34",6,"25,57",7
EPV RED WATCH 1701 CHIVAS,O181703,2014,,V,PO,10791,"P, T",6,28,"0,06","0,41",47,"7,99","0,48",6,,,,,"0,25",6,"0,47",1,"0,34",2,"0,17",14,"-0,06",24,"27,9",5,3,20,"3,56","0,27",20,"11,55",9,"0,19",15,"0,36",2,"0,31",5,"0,13",21,"-0,04",34,"0,59","0,41",15,"25,51",7
RECREIO P03 LADINO MJR LEAGUE BRIGADIER,O182439,2014,,V,PO,13387,,1,25,"0,45","0,36",73,"7,04","0,35",9,,,,,"0,21",11,"0,26",6,"0,17",16,"0,14",19,"-0,05",27,"24,11",8,1,25,"5,07","0,21",10,"12,12",7,"0,26",6,"0,24",8,"0,2",16,"0,18",13,"-0,05",27,"0,11","0,32",52,"25,49",7
QUIRI R0168,C390377,2013,,V,PC,92,,2,39,"0,52","0,54",77,"9,02","0,53",3,"-0,09","0,1",58,3,"0,18",14,"0,2",14,"0,16",19,"0,14",19,"-0,03",34,"28,11",5,1,16,"4,4","0,26",14,"13,42",5,"0,18",18,"0,25",7,"0,21",15,"0,09",31,0,55,"0,3","0,43",34,"25,37",7
BIGUÁ 6679 HEAVY HITTER TE,O187081,2015,,P,PO,33,,2,78,"1,22","0,57",96,"4,7","0,57",22,,,,,"0,28",4,"0,09",40,"0,14",25,"-0,02",74,"0,15",98,"20,89",12,2,49,"2,66","0,3",29,"7,36",25,"0,29",5,"0,06",46,"0,18",21,"-0,03",73,"0,18",98,"1,4","0,45",1,"25,12",7
REDBAR NET WORTH D168 FINAL ANSWER,O183971,2014,,P,PO,9271,,1,35,"2,05","0,47",99,"2,92","0,45",38,,,,,"0,27",4,"0,33",3,"0,25",6,"0,21",8,"0,07",86,"16,34",20,1,18,"3,91","0,3",17,"6,83",27,"0,32",3,"0,32",3,"0,27",7,"0,28",5,"0,08",86,"1,3","0,43",1,"25,01",7
SANTA JOANA 1023,C279582,2007,,P,PC,15398,,4,88,"0,32","0,62",66,"4,84","0,62",21,"0,04","0,27",54,67,"0,34",2,"0,55",1,"0,45",1,"0,1",31,"0,05",78,"23,55",9,4,69,"5,18","0,39",9,"10,02",13,"0,35",2,"0,59",1,"0,54",1,"0,11",25,"0,07",82,"-0,73","0,52",98,"24,85",8
SAV 8180 TRAVELER 004,IA-804,2000,,P,IMP,,,87,1039,"0,46","0,85",73,"4,56","0,87",24,"2,53","0,66",4,1092,"0,16",20,"0,05",54,"0,03",63,"0,25",5,"0,01",56,"16,04",21,78,815,"7,41","0,69",2,"11,96",8,"0,17",19,"0,04",55,"0,04",58,"0,26",6,"-0,04",32,"0,71","0,82",10,"24,81",8
SAV 004 PREDOMINANT 4438 PREDOMINANT,IA-968,2004,,P,IMP,,,17,354,"0,42","0,75",71,"4,06","0,79",28,"3,39","0,47",1,264,"0,15",20,"0,11",32,"0,06",49,"0,13",21,"0,07",86,"14,7",24,13,287,"7,45","0,58",2,"11,51",9,"0,16",22,"0,14",22,"0,11",38,"0,2",11,"0,02",65,"0,98","0,7",4,"24,77",8
SAV THRIVE 5054,IA-1897,2015,,P,IMP,,,2,25,"0,13","0,27",52,"4,83","0,41",21,,,,,"0,2",12,"0,21",12,"0,22",9,"-0,03",75,"-0,09",13,"18,21",16,2,12,"4,99","0,19",10,"9,83",14,"0,22",11,"0,24",8,"0,27",7,"-0,05",79,"-0,1",16,"1,11","0,33",2,"24,65",8
GAP D061,C331573,2011,,V,PC,2555,,4,165,"0,65","0,73",83,"3,24","0,72",35,"-1,55","0,23",84,30,"0,26",5,"0,2",14,"0,08",44,,,"-0,11",10,"16,83",19,4,106,"6,8","0,44",3,"10,04",13,"0,34",2,"0,28",5,"0,17",22,,,"-0,15",7,"-0,34","0,6",89,"24,62",8
TRADIÇÃO 1523,C295383,2008,,P,PC,3638,,2,27,"0,71","0,36",85,"6,65","0,47",11,"-2,03","0,15",90,27,"0,18",14,"0,09",38,"0,17",18,"0,26",5,"0,04",71,"22,3",10,2,26,"4,3","0,27",14,"10,95",10,"0,3",4,"0,13",25,"0,19",18,"0,28",4,"0,03",70,,,,"24,6",8
SÃO XAVIER 1804 JUNIOR TE,O192525,2014,,P,PO,508,,1,36,"0,41","0,44",70,"6,13","0,46",13,"-1,18","0,15",77,1,"0,23",7,"0,1",37,"0,25",6,"0,14",19,"0,06",82,"22,85",9,1,10,"4,28","0,24",14,"10,4",12,"0,21",13,"0,06",45,"0,22",13,"0,15",17,"0,07",83,"0,71","0,33",10,"24,58",8
SANTA JOANA 714,C192751,2001,,P,PC,15398,,10,216,"1,08","0,7",94,"4,58","0,73",24,"1,38","0,41",13,217,"0,35",1,"0,29",5,"0,43",1,"0,31",2,"-0,17",4,"23,38",9,9,181,"4,39","0,5",14,"8,97",17,"0,28",5,"0,3",4,"0,4",2,"0,39",1,"-0,14",7,"-0,07","0,64",70,"24,42",8
CONNEALY CAPITALIST 028 CAPITALYST,IA-1265,2010,,P,IMP,,M,19,73,"0,11","0,62",50,"6,89","0,61",10,"0,55","0,18",28,23,"0,21",9,"0,38",2,"0,18",15,"0,09",34,"-0,16",4,"24,02",8,19,59,"2,76","0,35",28,"9,65",14,"0,17",19,"0,24",8,"0,12",35,"0,04",50,"-0,18",4,"1,4","0,54",1,"24,41",8
WT BUTIÁ TE140 BISMARCK X STA AMÉLIA 5001,O168556,2012,,P,PO,17087,,1,81,0,"0,53",41,"6,89","0,53",10,"0,72","0,16",24,11,"0,15",22,"0,22",11,"0,19",13,"0,09",34,"0,02",62,"21,49",11,1,70,"5,01","0,35",10,"11,9",8,"0,18",17,"0,21",11,"0,24",10,"0,05",44,"0,01",61,"0,74","0,5",9,"24,27",8
RINCON CRAQUE 1373 DEL SARANDY CRAQUE,O127588,2008,,V,PO,7287,L,4,37,"0,86","0,51",91,"6,65","0,52",11,"-1,79","0,19",86,18,"0,25",6,"-0,02",74,"0,22",9,"0,22",7,"-0,03",31,"24,81",7,4,26,"2,81","0,27",28,"9,46",15,"0,28",5,"-0,01",70,"0,25",9,"0,3",4,"-0,04",32,"0,45","0,4",23,"24,17",8
TRADIÇÃO 2064,C372387,2013,,P,PC,3638,,2,40,"0,33","0,37",66,"4,74","0,53",22,,,,,"0,19",13,"0,02",63,"0,08",44,,,"-0,08",17,"17,81",17,1,23,"5,39","0,3",8,"10,12",13,"0,23",10,"0,06",47,"0,1",40,,,,,"0,79","0,44",7,"24,13",8
TRADIÇÃO T68 PALANQUE,O190734,2015,,P,PO,3638,R,2,52,"1,18","0,54",96,"6,88","0,55",10,,,,,"0,3",3,"0,1",36,"0,25",6,,,"0,21",99,"27,2",5,1,12,"0,63","0,24",55,"7,51",24,"0,31",3,"0,09",38,"0,27",8,,,"0,2",99,"0,83","0,37",6,"24,11",9
REDBAR BAR EXT V23 VAQUERO,O139467,2008,,P,PO,9271,,2,82,"0,59","0,64",80,"4,28","0,63",26,"-0,99","0,25",75,36,"0,25",5,"0,29",5,"0,19",13,"0,11",26,"-0,1",12,"19,07",15,2,74,"4,89","0,4",11,"9,16",16,"0,32",3,"0,33",3,"0,24",10,"0,11",27,"-0,14",8,"0,16","0,56",48,"24,02",9
ESPINILHO BRAND NAME TE118,O171432,2012,,P,PO,14550,,3,22,"-0,16","0,45",28,"6,44","0,46",12,"0,29","0,12",35,5,"0,29",3,"0,08",44,"0,21",9,,,"-0,05",27,"25,8",6,3,10,"1,44","0,23",44,"7,88",22,"0,3",4,"0,1",34,"0,25",9,,,"-0,07",23,"0,73","0,24",9,"24,01",9
LC TROPEIRO T191 CASIMIRO TEI,O142076,2010,,P,PO,4602,,1,20,"-0,06","0,27",36,"7,01","0,24",9,,,,,"0,24",6,"0,23",10,"0,16",19,,,"0,02",62,"25,42",6,1,1,"3,91","0,09",17,"10,91",10,"0,26",6,"0,21",11,"0,19",20,,,"0,03",69,"-0,09","0,11",72,"23,98",9
CIA.AZUL 3118 RESOURCE PAYADOR,O188328,2015,,P,PO,8538,,1,30,0,"0,52",41,"5,73","0,5",15,,,,,"0,17",17,"0,25",7,"0,31",3,"0,06",42,"-0,04",28,"19,52",14,1,6,"6,69","0,27",4,"12,42",7,"0,17",20,"0,24",9,"0,36",2,0,63,"-0,03",36,"0,24","0,39",40,"23,97",9
MAIPÚ 401,C264421,2006,,V,PC,6797,,1,24,,,,"8,18","0,44",5,"-0,43","0,19",65,13,"0,14",24,"0,15",23,"0,22",9,"0,17",13,"-0,02",38,"24,38",7,1,13,"5,56","0,25",7,"13,74",5,"0,18",17,"0,15",21,"0,24",10,"0,18",13,"-0,01",47,"-0,08","0,39",71,"23,88",9
SANTA THEREZA 2799,C384203,2014,,P,PC,3108,,1,33,"-0,38","0,51",17,"9,36","0,48",3,,,,,"0,04",58,"0,07",46,"-0,02",78,"-0,02",74,"-0,11",10,"23,62",8,1,16,"5,77","0,21",7,"15,13",3,"0,04",59,"0,05",47,"-0,03",80,"-0,03",74,"-0,13",10,"0,9","0,29",5,"23,81",9
SANTA JOANA 1791,C362616,2012,,P,PC,15398,,1,35,"0,21","0,44",59,"5,36","0,51",18,"0,64","0,15",26,1,"0,26",5,"0,13",27,"0,18",15,,,"-0,13",7,"22,07",10,1,16,"2,89","0,29",27,"8,25",20,"0,27",6,"0,05",48,"0,13",32,,,"-0,15",6,"0,79","0,43",7,"23,74",9
TAMANDUÁ TE11 CARRASCO LIDER TE37,O146375,2010,,P,PO,16005,,2,21,"0,09","0,38",49,"7,71","0,38",7,"-1,11","0,17",77,7,"0,25",5,"0,33",3,"0,29",3,"0,01",61,"0,03",70,"27,49",5,1,1,"3,03","0,2",26,"10,75",11,"0,21",12,"0,34",3,"0,33",4,"0,01",59,"0,04",74,"0,19","0,32",44,"23,65",9
SANTA NÉLIA 2679,C292465,2008,,P,PC,13463,,3,117,"-0,01","0,37",40,"6,85","0,54",10,"0,93","0,16",20,31,"0,15",21,"0,08",42,"0,15",21,"0,22",7,"0,02",63,"21,51",11,3,101,"4,76","0,31",12,"11,6",9,"0,2",14,"0,25",7,"0,23",12,"0,26",5,0,54,"0,5","0,43",20,"23,57",9
RED NORTHLINE BREAKER 28S BREAKER,IA-1164,2006,,V,IMP,,,6,114,"0,81","0,68",89,"5,59","0,68",16,"1,96","0,27",7,94,"0,17",17,"0,13",28,"0,14",24,"0,17",14,"0,06",81,"19,08",15,3,90,"4,95","0,41",11,"10,54",12,"0,14",29,"0,07",42,"0,13",34,"0,21",9,"0,03",68,"1,2","0,61",1,"23,56",9
SÃO BIBIANO HEADLINER 6509 CHARUTO,O113333,2006,,P,PO,110,Y,5,42,"0,39","0,24",69,"6,4","0,53",12,"-0,56","0,25",67,39,"0,23",8,"0,25",8,"0,24",6,"0,07",40,"-0,14",6,"23,27",9,2,13,"4,51","0,29",13,"10,91",10,"0,2",13,"0,28",5,"0,27",7,"0,04",47,"-0,13",9,"0,23","0,34",40,"23,54",9
TRADIÇÃO 2005,C372393,2013,,P,PC,3638,,1,103,"0,06","0,59",46,"6,83","0,6",10,"0,29","0,13",35,2,"0,28",4,"0,17",20,"0,29",3,"0,28",3,"-0,11",11,"26,3",6,1,63,"1,91","0,36",38,"8,73",18,"0,25",7,"0,15",21,"0,28",6,"0,29",4,"-0,1",14,"0,59","0,39",15,"23,51",9
SANTA JOANA 2214,C398949,2015,,P,PC,15398,,1,35,"1,97","0,45",99,"9,73","0,44",3,,,,,"0,08",43,"0,18",17,"0,13",27,,,"-0,07",18,"26,1",6,1,29,"3,75","0,23",18,"13,48",5,"0,08",44,"0,17",17,"0,2",16,,,"-0,09",17,1,"0,37",3,"23,48",9
MAUFER 038 TEI APAM96 ZORZAL DISPARO,O152927,2011,,P,PO,17034,,1,31,"-0,21","0,26",25,"6,01","0,35",14,"0,87","0,06",21,2,"0,22",9,"0,11",32,"0,22",8,"0,04",48,"-0,02",,"21,97",11,1,29,"3,59","0,14",19,"9,6",15,"0,24",9,"0,1",33,"0,22",13,"0,05",46,,,"0,63","0,28",14,"23,42",10
SANTA JOANA 2123,C387210,2014,,P,PC,15398,,1,20,"-2,2","0,42",1,"7,23","0,4",8,,,,,"0,1",37,"0,17",20,"0,15",23,,,"-0,16",4,"20,49",12,1,20,"6,04","0,22",6,"13,28",5,"0,17",19,"0,2",13,"0,2",17,,,"-0,19",4,"0,25","0,39",39,"23,39",10
GAR GRID MAKER,IA-729,1998,,P,IMP,,,16,197,"0,94","0,65",92,"6,59","0,71",11,"1,11","0,28",17,65,"0,28",4,"0,17",18,"0,29",3,"0,15",17,"-0,05",24,"25,7",6,13,152,"1,91","0,46",38,"8,5",19,"0,31",3,"0,16",20,"0,31",5,"0,19",11,"-0,09",18,"0,27","0,66",38,"23,39",10
TRADIÇÃO T73,O190739,2015,,P,PO,3638,,1,35,"0,15","0,41",53,"7,26","0,47",8,,,,,"0,24",6,"0,23",10,"0,27",4,,,"0,02",66,"26,04",6,1,13,"3,08","0,24",25,"10,34",12,"0,2",15,"0,19",15,"0,26",9,,,"0,01",60,"0,37","0,34",29,"23,2",10
SANTA JOANA 2370,C408372,2016,,P,PC,15398,,1,22,"-0,31","0,28",19,"7,1","0,43",8,,,,,"0,16",19,"0,19",16,"0,05",55,,,"-0,04",28,"22,4",10,,0,"5,53","0,2",8,"12,63",6,"0,22",11,"0,2",13,"0,09",44,,,"-0,06",27,"-0,23","0,31",83,"23,12",10
SAV ANGUS VALLEY 1867,IA-1372,2011,,P,IMP,,,48,461,"-0,92","0,79",5,"2,87","0,81",39,"2,32","0,32",5,137,"0,1",36,"0,07",45,"0,05",54,"0,12",24,"-0,13",6,"9,92",36,37,329,"7,03","0,54",3,"9,89",13,"0,23",10,"0,13",27,"0,11",37,"0,24",7,"-0,16",6,"0,99","0,77",4,"22,92",10
PAINEIRAS QUEBRACHO ÍMPAR TE5054,O113992,2006,,P,PO,14028,,2,66,,,,"5,73","0,54",15,"2,45","0,28",4,76,"0,14",22,"0,06",50,"0,09",40,"0,3",3,"-0,04",29,"18,51",16,2,50,"4,42","0,31",14,"10,15",13,"0,19",16,"0,13",25,"0,1",41,"0,33",2,"-0,07",23,"1,04","0,34",3,"22,89",10
GMRA PEACEMAKER 1216 PEACEMAKER,IA-1444,2011,,V,IMP,,,5,104,"0,45","0,28",73,"3,91","0,52",29,,,,,"0,18",14,"0,15",24,"0,16",19,"-0,08",88,"-0,07",20,"15,47",22,5,71,"5,57","0,24",7,"9,48",15,"0,24",9,"0,16",19,"0,17",23,"-0,07",84,"-0,07",22,"0,57","0,37",16,"22,71",10
SAV IRON MOUNTAIN 8066,IA-1250,2008,,P,IMP,,,28,348,"0,84","0,75",90,"4,22","0,78",26,"0,99","0,29",19,81,"0,15",20,"0,12",30,"0,11",32,"0,23",6,"0,04",71,"15,06",23,24,195,"6,67","0,47",4,"10,89",11,"0,19",16,"0,08",41,"0,1",41,"0,25",6,"0,02",61,"0,48","0,69",21,"22,69",10
TRADIÇÃO 2011,C372471,2013,,P,PC,3638,,2,99,,,,"7,84","0,55",6,"1,16","0,14",16,1,"0,3",3,"0,3",4,"0,28",4,"0,18",12,"0,02",64,"29,42",4,1,60,"1,56","0,31",43,"9,4",16,"0,27",6,"0,24",8,"0,26",8,"0,15",17,"0,04",72,"-0,18","0,5",80,"22,56",10
BARRAGEM 54 CHATEAU TE91 ALLIANCE 234,O130174,2008,,P,PO,2251,,3,71,"-0,42","0,64",15,"6,56","0,62",11,"0,24","0,2",36,42,"0,17",17,"0,08",44,"0,08",43,"-0,06",83,"-0,08",16,"21,52",11,2,46,"5,26","0,33",9,"11,82",8,"0,24",8,"0,1",31,"0,18",20,,,"-0,12",10,"-0,33","0,4",88,"22,52",10
SAV FINAL ANSWER 0035,IA-872,2000,,P,IMP,,,71,725,"-0,43","0,85",15,"5,19","0,85",19,"2,72","0,57",3,434,"0,15",21,"0,15",22,"0,11",32,"0,19",11,"-0,1",11,"17,36",18,59,481,"4,46","0,64",13,"9,65",14,"0,16",22,"0,1",35,"0,08",47,"0,16",15,"-0,14",7,"1,1","0,79",2,"22,13",11
SAV PIONEER 7301 PIONEER,IA-1040,2007,,P,IMP,,,49,317,"0,13","0,76",52,"6,63","0,77",11,"2,44","0,38",4,206,"0,22",8,"0,2",14,"0,16",20,"0,25",5,"-0,1",12,"23,71",8,40,215,"2,41","0,46",32,"9,05",17,"0,14",27,"0,09",37,"0,11",39,"0,2",11,"-0,11",11,"1,06","0,71",3,"22,11",11
SANTA THEREZA 2062,C311191,2009,,P,PC,3108,,2,35,"-0,23","0,52",23,"6,81","0,49",10,"0,22","0,11",37,3,"0,11",35,"0,04",57,"-0,02",78,"0,03",54,"-0,01",41,"19,7",13,2,7,"4,62","0,22",12,"11,43",9,"0,15",25,"0,05",49,"0,02",65,"-0,01",66,"-0,04",34,,,,"21,92",11
SAV NET WORTH 4200,IA-911,2004,,P,IMP,,,129,2869,"0,84","0,9",90,"3,86","0,91",29,"0,83","0,74",21,1818,"0,19",13,"0,14",25,"0,22",9,"0,14",19,"0,01",61,"15,55",22,114,2196,"5,48","0,79",8,"9,34",16,"0,21",12,"0,12",29,"0,24",10,"0,14",19,"0,02",62,"0,47","0,89",22,"21,75",12
REDBAR FINAL ANSWER E331 VIGOR,O202780,2015,,P,PO,9271,,1,29,"-0,6","0,48",10,"5,86","0,45",14,,,,,"0,09",39,"0,11",32,"0,07",48,"0,27",4,"-0,11",9,"16,93",19,1,28,"5,72","0,22",7,"11,59",9,"0,1",40,"0,08",39,"0,02",67,"0,26",6,"-0,14",7,"0,92","0,47",4,"21,72",12
DON MIGUEL DESAFIO 2135 NW TE DESAFIO,IA-1349,2010,,P,IMP,,,4,39,"0,32","0,27",65,"5,34","0,36",18,,,,,"0,19",14,"0,21",12,"0,19",14,"0,08",37,"0,01",60,"19,1",15,4,29,"4,46","0,21",14,"9,8",14,"0,2",14,"0,19",14,"0,19",18,"0,06",43,0,56,"0,41","0,37",26,"21,66",12
BUFFALO CREEK VAQUERO 1626,IA-351,1988,,V,IMP,,,36,859,"0,42","0,84",71,"4,67","0,86",23,"-1,43","0,69",81,848,"0,15",20,"0,16",22,"0,19",12,"0,11",26,"0,03",69,"16,2",20,30,586,"5,99","0,7",6,"10,66",11,"0,24",9,"0,26",6,"0,3",5,"0,12",23,"0,01",60,"-0,04","0,76",68,"21,65",12
SAV 5175 BANDO 1024,IA-860,2001,,P,IMP,,,6,108,"1,29","0,68",97,"6,29","0,67",13,"0,14","0,25",39,64,"0,13",27,"0,1",36,"0,11",32,"0,14",19,"-0,07",18,"19,22",15,5,74,"4,7","0,38",12,"10,99",10,"0,15",25,"0,13",27,"0,13",32,"0,2",11,"-0,11",11,"0,62","0,55",14,"21,6",12
RUBETA 3910 WIDESPREAD TE GRINGO,IA-1005,2003,,P,IMP,,,13,286,"1,17","0,75",96,"4,05","0,75",28,"-1,49","0,42",83,221,"0,14",25,"0,19",14,"0,15",23,"0,23",6,"-0,08",17,"14,06",26,12,220,"7,45","0,5",2,"11,5",9,"0,14",29,"0,14",24,"0,18",22,"0,24",7,"-0,13",8,"0,21","0,7",43,"21,46",12
JUQUIRY BLACK J07 TEIC8,O171405,2012,,P,PO,18553,,2,71,"0,67","0,42",84,"6,37","0,56",12,"-1,84","0,06",87,3,"0,19",12,"0,27",6,"0,17",17,"0,1",31,"-0,12",9,"21,99",10,2,62,"3,13","0,3",24,"9,5",15,"0,21",13,"0,28",5,"0,22",13,"0,07",38,"-0,13",9,"0,43","0,48",24,"21,39",12
SAV BRILLIANCE 8077 BRILLIANCE,IA-1222,2008,,P,IMP,,A,44,469,"-0,41","0,81",16,"5,9","0,82",14,"2,74","0,41",3,155,"0,17",18,"0,16",21,"0,19",14,"0,12",25,"-0,1",12,"19,71",13,37,330,"3,41","0,55",22,"9,31",16,"0,17",20,"0,04",54,"0,17",24,"0,08",35,"-0,09",17,"0,74","0,77",9,"20,84",13
SAV BRAND NAME 9115,IA-1235,2009,,P,IMP,,,24,137,"0,72","0,67",86,"6,26","0,71",13,"-0,15","0,34",59,159,"0,28",4,"0,35",2,"0,35",2,"0,14",18,"0,02",64,"24,88",7,21,106,"-0,61","0,46",73,"5,65",34,"0,29",5,"0,29",4,"0,38",2,"0,12",23,"0,01",58,"0,87","0,67",5,"20,75",13
ROY ROGERS 5604 ROY ROGERS,IA-1000,2005,,V,IMP,,,11,66,"0,41","0,47",70,"7,03","0,57",9,"0,39","0,11",32,25,"0,17",16,"0,06",50,"0,1",38,"0,21",8,"-0,02",38,"22,86",9,10,44,"2,91","0,29",27,"9,95",13,"0,21",13,"0,06",46,"0,12",35,"0,22",8,"-0,01",42,"0,17","0,42",46,"20,7",13
C105 DA VISTA ALEGRE,C185352,2002,,V,PC,14692,,4,169,"-0,27","0,73",21,"6,74","0,72",11,"-1,84","0,25",87,46,"0,24",6,"0,23",10,"0,2",11,"0,2",9,"-0,02",40,"24,74",7,2,67,"2,37","0,31",33,"9,11",17,"0,2",15,"0,13",24,"0,21",15,"0,2",10,"-0,07",24,"0,11","0,42",51,"20,64",13
TERRA COSTA TE18 BARBA ZORZAL 1501,O149545,2011,,P,PO,16872,,2,50,"-0,51","0,49",13,"6,78","0,47",10,"0,76","0,06",24,2,"0,12",30,"0,22",11,"0,11",33,"-0,04",78,"-0,07",18,"20,09",13,2,37,"3,68","0,22",19,"10,46",12,"0,12",33,"0,25",7,"0,12",35,"-0,03",74,"-0,09",18,"0,83","0,31",6,"20,64",13
BC MATRIX 4132 MATRIX,IA-867,2002,,P,IMP,,,25,225,"0,03","0,71",43,"6,32","0,74",13,"2,61","0,44",4,276,"0,15",21,"0,15",24,"0,04",57,"0,18",12,"-0,29",1,"20,11",13,22,167,"4,61","0,46",12,"10,93",10,"0,13",30,"0,2",13,"0,04",60,"0,28",4,"-0,27",1,"0,28","0,67",37,"20,56",13
S2 BAR EXT 9083 BLACK WATCH,O133478,2009,,P,PO,6667,,2,43,"-0,24","0,31",23,"4,97","0,48",20,"0,31","0,15",34,1,"0,22",9,"0,25",8,"0,19",14,"0,21",9,"-0,13",7,"19,33",14,2,18,"3,32","0,27",23,"8,29",20,"0,19",16,"0,18",15,"0,19",18,"0,15",18,"-0,1",14,"0,56","0,46",16,"20,54",13
WT BUTIÁ 123 LAS LILAS 1385 - BUTIÁ 027,O155546,2012,,P,PO,17087,,1,32,"0,61","0,44",81,"7,41","0,43",7,"-1,23","0,13",78,12,"0,08",44,"0,16",20,"0,12",29,"0,16",15,"-0,15",5,"20,22",13,1,32,"3,91","0,27",17,"11,32",9,"0,12",34,"0,16",19,"0,15",28,"0,21",9,"-0,14",8,"0,73","0,36",9,"20,51",13
LEACHMAN MAJOR LEAGUE A502M,IA-762,2002,,V,IMP,,,32,367,"-0,28","0,77",21,"6,1","0,79",14,"-1,87","0,45",88,211,"0,09",41,"0,07",47,"0,05",53,"0,1",29,"0,01",60,"17,31",18,25,273,"6,06","0,55",5,"12,16",7,"0,15",24,"0,03",57,"0,08",48,"0,16",16,0,48,"-0,02","0,69",65,"20,51",14
QUIRI R065,C389313,2013,,V,PC,92,,3,42,"0,06","0,57",46,"6,17","0,54",13,"-1,77","0,15",86,4,"0,32",2,"0,26",6,"0,25",6,"0,17",14,"-0,02",37,"26,05",6,2,12,"1,07","0,26",49,"7,24",25,"0,32",3,"0,24",8,"0,28",6,"0,14",19,"-0,01",45,"-0,41","0,45",91,"20,49",14
COCKBURN RIBEYE 308U,IA-1304,2008,,V,IMP,,,7,60,"0,45","0,44",73,"6,13","0,54",13,"0,15","0,07",38,13,"0,13",28,"-0,33",99,"0,07",46,"0,37",1,"0,25",99,"18,77",16,7,48,"3,48","0,27",21,"9,61",15,"0,15",26,"-0,33",99,"0,14",30,"0,35",2,"0,25",99,"0,85","0,4",6,"20,29",14
QUIRI R0118,C390085,2013,,V,PC,92,,2,50,"0,18","0,59",56,"6,56","0,57",11,"0,47","0,09",30,1,"0,22",8,"0,33",3,"0,19",13,"0,15",16,"-0,13",7,"23,56",9,1,26,"2,89","0,32",27,"9,45",15,"0,22",10,"0,3",4,"0,16",25,"0,11",26,"-0,11",12,"-0,22","0,46",82,"20,23",14
ANDRAS NEW DIRECTION R240 NEW DIRECTION,IA-1503,2011,,V,IMP,,G,47,622,"-0,96","0,81",5,"2,76","0,83",40,"1,74","0,3",9,91,"0,07",48,"0,12",31,0,70,"0,06",44,"0,04",72,"8,37",41,35,341,"6,15","0,52",5,"8,91",17,"0,24",9,"0,28",5,"0,24",11,"0,11",26,"0,03",70,"0,76","0,76",8,"20,18",14
WHITESTONE ARMANDO A074,IA-1380,2011,,P,IMP,,,4,29,1,"0,29",93,"5,38","0,41",17,"-0,38","0,09",64,4,"0,19",12,"0,2",14,"0,13",29,"0,05",48,"-0,12",8,"19,49",14,4,23,"1,32","0,22",45,"6,7",28,"0,22",11,"0,18",16,"0,17",25,"0,04",47,"-0,14",8,"1,17","0,34",2,"20,09",14
UMBU 2776 REDEMPTION,O191304,2015,,V,PO,99,,1,20,"0,69","0,48",84,"1,81","0,45",51,,,,,"0,24",7,"0,15",22,"0,16",20,"0,02",58,"0,1",93,"12,32",31,,0,"3,47","0,2",21,"5,28",36,"0,34",2,"0,21",11,"0,23",12,"0,04",46,"0,13",95,"0,48","0,34",21,"20,03",14
SAV REAL PERFORMANCE 4876,IA-1726,2014,,P,IMP,,,12,121,"0,75","0,65",87,"2,05","0,66",48,,,,,"0,18",15,"-0,02",75,"-0,02",78,"0,05",46,"0,12",95,"10,66",35,9,75,"6,12","0,34",5,"8,17",21,"0,23",10,"0,07",43,"0,05",55,"0,06",40,"0,11",93,"0,3","0,56",34,"20,02",14
BAR EXT TRAVELER 205,IA-522,1995,,P,IMP,,,22,451,"-0,53","0,79",12,"4,5","0,81",24,"5,13","0,59",1,586,"0,12",29,"0,09",40,"-0,01",76,"0,24",5,"-0,2",2,"14,56",24,18,304,"6,26","0,59",5,"10,76",11,"0,15",25,"0,12",29,"-0,02",76,"0,19",11,"-0,19",3,"0,15","0,74",49,"20,01",14
HOOVER DAM,IA-1514,2008,,P,IMP,,,3,27,"-0,27","0,38",21,"2,99","0,35",38,"-0,44","0,01",65,1,"-0,01",76,"0,05",53,"-0,02",77,"-0,17",97,"-0,1",13,"5,84",51,3,17,"9,25","0,16",1,"12,24",7,"0,05",55,"0,08",40,"0,04",60,"-0,1",90,"-0,1",16,"0,91","0,24",5,"19,94",14
CARUMBÉ RED CHEYENNE 1211,O136651,2009,,V,PO,269,,2,36,"0,09","0,53",49,"8,42","0,54",5,"0,18","0,18",37,10,"0,15",21,"0,06",48,"-0,08",92,"0,04",51,"0,08",88,"25,39",6,1,23,2,"0,34",37,"10,43",12,"0,12",33,0,70,"-0,16",98,"0,04",49,"0,09",89,"0,51","0,41",19,"19,9",15
JUQUIRY RED BRIGADIER 8038,C327754,2010,,V,PC,77,,3,145,,,,"5,65","0,65",16,"-1,79","0,25",87,35,"0,12",30,"0,16",21,"0,19",14,"0,12",25,"0,03",70,"17,38",18,3,124,"3,56","0,42",20,"9,21",16,"0,15",27,"0,15",21,"0,19",18,"0,11",27,"0,01",59,"0,93","0,5",4,"19,85",15
DAMERON C-5 AMERICAN CLASSIC CLASSIC,IA-1612,2012,,P,IMP,,,12,62,"-0,09","0,51",34,"4,6","0,55",23,"0,34","0,02",33,3,"0,16",19,"0,18",17,"0,18",16,"0,13",20,"0,05",76,"16,18",21,11,46,"4,06","0,24",16,"8,67",19,"0,25",7,"0,22",10,"0,32",4,"0,21",9,"0,04",74,"0,17","0,46",46,"19,83",15
GAP 3673-2937,O135439,2009,,P,PO,2555,,1,41,"0,29","0,56",63,"5,6","0,54",16,"0,21","0,17",37,19,"0,19",13,"0,17",19,"0,1",36,,,"0,01",56,"19,82",13,1,29,"1,83","0,34",39,"7,43",24,"0,16",21,"0,12",28,"0,12",35,,,"-0,07",22,"1,12","0,38",2,"19,74",15
SAF FAME,IA-636,1993,,P,IMP,,,5,40,"0,47","0,44",74,"5,19","0,5",18,"0,84","0,18",21,59,"0,19",13,"0,08",43,"0,06",51,"0,32",2,"0,04",74,"18,78",16,3,32,"3,06","0,23",25,"8,24",21,"0,2",15,"0,1",33,"0,09",44,"0,29",4,,,"0,52","0,28",19,"19,73",15
B P F SPECIAL FOCUS 504,IA-1180,2005,,P,IMP,,,1,22,"0,48","0,34",74,"5,88","0,32",14,"0,96","0,09",19,3,"0,16",18,"0,15",24,"0,01",69,"0,14",20,"-0,15",5,"19,53",14,1,19,"3,24","0,17",23,"9,12",17,"0,17",19,"0,17",18,"-0,05",84,"0,15",18,"-0,18",4,"0,45","0,24",23,"19,61",15
MOHNEN SOUTH DAKOTA 402 DAKOTA,IA-1519,2012,,P,IMP,,,22,274,"0,79","0,68",88,"6,88","0,72",10,"-0,9","0,08",73,28,"0,21",10,"0,16",21,"0,17",17,"0,27",4,"0,04",74,"23,94",8,14,184,"1,76","0,44",40,"8,64",19,"0,21",12,"0,15",20,"0,23",11,"0,23",8,"0,05",78,"0,11","0,66",52,"19,6",15
SÃO XAVIER 1389 FOGON TE,O155596,2011,,P,PO,508,,1,67,"-0,54","0,44",12,"6,79","0,55",10,"-4,25","0,18",99,16,"0,04",59,"0,03",59,"0,09",40,"0,1",31,"0,08",89,"17,22",18,1,45,"5,89","0,31",6,"12,69",6,"0,11",38,"0,08",39,"0,13",32,"0,19",12,"0,09",89,"0,13","0,44",50,"19,59",15
BIGUÁ 6463 DENSITY TE DOBLE CHAPA,O184691,2014,,P,PO,18474,Y,1,152,"-0,25","0,39",22,"5,34","0,37",18,,,,,"0,13",26,"0,27",6,"0,25",5,"0,11",27,"-0,06",20,17,18,1,125,"3,8","0,22",18,"9,14",16,"0,19",16,"0,29",4,"0,32",4,"0,14",18,"-0,06",26,"0,51","0,26",19,"19,58",15
CONNEALY FINAL SOLUTION,IA-1610,2009,,P,IMP,,,2,32,,,,"5,53","0,33",16,,,,,"0,13",27,"0,03",58,"0,12",31,"0,14",20,"-0,06",23,"17,37",18,1,19,"3,86","0,18",17,"9,39",16,"0,15",25,"0,05",51,"0,08",47,"0,2",11,,,"0,65","0,28",13,"19,54",16
REDBAR MAJOR LEAGUE C154 ALQUEIRE,O174100,2013,,V,PO,9271,,1,27,"-0,27","0,49",21,"7,08","0,47",9,"-0,77","0,12",71,2,"0,06",49,0,68,"-0,01",74,"0,34",2,"0,12",95,"18,83",15,1,23,"5,23","0,28",9,"12,3",7,"0,09",41,"0,01",66,"0,01",69,"0,37",1,"0,12",94,"0,21","0,43",42,"19,53",16
SANTO ANTÃO PENDLETON 692,O156957,2012,,P,PO,14982,,2,38,,,,"5,7","0,53",15,"0,3","0,12",34,1,"0,3",3,"0,2",14,"0,42",1,"0,17",13,"0,07",86,"24,3",7,2,32,"0,65","0,33",55,"6,35",30,"0,25",8,"0,03",57,"0,42",1,"0,11",27,"0,03",70,"0,24","0,48",40,"19,53",16
DOS TAPES BW306,O182595,2014,,P,PO,5949,,1,44,"-0,06","0,28",37,"4,16","0,44",27,,,,,"0,2",11,"0,1",35,"0,18",15,"0,03",54,"-0,05",26,"16,7",19,1,29,"4,29","0,2",14,"8,45",20,"0,23",10,"0,09",37,"0,19",18,"0,03",51,"-0,05",27,"-0,04","0,4",68,"19,46",16
CAPANE 23 CHUMBO B.NAME TE195 CAPANE 23 CHUMBO,O160536,2012,,P,PO,17732,L,6,72,"1,48","0,51",99,"4,9","0,56",21,"-0,34","0,14",63,5,"0,35",2,"0,52",1,"0,44",1,"0,05",46,"-0,14",5,"24,08",8,6,37,"0,18","0,31",62,"5,08",37,"0,32",3,"0,49",1,"0,46",1,"0,02",55,"-0,16",6,"-0,03","0,42",67,"19,36",16
GAP FIV4611,O185552,2013,,P,PO,2555,,3,35,"-0,04","0,53",38,"2,37","0,51",44,,,,,"0,25",6,"0,09",39,"0,09",40,,,"-0,22",2,"14,07",26,1,9,"3,27","0,22",23,"5,64",34,"0,27",6,"0,04",54,"0,11",38,,,"-0,24",2,"0,53","0,4",18,"19,3",16
S2 BANDO 9074 11063 GAR YIELD GRADE,O147099,2011,,P,PO,6667,,6,25,"-0,05","0,35",37,"4,97","0,46",20,"0,09","0,07",53,3,"0,16",19,"0,21",12,"0,06",49,"-0,11",92,"-0,24",1,"17,13",18,5,18,"3,34","0,22",22,"8,3",20,"0,21",12,"0,19",14,"0,07",51,"-0,07",85,"-0,24",2,"0,45","0,42",22,"19,26",16
QUIRI T0217,C409454,2015,,P,PC,92,,1,21,,,,"2,91","0,36",38,,,,,"0,19",12,"0,14",25,"0,23",7,"0,03",52,"-0,05",27,"13,4",28,1,4,"3,54","0,18",20,"6,44",29,"0,22",10,"0,19",15,"0,3",5,"0,04",47,"-0,05",28,"0,81","0,36",7,"19,24",16
REDBAR U80 GRAND CANYON Z126,C339340,2010,,V,PC,9271,,2,28,"1,03","0,47",94,"3,28","0,48",34,"-0,6","0,1",68,6,"0,06",50,"0,17",20,"0,09",41,"0,18",12,"0,12",95,"9,38",38,2,18,8,"0,28",1,"11,28",10,"0,15",25,"0,26",6,"0,13",32,"0,28",4,"0,08",86,"-0,03","0,41",67,"19,18",17
KCF BENNETT TOTAL,IA-854,1999,,P,IMP,,,13,152,"-0,59","0,7",10,"3,71","0,7",31,"3,55","0,3",1,115,"0,05",54,"0,07",46,"-0,08",91,"0,06",41,"-0,05",27,"10,11",36,11,112,"6,88","0,43",3,"10,59",12,"0,12",35,"0,17",17,"0,1",40,"0,09",33,"-0,13",9,"0,57","0,61",16,"19,11",17
TRADIÇÃO T 56,O181917,2014,,P,PO,3638,,1,47,"0,59","0,5",80,"6,77","0,52",10,,,,,"0,17",17,"0,04",56,"0,18",15,"0,04",51,"0,06",80,"22,06",10,1,36,"3,05","0,3",25,"9,82",14,"0,13",31,0,67,"0,14",30,"-0,02",67,"0,06",80,"0,21","0,48",42,"19,03",17
JUNCO BT 685,O158299,2009,,V,PO,30,,1,45,"-0,25","0,39",22,"5,68","0,36",16,"-0,14","0,06",59,2,"0,15",21,"0,19",16,"0,18",15,"0,06",43,"0,01",59,"18,57",16,1,18,"3,16","0,13",24,"8,85",18,"0,18",17,"0,2",13,"0,22",13,"0,09",32,"0,01",57,"0,37","0,25",29,"18,93",17
SAV TEN SPEED 3022 TEM SPEED,IA-1688,2013,,P,IMP,,G,18,79,"0,77","0,53",87,"4,06","0,58",28,,,,,"0,08",43,"0,06",51,"0,19",13,"0,09",34,"0,09",92,"12,13",31,12,39,"5,56","0,22",7,"9,62",15,"0,17",19,"0,13",27,"0,24",10,"0,14",20,"0,09",88,"0,4","0,46",26,"18,88",17
REDBAR R48 GRAND CANYON U80,C297255,2007,,V,PC,9271,,2,36,"0,48","0,54",75,"1,5","0,52",54,"-0,45","0,15",65,16,"0,12",28,"0,23",9,"0,12",31,"0,16",15,"0,04",74,"7,33",45,2,25,"6,44","0,3",4,"7,94",22,"0,26",7,"0,31",3,"0,22",14,"0,27",5,0,55,"0,15","0,44",48,"18,78",17
NET WORTH DE CANTAGALO 3845 MASTER,O169670,2013,,P,PO,275,"P, T",3,37,,,,"4,27","0,44",26,,,,,"0,15",21,"0,22",11,"0,13",26,"0,12",23,"-0,04",30,"15,09",23,3,32,"3,54","0,26",20,"7,81",23,"0,17",20,"0,23",9,"0,15",28,"0,11",26,"-0,04",30,"0,8","0,43",7,"18,77",17
PA SAFEGUARD 021 SAFEGUARD,IA-1393,2010,,P,IMP,,A,4,109,"-0,12","0,64",32,"2,34","0,63",44,"0,2","0,06",37,7,"0,03",64,"-0,04",83,"-0,12",96,"0,14",19,"-0,23",2,"5,76",51,4,80,"7,28","0,38",2,"9,63",14,"0,17",21,"0,04",52,0,72,"0,25",6,"-0,27",1,"0,7","0,61",11,"18,75",17
SAV HERITAGE 6295 HERITAGE,IA-1036,2006,,P,IMP,,,15,73,"1,28","0,6",97,"2,28","0,6",45,"-0,64","0,15",69,22,"0,22",9,"-0,05",83,"0,1",35,"0,22",8,"0,01",59,"12,82",29,12,40,"5,02","0,32",10,"7,3",25,"0,28",5,"0,02",61,"0,13",33,"0,25",6,"-0,01",46,"-0,29","0,49",86,"18,74",17
DOS TAPES BW74 ÍMPAR LÍDER 661H-9021,O125030,2007,,P,PO,5949,,6,54,"-0,22","0,54",24,"3,73","0,59",30,"1,32","0,24",13,27,"0,2",11,"0,22",11,"0,09",39,"-0,04",78,"-0,06",22,"15,68",22,6,43,"3,73","0,36",18,"7,46",24,"0,22",11,"0,27",5,"0,13",33,"-0,08",88,"-0,05",29,"0,16","0,46",48,"18,53",18
QUIRI M060,C343770,2010,,V,PC,92,,2,25,"0,82","0,43",90,"4,65","0,41",23,1,"0,07",18,2,"0,16",19,"0,15",24,"0,05",55,"0,11",26,"0,01",59,"16,28",20,2,17,"2,95","0,19",27,"7,61",23,"0,19",16,"0,1",32,"0,08",48,"0,19",12,0,48,"0,68","0,31",12,"18,51",18
INHANDUI 1187 TEJAS QUEBRANTADOR,O170366,2013,,V,PO,8386,,5,33,1,"0,51",93,"5,97","0,5",14,,,,,"0,12",31,"0,25",7,"0,21",10,"0,21",8,"-0,02",38,"18,02",16,3,17,"2,87","0,26",27,"8,84",18,"0,16",22,"0,29",4,"0,27",7,"0,2",10,"0,05",77,"0,61","0,4",14,"18,43",18
GAP 0E039,C296167,2008,,V,PC,2555,,4,216,"0,06","0,76",46,"3,11","0,75",36,2,"0,34",7,99,"0,2",11,"0,17",19,"0,05",53,"-0,05",81,"-0,02",41,"14,17",26,4,156,"3,6","0,52",19,"6,72",28,"0,16",24,"0,26",6,0,71,"-0,06",82,"0,02",61,"0,79","0,68",7,"18,32",18
CIA. AZUL F550 TOUAREG,C255935,2006,,P,PC,8538,,21,347,"-0,52","0,78",12,"4,89","0,79",21,"-1,04","0,46",76,231,"0,19",14,"0,34",3,"0,29",3,"0,03",52,"-0,11",11,"17,98",17,17,238,"3,72","0,55",18,"8,61",19,"0,21",12,"0,47",1,"0,4",2,"0,07",37,"-0,17",5,"-0,21","0,69",82,"18,26",18
ERRE TE679 LUCIDO PEREZOSO TE ELEGIDO,IA-1559,2011,,P,IMP,,T,2,63,"0,09","0,58",48,"2,99","0,56",38,,,,,"0,19",13,"0,35",2,"0,16",20,"-0,08",88,"0,19",99,"13,37",28,2,34,"2,98","0,21",26,"5,97",32,"0,16",22,"0,35",2,"0,15",27,"-0,06",84,"0,2",99,"1,15","0,41",2,"18,18",18
SAV REGISTRY 2831 REGISTRY,IA-1563,2012,,P,IMP,,,11,93,"0,19","0,57",57,"4,13","0,62",27,"-0,28","0,11",62,19,"0,21",10,"0,14",26,"0,15",21,"0,12",24,"-0,07",20,"16,99",19,9,67,"2,44","0,3",32,"6,57",29,"0,21",12,"0,13",25,"0,15",28,"0,12",24,"-0,07",21,"0,46","0,52",22,"18,16",18
EF COMPLEMENT 8088,IA-1389,2008,,P,IMP,,,19,318,"-0,35","0,76",18,"2,89","0,76",39,"-1,63","0,17",85,52,"0,07",49,"0,06",50,"-0,02",79,"0,09",32,"-0,03",34,"8,54",41,17,238,"5,32","0,45",9,"8,2",21,"0,31",4,"0,25",7,"0,16",26,"0,23",7,"-0,06",24,"0,01","0,67",63,"18,11",18
GAP 3677-2937 EXTRA,O135443,2009,,P,PO,2555,,3,296,"-0,15","0,79",29,"4,6","0,78",23,"-3,83","0,31",99,71,"0,12",28,"0,07",44,"0,05",55,,,"-0,05",26,"14,93",24,3,197,"3,78","0,52",18,"8,38",20,"0,13",31,"0,13",27,"0,03",62,,,"-0,1",15,"0,78","0,69",8,"18,11",19
SANTA AMÉLIA 5788,C334040,2011,,V,PC,33,,1,26,"0,55","0,47",78,"4,99","0,46",20,"2,22","0,13",5,15,"0,15",20,"0,18",18,"0,16",20,"0,15",16,"-0,02",37,"17,01",18,1,20,"4,13","0,28",16,"9,13",17,"0,14",29,"0,12",28,"0,18",21,"0,19",11,"-0,04",34,"0,18","0,3",45,18,19
JF PIRATINIZINHO 194 TANQUE,C390358,2015,,V,PC,18778,,1,24,"2,2","0,47",99,"6,76","0,44",10,,,,,"0,2",11,"0,18",17,"0,19",14,"0,16",15,"0,14",98,"23,05",9,1,5,"1,93","0,23",38,"8,68",19,"0,18",17,"0,16",19,"0,19",19,"0,15",17,"0,2",99,"-0,15","0,35",78,"17,87",19
HXC BIG IRON 0024X,IA-1659,2010,,V,IMP,,,4,21,"0,79","0,39",89,"5,7","0,37",16,,,,,"0,02",68,"0,13",28,"0,12",30,"0,1",30,"0,04",73,"13,58",27,4,18,"5,83","0,18",6,"11,52",9,"0,04",59,"0,1",34,"0,15",28,"0,14",20,"0,05",76,"0,63","0,3",13,"17,85",19
KMK ALLIANCE 6595 I87,IA-862,1999,,P,IMP,,,6,83,"0,6","0,64",81,"6,51","0,63",12,"0,82","0,17",22,30,"0,06",50,"0,09",40,"0,05",53,"0,25",5,"0,05",79,"17,41",17,4,70,"5,03","0,38",10,"11,54",9,"0,01",69,"0,03",57,"-0,02",78,"0,24",7,"0,03",66,"0,51","0,4",19,"17,82",19
LEACHMAN GRAND CANYON 1244G,IA-576,1997,,V,IMP,,,27,228,"0,22","0,74",59,"5,61","0,76",16,"0,06","0,5",53,263,"0,1",37,"0,06",49,"0,07",47,"0,1",30,"0,01",59,"16,53",20,21,153,"4,16","0,54",15,"9,77",14,"0,15",24,"0,06",46,"0,19",20,"0,12",25,"0,1",90,"0,11","0,68",52,"17,8",19
QUIRÍ Q091P,O173294,2012,,P,PO,92,,2,29,"0,64","0,4",83,"6,31","0,44",13,,,,,"0,1",37,"0,22",10,"0,16",19,"0,13",21,"0,02",66,"18,2",16,2,26,"3,77","0,3",18,"10,08",13,"0,06",52,"0,17",18,"0,14",30,"0,1",30,"0,04",73,"0,6","0,39",15,"17,78",19
CIA.AZUL 3090 RESOURCE TRAVELER 004,O188317,2015,,P,PO,8538,,1,31,"-0,2","0,51",26,"2,97","0,48",38,,,,,"0,08",44,"0,14",25,"0,14",26,0,64,"0,01",56,"9,29",38,1,10,"6,79","0,26",3,"9,76",14,"0,13",30,"0,18",16,"0,21",15,0,62,"0,01",57,"0,2","0,38",44,"17,7",19
CIA.AZUL TE3068 MAXI WINDSPREAD,O190097,2015,,P,PO,8538,,1,24,"0,61","0,46",81,"3,1","0,47",36,,,,,"0,2",11,"0,21",12,"0,17",17,"0,09",32,"0,07",86,"14,02",26,1,14,"3,85","0,25",17,"6,95",26,"0,18",18,"0,23",9,"0,23",11,"0,08",34,"0,04",74,"0,37","0,4",28,"17,7",20
CV 2000 LEACHMAN HEAVENLY,O126467,2007,,V,PO,1949,,2,34,"0,09","0,38",49,"6,68","0,35",11,"-1,05","0,13",76,29,"0,01",70,"-0,09",91,0,71,"0,08",36,"-0,05",27,"15,86",21,1,11,"4,55","0,12",13,"11,23",10,"0,05",56,"-0,07",89,"-0,01",75,"0,1",28,,,,,,"17,64",20
BENJAMIN 1547 ZORZAL LIDER CONDOR,IA-1106,2005,,P,IMP,,,5,85,"0,48","0,54",74,"4,66","0,62",23,"-2,4","0,32",93,102,"0,2",11,"0,19",15,"0,19",14,"0,13",22,"0,09",92,"17,92",17,5,66,"1,4","0,38",44,"6,06",32,"0,18",18,"0,2",13,"0,18",21,"0,1",30,"0,08",85,"0,86","0,51",5,"17,59",20
SAV 707 RITO 9969,IA-1249,2009,,P,IMP,,,13,64,"1,19","0,6",96,"3,71","0,58",31,"1,89","0,13",7,55,"0,18",15,"0,19",15,"0,22",9,"0,1",30,"-0,07",18,"14,79",24,12,48,"4,22","0,27",15,"7,93",22,"0,16",23,"0,14",24,"0,24",11,"0,02",55,"-0,08",19,"0,19","0,45",44,"17,56",20
SANTA JOANA DAKOTA 68,O193402,2015,,P,PO,15398,,1,38,"1,48","0,31",99,"6,53","0,37",11,,,,,"0,2",12,"0,31",4,"0,22",9,,,"0,09",91,"22,39",10,1,13,"1,76","0,2",40,"8,29",20,"0,17",21,"0,29",5,"0,28",7,,,"0,11",92,"0,02","0,31",62,"17,51",20
QUIRI N18,C73396,1994,,V,PC,92,,2,196,"1,54","0,75",99,"1,2","0,74",58,"-0,24","0,41",61,126,"0,09",39,"0,09",39,"0,15",21,"0,07",40,"0,06",81,"5,4",52,2,128,"7,4","0,52",2,"8,61",19,"0,17",21,"0,23",9,"0,27",8,"0,1",29,"0,08",87,"0,21","0,59",42,"17,42",20
INHANDUÍ 453 IMPACTO L. SOVEREIGN 1930 E,O137246,2009,,V,PO,8386,,8,87,"0,65","0,57",83,"4,19","0,63",26,"1,65","0,16",9,12,"0,12",30,"0,17",20,"0,06",49,"0,2",9,"-0,13",8,"13,73",27,8,74,"3,98","0,38",16,"8,18",21,"0,14",29,"0,19",14,"0,11",39,"0,22",8,"-0,14",8,"0,59","0,57",15,"17,36",20
JR SUPREMO PROSPERITY 139 DA SANTA THERE,O157333,2012,,P,PO,3108,,2,49,"-0,64","0,55",9,"7,25","0,53",8,"-0,62","0,05",69,4,"0,04",58,"0,13",28,"0,18",15,"0,05",48,"-0,02",37,"18,44",16,2,30,"2,17","0,24",35,"9,42",15,"0,07",48,"0,08",39,"0,16",26,"0,06",41,0,48,"1,14","0,35",2,"17,34",20
RITO SAV 2282 TELLECHEA,O171138,2013,,P,PO,18551,,2,41,"1,34","0,54",98,"5,58","0,52",16,,,,,"0,18",15,"0,28",5,"0,18",15,"0,25",5,"-0,12",8,"19,46",14,2,21,"3,13","0,25",24,"8,7",18,"0,16",24,"0,24",8,"0,18",21,"0,18",13,"-0,13",9,"-0,12","0,4",75,"17,33",20
WHITESTONE WIDESPREAD MB,IA-603,1995,,P,IMP,,,26,358,"0,34","0,72",67,"2,2","0,79",46,"2,26","0,58",5,740,"0,06",51,"0,07",47,"0,07",45,"0,02",56,"-0,01",45,"6,68",47,22,264,"8,63","0,57",1,"10,83",11,"0,08",45,"0,1",35,"0,1",42,"0,08",34,"-0,08",19,"-0,08","0,74",71,"17,16",21
CONNEALY FINAL PRODUCT,IA-1220,2007,,P,IMP,,,7,108,"0,57","0,62",79,"5,59","0,65",16,"1,46","0,06",11,11,"0,17",16,"0,12",31,"0,13",29,"0,22",7,"0,06",81,"19,31",14,6,88,"1,93","0,38",38,"7,53",24,"0,25",8,"0,12",29,"0,13",33,"0,19",12,"0,04",71,"-0,19","0,61",81,"17,11",21
SÃO XAVIER 1976 LIBRES,O192383,2015,,P,PO,508,,1,22,"1,59","0,38",99,"5,94","0,42",14,,,,,"0,2",12,"0,27",6,"0,26",5,"0,31",2,"0,05",78,"20,96",12,1,7,"2,1","0,19",36,"8,04",22,"0,19",16,"0,22",10,"0,24",10,"0,28",4,"0,03",68,"-0,17","0,26",79,"17,1",21
SAV INTERNATIONAL 2020,IA-1669,2012,,P,IMP,,,15,134,"1,29","0,63",97,"1,79","0,66",51,"-1,53","0,06",84,24,"0,11",34,"-0,11",93,"0,08",43,"0,06",41,"0,17",99,"7,42",44,15,107,"6,81","0,34",3,"8,6",19,"0,12",34,"-0,06",86,"0,09",43,"0,07",39,"0,17",98,"0,34","0,63",31,"17,09",21
UMBU 2516 TRAVELER,O181257,2014,,P,PO,99,,1,61,"-0,24","0,61",23,"1,05","0,58",60,,,,,"0,13",25,"0,1",37,"0,09",42,"0,03",55,"-0,01",43,"6,56",47,1,26,"5,31","0,27",9,"6,36",30,"0,2",14,"0,12",28,"0,14",30,"0,06",43,"-0,03",34,"0,58","0,45",15,"17,02",21
GAP 3587-2937 GENERATOR,O135357,2009,,P,PO,2555,,2,25,"-0,27","0,48",21,"5,16","0,45",19,"-0,59","0,13",68,5,"0,13",26,"0,05",54,"0,1",38,,,"0,02",64,"16,56",20,2,13,"2,46","0,25",32,"7,62",23,"0,15",26,"0,06",45,"0,16",25,,,"0,03",68,"0,63","0,36",14,"16,93",21
BROWN JYJ REDEMPTION Y1334,IA-1420,2011,,V,IMP,,,29,349,"-1,28","0,76",3,"1,83","0,77",50,"-1,31","0,17",80,55,"0,02",66,"0,1",36,"0,06",50,"-0,04",79,"0,02",65,"4,28",55,21,240,"7,62","0,43",2,"9,45",15,"0,17",21,"0,22",10,"0,17",24,"0,03",53,"0,04",73,"0,19","0,7",44,"16,91",21
ALIANÇA EDE YH768,C339306,2012,,V,PC,16258,,1,22,"0,08","0,33",47,"6,31","0,4",13,,,,,"0,09",42,"0,07",46,"0,15",22,"0,12",24,0,49,"17,76",17,1,9,"4,41","0,19",14,"10,71",11,"0,08",47,"0,04",53,"0,15",28,"0,06",42,"-0,01",45,0,"0,25",64,"16,83",21
TÓLIO TE422 FARAÓ FARAÓ,O192097,2015,,P,PO,14838,"P, T",1,29,"-0,85","0,51",5,"1,66","0,48",53,,,,,"0,19",14,"0,17",18,"0,14",25,"0,17",14,"-0,13",8,"10,03",36,1,21,"3,6","0,25",19,"5,26",36,"0,2",14,"0,13",26,"0,16",27,"0,17",15,"-0,15",6,"0,69","0,42",11,"16,77",21
GAP 3867,O144521,2010,,P,PO,2555,,2,41,"0,12","0,55",51,"1,3","0,55",57,"-0,08","0,24",58,50,"0,11",34,"0,13",29,"0,12",31,,,"-0,03",32,"6,21",49,2,27,"4,95","0,32",10,"6,26",31,"0,16",22,"0,13",26,"0,2",17,,,"-0,11",12,"0,97","0,37",4,"16,63",22
BASCO NET WORTH 529,O175845,2012,,P,PO,4074,,4,39,"0,17","0,54",55,"5,04","0,53",20,"-0,47","0,18",66,4,"0,01",71,"0,17",19,"0,26",5,"0,11",28,"0,03",67,"11,67",32,4,22,"4,53","0,3",13,"9,57",15,"0,01",69,"0,15",22,"0,3",5,"0,1",30,"-0,01",43,"1,32","0,3",1,"16,54",22
SÃO XAVIER 1826 JACARTA TE,O184891,2014,,P,IMP,,,1,42,"0,7","0,44",85,"3,43","0,49",33,"0,29","0,13",35,2,"0,2",11,"0,13",29,"0,25",5,"0,15",18,"-0,04",29,"14,98",24,1,32,"2,16","0,26",35,"5,58",34,"0,2",14,"0,11",31,"0,29",6,"0,18",13,"-0,04",30,"0,47","0,45",22,"16,51",22
SAV PEACE OF MIND 5070,IA-917,2005,,P,IMP,,,4,40,"1,38","0,54",98,"3,92","0,52",29,"1,25","0,14",14,58,"0,21",10,"0,06",49,"0,04",57,"0,23",6,"-0,05",27,"16,61",20,3,29,"1,79","0,27",40,"5,71",33,"0,18",16,"-0,01",74,"0,01",67,"0,24",7,"-0,11",14,"0,46","0,39",22,"16,44",22
GUE-GLEN NORTE REGALON,IA-1008,2002,,P,IMP,,,8,48,"0,38","0,48",68,"6,53","0,54",11,"-1,6","0,25",84,54,"0,14",24,"0,33",3,"0,3",3,"0,02",57,"0,04",73,"20,33",12,6,35,"0,73","0,31",53,"7,27",25,"0,22",11,"0,43",1,"0,42",1,"0,04",49,"0,04",74,"0,23","0,43",40,"16,43",22
LEACHMAN CHEYENNE B221L,IA-781,2001,,V,IMP,,,38,652,"-0,16","0,76",28,"3,97","0,83",28,"-1,42","0,52",81,323,"0,11",34,"0,05",53,"-0,06",88,"0,11",26,"-0,05",25,"12,79",29,33,401,"4,9","0,62",11,"8,87",18,"0,08",46,"0,02",61,"-0,06",86,"0,09",33,"-0,06",25,"0,39","0,74",27,"16,4",22
CONNEALY RIGHT ANSWER 746,IA-1239,2007,,P,IMP,,,13,149,"-0,9","0,48",5,"1,05","0,6",60,"1,58","0,15",10,11,"0,1",36,"-0,03",80,"0,03",63,"0,15",17,"-0,01",43,"5,43",52,8,35,"5,12","0,3",10,"6,17",31,"0,24",9,"0,04",53,"0,11",39,"0,27",5,"-0,07",23,"0,38","0,46",27,"16,13",23
CIA.AZUL 1118 F.ANSWER ZORZAL WOLF,O138031,2009,,P,PO,8538,"P, T",8,329,"-0,7","0,76",8,"3,62","0,78",31,"1,23","0,23",15,26,"0,16",19,"0,15",22,"0,17",18,"0,05",47,"-0,12",8,"13,8",27,5,245,"1,59","0,53",42,"5,21",36,"0,1",39,"0,11",31,"0,15",29,"-0,03",72,"-0,16",6,"1,47","0,7",1,"16,1",23
TRADIÇÃO 2013,C372374,2013,,P,PC,3638,,1,80,"0,28","0,56",63,"5,18","0,58",19,,,,,"0,1",38,"0,23",9,"0,24",7,"0,09",33,"-0,01",43,"15,36",22,1,42,"4,6","0,32",13,"9,78",14,"0,08",44,"0,22",10,"0,27",7,"0,01",57,0,48,0,"0,4",64,"16,03",23
TRADIÇÃO 2028,C372896,2013,,P,PC,3638,,15,220,"0,7","0,73",85,"0,35","0,74",67,"-0,67","0,23",70,14,"0,04",61,0,70,"0,08",44,"-0,01",67,"-0,05",26,"1,15",66,12,144,"7,3","0,51",2,"7,65",23,"0,14",27,"0,15",21,"0,15",27,"-0,01",65,"-0,05",28,"0,66","0,67",13,"15,9",23
GAP 0E203,C294423,2008,,P,PC,2555,,1,135,"0,53","0,72",77,"7,2","0,71",8,"-0,62","0,3",69,73,"0,16",20,"0,07",45,"0,06",52,,,"0,09",90,"22,55",10,1,83,"1,36","0,46",45,"8,57",19,"0,11",36,"0,04",53,"0,01",68,,,"0,04",74,"0,02","0,6",62,"15,81",23
EF AUTHENTIC 0829,IA-1368,2010,,P,IMP,,,4,33,"-0,27","0,34",21,"4,99","0,44",20,"1,78","0,04",8,2,"-0,04",84,0,70,"0,01",70,"0,12",23,"-0,03",32,"9,7",37,2,24,"6,32","0,21",5,"11,31",9,"0,03",62,"0,05",49,"0,09",44,"0,17",14,"-0,04",31,"0,47","0,27",22,"15,72",24
CIA. AZUL TE1066 QUEBRACHO GRAND CANYON,O136388,2009,,V,PO,8538,,1,28,,,,"5,46","0,48",17,"-1,19","0,2",78,16,"0,11",34,"0,14",25,"0,1",36,"0,1",31,"0,09",90,"16,45",20,1,24,"1,69","0,32",41,"7,15",26,"0,13",31,"0,17",18,"0,16",27,"0,13",21,"0,11",93,"0,71","0,26",10,"15,59",24
TARRA TE121 CAMBIACO PERFORMA HAYMOUNT,O153329,2012,,P,PO,14838,,2,52,"1,1","0,52",95,"10,17","0,52",2,"-1,49","0,09",83,5,"-0,01",77,"0,01",65,0,72,"0,05",45,0,53,"23,53",9,2,44,"1,74","0,3",40,"11,92",8,"-0,05",85,"-0,02",77,"-0,04",82,"0,01",59,"-0,01",44,"0,79","0,5",7,"15,53",24
TRADIÇÃO 2060,C372484,2013,,P,PC,3638,,1,52,,,,"3,42","0,55",33,"-2,15","0,1",91,1,"0,31",3,"-0,06",87,"0,28",4,,,"0,08",,"19,02",15,1,50,"0,97","0,37",50,"4,39",41,"0,28",6,"-0,09",92,"0,22",13,,,,,"-0,52","0,54",94,"15,47",25
WT BUTIÁ 210 MOMENTUM X BUTIÁ 002,O170497,2014,,V,PO,17087,,1,29,"-0,01","0,46",40,"5,09","0,45",19,"0,34","0,09",33,4,"0,13",27,"-0,01",73,"0,04",57,"0,06",42,"0,02",63,"16,3",20,1,27,"2,52","0,27",31,"7,62",23,"0,08",46,"-0,05",83,"0,01",68,"0,01",59,"0,03",66,"0,6","0,47",15,"15,44",25
RINCON TE2625 COMPADRON DEL SARANDY,O196229,2014,,V,PO,7287,,1,37,"0,74","0,51",86,"6,62","0,51",11,,,,,"0,21",10,"0,18",16,"0,19",14,"0,12",23,"0,12",95,"23,09",9,1,25,"0,25","0,27",61,"6,88",27,"0,25",7,"0,16",19,"0,25",10,"0,09",31,"0,13",95,"-0,6","0,4",96,"15,43",25
SANTA AMÁBILE TE121,O125263,2008,,V,PO,14702,,3,34,"0,09","0,12",48,"4,05","0,36",28,"0,79","0,05",23,1,"0,14",24,"0,04",56,"-0,05",85,"0,15",18,0,54,"14,19",26,3,20,"2,53","0,14",31,"6,58",29,"0,15",25,"0,07",43,"-0,05",85,"0,13",22,0,55,"0,45","0,37",22,"15,36",25
CIA.AZUL TE3574 MAXI P.MIND,O191937,2015,,P,PO,8538,,1,31,"0,25","0,51",61,"4,88","0,49",21,,,,,"0,19",14,"0,18",16,"0,28",4,"0,13",21,"0,08",89,"18,01",16,1,7,"1,23","0,24",47,"6,11",31,"0,16",23,"0,18",16,"0,34",3,"0,09",31,"0,07",83,"0,33","0,35",32,"15,3",25
BASCO LUCKY 822,O184723,2014,,P,PO,4074,,2,26,"0,7","0,37",85,"3,8","0,37",30,,,,,"0,14",23,"0,11",32,"0,13",28,"0,02",56,"0,03",67,"13,68",27,1,10,"2,64","0,22",30,"6,44",30,"0,16",21,"0,09",38,"0,15",28,"-0,02",71,"0,02",64,"0,37","0,34",28,"15,28",25
ANGUS VALLEY TE 2354 TELLECHEA,O181086,2014,,P,PO,18551,,1,54,"-0,47","0,59",14,"2,31","0,55",45,,,,,"0,04",58,"-0,01",73,"0,02",66,"0,09",33,"-0,1",12,"6,24",49,1,48,"3,53","0,29",20,"5,84",32,"0,13",31,"0,06",46,"0,12",36,"0,12",23,"-0,11",13,"1,45","0,47",1,"15,16",25
SANTA AMÉLIA 6944 TRADIÇÃO 2028,C407532,2016,,P,PC,33,,1,20,"1,11","0,29",95,"4,69","0,4",22,,,,,"0,01",69,"-0,03",79,"0,01",69,"0,1",30,0,53,"10,98",34,,0,"5,42","0,2",8,"10,11",13,"0,07",50,"0,09",37,"0,02",66,"0,08",34,0,55,"0,2","0,28",43,"15,12",25
LC TOTEM TET206,O149091,2010,,P,PO,4602,,1,21,"0,09","0,41",48,"4,43","0,4",25,"-0,84","0,15",72,5,"0,19",13,"-0,04",82,"0,07",48,"0,3",2,"0,04",74,"16,99",19,1,19,"2,27","0,23",34,"6,7",28,"0,2",14,"-0,02",76,"0,08",48,"0,3",3,"0,04",73,"-0,33","0,34",88,"15,12",25
RINCON TE1892 ZORZAL DEL SARANDY,O156852,2011,,P,PO,7287,,1,22,"0,79","0,36",88,"6,16","0,34",13,,,,,"0,14",23,"0,05",53,"0,12",29,"0,08",36,"0,05",79,"19,46",14,1,13,"1,01","0,21",50,"7,18",26,"0,12",33,"0,04",55,"0,13",33,"0,06",41,"0,03",70,"0,37","0,27",28,15,26
LA LEGUA CANYON 8279 TE CANONAZO,IA-1267,2002,,V,IMP,,,3,60,"0,84","0,55",90,"6,68","0,53",11,"-0,22","0,09",60,17,"0,18",16,"0,09",40,"0,17",17,"0,22",8,"-0,01",45,"22,06",10,3,58,"-0,16","0,29",67,"6,52",29,"0,23",10,"0,04",52,"0,19",18,"0,18",14,0,49,"-0,23","0,5",83,"14,96",26
SAV CLARK 8374,IA-1090,2008,,P,IMP,,,9,32,"0,57","0,42",79,"1,28","0,48",57,"-0,05","0,17",57,9,"0,11",32,"-0,03",78,"0,04",60,"0,09",32,"0,05",78,"6,4",48,7,23,"5,53","0,27",8,"6,82",27,"0,15",25,"-0,01",71,"0,07",49,"0,09",31,"0,05",75,"0,21","0,37",42,"14,93",26
BARRAGEM 1163 REC.CANDOMBE 224,O138699,2008,,P,PO,2251,,2,141,"0,07","0,64",47,"2,87","0,64",39,"-1,94","0,22",88,36,"0,03",61,"-0,06",85,"0,1",38,"0,12",25,"0,06",80,"7,32",45,2,77,"5,61","0,33",7,"8,48",19,"0,09",43,"0,06",47,"0,19",19,"0,15",17,,,"0,5","0,49",20,"14,92",26
TRES MARIAS 8795 TITAN TE TITAN,IA-1407,2010,,P,IMP,,K,16,92,"-0,38","0,63",16,"4,8","0,64",22,"-2,03","0,17",90,20,"0,1",38,"0,02",63,"0,09",42,"0,1",30,"0,17",99,"14,4",25,9,50,"2,92","0,31",27,"7,72",23,"0,07",51,"-0,05",82,"0,04",60,"0,11",25,"0,25",99,"0,68","0,51",12,"14,9",26
SÃO XAVIER 1957 JOHNNIE RED TE,O193509,2014,,V,PO,508,,1,20,"0,5","0,39",75,"5,14","0,41",19,,,,,"0,19",12,"0,11",32,"0,14",26,"0,16",15,"-0,03",33,"18,81",15,1,10,"0,7","0,18",54,"5,84",32,"0,2",14,"0,09",37,"0,15",27,"0,13",22,"-0,04",31,"0,03","0,35",61,"14,85",26
SANTA SERGIA LUQUE PAGARE 3248,O183517,2013,,V,IMP,,,1,32,"0,11","0,46",51,"4,26","0,45",26,,,,,"0,12",30,"0,09",39,"0,16",19,"0,01",60,"-0,07",19,"13,94",26,1,25,"2,81","0,24",28,"7,07",26,"0,13",30,"0,1",35,"0,19",19,"0,04",49,"-0,07",21,"0,28","0,32",36,"14,69",26
GAP 3681-2995 BROTHER,O135447,2009,,P,PO,2555,,1,73,"0,05","0,61",45,"4,74","0,61",22,"-0,56","0,17",67,27,"0,03",63,"-0,1",93,0,72,,,"-0,09",15,"11,77",32,1,45,"4,33","0,32",14,"9,07",17,"0,11",37,"-0,04",82,"0,07",50,,,"-0,11",12,"0,16","0,38",47,"14,64",26
CIA.AZUL 0474-C0134 PANHANDLE,O110164,2005,,V,PO,8538,,4,214,"1,02","0,75",94,"2,99","0,75",37,"-3,93","0,37",99,146,"0,09",39,"0,27",6,"0,38",1,"-0,01",69,"-0,02",40,"9,9",36,3,149,"5,44","0,51",8,"8,43",20,"0,13",30,"0,35",2,"0,52",1,"0,03",52,"-0,05",30,"-0,26","0,66",85,"14,59",27
LA CORNÉLIA REAL DENSITY A175,O151318,2011,,P,PO,16262,,1,28,"0,95","0,41",93,"3,93","0,4",29,"-1,06","0,16",76,2,"0,09",40,"0,09",39,"0,06",50,"0,04",49,"-0,16",4,"12,08",31,1,20,"3,57","0,25",19,"7,5",24,"0,11",37,"0,13",25,"0,09",45,"0,1",28,"-0,17",5,"0,38","0,4",28,"14,59",27
REDBAR GRID MAKER D213,C398577,2014,,P,PC,9271,,1,25,"1,25","0,46",97,"3,36","0,45",34,,,,,"0,26",5,"0,18",16,"0,26",5,"0,18",12,"-0,02",39,"17,11",18,1,25,"-0,3","0,27",69,"3,07",50,"0,29",5,"0,19",15,"0,29",5,"0,14",18,"-0,01",43,"0,03","0,45",61,"14,5",27
SAV RECORD HARVEST 2186,IA-1426,2012,,P,IMP,,,17,72,"1,98","0,57",99,"4,41","0,58",25,"-1,57","0,08",84,14,"0,16",19,"-0,07",88,"0,19",13,"0,17",13,"0,14",97,"15,82",21,16,52,"1,51","0,29",43,"5,92",32,"0,1",39,"-0,05",83,"0,18",21,"0,14",18,"0,15",97,"0,66","0,52",12,"14,45",27
BLACK PRINCE/CAMBÁ-PYTÁ 8706 ARGENTINO 2,O164830,2010,,P,PO,17491,,2,66,"1,22","0,59",96,"2,64","0,56",41,"1,16","0,07",16,5,"0,15",20,"0,02",62,"-0,01",74,"0,11",25,0,49,"11,23",33,2,20,"2,71","0,23",29,"5,35",35,"0,16",22,"-0,03",78,"-0,01",75,"0,11",26,0,56,"0,43","0,22",24,"14,32",27
SANTA EULÁLIA NEW DESIGN 456,O116489,2006,,P,PO,95,,2,23,"0,26","0,27",61,"2,06","0,43",47,"3,23","0,17",2,12,"0,15",22,"0,23",9,"0,01",68,"0,31",2,"-0,04",28,"9,52",38,1,18,"3,82","0,22",17,"5,88",32,"0,15",26,"0,21",12,"0,01",68,"0,36",1,"-0,08",19,,,,"14,21",27
AAR TEN X 7008 SA TEN X,IA-1561,2007,,P,IMP,,,6,65,"-0,04","0,58",37,"5,85","0,58",15,,,,,"0,12",28,"-0,07",87,"0,02",65,"0,1",31,"0,03",67,"18,05",16,5,38,1,"0,34",50,"6,85",27,"0,15",25,"-0,02",76,"0,01",69,"0,11",26,0,53,"0,17","0,5",46,"14,16",27
SANTA JOANA 1759,C371004,2011,,P,PC,15398,,1,25,"1,53","0,48",99,"0,56","0,48",64,"0,7","0,21",25,6,"0,19",12,"0,04",57,"0,16",21,"0,21",9,"0,05",77,"7,55",44,1,16,"3,63","0,33",19,"4,19",42,"0,21",13,"0,08",41,"0,22",13,,,"0,05",77,"0,22","0,33",42,"14,15",27
SAV BEST INTEREST 0136,IA-1538,2010,,P,IMP,,,12,70,"0,89","0,53",91,"3,22","0,57",35,"0,86","0,14",21,13,"0,18",15,"0,09",40,"0,21",11,"0,17",13,"0,02",63,"13,54",27,12,51,"1,64","0,29",42,"4,87",39,"0,15",27,"0,05",47,"0,24",11,"0,12",23,"0,02",65,"0,57","0,46",16,"14,12",27
CASTELO TE08,O152617,2010,,P,PO,16656,,2,150,"-1,02","0,54",4,"6,38","0,66",12,"-4,48","0,23",99,42,"0,14",22,"0,11",34,"0,18",16,"0,2",9,"0,01",57,"20,1",13,1,93,"1,3","0,39",46,"7,68",23,"0,11",36,"0,07",42,"0,11",37,"0,16",15,"-0,01",48,"-0,09","0,58",72,"14,09",28
ROYAL ON TIME DRCC 6059S,IA-997,2006,,P,IMP,,,3,21,"1,04","0,35",94,"5,96","0,39",14,"0,15","0,06",38,10,"0,1",37,"0,11",34,"0,02",64,"0,16",15,"-0,09",13,"17,43",17,3,19,"1,16","0,19",47,"7,12",26,"0,07",50,"0,05",51,"0,01",70,"0,14",19,"-0,1",15,"0,72","0,27",10,"14,05",28
TÓLIO TE402 BRAND NAME TRAVELER ECLIPSE,O181338,2014,,P,PO,14838,,2,25,"-0,12","0,47",31,"0,31","0,48",67,,,,,"0,17",17,"0,21",13,"0,19",13,"0,18",12,"0,06",80,"6,15",49,1,21,"3,45","0,28",21,"3,76",45,"0,18",17,"0,18",15,"0,21",15,"0,18",13,"0,02",64,"0,68","0,45",12,"14,03",28
QUIRI A164,C164858,2000,,V,PC,92,,2,63,"0,56","0,31",79,"2,17","0,57",46,"0,54","0,21",28,34,"0,13",26,"0,14",26,"0,1",37,"0,13",22,"0,01",61,"9,16",38,2,32,"4,21","0,27",15,"6,38",30,"0,11",38,"0,14",23,"0,14",31,"0,1",28,,,"0,35","0,31",31,"14,01",28
GAR PROPHET,IA-1778,2008,,P,IMP,,M,3,23,"0,6","0,28",81,"4,65","0,35",23,"1,15","0,07",16,5,"0,09",39,"-0,03",77,"-0,07",90,"0,08",35,"-0,05",24,"13,92",26,1,15,2,"0,16",37,"6,65",29,"0,11",37,"-0,04",81,"-0,08",90,"0,08",34,"-0,1",15,"0,63","0,24",14,"13,99",28
CRA BEXTOR 872-5205-608,IA-727,1998,,P,IMP,,,11,137,"0,51","0,69",76,"3,64","0,69",31,"2,2","0,3",6,111,"0,1",36,"0,03",58,"0,03",62,"0,13",21,"-0,06",23,"11,78",32,10,107,"2,06","0,41",36,"5,7",33,"0,16",22,"0,05",48,"0,01",67,"0,17",15,"-0,17",5,"0,56","0,61",17,"13,88",28
SAV PRIORITY 7283 PRIORITY,IA-1352,2007,,P,IMP,,,61,799,"0,52","0,83",76,"5,04","0,84",20,"-0,3","0,42",62,161,"0,16",19,"0,1",36,"0,09",42,"0,15",16,"-0,13",8,"17,38",18,51,466,"-0,86","0,59",77,"4,18",42,"0,22",11,"0,06",46,"0,09",43,"0,14",18,"-0,16",5,"0,58","0,79",16,"13,87",28
CONNEALY EARNAN 076E,IA-1341,2010,,P,IMP,,,15,72,"0,72","0,39",86,"6,75","0,56",10,"-3,41","0,1",98,25,"0,1",37,"0,14",26,"0,11",33,"0,11",28,"-0,03",36,"19,31",14,10,37,"1,82","0,24",39,"8,56",19,"0,1",40,"0,04",53,"0,03",61,"0,09",33,"-0,02",39,"-0,13","0,42",76,"13,85",29
BASCO BRAND NAME ONIX 525TE,O161627,2012,,P,PO,4074,,2,40,"0,16","0,51",54,"4,41","0,51",25,"-2,31","0,14",93,2,"0,18",15,"0,07",44,"0,14",24,"0,06",42,"0,12",95,"16,5",20,2,25,"-0,71","0,29",75,"3,7",45,"0,18",17,"0,02",61,"0,14",29,"0,01",57,"0,14",96,"0,87","0,41",5,"13,81",29
HUACA CURU 7210 ZORZAL 5795TE CURU,IA-1855,2013,,P,IMP,,T,7,43,"0,45","0,45",73,"4,92","0,47",21,,,,,"0,15",21,"0,15",22,"0,17",17,"0,06",43,"0,05",78,"16,68",19,2,5,"2,18","0,22",35,"7,1",26,"0,12",33,"0,11",31,"0,17",24,"0,02",54,"0,03",66,"-0,12","0,21",75,"13,77",29
EARLEY DATELINE 2M,IA-812,2002,,P,IMP,,,7,77,"0,79","0,62",88,"4,23","0,63",26,"0,56","0,23",28,52,0,73,"-0,13",95,"0,01",68,"0,19",11,"-0,04",30,"9,42",38,7,63,"4,83","0,39",11,"9,06",17,"0,12",32,"-0,09",91,"0,07",51,"0,17",15,"-0,06",26,"-0,04","0,57",68,"13,75",29
CIA.AZUL 1282 NET WORTH WIDESPREAD,O149256,2010,,P,PO,8538,T,2,60,"0,29","0,59",64,"2,38","0,6",44,"-0,06","0,26",57,41,"0,11",31,"-0,1",92,"0,04",60,"0,18",12,"0,02",62,"9,13",38,2,44,"3,12","0,38",24,"5,5",34,"0,18",18,"-0,07",89,"0,05",55,"0,24",7,"-0,04",32,"0,27","0,49",37,"13,48",29
QUIRI J84,C299376,2007,,P,PC,92,,1,21,"0,23","0,41",59,"3,21","0,4",35,"0,94","0,11",20,6,"0,03",62,"0,02",64,"0,06",52,"0,06",41,"-0,08",16,"8,05",42,1,20,"4,41","0,23",14,"7,62",23,"0,11",36,"-0,02",74,"0,05",54,"0,08",34,"-0,09",17,"0,31","0,41",34,"13,42",29
SAV RADIANCE 0801,IA-1438,2010,,P,IMP,,,7,52,"-0,67","0,53",8,"3,26","0,53",34,"1,06","0,14",17,12,"0,09",41,"0,1",37,"0,04",56,"0,11",27,"-0,03",35,"10,27",36,7,21,"2,54","0,25",31,"5,8",33,"0,11",38,"0,04",52,"0,05",55,"0,1",28,0,49,"0,79","0,34",8,"13,41",29
SAV CINCH 1248 CINCH,IA-1370,2011,,P,IMP,,,15,68,"-0,15","0,49",29,"0,97","0,59",60,"0,35","0,14",33,25,"0,14",22,"0,03",58,"0,16",19,"0,07",38,"0,07",87,"6,76",46,13,41,"4,05","0,28",16,"5,02",38,"0,21",12,"0,06",45,"0,25",10,"0,13",22,"0,06",81,"-0,07","0,52",70,"13,37",30
RITO 9FB3 OF 5H11 FULLBACK,IA-368,1989,,P,IMP,,,18,215,"1,06","0,64",94,"3,43","0,72",33,"-1,25","0,39",79,254,"0,18",14,"0,14",24,"0,24",6,"0,08",38,"0,04",74,"14,33",25,16,171,"1,29","0,44",46,"4,72",39,"0,09",43,"0,1",33,"0,25",9,"0,07",40,"0,03",68,"0,7","0,65",11,"13,31",30
FSL H AVIS TE526 AVIS,O128807,2008,,P,PO,14320,T,3,128,"-0,1","0,6",33,"0,31","0,59",67,,,,,"0,06",52,"-0,05",83,"-0,04",83,"0,05",44,"0,02",66,"1,9",64,3,98,"5,16","0,39",9,"5,46",35,"0,12",35,"-0,05",84,"0,03",63,"0,13",21,"-0,01",47,"0,85","0,62",6,"13,23",30
RITO 12E7 OF 5F56 RITO 5M2,IA-1630,2011,,P,IMP,,,1,162,"0,17","0,65",54,"9,82","0,64",2,"-2,4","0,04",93,5,"0,11",34,"0,21",12,"0,1",37,"0,09",34,"-0,14",6,"27,18",5,1,76,"-1,75","0,35",87,"8,07",21,"-0,02",76,"0,05",49,"-0,02",76,"0,03",50,"-0,21",2,"0,75","0,53",9,"13,2",30
QUIRI M008,C344171,2010,,P,PC,92,,2,45,"-0,25","0,49",22,"4,25","0,51",26,"-1,13","0,16",77,25,"0,13",28,"0,34",2,"0,33",2,"-0,03",76,"-0,01",46,"14,18",26,2,37,"1,26","0,28",46,"5,51",34,"0,2",14,"0,42",1,"0,42",1,"-0,06",82,"-0,02",39,"0,06","0,34",58,"13,14",30
QUIRI G212P,O118823,2005,,P,PO,92,,1,54,"0,03","0,32",43,"5,02","0,57",20,"0,01","0,21",55,22,"0,08",45,"0,22",11,"0,17",18,"-0,15",95,"-0,01",46,"14,26",25,1,51,"3,4","0,36",22,"8,42",20,"0,03",62,"0,21",10,"0,19",19,"-0,2",97,"-0,04",33,"0,17","0,42",47,"13,14",30
SOSSEGO 13N FIV EBV FIRE HEADLINER,O186788,2014,,P,PO,14764,,2,38,"0,28","0,25",63,"7,04","0,42",9,"-0,06","0,17",57,4,"0,12",29,"0,22",11,"0,09",40,"-0,05",81,"-0,03",32,"20,9",12,1,27,"0,79","0,23",53,"7,83",22,"0,09",43,"0,21",11,"0,15",29,"-0,09",88,"-0,04",33,"-0,12","0,37",76,"13,1",30
LAS LILAS 1931 LIDER MAX ARAFAT,IA-1143,2008,,P,IMP,,,9,88,"-0,06","0,63",36,"3,47","0,64",33,"-0,49","0,21",66,38,"0,11",34,"0,3",4,"0,02",64,"0,03",55,"0,1",92,"11,55",32,6,79,"2,93","0,42",27,"6,4",30,"0,13",31,"0,3",4,"0,04",58,"0,03",50,"-0,01",45,"0,07","0,58",56,"12,82",31
TRAVELER DO CARUMBÉ TE1608,O129646,2008,,P,PO,269,,5,61,"0,16","0,56",54,"1,07","0,56",59,"2,97","0,18",2,4,"0,09",41,"0,09",41,"0,07",48,"0,06",43,"-0,04",29,"4,88",53,5,49,"5,56","0,32",7,"6,63",29,"0,11",37,"0,08",39,"0,11",37,"0,07",38,"-0,05",28,"0,06","0,47",57,"12,82",31
REDBAR RED LABEL A134,C348547,2011,,V,PC,9271,A,1,48,"-0,95","0,53",5,"2,32","0,51",45,"0,82","0,18",22,21,"0,12",31,"0,17",20,"0,21",10,"0,15",16,"-0,17",4,"9,05",39,1,47,"3,8","0,33",18,"6,12",31,"0,16",22,"0,2",12,"0,29",6,"0,14",20,"-0,19",3,"-0,18","0,42",80,"12,7",31
MUSHRUSH LOCK 'N' LOAD U213,IA-1371,2008,,V,IMP,,,1,52,"-0,49","0,54",13,"4,91","0,52",21,"-0,41","0,11",64,25,"0,02",68,"0,04",55,"0,03",63,"0,11",25,"0,06",80,"11,72",32,1,38,"4,22","0,29",15,"9,13",17,"0,02",67,"0,05",50,"0,02",66,"0,14",20,"0,05",76,"0,17","0,38",46,"12,58",31
RHRA EZ 537 10T,IA-1018,2007,,V,IMP,,,4,37,"-0,03","0,4",39,"2,72","0,47",40,"1,11","0,1",17,21,"0,07",48,"0,05",53,"0,03",60,"-0,05",82,"-0,04",31,"8,19",42,4,26,"5,26","0,22",9,"7,98",22,"0,07",50,"0,03",58,"0,02",64,"-0,06",83,"-0,02",41,"-0,14","0,27",77,"12,51",31
LT 598 BANDO 9074,IA-831,1999,,P,IMP,,,20,308,"-1,12","0,76",4,"3,57","0,77",32,"-0,52","0,45",66,281,"-0,04",83,"0,02",62,"-0,06",87,"-0,01",69,"-0,27",1,"6,31",48,18,240,"6,11","0,51",5,"9,68",14,"0,01",69,"0,05",50,"-0,07",88,"0,03",52,"-0,28",1,"0,22","0,68",42,"12,44",32
OCC HEADLINER 661H LIDER,IA-679,1998,,P,IMP,,,46,777,"-0,18","0,83",27,"3,31","0,85",34,"0,06","0,66",53,923,"0,23",7,"0,35",2,"0,32",2,"-0,02",74,"-0,02",36,"15,91",21,36,601,"0,37","0,66",60,"3,68",45,"0,19",16,"0,4",2,"0,36",2,"-0,04",77,"-0,01",43,"-0,11","0,8",75,"12,36",32
CONNEALY IN FOCUS 4925,IA-1155,2006,,P,IMP,,,3,21,"0,34","0,27",66,"3,21","0,38",35,,,,,"0,12",28,"0,17",20,"0,06",48,"0,17",13,"-0,07",19,"11,51",32,3,20,"2,49","0,19",31,"5,7",33,"0,08",46,"0,15",22,"0,03",62,"0,14",19,"-0,11",13,"0,44","0,29",23,"12,36",32
LA LEGUA SAKIC 781 TE,IA-1880,2011,,V,IMP,,,2,60,"0,71","0,53",85,"2,22","0,51",46,,,,,"0,18",15,"0,08",42,"0,2",12,"0,09",32,"0,17",99,"11,21",33,2,25,"1,3","0,26",46,"3,52",47,"0,15",24,"0,01",65,"0,14",30,"0,03",52,"0,21",99,"0,49","0,37",21,"12,31",32
INHANDUI 1125 BRILLIANCE PREDOMINANT,O170345,2013,,P,PO,8386,,1,42,"0,35","0,46",67,"1,29","0,43",57,,,,,"0,13",25,"0,13",27,"0,19",13,0,64,"-0,12",9,"7,17",45,1,9,"2,98","0,22",26,"4,27",42,"0,13",30,"0,1",34,"0,18",22,"-0,02",71,"-0,14",7,"0,54","0,39",18,"12,29",32
GAP 4591,O168584,2013,,V,PO,2555,,4,138,"0,31","0,71",65,"6,37","0,69",13,"-1,53","0,17",83,7,"0,16",18,"0,2",14,"0,14",26,,,"0,08",87,"20,85",12,3,69,"0,98","0,36",50,"7,35",25,"0,07",49,"0,04",56,"0,15",29,,,"0,07",85,"-0,39","0,53",90,"12,28",32
CIA. AZUL MONARCA 1072 QUEBRACHO ZHAURY,O136321,2009,,V,PO,8538,,1,35,"1,01","0,29",94,"3,14","0,51",35,"-1,09","0,23",76,25,"0,13",25,"0,13",29,"0,12",31,"0,08",35,"0,04",75,"11,72",32,1,28,"2,61","0,34",30,"5,75",33,"0,14",29,"0,11",30,"0,17",23,"0,09",32,"0,01",60,"-0,1","0,27",73,"12,15",32
ESPINILHO FIV154,O169330,2013,,P,PO,14550,,1,33,,,,"6,96","0,47",9,,,,,"0,02",68,"-0,01",74,"0,04",59,"0,08",37,"0,02",64,"16,8",19,1,21,"2,34","0,28",33,"9,31",16,0,72,"-0,07",90,"0,01",69,"0,04",47,"0,02",65,"0,17","0,25",47,"12,1",33
SAV 004 DENSITY 4336 DENSITY,IA-982,2004,,P,IMP,,,74,995,"0,77","0,85",88,"2,5","0,86",42,"-2,61","0,57",95,635,"0,14",23,"0,09",40,"0,14",24,"0,03",54,"-0,06",23,"10,46",35,60,732,"1,66","0,66",41,"4,17",42,"0,2",15,"0,15",22,"0,19",19,"0,1",30,"-0,05",27,"0,14","0,81",49,"12,07",33
HW85 GOLIAS BAMBA 15 DE FIELD DAY,O149812,2010,,V,PO,18650,,2,70,"-0,28","0,62",21,"4,45","0,61",24,"0,06","0,16",54,12,"0,09",41,0,71,"0,02",64,"0,02",56,"0,01",56,"13,24",28,1,28,"0,06","0,29",64,"4,51",40,"0,09",42,"-0,03",78,"-0,03",81,"-0,01",65,"0,05",76,"1,12","0,37",2,"12,01",33
PIRAY 207 RED QUEBRACHO DION,IA-844,2003,,V,IMP,,,10,45,"1,03","0,56",94,"0,59","0,59",64,"-0,05","0,34",57,62,"0,16",19,"0,18",18,"0,19",14,"0,24",6,0,48,"6,41",48,8,38,"1,66","0,39",41,"2,25",55,"0,17",19,"0,2",12,"0,25",10,"0,27",5,"0,01",60,"0,89","0,47",5,12,33
CATANDUVA INQUISIDOR 1802-1897-TE69,O80663,2000,,V,PO,16417,,5,63,"0,58","0,49",80,"4,64","0,58",23,"-0,62","0,17",69,24,"0,14",25,"0,22",11,"0,22",8,"0,11",25,"-0,09",14,"15,47",22,3,28,"0,7","0,27",54,"5,34",35,"0,19",16,"0,26",6,"0,3",5,"0,13",21,"-0,12",11,"-0,22","0,43",83,"11,92",33
PVF INSIGHT 0129,IA-1496,2010,,P,IMP,,,18,166,"-0,12","0,68",31,"5,04","0,7",20,"1,78","0,15",8,17,"0,06",52,"0,08",43,"0,06",50,"0,02",58,"-0,05",25,"13,52",27,12,109,"2,24","0,37",34,"7,28",25,"0,07",49,0,68,"0,08",46,"0,02",53,"-0,03",36,"0,17","0,58",46,"11,83",33
RED SIX MILE SAKIC 832S,IA-1124,2006,,V,IMP,,,39,350,"0,34","0,75",67,"2,27","0,78",45,"-0,62","0,37",69,151,"0,13",27,"0,12",31,"0,12",30,"0,01",62,"0,02",66,"9,34",38,30,240,"2,7","0,51",29,"4,98",38,"0,13",29,"0,1",32,"0,12",35,"-0,04",76,"0,04",73,"0,15","0,7",48,"11,82",33
GARUPA 8520 LOOKOUT7TROUXAS,O162115,2011,,P,PO,57,,1,24,"-0,09","0,41",34,"1,87","0,4",50,,,,,"0,13",26,"0,19",15,"0,18",15,"0,01",60,"-0,13",7,"8,41",41,1,8,"2,1","0,17",36,"3,97",43,"0,14",29,"0,18",16,"0,2",17,"0,01",57,"-0,14",8,"0,56","0,17",16,"11,81",33
BON VIEW NEW DESIGN 878,IA-721,1998,,P,IMP,,,20,306,"0,11","0,73",51,"1,45","0,77",55,"5,81","0,48",1,354,"0,04",60,"0,09",39,0,70,"0,28",3,"-0,15",5,"3,87",57,19,239,"5,21","0,53",9,"6,66",28,"0,06",52,"0,11",30,"0,02",64,"0,32",3,"-0,23",2,"0,42","0,64",24,"11,79",33
REDBAR RED LABEL B192 ALQUEIRE,O159123,2012,,V,PO,9271,,1,29,"0,32","0,49",65,"2,08","0,47",47,"1,32","0,16",14,15,"0,02",66,"-0,02",76,"-0,09",93,"0,18",12,"-0,08",16,"4,86",53,1,29,"4,67","0,29",12,"6,75",28,"0,06",52,"0,05",51,"-0,04",83,"0,19",11,"-0,06",24,"0,48","0,37",21,"11,65",34
INHANDUÍ 1349 DON LEO DENSITY,O170423,2013,,P,PO,8386,,1,33,"-0,09","0,46",34,"2,5","0,43",42,,,,,"0,13",28,"0,04",56,"0,07",45,"0,17",14,"-0,15",5,"9,87",37,1,12,"1,2","0,23",47,"3,71",45,"0,17",19,"0,06",46,"0,12",36,"0,24",7,"-0,18",4,"0,45","0,39",22,"11,62",34
FSL I BERRIEL 721 TE,O134706,2009,,P,PO,14320,,2,23,"0,4","0,39",69,"5,61","0,39",16,,,,,"0,09",40,"0,2",14,"0,11",33,"0,17",14,"-0,04",29,"16,24",20,2,21,"0,81","0,2",52,"6,42",30,"0,12",34,"0,21",12,"0,13",33,"0,18",14,"-0,06",24,"-0,02","0,42",66,"11,59",34
TRES MARIAS 7033 CANDOMBE 6164 TE,IA-931,2004,,P,IMP,,,13,87,"0,08","0,57",48,"1,94","0,61",49,"-1,54","0,31",84,163,"0,06",50,"0,06",51,"0,11",34,"0,08",38,"0,01",56,"6,07",50,10,39,"5,05","0,32",10,"6,99",26,"0,1",40,"0,12",27,"0,13",33,"0,02",57,"0,02",63,"-0,17","0,51",79,"11,58",34
SAC CONVERSATION,IA-1660,2013,,P,IMP,,,4,44,"-0,91","0,47",5,"5,37","0,45",17,,,,,"0,14",22,"0,18",17,"0,18",15,"0,16",15,"-0,09",13,"17,6",17,3,32,"-1,29","0,18",82,"4,08",43,"0,18",17,"0,18",16,"0,22",14,"0,16",16,"-0,12",11,"0,28","0,31",36,"11,57",34
GAP 3123 QUEBRACHO BARTO,O121417,2007,,V,PO,2555,,2,510,"0,98","0,83",93,"1,63","0,82",53,"-0,94","0,53",74,341,"0,18",15,"0,08",42,"0,17",17,,,"-0,03",31,"9,77",37,2,351,"1,86","0,62",39,"3,49",47,"0,12",35,"0,09",38,"0,23",12,,,"0,04",74,"0,45","0,76",23,"11,56",34
LEACHMAN SAUGAHATCHEE 3000C,IA-494,1993,,P,IMP,,,17,118,"-0,52","0,63",12,"3,24","0,68",34,"0,97","0,39",19,222,"0,14",24,"0,14",25,"0,11",34,"0,14",20,"0,09",92,"12,14",31,15,81,"2,32","0,41",33,"5,56",34,"0,08",47,"0,03",59,"0,07",49,"0,05",44,"0,13",95,"0,14","0,46",49,"11,51",34
ALBARDÃO 055 PASTORIZA BADLANDS,C296722,2008,,V,PC,436,,4,137,"-0,4","0,36",16,"2,72","0,56",40,"-2,15","0,23",91,43,"0,1",35,"0,03",57,"0,12",32,"0,17",14,"-0,04",29,"9,59",37,3,114,"0,35","0,33",60,"3,07",50,"0,24",9,"0,04",52,"0,24",10,"0,21",10,"-0,03",34,"0,48","0,46",21,"11,47",34
RED TER RON PARKER 34A,IA-1889,2013,,P,IMP,,,3,29,"2,51","0,42",99,"3,06","0,43",37,,,,,"0,21",10,"0,24",8,"0,16",20,"0,17",13,"-0,03",35,"14,44",25,2,19,"-1,38","0,19",83,"1,68",58,"0,21",13,"0,2",13,"0,18",21,"0,17",14,"-0,02",40,"0,56","0,33",17,"11,41",34
VOLCAN BLOCKANA 4259 TE TANQUE,IA-1297,2009,,V,IMP,,,31,457,"0,93","0,78",92,"4,15","0,81",27,"-1,6","0,39",84,143,"0,19",12,"0,25",8,"0,26",5,"0,07",38,"0,12",95,"16,48",20,28,352,"0,34","0,58",60,"4,49",40,"0,16",22,"0,21",12,"0,27",7,"0,04",47,"0,17",98,"-0,29","0,74",86,"11,33",35
GAP FIV5065,O185323,2014,,P,PO,2555,,2,78,"0,75","0,62",87,"3,52","0,6",32,,,,,"0,13",27,"0,17",18,"0,06",50,,,"-0,28",1,"12,42",30,2,62,"2,44","0,28",32,"5,96",32,"0,13",32,"0,06",45,"-0,01",74,,,"-0,3",1,"-0,32","0,46",88,"11,29",35
GLACIER CHATEAU 744,IA-663,1997,,V,IMP,,,26,529,"-0,31","0,74",20,"3,53","0,81",32,"0,14","0,53",39,362,"0,08",44,"0,06",48,"0,08",43,"0,17",13,"-0,03",34,"10,66",35,21,383,"3,28","0,6",23,"6,81",28,"0,14",27,"0,07",42,"0,15",28,"0,19",12,"-0,1",16,"-0,5","0,64",94,"11,25",35
INHANDUI 1763,C276560,2007,,V,PC,8386,,10,308,"-0,26","0,75",22,"2,67","0,77",41,"1,04","0,2",18,37,"0,23",7,"0,27",6,"0,23",8,"0,07",39,"-0,19",2,"14,19",26,8,224,"1,16","0,51",47,"3,84",44,"0,25",8,"0,23",9,"0,25",9,"0,13",21,"-0,17",5,"-0,91","0,68",99,"11,22",35
TRADIÇÃO 1933,C372893,2012,,P,PC,3638,,2,70,"0,09","0,45",48,"-0,11","0,6",70,"0,17","0,14",38,6,"0,23",7,"0,07",46,"0,24",7,,,"-0,03",32,"7,25",45,2,59,"1,02","0,41",50,"0,91",63,"0,21",13,"0,02",62,"0,2",17,,,"-0,03",37,"0,5","0,53",19,"11,17",35
S2 SLEEP EASY 3059-S2-9020,O097779,2003,,P,PO,6667,,3,48,"0,77","0,56",88,"2,15","0,57",46,"2,85","0,26",3,72,"0,14",24,"0,16",21,"0,15",22,"0,06",42,"-0,04",28,"9,43",38,2,35,"1,98","0,35",37,"4,13",43,"0,17",20,"0,13",26,"0,16",26,"0,07",38,"-0,1",16,"0,01","0,49",62,"11,1",35
UMBU 1296 HEADLINER,O122521,2007,,P,PO,99,,3,154,"-0,21","0,73",25,"2,06","0,71",47,"0,71","0,32",25,75,"0,13",25,"0,1",36,"0,17",17,"0,02",58,"0,02",65,"9,09",39,3,122,"3,78","0,48",18,"5,85",32,"0,16",24,"0,14",22,"0,24",11,"0,02",55,"0,03",68,"-0,67","0,65",97,"11,09",35
TRES MARIAS 8189 YESQUERO TE YESQUERO,IA-1151,2008,,V,IMP,,,37,353,"-0,62","0,77",9,"1,4","0,79",55,"-0,74","0,31",71,103,"0,14",24,"0,08",44,"0,15",21,"0,11",28,"0,1",93,"7,64",44,31,247,"3,01","0,54",26,"4,41",40,"0,16",24,"0,1",34,"0,18",20,"0,12",24,"0,08",88,"-0,1","0,72",74,"11,06",35
LARSON SUN KING 016,IA-1345,2010,,V,IMP,,,11,66,"-1,61","0,42",2,"2,46","0,53",43,"-0,68","0,07",70,13,"0,04",57,"-0,01",73,"-0,05",85,"0,19",10,"0,04",72,"6,68",47,9,34,"4,15","0,24",15,"6,61",29,"0,07",51,"0,01",64,0,70,"0,17",15,"0,07",83,"0,16","0,42",47,"10,96",36
CARUMBE RED M. LEAGUE 1327,O154179,2010,,V,PO,18551,,1,25,"-0,68","0,46",8,"3,63","0,43",31,,,,,"0,06",53,"0,01",66,0,72,,,"-0,03",35,10,36,1,11,"3,07","0,19",25,"6,7",28,"0,09",41,"0,03",56,"0,01",69,,,"0,02",64,"-0,07","0,25",70,"10,95",36
WESTWIND RITO 8503-DJH-019,IA-367,1990,,P,IMP,,,20,100,"0,17","0,65",55,"3,15","0,7",35,"3,02","0,48",2,232,"0,1",37,"0,09",41,"0,12",31,"0,1",31,"-0,04",30,"10,44",35,16,56,"3,7","0,45",18,"6,85",27,"0,09",43,"0,12",28,"0,12",36,"0,1",29,"-0,03",37,"-0,45","0,54",92,"10,89",36
BT RIGHT TIME 24J,IA-886,1999,,P,IMP,,,7,142,"-0,26","0,44",22,"0,67","0,65",63,"0,19","0,14",37,38,"0,04",59,"-0,05",83,0,71,"0,03",53,"-0,13",8,"2,1",63,6,94,"3,53","0,35",20,"4,19",42,"0,1",38,"0,04",53,"0,03",63,"0,06",41,"-0,16",6,"0,91","0,37",4,"10,87",36
GAP B585,C318897,2009,,V,PC,2555,,2,21,"0,07","0,36",47,"0,93","0,34",61,"-1,43","0,1",81,11,"0,18",15,"-0,16",97,"-0,05",86,"0,18",13,"0,08",88,"8,02",42,2,19,1,"0,17",50,"1,93",57,"0,25",8,"-0,12",96,"-0,03",81,"0,23",7,"0,15",97,,,,"10,86",36
RINCON PENETRA 1642 DEL SARANDY,O141996,2010,,P,PO,7287,,6,102,"1,19","0,64",96,"2,76","0,63",40,"-3,61","0,21",98,18,"0,08",43,"0,2",14,"0,2",11,"-0,07",87,"0,1",92,"8,94",39,5,83,"2,91","0,32",27,"5,66",34,"0,04",57,"0,11",30,"0,19",20,"-0,1",89,"0,1",91,"0,43","0,57",24,"10,85",36
BR NEW FRONTIER 095,IA-819,2000,,P,IMP,,,13,138,"0,75","0,66",87,"2,34","0,68",44,"3,05","0,33",2,139,"0,08",43,"0,05",54,"-0,01",77,"0,19",11,"0,07",86,"7,85",43,8,105,"2,19","0,39",35,"4,53",40,"0,07",51,"-0,06",86,"-0,07",89,"0,19",12,"0,02",63,"0,76","0,48",8,"10,74",36
TRES MARIAS 6301 ZORZAL TE ZORZAL,IA-850,2001,,P,IMP,,,70,995,"0,59","0,85",80,"4,54","0,86",24,"-5,28","0,66",99,1305,"0,12",31,"0,1",35,"0,11",34,"0,03",54,"0,08",87,"14,55",25,57,635,"0,99","0,62",50,"5,53",34,"0,08",45,"0,06",46,"0,08",47,"-0,04",77,"0,06",79,"0,1","0,81",53,"10,71",36
SANTA JOANA 2008,C375105,2013,,P,PC,15398,,1,23,"0,05","0,45",46,"3,58","0,45",32,"2,71","0,07",3,4,"0,07",47,"0,08",44,"0,15",23,"0,23",6,"0,01",58,"10,43",35,1,18,"3,24","0,26",23,"6,82",27,"0,11",37,"0,1",33,"0,2",16,,,"0,01",60,"-0,41","0,38",91,"10,65",37
RECONQUISTA1301NACOCACHAFAZFENOMENA,O122718,2007,,V,PO,155,,14,73,"0,56","0,53",79,"3,38","0,55",34,"-2,29","0,23",92,81,"0,05",56,"0,09",38,"0,14",25,"0,02",59,0,56,"9,04",39,10,27,"3,04","0,22",26,"6,42",30,"0,12",34,"0,18",16,"0,13",33,"0,05",45,"-0,01",46,"-0,16","0,37",78,"10,61",37
NICHOLS PERFORMA D162 PERFORMA,IA-845,1994,,P,IMP,,,11,48,"1,29","0,45",97,"4,99","0,47",20,"-1,46","0,14",82,88,"0,06",50,"-0,06",85,"0,09",40,"0,15",17,"0,08",88,"13,66",27,9,38,"1,7","0,16",41,"6,7",28,"0,06",53,0,70,"0,1",41,"0,2",10,"0,07",83,"0,07","0,34",57,"10,53",37
FSL 953 IMPÉRIO,O153578,2010,,P,PO,18583,,2,159,"1,33","0,63",98,"1,14","0,62",59,"-1,23","0,11",78,1,0,72,"-0,02",77,"-0,03",81,"0,01",61,"-0,07",20,"1,89",64,2,137,"5,45","0,39",8,"6,6",29,0,71,"0,02",62,"0,04",58,0,63,"-0,07",23,"0,61","0,64",14,"10,5",37
TRADIÇÃO T69,O190735,2015,,P,PO,3638,,1,45,0,"0,46",41,"4,06","0,51",28,,,,,"0,11",33,"0,21",12,"0,14",24,,,"0,03",69,"13,13",28,1,19,"2,85","0,32",28,"6,91",27,"0,11",38,"0,13",26,"0,13",34,,,"0,05",78,"-0,73","0,44",98,"10,49",37
LEACHMAN NONE BETTER 9604,IA-341,1991,,V,IMP,,,41,844,"-0,2","0,79",25,"4,43","0,84",25,"-1,49","0,63",83,741,"0,01",70,"0,1",37,"0,05",53,"-0,04",78,0,54,"10,3",36,33,666,"3,47","0,62",21,"7,9",22,"0,03",63,"0,09",36,"0,07",48,"0,05",46,"-0,01",44,"0,02","0,65",62,"10,46",37
CIA.AZUL KODAK TE 1278 KODAK,O142987,2010,,P,PO,8538,,4,31,"0,09","0,51",48,"4,51","0,51",24,"-2,44","0,21",94,14,"0,11",32,"0,03",59,"-0,06",88,"0,14",20,0,49,"14,28",25,4,26,"0,57","0,33",56,"5,08",37,"0,06",53,"-0,01",71,"-0,11",94,"0,07",39,"-0,02",41,"0,42","0,35",25,"10,46",37
LAZY MC HONKY TONK 11X HONKY,IA-1363,2010,,V,IMP,,,3,103,"0,15","0,5",53,"-0,24","0,63",72,"-0,57","0,11",67,22,"0,11",33,"0,05",52,"0,1",39,"-0,01",67,"-0,08",16,"2,49",61,3,96,"4,44","0,39",14,"4,2",42,"0,13",31,"0,15",21,"0,17",24,"0,05",45,"-0,12",10,"0,06","0,39",58,"10,39",37
TRES MARIAS 9257 FEDERAL TE FEDERAL,IA-1459,2011,,P,IMP,,K,34,415,"0,72","0,77",85,"3,64","0,79",31,"-5,1","0,23",99,48,"0,12",30,"0,06",48,"0,1",38,"0,1",29,"0,13",96,"12,4",30,28,286,"2,72","0,42",29,"6,36",30,"0,05",55,"0,03",59,"0,05",56,"0,05",44,"0,15",97,"-0,28","0,74",86,"10,31",38
LAS LILAS 1385 MAX LUXOR,IA-1142,2005,,P,IMP,,,13,169,"0,22","0,67",59,"2,36","0,71",44,"-1,48","0,3",83,88,"0,11",34,"0,15",23,"0,07",46,"-0,01",67,"-0,24",1,"8,76",40,12,131,"0,51","0,45",57,"2,87",51,"0,13",30,"0,14",24,"0,07",49,"0,01",59,"-0,24",1,"0,82","0,62",6,"10,29",38
GAP C035,C334233,2010,,V,PC,2555,,3,227,"0,44","0,77",72,"1,47","0,76",55,"-0,89","0,31",73,69,"0,21",11,"0,08",42,"0,15",22,,,"0,04",72,"10,35",35,3,173,"-0,09","0,52",65,"1,38",60,"0,17",20,"0,09",35,"0,22",14,,,0,56,"0,49","0,68",20,"10,26",38
CIA.AZUL TE2150,O172424,2013,,P,PO,8538,,1,80,"-0,73","0,64",7,"3,83","0,63",30,"-0,44","0,15",65,7,"0,1",37,"0,24",8,"0,24",6,0,63,"0,01",61,"12,18",31,1,43,"1,41","0,37",44,"5,24",36,"0,05",56,"0,26",7,"0,3",5,"-0,06",83,"0,01",58,"0,35","0,45",31,"10,19",38
TRADIÇÃO AZUL 9132 REAL,O131851,2008,,P,PO,13339,,2,21,,,,"2,83","0,41",39,,,,,"0,07",47,"0,16",21,"0,06",51,"0,07",41,"0,1",92,"8,61",40,2,11,"2,39","0,18",33,"5,22",36,"0,05",54,"0,15",20,"0,03",62,"0,02",56,"0,09",89,"0,44","0,4",23,"10,12",38
SANTO IZIDRO I293,C286170,2007,,V,PC,1639,,2,25,"-1,16","0,36",3,"5,37","0,42",17,"1,04","0,14",18,1,"0,03",62,"0,04",56,"0,15",23,"-0,07",87,"0,04",71,"13,41",28,2,14,"1,57","0,23",42,"6,94",27,"0,01",69,"-0,02",75,"0,13",32,"-0,13",93,"0,05",75,"0,32","0,28",33,"9,97",38
SANTA EULÁLIA BRILLIANCE 01053,O173375,2013,,P,PO,95,,1,22,"-0,54","0,42",12,"5,19","0,4",18,,,,,"0,07",47,"0,15",24,"0,21",10,0,65,"-0,01",,"14,45",25,1,22,"1,91","0,24",38,"7,1",26,"0,03",61,"0,03",57,"0,17",24,"-0,04",78,,,"-0,2","0,35",81,"9,89",39
SANTA EULÁLIA ZORZAL 960,O173378,2013,,P,PO,95,,1,25,"0,75","0,43",87,"2,83","0,41",39,,,,,"0,1",37,"0,19",15,"0,06",50,"0,09",31,0,,"9,72",37,1,25,"1,64","0,26",42,"4,47",40,"0,15",26,"0,19",14,"0,09",43,"0,13",21,,,"-0,11","0,36",74,"9,82",39
QUIRI Q051,C372531,2012,,P,PC,92,T,5,125,"-0,13","0,65",30,"3,89","0,67",29,,,,,"0,21",9,"0,13",27,"0,22",9,"0,19",11,"0,1",93,"16,58",20,5,83,"-3,18","0,36",96,"0,71",64,"0,15",25,"0,09",37,"0,12",36,"0,11",26,"0,08",87,"0,81","0,59",7,"9,56",39
PA FORTITUDE 2500,IA-1499,2011,,P,IMP,,,7,62,"-0,48","0,5",13,"6,45","0,55",12,,,,,"0,08",45,"-0,06",86,"0,01",67,"0,16",15,"-0,11",11,"17,75",17,5,35,"1,05","0,21",49,"7,5",24,"0,04",58,"-0,05",83,"-0,01",74,"0,14",19,"-0,11",13,"-0,52","0,44",95,"9,51",39
BARRAGEM LESTER TE79 BANDO 389,O146022,2011,,P,PO,2251,,1,23,"-0,18","0,44",27,"2,32","0,44",45,"1,26","0,14",14,7,"0,03",63,"0,26",6,"0,14",26,"-0,02",70,"-0,11",10,"5,73",51,1,19,"2,66","0,25",29,"4,98",38,"0,09",41,"0,28",5,"0,17",23,,,,,"0,39","0,41",27,"9,5",39
LEACHMAN NEW STANDARD,IA-939,2002,,P,IMP,,,3,28,,,,"3,68","0,41",31,"3,31","0,14",2,32,"0,02",67,0,68,"0,01",68,"0,12",23,"0,05",79,"8,73",40,2,18,"3,12","0,15",24,"6,79",28,"0,02",66,"-0,01",72,"0,02",66,"0,19",12,"0,04",74,"0,17","0,27",47,"9,48",39
SAV HEAVY HITTER 6347,IA-1056,2006,,P,IMP,,,9,54,"0,78","0,64",88,"2,44","0,64",43,"-2,87","0,33",96,180,"-0,01",77,"-0,03",80,"-0,15",98,"0,14",20,"0,11",94,"4,44",55,7,36,"4,11","0,37",16,"6,55",29,"-0,03",80,"-0,04",80,"-0,15",97,"0,11",26,"0,15",97,"0,74","0,59",9,"9,47",39
PWM GAIUS GAIUS,O114280,2006,,P,PO,14676,,5,43,"0,26","0,38",62,"2,29","0,38",45,,,,,"0,11",34,"-0,02",77,"0,04",59,"0,15",17,"0,02",65,"8,67",40,4,22,"1,24","0,15",46,"3,53",46,"0,09",43,"-0,05",83,"0,03",62,"0,11",27,"0,03",66,"0,51","0,29",19,"9,45",39
ASD 530 BRIGADIER PANDERO PANDERO,O116014,2006,,V,PO,15780,,24,408,"-0,55","0,79",11,"1,22","0,81",58,"-2,07","0,47",90,216,"0,06",52,"0,03",59,"0,08",44,"-0,08",88,"0,05",77,"4,09",56,17,258,2,"0,57",37,"3,21",48,"0,11",37,"0,04",56,"0,14",30,"-0,04",77,"0,04",72,"0,79","0,71",8,"9,41",40
VOLCAN BLACKCAP 4665 TE AMBICIOSO,IA-1624,2011,,P,IMP,,T,3,29,"0,76","0,41",87,"2,64","0,41",41,,,,,"0,11",32,"0,03",61,"0,03",62,"0,04",51,"-0,03",33,"9,75",37,3,25,"1,72","0,24",41,"4,36",41,"0,09",44,"0,03",58,"0,06",53,"0,04",48,"-0,03",35,"0,09","0,32",54,"9,37",40
TE MANIA RED LABEL Z1023,IA-943,2004,,V,IMP,,,7,188,"0,08","0,61",47,"-0,73","0,72",77,"2,52","0,37",4,160,"0,08",45,"-0,05",84,"-0,08",92,"0,24",5,"-0,14",6,"0,03",69,6,121,"3,51","0,46",20,"2,78",52,"0,16",23,"0,04",53,"0,04",59,"0,26",5,"-0,11",12,"0,39","0,55",27,"9,3",40
RUBETA 5292 VERDADERO TE,IA-1312,2008,,P,IMP,,,12,135,"-0,94","0,61",5,"0,49","0,7",65,"2,19","0,29",6,59,"0,16",19,"0,21",13,"0,22",8,"0,02",58,"-0,03",35,"6,16",49,11,102,"2,27","0,43",34,"2,76",52,"0,17",21,"0,14",24,"0,23",12,"-0,03",72,"-0,02",38,"-0,16","0,61",78,"9,29",40
SAV BEACON 0008,IA-1295,2010,,P,IMP,,,4,21,"-0,71","0,43",8,3,"0,42",37,"0,35","0,13",33,6,"0,02",65,"0,08",43,"0,04",59,"0,07",40,"0,03",70,"7,27",45,4,16,"3,44","0,26",21,"6,44",30,"0,02",67,"0,11",30,"0,05",56,"0,06",40,"0,03",69,"0,18","0,36",45,"9,27",40
REDBAR PENDLETON A153 VAQUERO,O157462,2011,,P,PO,9271,,1,22,"-0,24","0,47",23,"3,56","0,45",32,"2,14","0,13",6,7,"0,09",40,"0,05",51,"0,09",42,"0,26",4,"0,14",97,"11,11",33,1,21,"-0,27","0,28",69,"3,28",48,"0,08",46,0,69,"0,05",55,"0,24",7,"0,1",91,"0,83","0,38",6,"9,26",40
CIA.AZUL 1868 NET WORTH CIA 032,O160781,2012,,V,PO,8538,,1,45,"-0,51","0,55",13,"1,13","0,56",59,"0,86","0,22",21,18,"-0,02",79,"0,17",20,"0,16",19,"-0,07",88,"-0,05",24,"0,83",67,1,30,"6,55","0,36",4,"7,68",23,"0,03",62,"0,18",16,"0,22",13,"-0,02",70,"-0,04",30,"-0,28","0,43",85,"9,17",40
ALSTON BLACK WATCH,IA-836,2002,,P,IMP,,,28,304,"0,29","0,76",63,"1,92","0,78",49,"-1,75","0,49",86,312,"0,09",40,"0,12",31,"0,11",33,"0,02",57,"-0,11",9,"7,12",45,24,237,"3,51","0,56",20,"5,43",35,"0,04",57,"0,03",57,"0,11",39,0,63,"-0,04",30,"-0,11","0,68",75,"9,1",41
BJR MONU 4X-303,IA-627,1995,,V,IMP,,,7,167,1,"0,44",93,"3,81","0,69",30,"-1,33","0,37",80,173,"0,01",69,0,69,"0,01",70,"0,05",45,"-0,01",48,"8,84",39,3,114,"1,14","0,37",48,"4,94",38,"0,08",46,"0,03",59,"0,08",47,"0,08",36,"-0,01",43,"0,56","0,51",17,"9,09",41
SAV BISMARCK 5682 BISMARCK,IA-1188,2005,,P,IMP,,,86,1205,"-0,72","0,87",8,"1,77","0,88",51,"1,53","0,54",11,364,"0,11",34,"0,04",57,"0,11",34,"0,03",54,"0,03",67,"7,31",45,73,900,"1,35","0,68",45,"3,12",49,"0,08",46,"0,01",63,"0,1",40,"-0,02",70,"0,03",67,"0,59","0,84",15,"9,01",41
RINCON FANTASMA TE2120 DEL SARANDY,O161791,2012,,P,PO,7287,,2,27,"0,91","0,49",91,"2,91","0,47",38,"-1,49","0,15",83,5,"0,17",18,"0,12",31,"0,18",16,"0,03",54,"0,04",74,"12,33",30,2,22,"0,3","0,24",61,"3,21",48,"0,13",30,"0,12",27,"0,21",15,"-0,01",65,"0,04",71,"-0,12","0,41",75,9,41
ALC BIG EYE D09N,IA-853,2003,,P,IMP,,,4,50,"-0,27","0,6",21,"-1,35","0,55",82,"4,68","0,24",1,83,"0,1",37,"0,04",55,"0,1",37,"0,27",4,"-0,25",1,"-0,66",71,2,35,"3,35","0,29",22,2,56,"0,19",15,"0,15",22,"0,17",23,"0,31",3,"-0,2",3,"0,23","0,46",41,9,41
BARRAGEM TE16 WESTWIND LIDER TE197,O130433,2008,,P,PO,2251,,1,36,,,,"3,98","0,52",28,"-0,8","0,21",72,13,"0,11",32,"0,12",30,"0,16",18,"-0,05",82,"-0,22",2,"12,97",29,1,31,"1,34","0,33",45,"5,32",36,"0,07",50,"0,15",21,"0,14",30,"-0,04",77,"-0,17",5,"-0,28","0,35",86,"8,89",41
SOSSEGO 09F,O126072,2006,,P,PO,14764,,2,28,,,,"3,03","0,29",37,"-0,23","0,15",61,7,"0,08",45,"0,13",28,"0,08",43,"-0,02",75,"0,04",72,"9,36",38,2,24,"1,21","0,17",47,"4,24",42,"0,08",45,"0,11",31,"0,1",42,"0,03",52,"0,04",71,"0,3","0,24",35,"8,87",41
SANTA AMÉLIA 4475,IA-615,1998,,V,IMP,,,26,568,"0,74","0,77",87,"0,65","0,82",63,"0,99","0,56",19,493,"0,06",51,"-0,08",90,0,73,"0,11",26,"0,02",65,"2,8",61,22,410,"2,63","0,59",30,"3,28",48,"0,14",27,"-0,05",84,"0,07",50,"0,14",20,"0,08",88,"0,28","0,7",37,"8,76",42
BRAVE 2108 TELLECHEA,O160131,2012,,P,PO,18551,,1,26,"-0,5","0,53",13,"0,32","0,46",67,,,,,"0,23",8,"0,3",4,"0,25",6,"0,01",60,"-0,11",10,"8,28",41,1,20,"-0,89","0,27",78,"-0,57",73,"0,24",9,"0,21",11,"0,25",9,"-0,01",65,"-0,11",13,"0,26","0,35",38,"8,76",42
GAP 3981,O145903,2010,,P,PO,2555,,4,89,0,"0,66",41,"1,84","0,65",50,"0,82","0,14",22,11,"0,14",24,"0,09",41,"-0,13",97,,,"0,01",59,"8,65",40,4,54,"0,87","0,33",52,"2,71",52,"0,13",30,"0,01",64,"-0,15",97,,,"0,02",65,"0,12","0,5",51,"8,63",42
SANTA JOANA 1783,C371047,2011,,V,PC,15398,,1,30,"-2,68","0,49",1,"3,12","0,49",36,"1,79","0,09",8,2,"-0,08",91,"-0,04",81,"0,03",61,"0,33",2,"0,14",97,"3,81",57,1,20,"5,06","0,28",10,"8,18",21,"-0,05",84,"-0,01",71,"0,04",59,,,"0,13",95,"0,28","0,34",36,"8,58",42
REDBAR NET WORTH C216 VAQUERO,O174129,2013,,P,PO,9271,,1,29,"0,59","0,5",80,"0,96","0,49",60,"1,21","0,18",15,4,"0,02",68,"0,08",42,"0,06",49,"0,15",16,"0,05",77,"1,96",64,1,24,"3,25","0,33",23,"4,21",42,"0,03",60,"0,1",35,"0,08",48,"0,2",10,"0,05",76,"0,79","0,43",7,"8,55",42
CARUMBÉ RED GRINGO 1315,O142834,2010,,V,PO,18551,,1,33,"0,41","0,17",70,"1,38","0,48",56,"-0,34","0,13",63,6,"0,13",27,"0,18",17,"0,14",25,"0,06",44,"0,01",57,"7,17",45,1,28,"1,24","0,27",46,"2,62",53,"0,17",20,"0,17",18,"0,17",22,"0,09",32,"0,01",59,"-0,1","0,4",74,"8,43",42
CONNEALY THUNDER THUNDER,IA-944,2005,,P,IMP,,,7,48,"-0,67","0,5",8,"3,06","0,55",37,"-0,08","0,18",58,44,0,74,"0,05",51,"0,06",51,"0,08",35,"-0,03",34,"6,47",47,5,33,"3,63","0,29",19,"6,69",28,"0,01",68,"0,08",39,"0,11",37,"0,12",25,"-0,08",18,,,,"8,35",43
RECONQUISTA TEI2473 ZELOSO HARVESTOR PRO,O191672,2015,,P,PO,155,,3,113,"0,15","0,33",54,"1,48","0,39",55,,,,,"0,1",37,"0,01",66,"0,09",39,"0,06",41,"0,01",60,"6,31",48,1,16,"1,85","0,15",39,"3,33",48,"0,08",45,"0,02",62,"0,06",52,"0,04",50,"0,02",61,"0,29","0,16",35,"8,34",43
BASCO YESQUERO 561TE,O176339,2012,,V,PO,4074,,1,31,"-2,37","0,51",1,"0,98","0,51",60,"0,64","0,11",26,3,"0,16",19,"0,07",46,"0,16",19,"0,05",45,"0,01",60,"7,34",44,1,21,"1,7","0,31",41,"2,68",53,"0,19",16,"0,07",41,"0,19",19,"0,06",44,"0,02",63,"-0,55","0,42",95,"8,31",43
ESPINILHO 1324,O168497,2013,,V,PO,14550,,1,20,"0,48","0,26",75,"2,79","0,41",40,"-1,76","0,12",86,1,"0,09",41,"0,11",33,"0,24",7,"-0,01",69,0,56,"9,21",38,1,11,"2,12","0,24",36,"4,91",38,"0,07",50,"0,1",32,"0,27",8,"-0,03",74,"0,04",71,"-0,21","0,24",81,"8,28",43
SÃO BIBIANO EARLEY 6633,O121997,2007,,P,PO,110,,1,33,"-0,22","0,53",24,"1,62","0,53",53,"1,39","0,15",13,17,"0,04",58,"0,02",62,"0,04",57,"0,12",25,"0,07",85,"4,5",54,1,18,"3,28","0,3",23,"4,9",38,"0,12",33,"0,03",57,"0,07",49,"0,13",21,"0,07",84,"-0,31","0,36",87,"8,19",43
CONNEALY COMRADE 1385 COMRADE,IA-1432,2011,,P,IMP,,,12,109,"-0,84","0,63",6,"3,7","0,65",31,"-2,09","0,1",90,16,"0,05",53,"0,22",11,"0,1",37,"-0,07",87,0,54,"10,14",36,10,81,"2,34","0,35",33,"6,04",32,"-0,01",75,"0,18",16,"0,04",59,"-0,16",96,0,53,0,"0,61",64,"8,02",43
ZORZAL TE 2044 TELLECHEA,O160590,2012,,P,PO,18551,,1,28,"0,6","0,47",81,"3,18","0,48",35,"-2,2","0,16",91,1,"0,08",43,"0,05",54,"0,06",49,"0,08",36,"-0,02",39,"9,88",36,1,18,"0,92","0,24",51,"4,09",43,"0,09",44,"0,01",65,"0,02",64,"0,05",46,"-0,03",35,"0,04","0,31",59,"7,98",44
ARAPAN 393 STRONGHOLD 916,O190606,2015,,V,PO,17045,,1,20,"-0,5","0,42",13,"5,04","0,4",20,,,,,"0,14",23,"0,09",41,"0,15",22,"0,14",18,"-0,03",36,"16,73",19,,0,"0,09","0,23",63,"5,13",37,"0,11",35,"0,03",59,"0,15",27,"0,12",24,"-0,03",37,"-0,92","0,33",99,"7,96",44
STEVENSON MAXIMUM 930C,IA-479,1993,,P,IMP,,,4,59,"1,08","0,25",94,"0,1","0,58",68,"-0,85","0,23",72,56,"0,12",30,"0,15",24,"0,01",70,"0,06",42,"-0,09",14,"3,62",58,4,45,"0,56","0,34",56,"0,66",65,"0,16",21,"0,1",33,"0,04",60,"0,1",28,"-0,08",20,"0,67","0,32",12,"7,95",44
PIRAY 893 RED BRIGADIER JACOBO TE,IA-1317,2009,,V,IMP,,,7,97,"0,44","0,59",72,"1,14","0,62",58,"-1,1","0,17",77,11,"0,12",30,"0,02",63,"0,15",21,"0,03",52,"0,06",80,"6,22",49,5,82,"1,17","0,36",47,"2,31",54,"0,11",35,"-0,01",71,"0,21",15,"0,04",49,"0,09",90,"0,27","0,55",38,"7,9",44
ABADI RAINMAKER DA QUIRI A16P PIONEIRO,O89703,2000,,P,PO,92,,16,354,"-0,8","0,79",6,"2,42","0,8",44,"1,08","0,52",17,340,"0,13",27,"0,22",10,"0,16",20,"0,02",57,"-0,07",18,"9,74",37,12,258,"0,88","0,55",52,"3,3",48,"0,07",49,"0,18",16,"0,14",31,"-0,03",74,"-0,07",22,"0,1","0,73",53,"7,89",44
PAIPASSO U112,O147179,2010,,V,PO,15996,,1,35,"-0,21","0,26",25,"4,05","0,32",28,"-0,83","0,15",72,6,"-0,01",75,"0,07",45,"0,06",51,"0,09",34,"0,07",86,"8,62",40,1,25,"3,02","0,2",26,"7,07",26,"0,01",69,"0,06",45,"0,05",55,"0,11",26,"0,08",88,"-0,2","0,32",81,"7,88",44
RED CHAMPLAIN SERENADE 25123P,IA-994,2004,,V,IMP,,,8,135,"-1,06","0,68",4,"1,17","0,68",58,"3,03","0,23",2,72,"-0,03",82,"0,03",58,"0,02",65,"-0,04",79,"0,06",82,"0,64",67,7,80,"3,9","0,37",17,"5,07",37,0,71,"0,06",46,"0,04",60,"-0,05",80,"0,05",78,"0,75","0,58",9,"7,87",44
LD EMBLAZON 999,IA-1705,2009,,P,IMP,,,6,28,"-0,59","0,42",10,"3,01","0,41",37,,,,,"0,06",52,"0,09",38,"0,02",64,"-0,19",97,"-0,1",12,"8,57",40,4,6,"1,38","0,15",45,"4,39",41,"0,06",54,"0,12",28,"0,05",54,"-0,12",92,"-0,1",15,"0,21","0,17",43,"7,87",44
RITO 2V1 OF 2536-1407,IA-792,2002,,P,IMP,,,5,26,"0,64","0,38",82,"3,12","0,45",36,"3,07","0,14",2,23,0,73,"-0,03",77,"-0,07",89,"0,22",7,0,48,"6,67",47,5,24,"2,14","0,22",35,"5,26",36,"-0,04",82,"-0,02",76,"-0,09",92,"0,26",6,0,54,"0,8","0,33",7,"7,83",44
SANTO ANTÃO QUEBRANTADOR 721,O156984,2012,,V,PO,14982,,3,23,,,,"0,33","0,46",67,"-1,47","0,09",82,4,"0,19",13,"0,28",5,"0,35",2,"-0,18",97,"-0,09",13,"6,81",46,3,18,"0,72","0,24",54,"1,05",62,"0,2",15,"0,21",12,"0,41",2,"-0,18",96,"-0,12",11,"-0,26","0,44",84,"7,76",44
TROTTERS STRONGHOLD 156,IA-1483,2011,,V,IMP,,,44,699,"1,37","0,83",98,"5,44","0,84",17,"-4,13","0,25",99,99,"0,17",17,"0,13",27,"0,1",37,"0,27",4,"0,04",72,"18,73",16,39,530,"-0,94","0,62",79,"4,5",40,"0,1",38,"0,02",63,"0,09",43,"0,2",10,"0,04",73,"-0,79","0,79",98,"7,76",45
QUIRI S094P,O190524,2014,,V,PO,92,,1,45,"-0,27","0,53",21,"0,51","0,51",65,,,,,"0,08",43,"0,06",50,"0,08",43,"-0,07",87,"-0,05",25,"3,33",59,1,20,"0,32","0,24",60,"0,82",64,"0,11",37,"0,08",39,"0,11",38,"-0,04",77,"-0,06",25,"1,13","0,34",2,"7,73",45
BT JUNCO BRIGADIER 1151,O185336,2014,,V,PO,21499,,1,26,,,,"2,74","0,34",40,,,,,"0,12",28,"0,17",19,"0,13",26,"0,1",29,"0,02",62,"10,35",35,1,18,"-0,46","0,23",71,"2,28",55,"0,14",29,"0,15",21,"0,16",25,"0,07",37,"0,01",58,"0,12","0,24",51,"7,59",45
SANTA AUGUSTA 1008 ROY ROGERS,C347942,2011,,V,PC,16076,,2,33,"-0,13","0,35",31,"3,41","0,4",33,,,,,"0,03",61,"0,02",63,"0,07",46,"-0,04",78,"0,08",89,"8,63",40,1,17,"1,59","0,2",42,5,38,"0,03",62,"-0,02",76,"0,07",51,"-0,06",82,"0,09",90,"0,2","0,24",43,"7,57",45
GAP B183,C317928,2009,,V,PC,2555,,1,25,"0,29","0,49",64,"1,23","0,47",58,"-1,28","0,2",79,4,"0,15",20,"0,12",31,"0,14",25,,,"-0,08",16,"7,69",43,1,14,"-0,56","0,3",72,"0,67",65,"0,21",12,"0,14",23,"0,2",16,,,"-0,11",13,"0,09","0,34",55,"7,55",45
SANTO ANTÃO NET TE483,O131437,2009,,P,PO,14982,,1,90,,,,"1,87","0,53",50,"-1,24","0,24",79,40,"0,07",48,"-0,02",77,"0,04",57,"-0,04",80,"-0,04",29,"6,1",49,1,88,3,"0,35",26,"4,87",38,"0,07",48,"-0,04",81,"0,03",62,"-0,06",82,"-0,04",33,"-0,37","0,5",90,"7,52",45
RUBETA 4444 QUEBRANTADOR,IA-1116,2005,,V,IMP,,,54,725,"1,09","0,83",95,"1,77","0,85",51,"-4,11","0,52",99,346,"0,2",11,"0,2",14,"0,23",8,"0,06",42,"0,07",85,"10,98",34,49,579,"-0,88","0,65",78,"0,89",63,"0,18",18,"0,13",26,"0,28",7,"0,02",55,"0,1",92,"-0,15","0,8",78,"7,46",45
HXC JACKHAMMER 8800U,IA-1229,2008,,V,IMP,,,4,36,"0,09","0,48",48,2,"0,5",48,,,,,"0,05",56,"0,16",21,"0,1",37,"0,03",55,"0,05",78,"5,68",51,4,26,"3,59","0,25",19,"5,59",34,"0,08",44,"0,17",18,"0,17",24,"0,06",43,"0,03",66,"-0,65","0,3",97,"7,41",45
SOO LINE MOMENTUM 7051,IA-1251,2007,,V,IMP,,,16,188,"0,31","0,64",64,"1,03","0,73",60,"-0,24","0,18",61,42,"0,07",48,"0,02",64,"0,05",53,"0,14",18,"0,11",94,"4,05",56,12,118,"1,07","0,41",49,"2,09",55,"0,06",52,"-0,02",74,"0,08",46,"0,11",25,"0,12",94,"0,87","0,6",5,"7,38",45
SANTA AMÉLIA B165,C281034,2006,,P,PC,33,,2,62,"-0,02","0,48",40,"1,08","0,59",59,"-0,07","0,18",57,17,"0,02",67,"0,04",56,0,73,"-0,02",74,"-0,03",32,"2,31",62,2,50,"3,34","0,39",22,"4,42",40,"0,07",48,"0,06",44,"0,07",48,"0,03",52,"0,02",62,"0,08","0,26",55,"7,35",46
RED CROWFOOT OLE'S OSCAR,IA-1086,2002,,V,IMP,,,6,111,"-1,56","0,67",2,"4,39","0,67",25,"2,16","0,26",6,64,"0,11",34,"-0,16",97,"0,07",48,"0,15",18,"-0,25",1,"13,86",27,6,92,"-0,56","0,39",72,"3,83",44,"0,11",36,"-0,14",97,"0,05",56,"0,13",22,"-0,19",4,"-0,31","0,51",87,"7,33",46
LJC MISSION STATEMENT P27,IA-869,2004,,V,IMP,,,21,611,"-0,12","0,78",31,"-0,83","0,82",78,"0,68","0,53",25,388,"-0,02",77,"-0,09",90,"-0,08",92,"0,09",32,"0,12",96,"-3,7",79,17,442,"4,06","0,6",16,"3,22",48,"0,08",45,"0,03",58,"0,05",56,"0,11",27,"0,19",98,"0,67","0,72",12,"7,28",46
LEACHMAN LADIES MAN 1144B,IA-493,1992,,V,IMP,,,46,676,"-0,12","0,77",31,"1,51","0,84",54,"0,81","0,64",22,777,"0,02",65,"0,03",60,"-0,03",80,"0,09",34,"-0,07",18,"3,62",58,42,479,"2,68","0,61",29,"4,19",42,0,73,"0,03",60,"-0,05",85,"0,02",55,"-0,07",21,"0,63","0,74",14,"7,27",46
MYTTY IN FOCUS,IA-882,2001,,P,IMP,,,11,174,"-0,2","0,66",25,"3,11","0,71",36,"1,9","0,36",7,153,"0,02",67,"0,07",47,"-0,05",87,"0,05",47,"-0,13",7,"7,32",45,9,141,"1,7","0,46",41,"4,8",39,"-0,05",85,"0,06",45,"-0,15",97,"0,03",51,"-0,2",3,"0,78","0,58",8,"7,23",46
RITO 1/2 OF 2536 RITO 6I6,IA-948,2001,,P,IMP,,,5,27,"-0,7","0,44",8,"2,82","0,47",39,2,"0,19",7,38,"0,1",36,"0,06",49,"0,02",64,"0,04",51,"-0,03",33,"9,74",37,5,22,"-0,8","0,28",77,"2,02",56,"0,12",33,"0,04",54,"0,05",56,"0,06",42,"-0,03",36,"0,35","0,38",31,"7,19",46
KOUPAL JUNEAU 797,IA-1237,2007,,P,IMP,,,1,27,"-0,04","0,46",37,"4,87","0,43",21,"1,87","0,05",8,9,"-0,05",87,"-0,03",80,"0,02",66,"0,22",7,"-0,04",30,"8,92",39,1,21,"2,69","0,21",29,"7,56",24,"-0,04",81,0,68,"0,07",51,"0,26",6,"-0,05",28,"0,01","0,22",63,"7,08",46
SAV HARVESTOR 0338,IA-1528,2010,,P,IMP,,,13,140,"0,68","0,64",84,"1,53","0,67",54,"-1,22","0,06",78,9,"0,04",60,"-0,18",98,"0,06",48,"0,01",60,"0,14",97,"4,07",56,9,95,"3,15","0,36",24,"4,68",39,"-0,01",74,"-0,11",94,0,70,"-0,03",74,"0,14",96,"0,29","0,62",36,"7,07",46
PARINGA IRON ORE E27,IA-1409,2009,,V,IMP,,,11,367,"-0,44","0,72",14,"-0,52","0,76",75,"1,04","0,1",18,18,"0,27",4,"0,1",36,"0,02",66,"0,09",32,"-0,07",19,"7,65",44,9,182,"-1,77","0,39",87,"-2,29",81,"0,23",10,"0,04",52,"-0,08",89,"0,2",11,"-0,1",16,"0,18","0,65",45,"6,89",47
CONNEALY CONFIDENCE PLUS,IA-1729,2013,,P,IMP,,,8,90,"0,28","0,56",63,"2,01","0,57",48,,,,,"0,19",12,"0,24",8,"0,23",7,"0,05",47,"-0,16",4,"11,13",33,4,38,"-0,15","0,19",67,"1,86",57,"0,2",15,"0,3",4,"0,28",6,"-0,06",82,"-0,18",4,"-0,85","0,44",99,"6,79",47
SAV BRAVE 8320,IA-1119,2008,,P,IMP,,,11,104,"1,01","0,59",93,"1,27","0,64",57,"1,1","0,22",17,64,"0,11",32,"0,14",26,"0,14",25,"0,06",44,"-0,18",3,"6,38",48,10,93,"0,37","0,38",60,"1,64",58,"0,13",32,"0,15",22,"0,18",22,"0,02",54,"-0,21",2,"0,16","0,51",47,"6,67",47
CASTELO TE04,O148650,2009,,P,PO,16656,,2,20,"1,31","0,36",98,"3,7","0,33",31,,,,,"0,03",65,"0,02",63,"0,1",36,"0,03",55,"-0,02",41,"9,02",39,2,6,"1,24","0,18",46,"4,94",38,"0,02",67,"0,01",65,"0,07",49,"-0,03",74,"-0,04",32,,,,"6,67",47
SOLÉ 649 BAR EXT,O148051,2011,,P,PO,11430,,3,48,"0,1","0,46",49,"3,46","0,52",33,"3,26","0,2",2,20,"0,03",63,"0,06",49,"0,06",49,"0,04",48,"-0,17",3,"8,62",40,3,42,"1,51","0,3",43,"4,98",38,"0,02",66,"0,05",51,"0,03",63,"0,02",55,"-0,19",4,0,"0,49",64,"6,6",47
HSAF BANDO 1961,IA-1014,2001,,P,IMP,,,9,64,"-0,45","0,53",14,"0,42","0,55",66,"-1,36","0,08",80,14,"0,18",16,"0,03",57,"0,03",62,"0,27",4,"-0,12",8,"6,62",47,8,49,"1,3","0,28",46,"1,72",58,"0,17",19,"0,01",63,0,73,"0,32",2,"-0,15",6,"-0,7","0,39",97,"6,55",47
GAP TE 4041 GRINGO 2048,O148763,2011,,P,PO,2555,,2,37,"0,51","0,52",76,"0,22","0,49",68,"0,4","0,1",32,13,"0,12",29,"-0,01",72,0,72,,,"-0,03",36,"4,01",56,2,16,"0,72","0,2",54,"0,94",63,"0,16",23,0,69,"0,01",68,,,"-0,03",37,"0,11","0,3",52,"6,47",48
CFLD REBELLAS ROBIN HOOD,IA-765,1995,,V,IMP,,,5,24,"1,02","0,43",94,"2,06","0,43",48,"2,98","0,15",2,30,"0,19",12,"0,02",61,"0,11",35,"0,41",1,"-0,14",5,"11,3",33,5,16,"-1,63","0,21",85,"0,43",66,"0,22",11,"-0,03",79,"0,1",40,"0,43",1,"-0,12",10,"-0,43","0,28",92,"6,42",48
MAC'ACHIN BISMARCK 4473 CAPO,IA-1697,2012,,P,IMP,,,1,46,,,,"1,6","0,14",54,"1,25","0,11",15,2,"0,07",47,"0,05",53,"0,08",42,"0,03",53,"0,01",60,"5,6",51,1,23,1,"0,12",50,"2,6",53,"0,06",53,"0,03",56,"0,08",46,"0,01",61,"0,01",60,"0,33","0,13",33,"6,26",48
SINCLAIR NET PRESENT VALUE,IA-893,2002,,P,IMP,,,8,118,"-2,86","0,59",1,"2,62","0,65",41,"2,88","0,18",3,36,"-0,04",83,"0,07",46,"-0,1",95,"0,01",61,"-0,08",16,"3,99",56,7,99,"4,25","0,35",15,"6,88",27,"-0,02",76,"0,15",20,"-0,13",96,"0,01",59,"-0,11",12,"-0,37","0,55",90,"6,16",49
GAP 2937 BRIGADIER DISCUTIDO,O114934,2006,,P,PO,2555,,4,371,"-0,22","0,82",24,"1,79","0,81",51,"-2,63","0,49",95,212,"0,08",43,"0,07",45,"0,09",41,,,"-0,02",39,"6,47",47,4,260,"-0,31","0,63",69,"1,49",59,"0,09",41,"0,09",35,"0,16",27,,,"-0,03",36,"0,5","0,74",20,"6,02",49
BJR MAKE MY DAY 981,IA-529,1993,,V,IMP,,,30,816,"-0,44","0,79",15,"3,03","0,84",37,"-0,07","0,62",57,684,"-0,08",92,"-0,16",97,"-0,16",99,"0,11",27,"-0,06",22,"3,38",58,28,513,"3,71","0,62",18,"6,74",28,"-0,03",80,"-0,05",84,"-0,09",91,"0,09",32,"-0,06",24,"0,07","0,73",57,"6,02",49
BUFORD PATHFINDER C304,IA-1865,2014,,P,IMP,,,5,28,"-0,24","0,46",23,"0,23","0,43",68,,,,,"0,02",65,"0,11",32,"0,06",51,"-0,06",84,"0,09",91,"0,42",68,4,17,"3,69","0,21",19,"3,92",44,"0,03",63,"0,16",19,"0,11",39,"-0,06",83,"0,09",90,"0,04","0,36",59,"5,92",49
TRES MARIAS 5839 QUEBRACHO TE QUEBRACHO,IA-755,1999,,V,IMP,,,63,816,"1,04","0,82",94,"0,41","0,85",66,"-2,73","0,65",95,941,"0,1",37,"0,05",53,"0,15",22,"0,08",36,"0,03",68,"3,74",57,52,542,"0,42","0,66",59,"0,83",64,"0,12",33,"0,07",43,"0,22",14,"0,12",24,"0,04",72,"0,35","0,78",31,"5,87",49
RED BJR AH BRANDED BEEF L107,IA-861,2001,,V,IMP,,,11,180,"-1,68","0,62",2,"0,85","0,68",62,"-1,78","0,32",86,135,"0,02",67,"-0,05",83,"0,06",52,"0,21",8,"0,1",92,"1,8",64,8,147,"3,37","0,41",22,"4,23",42,"0,02",65,"-0,04",82,"0,04",58,"0,19",12,"0,17",98,"-0,01","0,61",65,"5,84",50
TRADIÇÃO 1406,C277074,2007,,P,PC,3638,,2,220,"0,1","0,5",50,"0,45","0,71",66,"0,41","0,37",31,180,"0,23",8,"0,09",38,"0,27",4,"0,16",15,"0,05",78,"8,52",41,2,187,"-1,39","0,52",83,"-0,94",74,"0,16",24,"0,04",55,"0,21",14,"0,14",19,"0,1",91,"0,01","0,65",63,"5,68",50
GAP 2931 CREDITO BARTOLOME,O114931,2006,,V,PO,2555,,2,41,,,,"2,38","0,45",44,"-0,21","0,16",60,19,"0,05",56,"0,02",62,"0,14",25,"0,09",34,"0,11",93,"6,54",47,2,16,"0,52","0,22",57,"2,9",51,"0,04",57,"-0,03",79,"0,09",43,"0,09",33,"0,12",93,"0,32","0,37",33,"5,66",50
REPECHO TEI534 HAYMOUNT DA TOLIOS FARM,O132529,2009,,P,PO,14838,,2,49,"-1,06","0,51",4,"4,58","0,51",24,"5,09","0,13",1,14,"0,09",41,"-0,01",73,0,72,"-0,06",84,"0,07",86,"13,59",27,2,41,"-1,79","0,26",87,"2,79",52,"0,05",56,"-0,09",92,"-0,08",91,"-0,02",71,"0,09",90,"0,18","0,21",45,"5,66",50
QUIRI S0202,C395598,2014,,P,PC,92,,1,27,"1,53","0,44",99,"2,34","0,44",44,,,,,"0,03",61,"0,22",11,"0,16",20,"-0,09",90,"-0,08",17,"6,03",50,1,25,"1,22","0,26",47,"3,56",46,"-0,02",77,"0,12",28,"0,13",34,"-0,09",88,"-0,08",20,"0,48","0,46",21,"5,56",51
SANTA AUGUSTA 152 BISMARCK,O157169,2011,,P,PO,16076,,2,52,"0,54","0,4",78,"0,26","0,45",67,,,,,"0,05",56,0,71,"-0,01",74,0,63,0,48,"1,32",65,1,22,"3,07","0,28",25,"3,33",48,"0,05",54,"0,01",64,"0,02",65,"0,01",59,"-0,01",43,"-0,11","0,32",75,"5,53",51
TRADIÇÃO 2003,C372461,2013,,P,PC,3638,,1,53,"1,37","0,53",98,"1,89","0,54",50,"0,52","0,17",29,1,"-0,04",84,"-0,09",91,0,73,"-0,19",97,"-0,08",17,"2,01",63,1,33,"3,43","0,33",22,"5,32",36,"-0,03",80,"-0,06",87,"-0,01",75,"-0,24",98,"-0,08",19,"0,22","0,47",42,"5,52",51
UMBU 1424 HI COUNTRY,O130944,2008,,V,PO,99,,1,25,"0,2","0,52",58,"3,61","0,5",31,"1,6","0,16",10,18,"0,04",59,"0,05",54,0,72,"0,05",45,"-0,03",31,"9,33",38,1,22,"1,03","0,31",49,"4,64",39,"0,03",64,"0,08",41,"0,01",69,"0,05",46,"-0,04",32,"-0,28","0,45",86,"5,49",51
MLK CREEK CUB 722,IA-832,1997,,V,IMP,,,6,138,"-1,28","0,66",3,"7,75","0,66",6,"0,08","0,37",53,142,"-0,02",78,"-0,08",89,"-0,03",81,"0,22",7,"0,07",84,"17,28",18,5,128,"-0,58","0,45",73,"7,17",26,"-0,06",88,"-0,15",98,"-0,09",91,"0,2",11,"0,1",90,"-0,21","0,33",81,"5,44",51
FIRST BULL DOS PONCE,O127140,2008,,P,PO,16928,,2,28,"0,16","0,18",54,"-0,63","0,38",76,,,,,"0,14",23,"0,08",44,"0,04",56,"0,1",28,"-0,2",2,"2,74",61,2,7,"0,22","0,11",62,"-0,4",71,"0,13",32,"0,06",46,"0,03",61,"0,06",41,"-0,22",2,"0,39","0,13",27,"5,42",51
SODAK PRECISION 7408-97,IA-705,1997,,V,IMP,,,14,172,0,"0,67",41,"2,14","0,71",47,"1,57","0,33",10,132,"0,05",53,"-0,04",81,"0,01",68,"0,08",35,"0,02",62,"6,27",48,9,108,"0,65","0,41",55,"2,79",52,0,72,"-0,11",94,"-0,03",80,"0,06",42,"0,05",77,"0,48","0,54",21,"5,37",51
ESPINILHO FIV157,O184021,2013,,P,PO,14550,,1,23,,,,"0,55","0,43",65,,,,,"0,05",57,"0,01",65,"0,05",54,"-0,03",76,"0,03",69,2,63,1,14,"1,5","0,26",43,"2,05",56,"0,03",61,"-0,01",71,"0,07",50,"-0,06",82,"0,04",71,"0,58","0,33",15,"5,37",51
LEACHMAN KING ROB 8621,IA-459,1990,,V,IMP,,,19,183,"-0,46","0,63",14,"3,22","0,71",35,"0,76","0,43",24,109,"-0,03",80,"-0,1",93,"-0,05",86,"0,05",44,"0,05",77,"5,87",50,16,111,"2,25","0,47",34,"5,46",35,"-0,04",82,"-0,12",96,"-0,02",77,"0,09",33,"0,05",76,"0,11","0,59",52,"5,28",51
QUIRI S001,C402759,2014,,V,PC,92,,1,59,"-0,72","0,59",7,"0,76","0,57",62,,,,,"0,1",36,"0,18",17,"0,02",64,"-0,2",98,"0,07",85,"4,68",54,1,28,"-0,65","0,21",74,"0,11",69,"0,13",31,"0,21",11,"0,08",45,"-0,22",98,"0,08",86,"0,46","0,4",22,"5,24",52
ERRE TE 27 FACON GENERAL,IA-1280,2006,,P,IMP,,,9,58,"0,7","0,48",85,"2,04","0,56",48,"-3,5","0,16",98,35,"0,11",31,"0,14",26,"0,12",31,"0,14",18,"-0,03",31,"8,29",41,9,41,"-0,42","0,29",71,"1,62",59,"0,1",39,"0,17",17,"0,16",27,"0,15",16,"-0,05",29,"-0,1","0,44",73,"5,16",52
SUMMITCREST FOCUS 2U66,IA-1391,2008,,P,IMP,,,5,102,"0,36","0,64",68,"4,94","0,61",21,"3,42","0,13",1,12,"0,04",60,"0,3",4,0,72,"0,04",49,"0,03",69,"12,53",30,5,90,"-0,7","0,39",75,"4,24",42,"-0,08",90,"0,26",6,"-0,11",94,"-0,06",84,"0,02",62,"0,55","0,59",17,"5,15",52
TOLIÓ TEI0025 MANHATTAN GAL CHAMPIGNON,O167153,2012,,P,PO,14838,,2,140,"0,64","0,58",82,"4,31","0,57",25,"1,24","0,18",15,42,"0,07",47,"0,02",62,0,73,"0,05",45,"-0,02",40,"12,25",31,2,120,"-2,53","0,31",93,"1,78",58,"0,09",43,"-0,02",76,0,71,"0,05",45,0,49,"0,37","0,53",29,"5,14",52
SANTA EULÁLIA 805,C227957,2004,,P,PC,95,,1,39,"-0,27","0,52",22,"2,09","0,48",47,"-0,28","0,15",62,13,0,73,"-0,03",79,"0,02",64,"0,03",52,0,55,"4,14",56,1,26,"1,96","0,21",38,"4,06",43,"0,04",58,"-0,07",88,"0,05",54,"0,05",45,0,56,"-0,09","0,16",73,"5,06",52
RED HERDEIRO 1399 TELLECHEA,O150536,2011,,V,PO,18551,,1,29,"0,33","0,44",66,"4,19","0,49",27,"-1,08","0,16",76,3,"0,06",53,"0,1",37,"0,07",47,"-0,02",74,"0,15",98,"11,38",32,1,22,"-1,34","0,32",83,"2,85",51,"0,06",54,"0,08",39,"0,11",37,"-0,06",81,"0,12",94,"0,13","0,39",50,"5,02",52
TRIARA SLAM DUNK ET 357Y,IA-1770,2011,,P,IMP,,,1,23,"0,52","0,37",77,"2,49","0,35",43,,,,,"0,06",52,0,70,"-0,04",83,"0,23",6,"0,12",96,"7,27",45,1,18,"-1,12","0,19",81,"1,37",60,"0,05",56,"-0,08",90,"-0,1",93,"0,22",8,"0,13",95,"0,71","0,37",10,"4,99",52
CIA.AZUL 2192 HORNERO LESTER,O172517,2013,,P,PO,8538,,1,20,"0,73","0,45",86,"3,97","0,45",28,"-3,58","0,17",98,2,"0,11",34,"0,1",34,"0,17",17,"0,14",20,"-0,16",4,"12,77",29,1,13,"-0,98","0,29",79,"2,99",50,"0,1",40,"0,13",26,"0,19",19,"0,09",32,"-0,15",7,"-0,6","0,24",96,"4,98",52
CONNEALY CONSENSUS 7229,IA-1430,2009,,P,IMP,,,9,101,"0,16","0,61",54,"3,72","0,64",31,"-3,07","0,1",97,27,"0,12",29,"0,18",17,"0,07",46,"0,08",38,"-0,05",26,"12,72",29,7,64,"-1,71","0,34",86,"2,02",56,"0,08",45,"0,08",38,"0,04",58,"0,01",59,"-0,06",24,"-0,17","0,56",79,"4,96",52
SANTO ANTÃO ZORZAL MAGNO 762,O167493,2013,,P,PO,14982,,1,21,"0,99","0,19",93,"3,12","0,45",36,,,,,"0,07",47,"0,22",11,"0,05",56,"0,09",33,"0,04",73,"9,36",38,1,15,"-1,83","0,25",88,"1,29",61,"0,06",53,"0,1",32,0,71,"0,05",46,"0,03",67,"0,62","0,39",14,"4,96",53
QUIRI S059P,O189468,2014,,V,PO,92,,1,35,"-0,21","0,53",25,"-0,21","0,5",71,,,,,"0,12",30,"0,18",18,"0,16",20,"-0,02",74,"0,02",66,"2,89",60,1,19,"0,02","0,2",64,"-0,2",70,"0,16",23,"0,22",10,"0,2",16,"0,01",58,"0,03",69,"0,13","0,32",50,"4,93",53
SANTA CECÍLIA PREDESTINED 1433-5G-437,O161259,2012,,P,PO,10,,2,32,"-0,03","0,51",38,"2,93","0,5",38,"2,35","0,17",5,2,0,73,"0,03",61,"-0,1",94,"0,01",61,"-0,08",17,"6,26",49,2,21,"1,55","0,3",43,"4,48",40,"-0,02",78,0,69,"-0,17",98,0,63,"-0,09",17,"0,13","0,41",50,"4,92",53
LA LEGUA BRUJO 341 SARANDI,IA-1609,2008,,V,IMP,,,2,22,,,,"2,59","0,19",42,"-1,71","0,11",85,3,"0,02",66,"0,18",16,"0,03",62,"-0,02",73,"-0,05",26,"6,17",49,2,13,"1,03","0,14",49,"3,62",46,"0,01",67,"0,14",24,0,71,"-0,03",72,"-0,06",24,"0,12","0,16",51,"4,91",53
BR NEW DAY 454,IA-1028,2004,,P,IMP,,,3,56,"0,35","0,57",67,"3,26","0,56",34,"-1,31","0,16",80,39,"0,03",64,"0,02",64,"-0,01",74,"0,05",45,"-0,15",5,"8,01",42,3,51,"0,97","0,34",51,"4,23",42,"-0,03",81,"-0,06",87,"-0,05",85,"0,01",57,"-0,15",7,"0,14","0,47",49,"4,88",53
SÃO BIBIANO NET WORTH 6893,O134855,2009,,P,PO,110,,1,33,0,"0,53",41,"2,45","0,54",43,"1,61","0,22",10,19,"0,06",53,"-0,02",77,"0,06",52,"0,12",23,"-0,08",17,"7,07",45,1,26,"0,52","0,34",57,"2,96",50,"0,08",44,"-0,05",83,"0,04",59,,,"-0,09",18,"-0,26","0,4",84,"4,86",53
SÃO XAVIER PC 1567,C292824,2008,,P,PC,508,,1,37,,,,"2,42","0,5",44,"0,98","0,11",19,14,"0,03",61,"0,17",18,"0,08",45,"0,04",50,"-0,13",6,"6,21",49,1,33,"0,47","0,29",58,"2,89",51,"0,04",58,"0,12",29,"0,02",66,"-0,03",75,"-0,19",3,,,,"4,84",53
HW109 HILARIO DE TEI21 COVENANT,O149801,2011,,V,PO,18650,,2,71,"-0,68","0,62",8,"-0,57","0,61",75,"0,17","0,11",38,14,"0,11",35,0,71,"0,08",43,"-0,05",80,"0,12",95,"1,5",65,2,47,"0,18","0,33",62,"-0,39",71,"0,14",27,"0,01",63,"0,16",26,"0,01",59,"0,1",91,"0,35","0,49",30,"4,84",53
SANTA EULÁLIA 1177,C293068,2008,,P,PC,95,,2,22,"0,2","0,4",57,"2,6","0,38",41,"0,15","0,14",38,6,"0,01",71,"0,04",56,"0,05",52,0,66,"0,07",84,"5,6",51,2,22,"1,79","0,19",40,"4,38",41,"0,01",69,"-0,03",80,"0,08",46,"-0,04",77,"0,07",83,"-0,15","0,24",78,"4,73",53
GAR ANTICIPATION,IA-1546,2011,,P,IMP,,,1,41,"-0,41","0,49",16,"0,52","0,47",65,"-0,74","0,05",71,7,"-0,05",86,"-0,18",98,"-0,12",96,"0,26",5,"-0,31",1,"-1,65",74,1,36,"2,99","0,25",26,"3,52",47,"0,01",70,"-0,09",92,"-0,06",87,"0,36",1,"-0,33",1,"0,53","0,39",18,"4,7",54
HW99 HERALDO DE 04 FIELD DAY,O149792,2011,,V,PO,18650,,2,54,"-0,45","0,59",14,"2,67","0,57",41,"-1,16","0,14",77,4,"0,03",64,"-0,1",92,"-0,03",80,"0,07",40,"0,06",81,"6,57",47,2,33,"0,39","0,32",59,"3,07",50,"0,02",66,"-0,02",75,"-0,04",82,"0,09",31,"0,07",84,"0,26","0,34",39,"4,69",54
PAINEIRAS LUCKY ZORZAL TE5294,O136796,2009,,P,PO,14028,,3,190,"0,58","0,61",80,"3,13","0,68",35,"-2,03","0,27",90,53,"0,04",60,"0,03",58,"0,04",57,"0,07",39,"-0,09",14,"8,1",42,3,154,"-0,06","0,38",65,"3,08",49,"0,02",65,0,67,"0,04",58,"0,03",53,"-0,1",15,"0,18","0,61",45,"4,65",54
TRES MARIAS 6927 PUCARA TE PUCARÁ,IA-929,2003,,V,IMP,,,51,488,"1,36","0,77",98,"0,45","0,81",66,"-1,86","0,45",88,237,"0,11",34,"0,07",47,"0,19",14,"0,1",29,"-0,04",29,"4,14",55,43,353,"-1,46","0,56",84,"-1,01",75,"0,18",18,"0,1",32,"0,27",8,"0,08",35,"-0,05",28,"0,38","0,73",27,"4,59",54
CARUMBÉ RED QUEBRANTADOR 1351,O142953,2010,,V,PO,18551,,1,35,,,,"0,47","0,47",65,"-4,31","0,17",99,5,"0,16",18,"0,07",47,"0,15",22,"0,06",43,0,49,"6,23",49,1,32,"-1,13","0,29",81,"-0,66",73,"0,16",23,"0,08",40,"0,19",20,"0,02",54,"0,03",68,"-0,05","0,37",69,"4,53",54
ESPINILHO 1326,O168500,2013,,V,PO,14550,,1,25,,,,"2,78","0,45",40,"0,9","0,11",20,1,"0,06",51,"0,08",43,"0,17",17,"0,03",53,"0,08",88,"8,12",42,1,14,"0,37","0,25",60,"3,15",49,"0,02",64,0,69,"0,17",22,"0,02",53,"0,1",91,"-0,11","0,33",75,"4,51",54
GAP R223,C270030,2007,,V,PC,2555,,1,64,"0,48","0,62",74,"0,69","0,61",63,"-3,88","0,24",99,24,"0,11",32,"0,21",12,"0,15",21,,,"0,03",67,"4,89",53,1,43,"0,01","0,4",64,"0,7",64,"0,12",35,"0,2",12,"0,18",20,,,"-0,04",31,"-0,08","0,46",71,"4,42",55
CONSENSUS TE 2352 TELLECHEA,O181085,2014,,P,PO,18551,,1,87,"0,05","0,61",45,"2,87","0,58",39,,,,,"0,07",48,0,68,"0,08",44,"0,01",59,"0,02",64,"8,63",40,1,67,"-0,52","0,24",71,"2,36",54,"0,04",60,"-0,02",77,"0,05",57,"-0,01",66,"0,02",61,"0,09","0,47",54,"4,37",55
JUQUIRY BLACK J05 GENERAL TEIC22,O171403,2012,,P,PO,18553,,2,42,"0,49","0,29",75,"0,96","0,47",60,"-0,74","0,08",71,8,"0,12",30,"0,09",41,"0,13",28,"0,08",35,"0,09",91,"5,72",51,2,39,"-0,24","0,26",68,"0,71",64,"0,1",39,"0,08",40,"0,14",30,"0,09",31,"0,08",87,"-0,04","0,39",68,"4,34",55
RINCON CHIMARRAO TE2059 DEL SARANDY,O160403,2012,,P,PO,7287,,2,21,"0,43","0,47",71,"1,78","0,45",51,,,,,"0,06",53,"0,08",41,"0,15",22,0,65,"-0,02",41,"5,47",52,2,19,"0,54","0,24",57,"2,32",54,0,73,"0,07",43,"0,16",25,"-0,03",74,"-0,01",44,"0,34","0,36",31,"4,29",55
LEACHMAN COPPER ROB 1204D,IA-545,1994,,V,IMP,,,29,447,"-1,31","0,77",3,"-0,49","0,82",74,"3,2","0,57",2,434,"0,04",58,"0,01",65,"0,01",70,"0,08",38,"-0,02",38,"-0,68",71,25,335,"4,12","0,6",16,"3,63",46,"0,03",62,"-0,03",79,"-0,04",82,"0,07",39,"-0,01",45,"-0,55","0,69",95,"4,17",55
SINCLAIR RITO LEGACY 3R9,IA-1088,2003,,P,IMP,,,6,25,"-0,19","0,45",26,"-0,56","0,43",75,"3,82","0,08",1,14,"0,12",29,"0,19",15,"0,18",16,"0,14",20,"-0,08",17,"2,08",63,6,20,"0,82","0,22",52,"0,25",68,"0,16",23,"0,18",17,"0,12",35,"0,16",16,"-0,13",9,"-0,36","0,37",89,"4,14",55
CMC TAINA DO CEDRO C5TE ZORZAL,O162880,2012,,P,PO,17029,,2,64,"-0,2","0,56",25,"1,65","0,55",53,"-2,1","0,17",91,16,"0,02",68,"0,15",24,"0,13",28,"-0,06",83,"-0,08",16,"3,7",58,2,56,"2,65","0,33",30,"4,3",41,"-0,01",75,"0,17",18,"0,16",25,"-0,1",90,"-0,09",17,"-0,32","0,47",88,"4,09",55
HERITAGE DO CARUMBE 1774,O151587,2010,,P,PO,269,,3,25,"0,47","0,43",74,"0,4","0,48",66,"1,59","0,08",10,2,"0,11",35,"-0,09",91,"0,04",57,"0,07",38,"0,13",96,"3,91",57,3,20,"0,59","0,26",56,"0,99",63,"0,12",33,"-0,07",89,"0,04",60,"0,09",33,"0,13",95,"-0,34","0,34",89,"4,04",55
TRES MARIAS 8561 SALVAJE 7630-T/E,A.779131,2009,,P,IMP,,,10,34,"1,21","0,49",96,"0,94","0,49",61,"-0,86","0,19",73,33,"0,06",52,"-0,11",94,"-0,03",81,"0,06",43,"0,05",78,"3,49",58,8,18,"0,53","0,26",57,"1,48",60,"0,07",49,"-0,1",94,"-0,02",78,"0,05",46,"0,02",62,"0,11","0,42",53,"4,02",56
TÓLIO TE411 BRIGADIER WIDESPREAD ELOGIO,O182314,2014,,V,PO,14838,,1,22,"-0,65","0,45",9,"0,91","0,46",61,,,,,"0,14",24,"0,18",17,"0,14",25,"0,15",17,"0,05",79,"6,38",48,1,20,"-2,19","0,3",91,"-1,27",76,"0,16",22,"0,15",21,"0,18",21,"0,1",29,"0,02",65,"0,26","0,44",38,"4,02",56
BLACK PRINCE 11999 DON LEO DON LEO,IA-1125,2006,,P,IMP,,Y,27,484,0,"0,76",41,"0,88","0,81",61,"-1,06","0,4",76,250,"0,02",67,"0,06",51,"0,02",66,"0,04",49,"-0,09",15,"1,82",64,23,349,"0,4","0,55",59,"1,28",61,"0,02",67,"0,08",38,"0,04",60,"0,11",25,"-0,09",18,"0,83","0,74",6,"4,01",56
BECKTON EPIC R397 K,IA-1323,2005,,V,IMP,,,7,297,"0,02","0,55",42,"-0,02","0,72",69,"-1,25","0,16",79,38,"-0,01",76,"-0,02",74,"-0,02",79,"0,14",20,"0,12",95,"-1,47",74,6,180,"0,73","0,42",53,"0,71",64,"0,1",38,"0,14",23,"0,1",40,"0,14",19,"0,15",96,"0,67","0,57",12,4,56
RITO 6I6 OF 4B20-6807,IA-596,1996,,P,IMP,,,8,54,"-0,36","0,58",17,"1,41","0,6",55,"0,37","0,32",32,132,"-0,02",79,0,70,"-0,07",89,"0,01",60,"-0,09",13,"1,56",65,7,45,"-0,18","0,34",67,"1,23",62,"0,04",58,"0,06",47,0,73,"0,04",49,"-0,07",21,1,"0,45",3,"3,96",56
LAS LILAS 1405 ALAMO COOPER ROB MEXICANO,IA-1187,2005,,V,IMP,,,22,406,"0,11","0,75",50,"1,02","0,79",60,"-2,5","0,29",94,91,"0,12",31,"0,05",51,"0,09",42,"0,11",25,"0,05",79,"5,88",50,16,255,"0,46","0,52",58,"1,48",59,"0,06",53,"0,04",56,"0,06",53,"0,07",37,"0,04",74,"-0,23","0,63",83,"3,96",56
LAS LILAS 1659 SOTEIN NAYMEJOR TE SOBRADOR,IA-1254,2006,,V,IMP,,,3,36,"-2,77","0,41",1,"1,16","0,47",58,"1,39","0,04",13,7,"0,06",52,"0,08",43,"0,12",29,"-0,13",94,"-0,13",6,"3,95",57,3,32,"-0,9","0,18",78,"0,26",68,"0,05",55,"0,04",56,"0,12",35,"-0,11",91,"-0,1",14,"0,78","0,39",8,"3,88",56
ALIANÇA EDE YH 148,O139806,2007,,V,PO,16258,,1,48,"0,05","0,52",45,"1,07","0,51",59,"0,46","0,22",30,28,"0,1",38,"0,11",34,"0,15",22,"0,16",15,0,49,"5,24",53,1,40,"-0,41","0,31",71,"0,66",65,"0,1",40,"0,1",35,"0,16",26,"0,11",27,0,54,"0,01","0,34",62,"3,85",56
PFFR CONVOY 9Z,IA-1644,2012,,V,IMP,,,5,79,"0,17","0,26",55,"1,39","0,57",55,"0,16","0,01",38,1,"-0,01",74,"0,02",62,0,73,"0,03",53,"0,04",73,"2,17",63,5,65,"0,83","0,29",52,"2,21",55,"0,05",57,"0,14",23,"0,1",40,"0,09",32,"0,04",74,"0,34","0,5",31,"3,83",57
TRES MARIAS 9549 MAXIMO 7858 TE MAXIMO,IA-1527,2012,,P,IMP,,,11,295,"2,44","0,73",99,"4,65","0,73",23,,,,,"0,15",22,"0,18",17,"0,17",18,"0,05",45,"0,11",94,"15,91",21,9,173,"-3,07","0,4",96,"1,58",59,"0,1",41,"0,1",34,"0,12",36,"-0,03",75,"0,14",95,"-0,52","0,59",94,"3,81",57
UMBU 1922 BRIGADIER,O150819,2011,,V,PO,99,T,19,545,"0,17","0,81",55,"3,1","0,81",36,"-2,29","0,26",92,26,"0,12",30,"0,17",20,"0,15",23,"0,04",51,"0,01",57,"11,04",34,15,319,"-2,01","0,54",89,"1,09",62,"0,06",54,"0,06",45,"0,1",40,"-0,06",83,"0,02",62,"0,04","0,73",59,"3,8",57
DOS TAPES BW97 JUNCAL WHITSTONE 5029,O131043,2008,,P,PO,5949,,1,21,"-0,38","0,36",17,"0,13","0,39",68,,,,,"-0,01",75,"0,1",34,"0,05",56,"-0,13",93,"-0,02",37,"-1,02",72,1,19,"3,5","0,24",21,"3,63",46,0,72,"0,1",33,"0,05",55,"-0,11",91,"-0,06",26,"-0,11","0,31",75,"3,72",57
SANTO ANTÃO DON LEO 703,O156967,2012,,P,PO,14982,,2,41,,,,"1,62","0,55",53,"-0,37","0,15",64,4,"0,07",49,"0,22",11,"0,11",34,"-0,04",78,"-0,04",28,"5,46",52,2,33,"-1,34","0,33",83,"0,28",67,"0,07",48,"0,23",10,"0,15",29,"-0,02",71,"-0,02",39,"0,54","0,5",18,"3,72",57
SANTA JOANA FULLBACK 24TE,O164313,2001,,P,PO,15398,,3,83,"1,67","0,59",99,"6,53","0,59",11,"-2,31","0,16",92,33,"0,09",41,"0,34",3,"0,27",5,"0,01",60,"-0,06",22,"18,35",16,3,70,"-3,55","0,35",97,"2,98",50,"-0,07",89,"0,15",22,"0,2",16,"-0,04",75,"-0,04",33,"0,38","0,48",28,"3,69",57
RINCON 1544 ZORZAL DEL SARANDY,O135024,2009,,P,PO,7287,,2,60,"1,46","0,6",98,"0,42","0,59",66,"-1,98","0,2",89,15,"0,14",23,"0,13",28,"0,1",38,"0,13",22,"0,03",67,"5,37",52,2,57,"0,08","0,4",63,"0,5",66,"0,06",53,"0,01",64,"0,05",57,"0,04",48,"0,01",60,"-0,1","0,55",73,"3,63",58
AHL ABOUT TIME 113Y,IA-1428,2011,,V,IMP,,,4,62,"-0,59","0,31",11,"1,77","0,49",51,"-0,03","0,01",56,1,"-0,01",75,"0,15",22,"0,05",55,"0,09",32,"0,07",86,"2,97",59,3,41,"2,42","0,23",32,"4,19",42,0,71,"0,15",20,"0,06",52,"0,09",31,"0,06",81,"-0,3","0,33",87,"3,63",58
GAP 4753,O169098,2013,,P,PO,2555,,4,55,"0,71","0,59",85,"-0,33","0,58",73,"0,81","0,12",22,1,0,74,"0,12",30,"0,23",7,"-0,07",87,"-0,03",33,"-2,02",75,3,44,"3,48","0,32",21,"3,15",49,"0,01",69,"0,08",40,"0,28",6,"-0,07",84,"-0,01",46,"-0,05","0,5",68,"3,6",58
JUQUIRY RED CATRIEL 7890,C327751,2010,,P,PC,18553,,3,29,"0,4","0,26",70,"2,61","0,47",41,"0,56","0,12",27,9,"0,03",62,"0,15",23,"0,07",46,"0,08",35,"0,07",85,"6,55",47,3,27,"0,78","0,27",53,"3,39",47,"0,01",69,"0,08",40,"0,05",57,"0,09",33,"0,08",85,,,,"3,51",58
CIA.AZUL GAITEIRO 0620 ZORZAL GORDO,O121151,2007,,P,PO,8538,,5,151,0,"0,71",41,"1,11","0,71",59,"-3,47","0,39",98,139,"0,06",50,"0,03",58,"0,05",54,"0,06",42,"0,03",68,"4,1",56,4,107,"0,6","0,47",56,"1,71",58,0,73,0,70,"-0,02",77,"-0,05",79,0,55,"0,28","0,59",37,"3,5",58
GAP 3893,O144563,2010,,V,PO,2555,,2,53,"-0,69","0,49",8,"1,01","0,46",60,"-0,17","0,2",60,21,"0,09",39,"0,1",35,"0,19",12,"0,08",35,"-0,05",25,"4,93",53,1,13,"-0,88","0,22",78,"0,13",69,"0,12",34,"0,1",33,"0,23",11,"0,1",28,"-0,07",23,"0,03","0,29",60,"3,5",58
CATANDUVA TE213 NOSTRADAMUS K.ROB TE12,O99045,2003,,V,PO,16417,,33,373,"0,4","0,74",70,"1,95","0,8",49,"-3,7","0,45",99,217,"0,15",21,"0,09",40,"0,16",18,"0,04",48,"0,02",66,"9,44",38,25,299,"-1,35","0,56",83,"0,61",65,"0,14",28,"0,06",46,"0,23",12,"0,07",39,"0,02",63,"-0,65","0,76",97,"3,5",58
AGROMELU 2494 CITATION BOOM TE IMPACTO,IA-992,2000,,V,IMP,,,7,132,"0,58","0,7",80,"-0,83","0,71",78,"-1,36","0,31",80,107,"0,06",52,"0,08",43,"0,12",30,"-0,02",71,"0,08",88,"-0,95",72,5,108,"2,16","0,48",35,"1,33",61,"0,01",68,"0,07",42,"0,1",41,"-0,05",79,"0,12",95,"0,25","0,65",39,"3,46",58
CHARLES G617 BRILLANCE 3 WILLY,IA-1849,2014,,P,IMP,,,2,36,"-0,34","0,33",18,"2,29","0,44",45,,,,,"-0,05",87,"-0,07",88,"-0,02",78,"0,12",24,"-0,09",14,"2,56",61,1,14,"2,24","0,19",34,"4,53",39,0,72,"-0,02",77,0,72,"0,2",11,"-0,1",15,"-0,13","0,19",77,"3,46",58
TAMANDUÁ TEI249 HOBY FEDERAL T. M 8180,O205117,2015,,P,PO,16914,,1,26,"-0,76","0,36",7,"0,06","0,33",69,,,,,"0,1",36,"-0,04",82,"-0,02",77,"0,09",32,"0,04",75,"2,9",60,1,1,"0,48","0,14",58,"0,54",66,"0,06",53,"-0,07",89,"-0,06",86,"0,07",37,"0,08",86,"0,07","0,19",56,"3,41",59
TRADIÇÃO 1503,C295364,2008,,P,PC,3638,,2,100,"0,15","0,44",54,"-1,16","0,64",80,"-1,63","0,26",84,63,"0,12",29,"0,04",54,"0,13",29,"0,04",49,"0,01",,"0,63",67,2,86,"2,22","0,45",35,"1,06",62,"0,11",35,"0,07",43,"0,13",32,,,,,"-0,75","0,51",98,"3,36",59
OTTONO B1777 TE HERDEIRO,O111950,2005,,V,PO,35,,27,615,"0,82","0,81",89,"3,23","0,84",35,"0,83","0,54",21,353,"0,11",32,"0,16",21,"0,13",28,"-0,02",71,"0,1",93,"11,18",33,24,473,"-2,55","0,65",93,"0,68",65,"0,12",35,"0,14",23,"0,17",23,"0,01",58,"0,05",78,"-0,25","0,77",84,"3,33",59
HERITAGE DO CARUMBÉ 1832,O151591,2010,,P,PO,18551,,2,60,"-0,4","0,56",16,"-1,03","0,57",79,"-1,14","0,11",77,15,"0,06",53,"0,01",65,"0,03",61,"0,03",55,"0,24",99,"-1,48",74,2,55,"1,46","0,36",44,"0,43",66,"0,07",51,"0,02",61,"0,05",54,"-0,01",65,"0,28",99,"0,29","0,53",35,"3,29",59
SAV PUREBRED 4896,IA-1653,2014,,P,IMP,,,5,69,"0,04","0,44",44,"-3,24","0,43",93,,,,,"0,22",8,"0,1",37,"0,06",51,"0,07",39,0,54,"-0,7",72,4,19,"-2,18","0,19",91,"-5,42",93,"0,17",20,"0,05",49,"0,03",63,"0,05",45,"0,01",60,"1,01","0,27",3,"3,22",59
GUE-GLEN SUR CHILDE TE SOBERBIO,IA-1638,2012,,P,IMP,,,7,88,"0,04","0,39",44,"0,52","0,58",65,,,,,"0,06",53,0,67,"0,09",41,"-0,02",73,"0,08",87,"2,35",62,7,53,"1,11","0,28",48,"1,63",59,"0,06",52,"0,01",65,"0,16",26,0,64,"0,08",88,"-0,18","0,48",79,"3,18",59
TRES MARIAS 8311 ADVANCE 5854 TE TRAPICHE,IA-1152,2008,,V,IMP,,,16,133,"0,1","0,67",50,"-0,51","0,67",75,"2,14","0,26",6,72,"0,14",24,"0,02",63,"0,14",26,"0,11",27,"0,06",80,"2,89",60,13,82,"-1,46","0,33",84,"-1,97",79,"0,17",18,"-0,01",74,"0,21",16,"0,11",25,"0,05",74,"0,11","0,59",52,"3,12",59
GAR PREDESTINED,IA-750,1999,,P,IMP,,,22,327,"0,27","0,76",62,"1,64","0,78",53,"1,88","0,47",8,279,"0,07",49,"0,09",38,"-0,01",75,"0,07",39,"-0,2",2,"5,43",52,22,251,"-0,27","0,57",69,"1,36",60,"0,03",61,"0,04",55,"-0,07",87,"0,05",46,"-0,2",3,"0,13","0,68",50,"3,12",60
RED BRIGADIER 1405 TELLECHEA,O150539,2011,,V,PO,18551,,1,23,"0,15","0,36",53,"-0,91","0,42",78,"0,41","0,09",31,8,"0,12",30,"0,05",52,"0,08",43,"0,03",53,"-0,02",38,"1,12",66,1,24,"0,94","0,25",51,"0,03",69,"0,15",26,"0,08",41,"0,1",42,"0,06",43,0,49,"-0,55","0,39",95,"3,05",60
PIRAY 177 FUNDADOR TE FUNDADOR,IA-1098,2002,,V,IMP,,,5,30,"0,52","0,31",77,"-1,41","0,46",82,"-0,89","0,16",73,16,"0,11",35,"0,08",42,"0,21",10,"0,06",44,"0,04",74,"-0,55",71,5,20,"-0,46","0,26",71,"-1,87",79,"0,15",26,"0,1",32,"0,3",5,"0,09",31,"0,05",76,"0,36","0,22",29,3,60
SAV TEXTBOOK 5115,IA-1862,2015,,P,IMP,,,5,40,"0,23","0,47",59,"0,62","0,44",64,,,,,"0,1",38,"-0,03",79,"0,01",69,"-0,04",79,"0,11",93,"4,1",56,2,4,"-0,32","0,17",69,"0,3",67,"0,1",39,"-0,01",73,0,73,"-0,03",74,"0,09",88,"-0,18","0,24",80,"2,89",60
6 MILE FULL THROTTLE 171T,IA-1350,2007,,V,IMP,,,9,115,"-0,07","0,61",36,"-0,42","0,63",74,"-1,62","0,18",84,46,"0,07",46,"0,01",67,"0,02",65,"0,02",58,"0,34",99,"0,72",67,7,97,"0,77","0,38",53,"0,35",67,"0,1",39,"0,12",27,"0,05",54,"0,1",30,"0,34",99,"-0,13","0,54",76,"2,84",60
OSU CLARITY 1152 CLARITY,IA-1736,2011,,P,IMP,,,2,51,"0,28","0,46",63,"1,13","0,49",59,"1,73","0,09",9,1,"0,03",62,"0,06",50,"0,04",57,"-0,03",76,"-0,1",12,"2,91",60,2,29,"1,44","0,27",44,"2,57",53,"0,02",65,"-0,01",72,"0,04",59,0,63,"-0,13",9,"-0,25","0,42",84,"2,81",60
GELADO DA RIO DA PAZ,O102914,2004,,P,PO,13436,,3,134,"0,52","0,64",76,"1,29","0,67",57,"-0,44","0,29",65,100,"-0,02",79,"0,13",28,"0,2",11,"-0,16",96,"0,06",84,"1,25",66,2,91,"3,62","0,38",19,"4,91",38,0,71,"0,13",25,"0,24",11,"-0,14",95,"0,07",83,"-0,82","0,6",99,"2,79",60
QUIRI N215,C361237,2011,,V,PC,92,,2,24,"-0,42","0,41",15,"2,53","0,43",42,"-0,63","0,14",69,6,"0,02",66,"0,14",25,"0,01",67,"-0,08",88,"-0,03",35,"6,04",50,2,23,"-0,22","0,26",68,"2,31",54,"0,04",59,"0,16",19,"0,04",59,"-0,05",79,"-0,04",34,"-0,13","0,42",77,"2,67",61
BT JUNCO MAGNO 1161,O185338,2014,,P,PO,21499,,1,34,"0,29","0,25",64,"1,6","0,34",53,,,,,"0,03",62,"-0,02",77,"0,08",43,"-0,02",70,0,54,"4,04",56,1,22,"-1,02","0,16",80,"0,58",65,"0,04",60,"-0,05",83,"0,09",43,0,64,0,49,"0,57","0,19",16,"2,67",61
MESSMER PACKER S008,IA-1053,2006,,V,IMP,,,5,186,"-0,76","0,39",7,"-0,54","0,67",75,"-0,01","0,27",55,96,"0,06",52,"0,09",40,"0,1",35,"0,23",6,"0,07",84,"-0,22",70,5,129,"1,34","0,39",45,"0,8",64,"0,04",57,"-0,01",71,"0,06",51,"0,23",8,"0,04",71,"0,08","0,55",55,"2,67",61
TRES MARIAS 8155 CANDELERO CANDELERO,IA-1148,2008,,P,IMP,,K,56,1130,"0,33","0,84",66,"-0,26","0,86",72,"-3,71","0,51",99,533,"0,07",47,"0,05",54,"0,1",37,0,63,"0,11",94,"0,95",66,46,800,"0,44","0,59",58,"0,19",68,0,71,"0,03",57,"0,08",46,"0,01",58,"0,12",94,"0,54","0,82",17,"2,66",61
CASSOL R928 RIO NEGRO,O128163,2008,,P,PO,4602,,4,65,"0,03","0,55",44,"0,55","0,54",65,"-2,4","0,23",93,42,"0,07",46,"0,08",43,"0,1",37,"-0,04",79,"0,05",78,"3,1",59,2,26,"0,33","0,26",60,"0,88",63,"0,1",40,"0,06",46,"0,12",35,"-0,04",77,"0,04",74,"-0,33","0,36",88,"2,65",61
CONNEALY IN SURE 8524 IN SURE,IA-1351,2008,,P,IMP,,,4,68,"-1,34","0,6",3,"2,35","0,6",44,"3,02","0,17",2,40,"-0,04",83,"-0,17",98,"-0,15",98,"0,01",60,"-0,24",1,"3,25",59,4,55,"0,53","0,36",57,"2,88",51,"-0,1",93,"-0,22",99,"-0,26",99,"-0,04",75,"-0,25",1,"0,89","0,38",5,"2,64",61
BARRAGEM CHATELLE TE105 NETWORTH 512,O159638,2012,,P,PO,2251,,2,38,"0,42","0,46",71,"-0,71","0,49",77,,,,,"0,03",63,"0,02",62,"0,05",54,"-0,08",89,"0,01",57,"-1,76",74,2,23,"2,01","0,28",37,"1,3",61,"0,05",54,"0,05",48,"0,09",43,"-0,09",88,"-0,01",47,"-0,07","0,34",70,"2,51",61
VISION UNANIMOUS 1418 UNANIMOUS,IA-1520,2011,,P,IMP,,,7,122,"-0,33","0,64",19,"1,76","0,65",52,"-1,81","0,04",87,9,"0,09",40,"-0,01",72,"-0,03",82,"0,04",50,"0,14",97,"6,74",46,7,103,"-0,82","0,38",77,"0,94",63,"0,07",48,0,69,"-0,03",80,"0,01",59,"0,14",96,"-0,32","0,58",88,"2,45",62
BASCO PAYADOR MANA TE327,O155775,2010,,V,PO,4074,,2,31,"0,43","0,5",71,"-0,58","0,5",75,"-1,21","0,14",78,5,"0,11",32,"0,02",61,"0,07",46,"-0,07",87,"0,02",63,"1,79",64,2,14,"-0,4","0,25",70,"-0,99",75,"0,14",28,"0,04",55,"0,11",37,"-0,1",90,0,55,"-0,16","0,24",78,"2,45",62
TRES MARIAS 4971 MAN EXT TE,O74324,1996,,P,PO,5150,,2,207,"-2,27","0,75",1,"-0,15","0,74",71,"2,48","0,35",4,131,"-0,08",91,"-0,07",88,"-0,08",91,"-0,05",81,"-0,01",42,"-4,29",81,2,165,"3,09","0,49",25,"2,94",50,0,73,"0,01",66,"-0,04",83,"0,02",56,"0,03",68,"0,27","0,63",37,"2,44",62
TRES MARIAS 6241 PAYADOR TE PAYADOR,IA-848,2001,,V,IMP,,,21,107,"0,3","0,66",64,"-0,24","0,69",72,"-2,44","0,43",94,186,"0,1",35,"0,11",32,"0,19",13,"-0,13",94,"0,07",84,"2,29",62,17,70,"1,04","0,44",49,"0,8",64,"0,13",30,"0,13",27,"0,29",6,"-0,13",93,"0,06",80,"-0,87","0,6",99,"2,43",62
N BAR EMULATION EXT,IA-390,1986,,P,IMP,,,28,286,"-0,23","0,77",23,"-0,34","0,79",73,"2,41","0,55",5,410,"-0,04",85,"-0,19",99,"-0,16",98,"0,12",23,"0,02",63,"-3,59",79,21,196,"4,2","0,56",15,"3,86",44,"-0,07",88,"-0,08",91,"-0,24",99,"0,14",19,"-0,06",26,"0,01","0,68",63,"2,4",62
SANTA THEREZA 1571,C269046,2007,,P,PC,3108,,9,132,"1,19","0,71",96,"1,4","0,7",55,"-1,29","0,31",79,69,"0,08",44,0,70,"0,05",56,"-0,05",82,"0,04",75,"5,42",52,9,89,"-0,25","0,45",68,"1,15",62,"0,1",40,"-0,01",71,"0,05",57,"-0,09",89,"0,08",87,"-0,56","0,44",95,"2,36",62
LAS LILAS 1715 CAMERUN MAX TE ETO-O,IA-1146,2006,,P,IMP,,,13,180,"0,55","0,68",78,"-1,21","0,71",81,"0,82","0,19",22,49,"0,03",65,"0,03",60,"0,14",25,0,64,0,49,"-3,08",77,10,145,"-0,93","0,44",79,"-2,14",80,"0,09",41,0,70,"0,17",24,"0,05",46,"0,03",70,"1,17","0,62",2,"2,25",62
PASTORIZA 565 BRIGADIER TE BRIGADIER,IA-796,2001,,V,IMP,,,142,4152,"0,12","0,91",51,"0,71","0,93",63,"-3,37","0,81",98,3493,"0,1",38,"0,11",33,"0,18",16,"-0,03",77,"-0,02",40,"4,29",55,121,2950,"-2,02","0,82",89,"-1,31",76,"0,11",38,"0,11",31,"0,22",13,"-0,05",78,"-0,03",35,"0,35","0,89",31,"2,24",62
SANTA SERGIA AMIGO MANDARIN 2884 AUGUSTO,IA-1718,2011,,V,IMP,,,3,25,"-0,78","0,29",6,"0,77","0,39",62,,,,,"0,04",59,"0,24",8,"0,04",59,"-0,07",86,"-0,07",18,"2,4",62,2,10,"-0,1","0,14",66,"0,67",65,"0,07",50,"0,18",15,"0,05",56,"-0,07",86,"-0,07",21,"0,03","0,22",60,"2,14",63
GAP 4613,O168627,2013,,P,PO,2555,,5,196,"-0,09","0,74",34,"0,58","0,72",64,"1,94","0,15",7,9,"-0,01",77,"0,35",2,"0,3",3,"-0,08",89,"-0,06",21,"-0,18",70,4,99,"1,1","0,36",48,"1,68",58,"-0,01",74,"0,38",2,"0,33",3,"-0,06",83,"-0,1",16,"0,42","0,61",25,"2,13",63
HW 90 GAJO DIADEMA 21 DE FIELD DAY,O140994,2010,,V,PO,18650,,1,52,"-0,18","0,58",27,"-3,62","0,58",94,"-0,64","0,21",69,32,"0,07",49,"-0,09",91,"0,01",69,0,63,"0,05",76,"-7,48",87,1,37,"1,63","0,35",42,"-1,99",79,"0,15",26,0,69,"0,05",55,"0,06",42,"0,04",73,"0,25","0,43",39,"2,09",63
LAS LILAS 2403 BOYD ON TARGUET MAX OBJETIVO,IA-1677,2010,,P,IMP,,,1,40,,,,"-0,13","0,25",70,,,,,"0,06",50,"-0,01",71,"0,09",39,"-0,01",68,"-0,02",38,"1,03",66,1,19,"-0,19","0,1",68,"-0,32",71,"0,05",55,"-0,02",76,"0,06",52,"-0,01",66,"-0,01",44,"0,34","0,15",31,"2,06",63
3F EMBLAZON 3652,IA-885,2003,,P,IMP,,,11,101,"0,14","0,55",53,"2,81","0,62",40,"0,49","0,23",29,67,"0,1",35,"0,06",49,"0,04",58,"-0,16",96,"-0,1",12,"9,81",37,10,73,"-0,75","0,32",76,"2,05",56,"-0,05",83,"0,03",59,"-0,03",79,"-0,11",91,"-0,13",8,"-0,24","0,45",83,"2,02",63
TIMBAÚVA 22 AGAMENON NACO MR BEEF 805,O163388,2012,,V,PO,14168,,2,28,"0,47","0,44",74,"1,17","0,43",58,,,,,"-0,07",90,"-0,06",87,"0,08",44,"-0,11",92,"0,07",86,"-0,94",72,2,21,"2,32","0,21",33,"3,5",47,"-0,04",82,0,68,"0,06",54,"-0,06",81,"0,04",72,"0,15","0,26",48,"1,91",64
MAIPÚ 31 MONTANA HERDEIRO,O143091,2010,,V,PO,6797,,1,25,,,,"-0,87","0,37",78,"0,75","0,14",24,3,"0,12",30,"0,12",30,"0,16",20,"0,05",44,"0,14",97,"1,21",66,1,13,"-2,68","0,22",93,"-3,55",87,"0,14",29,"0,1",33,"0,19",18,"0,06",42,"0,12",93,"0,79","0,27",7,"1,79",64
LEACHMAN END CUT 1383G,IA-584,1997,,V,IMP,,,14,272,"0,51","0,7",76,"-1,18","0,74",80,"2,62","0,41",4,218,0,72,0,70,"-0,04",84,"-0,16",96,"-0,05",27,"-3,88",79,11,180,"2,23","0,43",34,"1,05",62,"0,01",68,"0,04",52,0,73,"-0,14",94,"-0,1",15,"0,22","0,48",42,"1,74",64
RINCON BARTOLOME 816 DEL SARANDY,O105102,2004,,V,PO,7287,,1,135,"0,42","0,72",70,2,"0,71",48,"1,09","0,37",17,125,"0,11",35,"0,08",44,"0,17",18,"0,07",39,"0,02",64,"7,86",43,1,115,"-2,93","0,52",95,"-0,92",74,"0,11",36,"0,08",39,"0,19",18,"0,11",27,"-0,01",47,"-0,03","0,4",66,"1,73",64
TAPAYÚ 2179 ORIENTAL CACIQUE,IA-1052,2003,,V,IMP,,,13,358,"-0,51","0,72",13,"-1,11","0,78",80,"1,55","0,45",11,207,"0,14",23,"0,1",35,"0,07",47,"0,03",55,"-0,01",46,"1,5",65,11,248,"-1,18","0,54",81,"-2,29",81,"0,04",59,"0,01",64,"0,03",63,"0,01",60,"0,03",66,"0,59","0,62",15,"1,65",65
TRES MARIAS 9989 ZORZALIT 8958 TE ZORZALITO,IA-1841,2013,,P,IMP,,K,15,162,"0,17","0,63",55,"1,65","0,66",53,,,,,"0,05",56,"0,14",27,"0,13",27,"-0,06",85,"0,15",98,"4,83",53,12,114,"1,08","0,3",49,"2,73",52,"0,02",66,"0,02",63,"0,07",50,"-0,07",85,"0,16",97,"-0,76","0,59",98,"1,65",65
MVF VRD DATELINE 913P,IA-922,2004,,P,IMP,,,15,153,"1,9","0,64",99,"-0,09","0,7",70,"3,88","0,32",1,126,"0,02",67,"-0,12",94,"0,01",68,"0,13",22,"0,06",83,"-0,58",71,11,121,"0,17","0,44",62,"0,08",69,"0,05",57,"-0,07",88,"0,02",66,"0,14",18,"0,05",78,"0,36","0,64",30,"1,61",65
CONFIDENCE 2372 TELLECHEA,O181111,2014,,P,PO,18551,,1,28,"-0,65","0,49",9,"1,03","0,45",60,,,,,"0,09",42,"0,05",52,"0,12",29,"0,07",38,"-0,2",2,"4,67",54,1,26,"-1,29","0,23",82,"-0,26",70,"0,09",43,"0,05",48,"0,15",27,"0,03",51,"-0,2",3,"-0,14","0,35",77,"1,59",65
OTTONO B444 TEI DON PANCHO,O67758,1995,,V,PO,35,,81,2827,"0,35","0,87",67,"0,43","0,91",66,"0,34","0,78",33,2473,"0,03",61,"0,01",65,"0,05",56,"0,04",49,"0,01",59,"1,29",66,73,2154,"0,59","0,79",56,"1,02",63,"0,06",52,"0,05",47,"0,08",46,"0,02",55,"0,02",61,"-0,24","0,86",83,"1,56",65
SCHULER REBEL 0029X,IA-1751,2010,,V,IMP,,,1,25,,,,"2,11","0,31",47,,,,,"-0,1",94,"0,02",63,"-0,2",99,"-0,06",84,"0,02",,"0,49",68,1,20,"3,07","0,16",25,"5,18",36,"-0,07",88,0,69,"-0,17",98,"-0,09",89,,,"-0,33","0,26",88,"1,54",65
RECONQUISTA 1031 LACADOR QUEBR.GLACIAR,O110365,2005,,V,PO,155,,1,41,"-0,42","0,39",15,"1,74","0,45",52,"0,67","0,04",25,1,"0,08",43,"0,08",42,"0,18",16,"0,13",22,"-0,01",45,"6,37",48,1,19,"-2,3","0,2",91,"-0,56",72,"0,06",52,"0,07",44,"0,14",30,"0,12",23,"-0,01",48,"0,21","0,12",43,"1,51",65
SANTA AUGUSTA 006 TRAVELER 004,O122736,2006,,P,PO,16076,,1,34,"0,03","0,45",43,"1,5","0,45",54,"0,36","0,14",32,7,"-0,04",83,"0,14",25,"-0,07",89,,,"-0,08",17,"1,15",66,1,33,"2,6","0,29",30,"4,1",43,"-0,07",90,"0,09",36,"-0,11",93,"-0,01",66,"-0,12",10,"-0,26","0,34",84,"1,46",65
DON PANCHO 53 BARTOLOME TE,O75372,1993,,V,PO,5150,,61,3427,"0,4","0,87",69,"0,48","0,91",65,"-0,74","0,78",71,2607,"0,01",71,"-0,07",88,"0,03",63,"0,05",48,"-0,04",28,"0,35",68,56,2468,"1,46","0,78",44,"1,94",57,"0,04",60,"-0,03",79,"0,03",64,"0,07",38,"-0,03",34,"-0,36","0,85",90,"1,44",65
MCATL PURE PRODUCT 903-55,IA-1314,2009,,P,IMP,,,3,22,"-0,37","0,32",17,"-0,05","0,33",70,"0,79","0,02",23,3,"0,07",47,"-0,17",98,"-0,07",91,"0,15",18,"-0,05",25,"1,48",65,1,2,"-0,58","0,14",73,"-0,63",73,"0,12",34,"-0,12",95,"-0,06",87,"0,14",18,"-0,07",21,"-0,19","0,15",81,"1,42",65
HW 79 GUAPO BARTIRA 20 DE FIELD DAY,O140985,2010,,V,PO,8439,,1,22,"-0,37","0,45",17,"-1,25","0,43",81,,,,,"0,13",27,"0,11",32,"0,11",34,"0,07",40,"-0,01",42,"0,65",67,1,14,"-0,57","0,24",72,"-1,82",78,"0,17",21,"0,13",25,"0,14",31,"0,07",37,0,53,"-0,41","0,29",91,"1,4",65
LARKS CANYON 74D4,IA-702,1994,,P,IMP,,,8,60,"0,34","0,56",67,"1,35","0,58",56,"0,11","0,28",52,122,0,72,"-0,11",94,"-0,12",96,"0,11",27,0,49,"2,42",62,6,44,"1,86","0,31",39,"3,21",48,"-0,04",82,"-0,07",89,"-0,16",98,"0,14",19,"-0,07",22,"-0,4","0,51",91,"1,37",66
PAINEIRAS GRAN CANYON CONHAQUE 949 CONHAQUE,O83697,2000,,V,PO,14028,,8,111,"-0,27","0,56",21,"3,33","0,66",34,"1,98","0,25",7,71,"0,06",52,"-0,03",79,"-0,06",89,"0,07",41,"-0,13",7,"9,37",38,6,79,"-2,91","0,37",95,"0,41",67,"0,06",52,"0,01",65,"-0,05",83,"0,06",41,"-0,06",25,"-0,03","0,57",66,"1,33",66
DON JOSE 176 MAXI TE MAXI,IA-1149,2005,,P,IMP,,,36,376,"0,32","0,78",65,"1,51","0,8",54,"-2,16","0,43",91,205,"0,13",27,"0,15",23,"0,19",13,0,63,"0,13",97,"7,45",44,30,241,"-1,75","0,52",87,"-0,25",70,"0,08",46,"0,16",19,"0,26",8,"-0,07",84,"0,16",97,"-0,44","0,74",92,"1,3",66
BASIN RAINMAKER 654X,IA-344,1988,,P,IMP,,,5,342,"-1,38","0,78",3,"0,77","0,78",62,"1,29","0,46",14,172,"-0,01",76,"-0,07",88,"-0,01",76,"-0,02",71,"-0,05",25,"0,39",68,3,205,"0,39","0,48",59,"1,16",62,"-0,01",74,"0,04",54,"0,04",60,"-0,02",71,"-0,05",27,"0,35","0,64",31,"1,18",66
QUIRI M161,C343174,2010,,P,PC,92,,2,120,"0,72","0,6",86,"-0,37","0,62",73,"0,44","0,26",31,50,"-0,07",90,"-0,05",84,"0,09",42,"-0,12",92,"0,03",70,"-4,71",81,2,100,"2,5","0,35",31,"2,12",55,"0,02",65,"0,08",39,"0,24",10,"-0,08",87,"0,03",67,"0,07","0,46",57,"1,16",66
RED FINE LINE MULBERRY 26P,IA-1069,2004,,V,IMP,,,9,49,"0,12","0,54",51,"-0,6","0,54",76,"0,48","0,14",30,60,"0,09",40,"-0,02",75,"0,13",28,"-0,01",66,"-0,07",17,"0,91",66,4,25,"-2,18","0,25",91,"-2,79",84,"0,15",26,"0,06",44,"0,21",15,"0,03",51,"-0,05",29,"0,36","0,41",30,"1,15",67
LAS LILAS 2003 MAX CACIQUE,IA-1252,2008,,P,IMP,,,2,29,"0,91","0,18",92,"-2,68","0,35",90,,,,,"0,09",39,"0,13",29,0,73,"0,13",21,"-0,03",35,"-4,16",80,2,15,"0,15","0,17",63,"-2,53",83,"0,14",27,"0,13",25,"0,06",53,"0,17",15,"-0,03",37,"0,11","0,22",52,"1,09",67
HW104 HELIO DE 16 FIELD DAY,O151600,2011,,V,PO,18650,,2,96,"-0,18","0,66",27,"-0,91","0,65",78,"-1,42","0,18",81,18,"0,06",53,"0,03",57,"-0,01",75,"-0,11",92,"0,14",97,"-1,18",73,2,65,"0,74","0,39",53,"-0,18",70,"0,02",66,"0,01",65,"-0,01",74,"-0,09",89,"0,15",96,"0,17","0,52",46,"1,07",67
BASCO CREDITO 921,O190955,2015,,P,PO,4074,,1,26,"0,38","0,48",68,"0,85","0,47",62,,,,,0,72,"-0,14",96,"0,01",70,"0,11",27,"0,05",76,"1,17",66,1,21,"-0,44","0,28",71,"0,41",67,"-0,04",81,"-0,14",97,"0,01",67,"0,07",37,"0,06",79,"0,71","0,43",10,"0,99",67
RINCON DUOMO TE1524 DEL SARANDY,O136404,2009,,P,PO,7287,,1,28,"1,24","0,52",97,"3,61","0,49",32,"-2,92","0,23",96,24,"0,03",64,"-0,14",96,"-0,06",87,"-0,02",74,"-0,01",42,"8,84",40,1,24,"-0,17","0,28",67,"3,44",47,"-0,05",84,"-0,13",96,"-0,11",94,0,62,"0,01",60,"-0,59","0,35",96,"0,96",67
PAINEIRAS ZORZAL 5234,O131354,2008,,P,PO,14028,,1,23,"-0,12","0,36",31,"1,78","0,36",51,"-2,48","0,13",94,3,"0,04",60,"0,03",60,"0,02",66,"0,03",53,"-0,09",15,"4,72",54,1,10,"0,24","0,18",61,"2,02",56,"0,01",68,"-0,01",70,0,72,"-0,01",65,"-0,1",16,"-0,55","0,2",95,"0,91",67
GARUPÁ TE8488 ZORZAL BODACIOUS,O152101,2011,,P,PO,57,,2,41,"0,19","0,22",57,"2,9","0,48",39,,,,,"0,07",48,"0,09",38,"0,09",39,0,63,"0,08",88,"8,66",40,1,32,"-1,6","0,28",85,"1,31",61,"0,06",53,"0,05",51,"0,1",40,"-0,05",80,"0,04",74,"-0,64","0,46",96,"0,88",67
SANTA CECÍLIA 3244,C408633,2015,,P,PC,10,,1,24,"-0,67","0,45",9,"1,23","0,43",58,,,,,"0,02",65,"0,07",45,"0,04",58,"0,17",13,"-0,05",27,"2,89",60,1,1,"-0,77","0,19",76,"0,46",66,0,71,"0,1",35,"0,03",61,"0,13",22,"-0,04",33,"0,28","0,31",36,"0,87",67
BELLA VISTA PUCARA 192 MAGNO,IA-1174,2008,,P,IMP,,,6,34,"0,47","0,4",74,"-0,13","0,5",70,"-0,77","0,14",71,14,"0,06",53,"0,06",49,"0,05",55,"0,06",42,"0,07",86,"0,72",67,6,16,"-2,22","0,26",91,"-2,36",82,"0,06",52,"0,01",64,"0,03",63,"0,04",47,"0,05",75,"0,88","0,34",5,"0,8",67
CMC TAURA DO CEDRO C1TE CANDELERO,O162877,2012,,P,PO,17029,,2,32,"-0,19","0,47",26,"1,03","0,44",60,"-2,68","0,12",95,4,"0,01",69,"0,02",63,"-0,02",79,"-0,06",84,"-0,03",34,"1,97",64,2,24,"0,65","0,25",55,"1,67",58,"-0,02",78,0,69,"-0,03",79,"-0,03",74,"-0,03",34,"-0,07","0,32",70,"0,77",67
FILOMENA 193 MAXI 16 TE VISTOSO,IA-1455,2010,,P,IMP,,T,16,300,"-0,12","0,71",31,"0,51","0,77",65,"-2,33","0,15",93,14,"0,05",53,"0,01",67,"0,1",36,"0,02",57,"0,18",99,"2,26",62,16,213,"0,09","0,47",63,"0,6",65,"0,01",68,"-0,04",81,"0,11",38,"-0,02",72,"0,2",99,"-0,16","0,71",79,"0,69",68
RUBETA 4980 BOMBARDERO TE BOMBAZO,IA-1331,2007,,P,IMP,,,2,48,"-0,14","0,37",30,"-1,59","0,35",83,"0,35","0,21",33,57,"0,14",25,"-0,01",71,"0,02",65,"-0,03",76,"0,03",71,"0,12",69,2,48,"-1,41","0,18",84,-3,85,"0,12",34,"0,05",47,"0,06",51,"-0,04",76,"0,04",74,,,,"0,58",68
SAV TEN PERCENT 3085,IA-1583,2013,,P,IMP,,,6,37,"-0,59","0,45",10,"-0,02","0,48",69,"0,27","0,03",35,1,"0,04",57,"-0,12",94,"-0,04",84,"0,06",41,"0,07",86,"0,57",67,4,20,"0,44","0,23",59,"0,41",67,"0,06",52,"-0,09",93,"-0,06",87,"0,09",32,"0,05",77,"-0,4","0,28",91,"0,57",68
BASCO YESQUERO 568TE,O176341,2012,,V,PO,4074,,1,39,"-0,76","0,45",7,"-1,58","0,51",83,"-0,4","0,12",64,4,0,74,"-0,1",92,"-0,11",96,"0,13",21,"0,08",88,"-5,01",82,1,25,"1,82","0,29",39,"0,24",68,"0,02",67,"-0,02",77,"-0,11",94,"0,17",14,"0,08",87,"0,19","0,43",44,"0,54",68
UMBU 2132 DATELINE,O159371,2012,,P,PO,99,,2,26,"1,4","0,5",98,"-0,87","0,48",78,"0,79","0,11",23,1,"0,03",62,0,71,"0,03",60,"0,09",34,"0,03",69,"-1,98",75,1,16,"0,31","0,28",61,"-0,56",72,"0,03",63,"0,01",66,"0,03",61,"0,09",33,"0,01",58,"0,3","0,4",34,"0,52",68
UMBU 2290 ZORZAL,O170820,2013,,P,PO,99,,2,187,"-1,77","0,73",1,"-0,28","0,71",73,"-1,36","0,18",80,2,"0,05",54,"0,02",61,"0,04",58,0,63,"0,04",74,"0,24",68,1,103,"2,3","0,43",34,"2,02",56,"0,03",62,"0,04",55,"0,04",59,"-0,02",67,"0,03",67,"-1,04","0,58",99,"0,44",69
TNTS PROFIT MARGIN X203,IA-1364,2010,,V,IMP,,,3,35,"-0,39","0,38",16,"1,74","0,49",52,"-1,19","0,12",78,16,"0,02",68,"-0,04",82,"0,01",67,"0,13",21,"0,03",68,"3,87",57,3,31,"-0,78","0,28",76,"0,96",63,"-0,01",73,"-0,03",79,"0,01",68,"0,08",34,"0,04",73,"0,04","0,38",60,"0,38",69
DUFF STANDOUT 785,IA-1064,2007,,P,IMP,,,13,104,"0,56","0,59",79,"-0,41","0,62",74,"0,7","0,2",25,63,"0,04",59,"0,1",35,"0,04",56,"0,11",26,"-0,07",18,"-0,55",71,10,75,"-1,1","0,31",80,"-1,52",77,"0,04",59,"0,1",32,"0,05",56,"0,07",39,"-0,07",23,"0,58","0,55",16,"0,34",69
GAP 2995 CREDITO BARTOLOME,O114963,2006,,P,PO,2555,,4,232,"-0,3","0,77",20,"-0,19","0,77",71,"-0,36","0,45",63,201,"0,06",51,"0,06",48,"0,06",50,"-0,02",74,"0,12",95,"0,73",67,3,178,"-0,34","0,58",70,"-0,54",72,"0,09",41,"0,04",53,"-0,02",79,"-0,05",80,"0,09",89,"-0,34","0,7",89,"0,32",69
SÃO XAVIER 2000 LAPACHO,O192397,2015,,V,PO,508,,1,31,"-0,52","0,44",12,"2,47","0,48",43,,,,,"0,02",66,"0,15",24,"0,07",45,"-0,07",86,"-0,09",14,"5,91",50,1,13,"-1,14","0,27",81,"1,33",61,0,73,"0,08",39,"0,1",42,"-0,1",90,"-0,1",15,"-0,17","0,37",79,"0,3",69
RECONQUISTA TE2344 VAMP CANDELERO M.BEEF,O181404,2014,,P,PO,155,,1,37,"0,32","0,3",65,"0,68","0,32",63,,,,,"-0,01",77,"0,03",59,"0,09",39,"-0,14",94,"0,1",93,"0,12",69,1,18,"0,6","0,16",56,"1,28",61,"-0,03",79,"0,04",55,"0,1",40,"-0,11",91,"0,11",93,"0,08","0,19",55,"0,09",69
MCPHEE TROPHY 36,IA-1817,2013,,V,IMP,,,3,32,"0,17","0,27",55,"-1,12","0,31",80,,,,,"0,07",48,"-0,15",96,"0,01",67,"-0,04",80,"-0,06",22,"-1,29",73,2,19,"-0,69","0,09",74,"-1,81",78,"0,08",45,"-0,15",98,"0,01",68,"-0,04",78,"-0,06",25,"0,11","0,25",52,"0,03",70
GUE GLEN NORTE ARITZ T/E,IA-1010,2004,,V,IMP,,,24,425,"-0,52","0,76",12,"-1,48","0,8",83,"0,06","0,45",54,232,"0,09",41,"0,29",5,"0,13",27,"-0,22",99,"0,06",83,"-1,32",73,22,312,"0,78","0,57",53,"-0,7",73,"0,14",28,"0,29",4,"0,22",13,"-0,2",97,"0,05",75,"-0,95","0,73",99,"-0,02",70
GENEX CARBON COPY 1082,IA-864,2003,,P,IMP,,,5,26,"0,19","0,36",57,"2,85","0,42",39,"0,45","0,12",30,31,"-0,07",89,"-0,1",92,"-0,1",94,"0,03",53,"-0,12",9,"3,42",58,5,22,"0,58","0,17",56,"3,43",47,"-0,08",90,"-0,12",95,"-0,11",94,"0,08",35,"-0,13",9,"-0,13","0,31",77,"-0,05",70
HW 79 GUAPO BARTIRA DE FIELD DAY,O140985,2010,,V,PO,18650,,1,62,"-0,4","0,6",16,"2,33","0,6",44,"-1,49","0,19",83,17,"0,02",65,"0,06",51,"-0,01",76,"0,11",26,"0,07",87,"5,64",51,1,33,"-2,42","0,36",92,"-0,09",70,"0,01",68,"0,03",59,"-0,01",73,"0,05",45,"0,11",93,"0,25","0,46",39,"-0,06",70
AGROMELU 2894 BRUJO TE BRUJO,IA-934,2003,,V,IMP,,L,16,279,"0,96","0,71",93,"1,15","0,78",58,"-2,96","0,48",97,305,"0,03",64,"0,14",26,"0,06",49,"-0,02",70,"0,03",69,"2,76",61,13,231,"-0,96","0,58",79,"0,18",68,"-0,01",73,"0,04",52,"0,02",66,"-0,02",71,"0,03",66,"0,15","0,72",48,"-0,07",70
GARUPA TE8482 PREDOMINANTE 7TROUXAS,O168000,2011,,P,PO,57,,1,22,"-0,1","0,43",33,"-1,06","0,42",80,"1,91","0,14",7,13,"-0,09",93,0,70,"-0,06",87,"-0,14",95,"-0,08",16,"-7,11",86,1,14,"3,07","0,26",25,2,56,"-0,08",90,"0,06",45,"0,01",69,"-0,09",88,"-0,11",12,"0,41","0,3",25,"-0,15",70
CONNEALY COURAGE 25L,IA-1534,2012,,P,IMP,,,18,142,"-1,11","0,66",4,"0,99","0,67",60,"0,88","0,07",21,16,"0,02",66,"0,01",66,"0,09",41,"-0,01",67,"-0,06",21,"2,2",63,13,65,"-1,75","0,27",87,"-0,76",73,"0,04",57,"-0,01",71,"0,15",29,"-0,03",75,"-0,08",20,"0,25","0,51",39,"-0,18",70
TRADIÇÃO AZUL 9016 CREDITO,O131832,2008,,P,PO,13339,,3,25,,,,"-1,42","0,44",82,"0,35","0,14",33,7,"0,09",40,"-0,05",83,"0,07",46,"0,02",57,"0,12",96,"-1,09",72,3,13,"-0,84","0,22",77,"-2,25",81,"0,05",55,"-0,14",97,"0,01",67,"0,01",57,"0,16",97,"0,19","0,42",44,"-0,36",71
PASTORIZA 853 NICANOR TE NICANOR,IA-1486,2006,,V,IMP,,,6,72,"-0,22","0,47",24,"-9,49","0,58",99,"0,52","0,14",29,17,"0,18",14,"0,1",34,"0,19",14,"0,13",21,"-0,03",35,"-17,54",97,5,56,"0,27","0,32",61,"-9,23",98,"0,21",12,"0,12",28,"0,26",9,"0,12",23,"-0,01",46,"1,18","0,49",1,"-0,43",71
WEBR DOC HOLLIDAY 2N,IA-835,2003,,V,IMP,,,23,367,"-0,25","0,77",22,"1,95","0,79",49,"1,07","0,54",17,379,0,72,"-0,05",84,"-0,02",77,"0,11",26,"0,15",98,"3,85",57,19,231,"-1,04","0,57",80,"0,91",63,"0,03",61,"-0,06",85,"0,03",62,"0,06",40,"0,13",95,"-0,36","0,68",89,"-0,55",71
PASTORIZA 805 ALJIBE TE ALJIBE,IA-949,2005,,P,IMP,,,10,73,"-0,08","0,46",35,"-1,77","0,54",85,"-1,45","0,17",82,14,"0,05",54,"0,01",65,"-0,05",85,"-0,1",91,"-0,08",17,"-3,51",78,7,44,"-1,55","0,29",85,"-3,32",87,"0,1",39,"0,05",49,"-0,04",81,"-0,06",81,"-0,1",15,"0,54","0,37",18,"-0,62",71
CAMBÁ PYTÁ LM 65 BRIGADIER 1087 TE,O155169,2010,,V,PO,17491,,2,26,"-0,38","0,12",16,"-0,69","0,11",76,"-0,89","0,07",73,9,"0,01",70,"0,05",54,0,73,"-0,03",76,"0,03",67,"-2,41",76,1,15,"0,16","0,05",62,"-0,53",72,"0,03",63,"0,05",48,"0,01",68,"-0,02",72,"0,04",72,"0,05","0,08",58,"-0,74",72
THUNDER DO CARUMBÉ 1660,O136682,2009,,P,PO,269,,3,80,"-0,2","0,53",25,"5,49","0,61",17,"-0,98","0,16",74,25,"-0,12",96,"0,1",37,"0,01",69,"0,11",26,"-0,03",35,"7,91",43,3,53,"0,41","0,34",59,"5,9",32,"-0,17",98,"0,04",53,"-0,01",75,"0,11",27,"-0,07",22,"-0,36","0,37",90,"-0,76",72
TRIPLE J DESIGN OF FOXCROSS,IA-891,2002,,P,IMP,,,7,87,"-0,35","0,53",18,"-1,89","0,63",86,"-0,43","0,24",65,76,"-0,02",77,"0,08",43,"-0,05",86,"-0,06",85,"-0,01",45,"-6,35",85,6,67,"1,73","0,37",41,"-0,15",70,0,71,"0,03",58,"-0,06",87,"-0,1",89,"0,01",58,"0,12","0,49",51,"-0,8",72
CARUMBÉ RED BRIGADIER 1115,O122252,2007,,V,PO,269,,5,250,"0,46","0,67",73,"-3,15","0,75",92,"-0,92","0,39",74,130,"0,08",42,"0,05",52,"0,08",45,"-0,08",88,"-0,12",8,"-5,64",84,5,208,"0,04","0,51",64,"-3,11",86,"0,16",23,"0,15",22,"0,16",25,"-0,03",75,"-0,13",9,"-0,31","0,61",87,"-0,89",72
CURA 4925 CLASSIC HEADLINER TE MANÁ,IA-953,2005,,P,IMP,,,35,564,"0,45","0,82",72,"1,31","0,84",57,"-1,98","0,56",89,451,"0,08",42,"0,11",33,"0,15",23,"0,03",54,"0,12",95,"5,36",52,33,370,"-2,96","0,63",95,"-1,66",77,"-0,01",76,0,67,"0,15",28,"-0,03",74,"0,19",99,"0,36","0,77",29,"-0,96",72
BIGUÁ 5711 BISMARCK 5682 TEI,O149475,2011,,P,PO,18474,,5,51,"0,82","0,48",90,"0,87","0,49",61,"-1,57","0,1",84,10,"-0,11",95,"-0,06",85,"-0,09",94,"0,21",9,"0,04",75,"-3,14",77,5,41,"0,47","0,28",58,"1,33",61,"-0,18",98,"-0,12",95,"-0,17",98,"0,19",12,"0,06",79,"1,34","0,43",1,"-1,12",72
OTTONO B600 TE DADDY,O73032,1997,,P,PO,35,,54,1348,"0,96","0,85",93,"-0,46","0,88",74,"1,59","0,7",10,1137,"0,06",52,"0,01",67,"0,07",46,"-0,02",74,"0,05",76,"-0,06",70,48,817,"0,19","0,7",62,"-0,27",70,"0,07",51,0,68,"0,1",42,"-0,05",78,"0,09",88,"-0,74","0,8",98,"-1,13",72
BUFFALO DO CARUMBÉ 1858,O151511,2010,,P,PO,269,,1,25,"-0,2","0,38",25,"-3,94","0,44",95,"-0,24","0,11",61,4,"0,05",55,"0,03",58,"-0,03",80,"-0,05",81,"-0,13",7,"-8,95",89,1,20,"1,1","0,24",48,"-2,84",84,"0,05",55,"0,04",53,"0,01",68,"-0,05",79,"-0,15",6,"0,36","0,4",29,"-1,13",72
CONNEALY HARMONY 0171,IA-1293,2010,,P,IMP,,,2,31,"0,08","0,5",48,"2,06","0,45",47,"-1,51","0,04",83,6,"-0,03",80,"-0,02",75,"0,03",61,"0,15",16,"-0,13",6,"2,97",59,2,24,"-1,43","0,25",84,"0,63",65,"-0,12",95,"-0,17",98,"-0,11",94,"0,07",39,"-0,15",6,"0,76","0,37",8,"-1,21",73
ASD 400 RINCON PCH ANGICO ANGICO,C227357,2004,,V,PC,73,,4,117,"0,56","0,68",79,"-1,77","0,67",85,"-0,77","0,31",71,97,"0,12",31,"-0,02",77,"0,14",26,"0,16",16,"-0,04",29,"-1,02",72,4,85,"-2,41","0,42",92,"-4,17",89,"0,11",36,"-0,02",74,"0,13",33,"0,21",9,"-0,02",41,"0,21","0,53",43,"-1,23",73
BARRAGEM 431 WESTWIND LÍDER 127,O116042,2006,,P,PO,2251,,2,51,,,,"1,75","0,54",52,"1,38","0,21",13,23,"-0,04",84,"-0,04",81,"-0,07",90,"0,05",48,"0,05",77,"1,62",65,2,17,"-0,14","0,27",67,"1,6",59,"-0,08",90,"-0,02",74,"-0,1",93,0,63,"0,07",84,"0,09","0,39",54,"-1,26",73
MAUFER ESTAMPIDO 0119FIV FLORICE ZORZAL,O158210,2012,,P,PO,17034,,1,26,"0,11","0,35",50,"0,96","0,33",60,,,,,"-0,01",75,"-0,03",80,"-0,09",94,"-0,05",82,"-0,01",46,"1,03",66,1,17,"-0,17","0,19",67,"0,79",64,"-0,05",86,"-0,05",84,"-0,13",96,"-0,12",92,"-0,02",41,"0,01","0,25",63,"-1,31",73
SANTO ANTÃO DON LEO 707,O156971,2012,,P,PO,14982,,2,31,,,,"-2,15","0,48",87,"-1,7","0,08",85,2,"0,04",59,"0,06",51,"0,05",53,"0,1",30,"-0,01",43,"-4,89",82,2,24,"0,03","0,26",64,"-2,12",80,"0,03",63,"0,04",52,"0,04",58,"0,07",39,"-0,01",43,"0,3","0,42",34,"-1,33",73
TRES MARIAS 9087 MULBERRY 8280 TE HALCON,IA-1458,2011,,V,IMP,,,18,130,"0,63","0,65",82,"-0,73","0,68",77,"1,22","0,12",15,18,"0,06",49,"0,03",58,"0,1",37,"0,01",60,"-0,03",34,"-0,42",71,16,86,"-3,08","0,34",96,"-3,81",88,"0,07",51,"0,05",49,"0,16",26,"0,02",56,"-0,03",38,"0,75","0,56",8,"-1,34",73
SÃO BIBIANO HERDEIRO 7159,O149992,2011,,V,PO,110,,2,32,"-0,09","0,48",34,"-0,85","0,48",78,"2,53","0,17",4,7,"0,02",68,"0,06",50,"0,07",45,"-0,1",91,"0,02",61,"-2,58",76,2,28,"-0,57","0,29",72,"-1,42",77,"0,02",65,"0,04",55,"0,06",51,"-0,06",82,0,54,"0,23","0,38",41,"-1,45",73
WOLF CREEK PLAINSMAN,IA-1400,2009,,P,IMP,,,3,38,"-1,03","0,41",4,"0,27","0,39",67,"0,77","0,02",23,1,"0,03",64,"0,23",9,"0,16",20,"0,09",33,"0,03",67,"0,58",67,3,23,"-1,66","0,17",86,"-1,39",76,"0,05",55,"0,16",18,"0,16",26,"0,09",33,"0,03",66,"0,02","0,34",62,"-1,47",73
MAR INNOVATION 251,IA-1542,2011,,P,IMP,,,4,22,"0,39","0,32",69,"1,36","0,35",56,"-0,22","0,02",61,3,"-0,06",87,"0,07",47,"-0,01",75,"0,09",32,"-0,13",8,"0,13",69,2,4,"0,18","0,11",62,"1,54",59,"-0,07",88,"0,07",44,"-0,02",77,"0,1",29,"-0,13",9,,,,"-1,5",74
BCC BUSHWACKER 41-93,IA-703,1993,,P,IMP,,,8,115,"0,32","0,57",65,"1,5","0,63",54,"-0,39","0,26",64,93,0,72,"0,14",27,"0,03",62,"0,17",13,"-0,1",11,"2,83",60,6,50,"-0,9","0,32",78,"0,61",65,"-0,08",90,"0,04",54,"-0,03",81,"0,18",14,"-0,16",6,"0,13","0,33",50,"-1,54",74
GAP D199,C331694,2011,,P,PC,2555,,1,60,"1,26","0,62",97,"1,71","0,61",52,"-2,94","0,17",96,17,"0,06",50,"0,03",59,"0,04",59,,,"0,09",91,"5,57",51,1,44,"-2,53","0,38",93,"-0,82",74,"0,07",50,"0,04",54,"0,07",50,,,"0,08",87,"-0,56","0,51",95,"-1,58",74
CIA.AZUL 1804 CANDELERO NET WORTH,O160752,2012,,V,PO,8538,,2,44,"0,82","0,54",90,"-0,38","0,54",74,"-1,3","0,15",80,6,"-0,02",77,"0,19",16,"0,2",11,"-0,06",84,"-0,02",37,"-2,58",76,1,20,"0,05","0,29",64,"-0,33",71,"-0,03",79,"0,19",15,"0,22",14,"-0,04",77,"-0,01",43,"0,22","0,32",42,"-1,63",74
GAP B215,C317948,2009,,V,PC,2555,,2,112,"-0,19","0,68",26,"-1,37","0,69",82,"0,46","0,32",30,80,0,72,"0,07",47,"0,12",31,,,"0,05",79,"-4,26",80,2,81,"-0,55","0,44",72,"-1,93",79,"0,1",40,"0,14",22,"0,22",13,,,"0,09",90,"-0,03","0,58",67,"-1,66",74
BIGUÁ 6677 HEAVY HITTER TE,O187083,2015,,P,PO,18474,,1,24,"0,2","0,31",58,"-0,38","0,34",73,"-1,58","0,09",84,1,"-0,1",93,"-0,03",77,"-0,15",98,"-0,09",89,"0,04",,"-5,56",83,1,19,"1,61","0,15",42,"1,23",61,"-0,12",94,"-0,05",84,"-0,15",97,"-0,12",92,,,"0,58","0,3",16,"-1,76",74
ERRE TE 383 CONDOR EURO TE,IA-1886,2011,,P,IMP,,,8,57,"-0,09","0,49",34,"-2,28","0,49",88,,,,,"0,1",37,"0,1",34,"0,03",60,"0,07",40,"0,05",79,"-2,96",77,2,6,"-1,84","0,18",88,"-4,12",89,"0,1",38,"0,12",29,"0,03",61,"0,07",39,"0,05",76,"0,08","0,19",55,"-2,05",74
INHANDUI437AGROMELU2894BRUJOBARTOLOME,O137238,2009,,V,PO,8386,,3,59,"0,77","0,57",88,"-1,04","0,57",79,"-0,05","0,17",57,8,"0,1",35,"0,2",14,"0,18",15,"-0,09",90,"-0,07",18,"0,29",68,3,45,"-3,23","0,37",96,"-4,27",89,"0,12",34,"0,14",23,"0,21",15,"-0,09",89,"-0,07",21,"0,1","0,53",53,"-2,08",74
TRADIÇÃO AZUL 8014 REAL,O125401,2007,,P,PO,13339,,2,25,,,,"-1,64","0,41",84,"-1,07","0,07",76,1,"0,06",50,"-0,08",89,"-0,01",75,"0,2",10,"0,04",74,"-2,71",77,2,14,"-0,55","0,19",72,"-2,18",80,"0,06",51,"-0,04",81,"0,01",67,"0,26",5,"0,02",66,"-0,32","0,42",88,"-2,2",75
EL ABRA JEWLIAN 4372,IA-927,1998,,P,IMP,,,2,155,"-1,66","0,62",2,"3,08","0,68",36,"-1,92","0,26",88,101,"0,02",68,"0,03",59,"-0,04",83,"0,01",62,"0,05",77,"7,17",45,2,116,"-3,5","0,37",97,"-0,42",71,"-0,06",87,"-0,07",88,"-0,19",99,"-0,08",87,"0,02",63,"0,29","0,37",35,"-2,21",75
CIA.AZUL 3260 A.VALLEY G.7372,O194433,2015,,P,PO,8538,,1,25,"-0,63","0,43",9,"-3,77","0,42",94,,,,,"-0,01",75,"-0,05",84,"-0,05",86,"0,02",57,"-0,09",15,"-10,61",92,,0,"0,19","0,21",62,"-3,57",87,"0,08",44,"0,02",60,0,72,"0,13",21,,,"0,53","0,32",19,"-2,29",75
UMBU 2030 LAPACHO,O156628,2012,,V,PO,99,,1,25,"0,47","0,5",74,"-0,52","0,48",75,"-3,71","0,19",99,4,"0,12",28,"0,1",37,"0,22",8,"0,13",22,"-0,06",21,"2,31",62,1,17,"-2,17","0,3",90,"-2,69",84,"0,08",46,"0,02",62,"0,2",17,"0,09",33,"-0,05",28,"-0,55","0,35",95,"-2,3",75
BASCO ZORZAL 331,O143412,2010,,P,PO,4074,,2,43,"0,18","0,49",56,"-2,76","0,5",90,"-3,76","0,17",99,5,"0,18",16,"-0,05",84,0,71,"0,06",43,"0,08",90,"-1,25",73,2,18,"-2,85","0,26",94,"-5,61",94,"0,17",20,"-0,04",82,"0,01",67,"0,03",52,"0,08",86,"-0,28","0,31",86,"-2,32",75
BIGUÁ 5993 HEAVY HITTER TE,O161495,2012,,P,PO,18474,,2,55,"0,55","0,5",78,"-0,78","0,5",77,"-3,2","0,14",97,21,"-0,02",79,"0,07",45,"-0,15",98,"0,01",61,"-0,02",41,"-3,79",79,2,49,"-0,14","0,3",66,"-0,91",74,"-0,03",80,"0,08",40,"-0,16",98,0,63,"-0,02",40,"0,28","0,38",36,"-2,44",75
QUIRI F43 TORPEDO,C234942,2004,,P,PC,92,,2,57,"-0,36","0,6",18,"-0,21","0,6",71,"0,71","0,21",25,18,"0,02",65,"0,13",27,"0,16",19,"-0,1",91,"-0,02",36,"-0,63",71,2,43,"-0,83","0,38",77,"-1,04",75,"-0,01",74,"0,2",13,"0,16",26,"-0,13",93,"-0,01",43,"-0,12","0,53",75,"-2,48",75
FFC MAJOR MOTION 518E,IA-216,1984,,V,IMP,,,19,428,"0,54","0,64",78,"0,81","0,76",62,"-1,24","0,47",79,271,"0,03",63,"-0,03",78,"-0,06",87,"-0,06",85,"-0,12",9,"2,03",63,15,281,"-2,66","0,48",93,"-1,85",79,"0,01",69,"-0,06",87,"-0,09",92,"-0,12",93,"-0,09",17,"0,15","0,4",48,"-2,58",76
JINDRA DOUBLE VISION,IA-1480,2010,,P,IMP,,,7,65,"-1,51","0,36",2,"1,64","0,53",53,,,,,"-0,12",96,"-0,34",99,"-0,2",99,"0,13",21,"0,13",96,"-1,39",73,6,51,"2,11","0,23",36,"3,75",45,"-0,09",92,"-0,38",99,"-0,28",99,"0,14",20,"0,12",94,"-0,7","0,41",97,"-2,58",76
RED BRYLOR TALISKER 202T,IA-1002,2007,,V,IMP,,,9,77,"-0,15","0,62",29,"-1,06","0,61",80,"-1,67","0,2",85,48,"0,07",47,0,69,"0,12",31,"0,14",18,"0,09",90,"-1,02",72,8,66,"-2,79","0,35",94,"-3,85",88,"0,07",47,"-0,02",75,"0,15",29,"0,16",16,"0,1",92,"0,25","0,41",39,"-2,61",76
BUFFALO CREEK BARNEY 3474 BARNEY,IA-743,1994,,V,IMP,,,13,109,"1,46","0,62",98,"1,57","0,67",54,"-0,28","0,33",62,163,"-0,07",90,"0,02",64,"-0,09",94,"0,15",16,"-0,11",11,"0,03",69,11,82,"-2,04","0,42",90,"-0,48",72,"-0,09",91,"0,01",65,"-0,14",96,"0,1",28,"-0,11",13,"0,89","0,53",5,"-2,61",76
RED LORD MAN DO JUNCO 461,O101721,2003,,V,PO,30,,1,21,"0,07","0,32",47,"-2,21","0,38",88,"0,74","0,21",24,70,"0,03",64,0,70,"-0,03",80,"0,08",35,"0,03",67,"-5,54",83,1,6,"-0,09","0,19",66,"-2,3",81,"0,03",62,"0,02",62,"-0,02",77,"0,05",44,"0,03",68,,,,"-2,63",76
TRÊS MENINAS 128 MAXI 547TE,O179995,2014,,P,PO,16507,,1,29,,,,"0,22","0,37",68,,,,,"-0,02",78,"0,1",37,"0,05",52,"0,2",10,"0,01",58,"-1,27",73,1,26,"-0,73","0,21",75,"-0,51",72,"0,01",69,"0,11",30,"0,14",31,"0,2",10,"0,02",63,"-0,21","0,32",81,"-2,74",76
FREYS OPPORTUNITY 148A,IA-1673,2013,,P,IMP,,,3,36,"-0,12","0,28",32,"-0,77","0,45",77,,,,,"0,03",61,"-0,05",83,"-0,07",90,"-0,09",90,"0,12",95,"-1,64",74,3,20,"-1,53","0,17",85,"-2,3",81,"0,04",60,"-0,06",88,"-0,07",87,"-0,07",85,"0,12",94,"-0,04","0,24",68,"-2,86",76
BASCO LICURGO QUEBRACHO 268,O138291,2009,,P,PO,4074,,1,50,"0,66","0,34",83,"-0,15","0,51",71,"-2,94","0,2",96,28,"0,09",42,"-0,13",95,"-0,04",83,"-0,07",86,"0,02",63,"1,8",64,1,38,-4,"0,29",98,"-4,14",89,"0,08",46,"-0,09",93,"-0,01",74,"-0,04",76,"0,03",66,"0,23","0,28",40,"-2,89",76
QUIRI L89,C310027,2009,,V,PC,92,,1,21,"1,95","0,43",99,"-0,51","0,45",75,"0,07","0,22",53,18,"0,07",48,"0,13",28,"0,1",38,"-0,05",81,0,54,"0,29",68,1,14,"-3,28","0,28",96,"-3,79",88,"0,05",54,"0,13",25,"0,12",36,"-0,1",91,"0,01",60,"0,3","0,37",34,"-2,93",77
BRUNS THUNDERBOLT 963,IA-1550,2013,,P,IMP,,,1,25,,,,"-0,24","0,21",72,,,,,"-0,03",82,"0,11",32,"-0,14",97,"0,01",62,"-0,01",42,"-2,9",77,1,9,"-0,15","0,06",67,"-0,39",71,"-0,02",78,"0,1",33,"-0,19",99,"0,03",52,"-0,02",41,"-0,06","0,14",70,"-2,98",77
OCC GREAT PLAINS 943G,IA-923,1997,,P,IMP,,,6,32,"-1,16","0,49",4,"-0,51","0,51",75,"1,23","0,2",15,31,"-0,06",87,"-0,04",82,"-0,08",91,"0,05",46,"0,05",79,"-4,41",81,5,30,"2,11","0,3",36,"1,6",59,"-0,09",92,"0,04",55,"-0,14",97,0,62,"0,05",75,"-0,45","0,44",92,"-3,03",77
RED U-2 INFINITE 408P,IA-828,2004,,V,IMP,,,4,117,"-0,34","0,68",18,"1,69","0,67",52,"1,98","0,28",7,108,"-0,03",81,"-0,03",80,"-0,01",75,"0,07",41,"0,04",73,"1,92",64,3,101,"-1,61","0,42",85,"0,08",69,"-0,02",77,"-0,06",87,"-0,02",76,"0,06",41,"0,01",58,"-0,22","0,51",82,"-3,06",77
S2 EBV 6703-5044 GRAND CANYON,O109755,2005,,V,PO,6667,,1,143,"0,11","0,72",51,"-0,9","0,71",78,"1,5","0,33",11,99,"0,05",54,"-0,03",78,"-0,01",76,"-0,05",81,"0,01",59,"-1,31",73,1,115,"-2,01","0,51",89,"-2,91",85,"0,03",62,"-0,06",85,0,72,"-0,03",74,"0,05",75,"0,1","0,44",53,"-3,07",77
TRADIÇÃO 1828,C345057,2011,,P,PC,3638,,2,88,"0,56","0,3",79,"-4,31","0,63",96,"0,51","0,21",29,18,"0,11",32,"0,13",28,"0,1",39,,,"-0,01",,"-7,44",87,2,82,"1,36","0,44",45,"-2,95",85,"0,08",45,"0,08",40,"0,1",41,,,,,"-0,9","0,58",99,"-3,16",77
RITO 9M25 OF RITA 5F56 PRED,IA-1501,2008,,P,IMP,,,2,24,"-0,58","0,45",11,"2,14","0,44",46,"-0,93","0,1",74,16,"-0,03",81,"-0,06",86,"-0,12",96,"0,12",24,"-0,02",39,"3,13",59,1,19,"-2,55","0,25",93,"-0,41",71,"-0,06",86,"-0,07",89,"-0,17",98,"0,07",39,"-0,02",38,"0,23","0,33",40,"-3,17",77
RED L83 MATADOR 43A MATADOR,IA-1591,2013,,V,IMP,,,3,21,"0,17","0,33",55,"1,19","0,37",58,"0,57","0,01",27,2,"-0,16",98,"-0,05",84,"-0,06",88,"-0,13",94,"-0,03",34,"-3,99",80,3,17,"2,73","0,17",29,"3,92",44,"-0,18",98,"-0,02",77,"-0,06",86,"-0,09",88,"-0,03",38,"-0,25","0,29",84,"-3,31",78
HARB PENDLETON 765 JH,IA-1039,2005,,P,IMP,,,11,95,"0,08","0,65",47,"0,33","0,65",67,"2,07","0,27",6,62,"0,03",63,"-0,01",73,"0,06",52,"0,2",9,"-0,06",21,"0,83",67,8,67,"-2,53","0,42",93,"-2,19",81,"-0,05",84,"-0,12",96,"-0,02",76,"0,12",25,"-0,16",6,"0,34","0,37",31,"-3,56",78
SÃO BIBIANO BRUJO 06849 TE,O149212,2009,,V,PO,110,,2,88,"-0,36","0,66",18,"-4,91","0,64",97,"-0,84","0,2",72,32,"0,09",40,"0,02",62,"0,06",49,"-0,05",81,"0,04",72,"-9,79",91,2,66,"0,24","0,42",61,"-4,67",91,"0,09",42,"-0,03",80,"0,05",55,"-0,1",90,"0,03",70,"-0,18","0,54",80,"-3,6",78
ASD 623TE PAYADOR CARRASCO CARRASCO,O120767,2007,,V,PO,73,,29,389,"0,35","0,78",67,"-1,83","0,8",85,"-1,98","0,35",89,101,"0,13",25,"0,06",48,"0,16",19,"-0,03",76,"0,06",82,"-0,58",71,21,257,"-0,67","0,52",74,"-2,49",82,"0,09",42,"0,04",52,"0,15",28,0,64,"0,08",86,"-1,29","0,69",99,"-3,64",79
OSU CURRENCY 8173,IA-1224,2008,,P,IMP,,,8,37,"-0,22","0,41",24,"0,2","0,45",68,"0,96","0,01",19,4,"0,02",66,"-0,08",90,"-0,03",82,"0,09",34,"0,09",92,"0,26",68,6,22,"-0,83","0,18",77,"-0,63",73,"-0,04",81,"-0,13",97,"-0,05",84,"0,07",39,"0,15",96,"-0,45","0,24",92,"-3,7",79
CONDESSA 5755,C311929,2008,,V,PC,112,,2,43,"0,18","0,58",56,"-1,66","0,57",84,"1,31","0,2",14,14,"-0,04",83,"-0,04",82,"-0,07",90,"-0,01",69,"-0,01",46,"-6,62",85,2,33,"0,61","0,36",55,"-1,05",75,"-0,02",76,"-0,04",82,"-0,03",79,0,61,"-0,04",33,"-0,16","0,39",79,"-3,98",79
GAR RETAIL PRODUCT,IA-749,1999,,P,IMP,,,6,68,"-0,34","0,62",19,"-2,49","0,62",89,"0,76","0,27",24,49,"0,01",69,"0,06",48,"-0,02",77,"0,07",40,"-0,11",10,"-6,67",85,5,59,"-0,57","0,43",73,"-3,07",85,"-0,03",79,"0,03",57,"-0,02",78,"-0,03",73,"-0,11",13,"0,39","0,56",27,"-4,01",79
CIA.AZUL TE2626 MAXI NET WORTH,O194287,2014,,P,PO,8538,,1,28,"0,01","0,51",42,"0,68","0,5",63,,,,,"0,03",63,"0,09",39,"0,02",64,"-0,01",67,"0,05",79,"1,69",65,1,13,"-1,79","0,26",87,"-1,12",76,"0,01",69,"0,11",30,"0,06",52,"-0,05",78,"0,07",85,"-0,65","0,4",97,"-4,04",79
LAS LILAS 2445 MEJICANO SENSATION CHAMACO,IA-1675,2010,,V,IMP,,,3,45,,,,"0,5","0,46",65,,,,,"-0,06",89,"-0,15",96,"-0,04",83,"0,1",31,"0,19",99,"-2,26",76,3,21,"0,22","0,22",62,"0,72",64,"-0,13",95,"-0,18",99,"-0,09",91,"0,04",49,"0,21",99,"0,03","0,34",61,"-4,05",79
ISA TEI3170 CANDELERO DA ENCARNAÇÃO,O195349,2013,,P,PO,15061,,2,28,,,,"-0,13","0,39",70,,,,,"-0,01",76,"-0,03",77,"0,05",56,"0,08",35,"0,09",92,"-1,85",74,2,19,"-0,72","0,21",75,"-0,85",74,"-0,08",90,"-0,04",82,"0,01",69,"0,06",41,"0,1",92,"0,02","0,27",62,"-4,07",79
BIGUÁ 6255 BISMARCK TE,O174103,2013,,P,PO,18474,,1,20,"-1,39","0,35",2,"-1,33","0,32",82,"0,86","0,12",21,3,"-0,03",79,"0,1",34,"0,1",38,"-0,26",99,"0,05",77,"-5,29",82,1,3,"-0,42","0,17",71,"-1,75",78,"-0,05",85,"0,1",32,"0,08",47,"-0,28",99,"0,03",67,,,,"-4,17",80
CATANDUVA JOAO ALANO GRAMATICO 1195,O88680,2001,,V,PO,16417,,10,165,"0,35","0,51",67,"0,38","0,7",66,"-2,37","0,3",93,78,0,74,"-0,11",94,"0,09",42,"-0,01",68,"0,02",61,"-0,18",70,9,135,"-2,84","0,44",94,"-2,46",82,0,70,"-0,09",91,"0,06",52,"-0,02",67,"0,06",79,"0,13","0,6",50,"-4,26",80
QUAKER HILL OBJECTIVE 3J15 QUAKER HILL,IA-1001,2003,,P,IMP,,,4,29,"-0,03","0,4",38,"1,13","0,42",59,"0,33","0,1",33,17,"-0,07",89,"0,08",43,"-0,08",91,"0,09",34,"0,05",79,"-0,78",72,4,19,"0,04","0,19",64,"1,17",62,"-0,11",94,"0,03",57,"-0,13",96,"0,06",40,"0,04",71,"-0,34","0,29",89,"-4,27",80
RED RRAR PALERMO 20Y,IA-1573,2011,,V,IMP,,,2,25,"-0,15","0,43",29,"-7,95","0,41",99,"-0,5","0,07",66,13,"0,14",23,"0,09",39,"0,06",51,"-0,06",83,"-0,11",11,"-15,34",96,2,20,"-0,99","0,19",79,"-8,94",98,"0,23",10,"0,14",23,"0,14",29,"-0,03",72,"-0,11",12,"0,12","0,29",51,"-4,28",80
ITALUI 194 TENAZ CHEYENNE,O142474,2010,,V,PO,675,,1,25,,,,"-1,78","0,41",85,,,,,"-0,08",91,0,70,"-0,11",95,"-0,06",83,"-0,01",44,"-8,3",88,1,15,"1,75","0,21",40,"-0,03",69,"-0,1",92,"-0,01",74,"-0,12",95,"-0,02",71,"-0,01",44,,,,"-4,38",80
GP CATALYST 025,IA-725,2000,,V,IMP,,,22,185,"0,25","0,69",61,"0,82","0,71",62,"0,06","0,37",54,172,"-0,08",92,"-0,11",93,"-0,14",97,"0,04",50,"0,01",57,"-2,13",75,17,116,"-1,38","0,36",83,"-0,56",72,"-0,04",81,"-0,11",95,"-0,05",84,"0,06",40,"-0,02",41,"0,05","0,6",59,"-4,51",80
ASD 628TE PAYADOR MINGAU,O120772,2007,,V,PO,73,,5,77,"0,26","0,44",62,"-0,14","0,6",71,"-1,94","0,31",88,111,"0,04",60,"-0,03",78,0,70,"-0,03",76,"-0,02",41,"-0,08",70,4,46,"-1,2","0,37",81,"-1,34",76,"0,03",64,"-0,01",74,"0,1",42,"-0,05",78,"-0,02",39,"-0,91","0,47",99,"-4,58",80
LAS LILAS 659 MARKER HIGHLITE TEJAS,IA-1161,1999,,V,IMP,,,14,311,"-0,42","0,72",15,"0,64","0,77",64,"-1,68","0,38",85,174,"-0,1",94,"-0,03",78,"-0,07",89,"-0,01",69,"-0,01",47,"-3,11",77,11,253,"0,34","0,5",60,"0,98",63,"-0,06",88,"0,02",62,"-0,02",78,"-0,06",83,"0,07",84,"-0,5","0,66",94,"-4,79",81
RINCON LAPACHO 860DEL SARANDY LAPACHO,O104073,2004,,V,PO,7287,Y,18,847,"0,51","0,85",76,"-1,87","0,85",86,"-6,12","0,55",99,436,"0,2",11,"0,01",66,"0,32",2,"0,05",47,"0,02",65,"1,73",64,16,632,"-4,85","0,65",99,"-6,72",96,"0,16",21,"-0,07",90,"0,24",11,0,62,"0,05",76,"-0,68","0,81",97,"-5,01",81
BEST 1875 HORNERO TE CHOLO,IA-1332,2007,,P,IMP,,,2,46,,,,"-2,3","0,57",88,"-3,97","0,21",99,32,"0,18",15,"0,02",62,"0,13",27,,,"0,12",,"-0,06",70,2,42,"-3,08","0,39",96,"-5,38",93,"0,14",29,"-0,01",73,"0,09",45,,,,,"-1,02","0,46",99,"-5,02",81
BIGUÁ 6457 BISMARCK FIV,O187111,2014,,P,PO,18474,,5,27,"0,4","0,47",70,"-3,38","0,46",93,,,,,"0,07",47,"-0,02",74,"0,01",68,"-0,2",98,"0,05",77,"-6,68",85,4,25,"-1,65","0,31",86,"-5,04",92,"0,04",60,"-0,04",82,"0,03",61,"-0,29",99,"0,06",80,"0,09","0,44",54,"-5,1",81
MAYA 162 FLORISBELO GRAMATICO LANCA,O136309,2009,,V,PO,15958,,2,76,"0,18","0,63",56,"-2,52","0,62",89,"-0,19","0,17",60,20,"0,03",61,"0,11",33,"0,18",15,"-0,01",68,"-0,18",3,"-6,01",84,2,59,"-2,44","0,41",92,"-4,96",91,"0,09",44,"0,14",23,"0,2",17,"-0,03",73,"-0,16",6,"0,08","0,48",56,"-5,11",81
DOBLEHACHE 33 ORIENTAL TE ORIENTAL,IA-674,1996,,V,IMP,,,38,783,"0,61","0,81",81,"-1,05","0,85",79,"-1,79","0,62",86,641,"0,08",43,"0,05",52,"0,08",44,"-0,06",85,"0,01",59,"-0,53",71,33,509,"-4,24","0,65",98,"-5,29",93,"0,03",63,"0,03",59,"0,05",55,"-0,08",87,"0,04",71,"0,28","0,79",37,"-5,31",82
RODEIO DO RINCÃO 199 ADÃO HEART TE106,O162089,2012,,P,PO,14672,,2,24,"0,99","0,2",93,"-3,29","0,45",93,,,,,"0,03",63,"-0,06",86,"-0,06",88,"0,11",28,"-0,1",11,"-8,09",88,2,20,"-0,36","0,24",70,"-3,65",88,"0,07",48,"-0,04",82,"-0,02",76,"0,12",23,"-0,12",11,"-0,55","0,36",95,"-5,37",82
S2 CONTRA 5034 GRAND CANYON,O109745,2005,,V,PO,6667,,2,93,"0,42","0,67",70,"-1,69","0,66",84,"1,05","0,29",17,76,"0,01",71,"0,01",65,0,70,"0,08",36,"-0,02",38,"-4,89",82,1,80,"-3,07","0,45",96,"-4,76",91,"0,05",56,"0,04",55,"0,1",41,"0,06",42,"0,1",91,,,,"-5,41",82
CONNEALY UNITED 1116,IA-1508,2011,,P,IMP,,,4,40,"0,39","0,45",69,"-0,39","0,5",74,"-1,81","0,04",87,3,0,73,"0,19",14,"0,05",52,"-0,09",90,"0,11",94,-2,75,4,26,"-1,66","0,24",86,"-2,05",80,"-0,02",76,"0,14",23,"0,05",54,"-0,07",85,"0,11",93,"-0,36","0,39",89,"-5,42",82
WOODHILL FORESIGHT,IA-914,2001,,P,IMP,,,3,33,"-0,34","0,47",18,"-4,34","0,46",96,"0,33","0,15",34,40,"-0,06",87,"-0,04",81,"-0,11",95,"-0,06",85,"0,06",81,"-13,87",95,3,32,"0,31","0,28",60,"-4,03",89,"-0,04",81,"-0,03",80,"-0,13",95,"-0,05",79,"0,08",85,"0,81","0,4",7,"-5,44",82
CIA.AZUL TE 0342 ORIENTAL TCB,O105776,2004,,V,PO,8538,,2,49,"0,26","0,33",61,"-1,35","0,53",82,"-2,03","0,21",90,15,"0,03",64,"-0,04",81,0,72,0,65,"0,12",96,"-3,42",78,2,25,"-1,2","0,32",82,"-2,55",83,"-0,04",83,"-0,09",92,"-0,05",84,"-0,05",81,"0,13",95,"-0,27","0,4",85,"-5,68",83
SANTA EULÁLIA CARLOTA NEW DESIGN 496 TE,O122656,2007,,P,PO,95,,3,82,"-0,35","0,62",18,"-1,91","0,6",86,"1,47","0,19",11,22,"-0,03",81,0,70,"0,01",67,"-0,04",79,0,55,"-6,96",86,2,58,"0,2","0,35",62,"-1,71",78,"-0,03",79,"-0,01",72,0,72,"-0,04",77,"-0,03",38,"-0,4","0,43",91,"-5,7",83
TRES MARIAS 7651 HOLLY 6976 TE PORTEÑO,IA-1123,2006,,V,IMP,,,10,76,"0,44","0,48",72,"-1,42","0,57",83,"-0,79","0,16",72,14,"-0,02",79,"-0,03",79,"0,03",60,"-0,06",85,"0,22",99,"-5,46",83,8,53,"-1,48","0,28",84,"-2,91",84,"0,01",70,"-0,01",70,"0,04",60,"-0,07",84,"0,23",99,"-0,1","0,4",73,"-5,7",83
D45 DA VISTA ALEGRE,C211163,2003,,P,PC,14692,,5,107,"0,22","0,63",59,"-0,09","0,64",70,"2,85","0,23",3,37,"-0,07",89,"-0,14",96,"-0,04",82,"-0,06",83,"-0,02",40,"-3,73",79,4,26,"-1,36","0,28",83,"-1,46",77,"-0,03",78,"-0,11",94,"-0,01",73,"0,02",56,0,53,"-0,2","0,28",81,"-5,77",83
GAP 3129 QUEBRACHO BARTO,O121423,2007,,V,PO,2555,,5,109,"-0,16","0,7",28,"-3,31","0,68",93,"-1,99","0,34",89,110,"-0,06",87,"-0,02",75,"-0,03",81,"0,05",45,"0,04",74,"-11,34",93,5,75,"0,72","0,44",54,"-2,59",83,"-0,03",80,"0,07",43,"0,01",70,"0,05",44,"-0,02",41,"0,08","0,49",56,"-5,77",83
TRES MARIAS 8565 CUMBIERO 7832 TE CUMBIERO,IA-1198,2009,,P,IMP,,K,56,464,"0,4","0,79",69,"-0,25","0,81",72,"0,3","0,39",35,274,"0,04",60,"-0,01",73,"0,11",33,"-0,04",79,"0,07",85,"-0,25",70,41,282,"-2,43","0,46",92,"-2,69",83,"-0,04",81,"-0,06",86,"0,08",46,"-0,12",92,"0,07",83,"-0,33","0,73",88,"-5,86",83
BROWN HERITAGE U6509,IA-1132,2008,,V,IMP,,,4,43,"0,02","0,48",42,"-1,18","0,47",81,"0,42","0,09",31,26,"0,01",71,"0,11",33,"0,05",54,"-0,08",89,"0,08",87,"-3,66",79,4,21,"-1,8","0,18",87,"-2,98",85,"-0,02",77,"0,04",52,"0,01",67,"-0,05",79,"0,1",91,"-0,18","0,35",80,"-5,97",83
FSL TE1068 FENÔMENO,O144233,2010,,P,PO,18583,,4,66,"-0,8","0,48",6,"1,55","0,52",54,,,,,"-0,07",90,"-0,02",76,"-0,07",90,"-0,15",95,"-0,08",17,"-0,04",70,3,51,"-1,27","0,26",82,"0,28",67,"-0,07",88,"-0,04",81,"-0,06",87,"-0,12",93,"-0,08",20,"-0,65","0,54",97,"-6,01",84
UMBU 2666 CLASSIC HEADLINER,O185670,2015,,P,PO,99,,1,22,"0,44","0,48",72,"-3,39","0,45",93,,,,,"-0,01",75,"-0,05",83,"0,04",59,"-0,07",86,"-0,01",43,"-9,76",91,1,3,"-2,15","0,24",90,"-5,54",93,"-0,02",77,"-0,05",85,"0,07",51,"-0,05",79,"0,01",60,"0,94","0,37",4,"-6,01",84
BASCO NET WORTH 506TE,O176335,2012,,P,PO,4074,,1,33,"0,74","0,52",86,"-3,56","0,51",94,"-0,3","0,18",62,3,"-0,03",81,"-0,03",80,"0,1",36,"0,01",61,0,49,"-10,96",92,1,17,"0,24","0,3",61,"-3,32",87,"-0,03",79,"-0,02",77,"0,11",39,"0,01",57,"-0,01",48,"0,12","0,35",51,"-6,02",84
GAP M157/15,C393336,2015,,P,PC,2555,,1,79,"-0,33","0,63",19,"-1,95","0,6",86,,,,,"0,05",55,"0,12",31,"0,02",63,,,"0,06",83,"-4,04",80,1,35,"-2,65","0,3",93,"-4,59",91,"0,03",63,"0,09",36,"0,02",65,,,,,"-0,09","0,4",73,"-6,04",84
LCOC WORLD SERIES A041R,IA-878,2005,,V,IMP,,,3,31,"-1,53","0,49",2,"0,41","0,5",66,"-2,13","0,24",91,31,"-0,14",97,"-0,11",94,"-0,05",86,"-0,23",99,"0,04",76,"-5,34",83,3,26,"0,81","0,32",52,"1,21",62,"-0,17",98,"-0,16",98,"-0,06",87,"-0,23",98,0,50,"-0,05","0,43",68,"-6,09",84
S CHISUM 6175,IA-1189,2006,,P,IMP,,,2,25,"-0,49","0,43",13,"-0,69","0,43",76,"-0,93","0,12",74,31,"-0,09",93,"-0,13",95,"-0,13",96,,,"0,07",,"-6,19",84,2,24,"-1,38","0,22",83,"-2,07",80,"-0,08",90,"-0,24",99,"-0,15",97,0,62,"0,08",87,"0,42","0,37",25,"-6,21",84
PAINEIRAS SHARPSHOOTER HEBREU 1259,O108649,2005,,V,PO,14028,,2,68,"-0,18","0,31",27,"-4,55","0,49",96,"1,67","0,25",9,53,"0,08",44,"-0,08",90,"-0,05",85,"-0,1",91,"0,04",72,"-9,22",90,1,52,"-1,88","0,27",88,"-6,43",95,"0,13",32,"0,01",65,"-0,02",77,"-0,02",70,,,,,,"-6,48",85
BAYUCUA,O205191,2015,,P,IMP,,,1,21,"0,77","0,29",88,"-2,37","0,39",88,,,,,"-0,05",85,"-0,03",80,"-0,12",96,"-0,01",70,"0,03",70,"-8,68",89,1,5,"-0,97","0,17",79,"-3,35",87,"-0,06",87,"0,01",65,"-0,11",94,"-0,03",74,"0,05",76,"0,38","0,2",28,"-6,52",85
RED NORTHLINE ROCK STAR 911U ROCK,IA-1358,2008,,V,IMP,,,8,94,"0,05","0,47",45,"0,49","0,6",65,"-1,05","0,1",76,22,0,72,"0,1",36,"0,09",40,"-0,06",84,"0,07",85,"0,25",68,8,60,"-3,05","0,31",95,"-2,56",83,"-0,04",82,"0,08",41,"0,07",50,"-0,07",86,"0,08",86,"-0,32","0,44",88,"-6,69",85
PREMIER VALEDICTORIAN,IA-255,1985,,P,IMP,,,3,29,"0,45","0,06",73,"-0,26","0,43",72,"-0,05","0,01",56,1,"-0,1",94,"-0,06",87,"-0,07",90,"-0,07",87,"0,01",61,"-5,39",83,2,18,"-0,63","0,19",73,"-0,89",74,"-0,11",94,,,,,,,,,,,,"-6,72",85
LIMESTONE GREAT DIVIDE U254 DIVIDE,IA-1118,2008,,P,IMP,,,10,123,"1,42","0,67",98,"-0,87","0,67",78,"-2,75","0,2",95,53,"-0,03",82,"-0,08",89,"0,02",65,"-0,1",91,"0,05",79,"-4,42",81,7,90,"-1,31","0,4",83,"-2,18",80,"-0,07",89,"-0,1",94,"0,01",68,"-0,1",90,"0,07",84,"-0,18","0,58",80,"-6,78",85
TRES MARIAS 9849 CACHAFAS 7238 TE SULTAN,IA-1844,2013,,P,IMP,,,6,54,"-0,74","0,5",7,"-1,72","0,53",84,,,,,"-0,06",87,"0,01",64,"0,04",58,"-0,24",99,"0,01",57,"-7,45",87,4,22,"-1,7","0,23",86,"-3,43",87,"-0,01",75,"0,01",64,"0,08",48,"-0,2",97,"-0,01",45,"0,12","0,33",51,"-6,87",85
CIA.AZUL TE0146 CANYON SANGUINE,O97268,2002,,V,PO,8538,,5,237,"-0,43","0,75",15,"-3,45","0,75",93,"-0,43","0,44",65,263,"-0,1",94,"-0,08",89,"-0,07",89,"-0,16",96,"0,02",65,"-13,3",94,5,173,"1,02","0,52",49,"-2,42",82,"-0,07",89,"0,02",63,0,71,"-0,13",93,"0,01",57,"0,16","0,67",47,"-6,93",86
RODEIO DO RINCÃO 241 CHANDOCA BRAND TE74,O162086,2012,,P,PO,14672,,2,49,"-0,27","0,29",21,"-0,17","0,56",71,"-0,21","0,12",60,3,"0,05",54,"0,14",25,"0,06",51,"-0,05",82,"-0,03",31,"0,54",67,2,35,"-4,89","0,31",99,"-5,05",92,"0,06",54,"0,12",30,"0,05",54,"-0,06",82,"-0,06",26,"-0,26","0,42",84,"-6,95",86
G A R MOMENTUM,IA-1779,2012,,P,IMP,,M,1,47,,,,"-0,12","0,3",70,,,,,"-0,12",96,"0,12",29,"-0,01",77,"-0,03",77,"-0,17",4,"-5,8",84,1,47,"0,37","0,11",60,"0,25",68,"-0,16",98,"0,14",24,"-0,02",76,"-0,11",91,"-0,18",5,"-0,13","0,25",77,"-6,99",86
TRES MARIAS 9265 CANDE 8328 TE CORONEL,IA-1415,2011,,P,IMP,,,23,232,"0,58","0,7",80,0,"0,73",69,"-5,4","0,22",99,28,"-0,01",75,"-0,08",89,"-0,05",85,"0,05",45,"0,29",99,"-1,4",73,20,142,"-2,28","0,42",91,"-2,28",81,"-0,09",92,"-0,2",99,"-0,12",95,"0,01",57,"0,35",99,"-0,22","0,66",82,"-7,09",86
TRES MARIAS 8953 ZORZAL 7858 TE EMPERADOR,IA-1457,2010,,P,IMP,,K,3,34,"-0,64","0,51",9,"0,09","0,48",69,"-1,97","0,15",89,3,"-0,02",78,"-0,03",78,"-0,07",91,"-0,22",99,"0,08",90,"-1,57",74,3,12,"-2,77","0,25",94,"-2,68",83,"-0,05",85,"-0,02",77,"-0,1",93,"-0,27",99,"0,07",85,"-0,21","0,34",82,"-7,12",86
ZHAURY DO CARUMBE 1290,O102042,2003,,P,PO,269,,3,33,"0,15","0,45",54,"-1,18","0,48",80,"-2,83","0,17",96,13,"0,02",68,"-0,04",82,"-0,04",82,"-0,08",88,"-0,06",21,"-3,37",78,3,24,"-3,4","0,27",97,"-4,58",90,"-0,01",74,"-0,11",94,"-0,04",82,"-0,12",92,"-0,03",35,"0,01","0,24",63,"-7,28",86
CONSENSUS TE 2366 TELLECHEA,O184206,2014,,P,PO,18551,,1,49,"0,27","0,57",62,"-1,74","0,52",85,,,,,"0,06",53,"-0,01",72,"0,08",44,"0,01",62,"0,13",96,"-3,23",78,1,38,"-2,94","0,23",95,"-4,67",91,"0,02",65,"-0,07",89,"0,05",56,0,63,"0,14",96,"-0,51","0,44",94,"-7,52",87
GAP B145,C317831,2009,,V,PC,2555,,1,30,"-0,37","0,51",17,"-2,76","0,5",90,"-0,31","0,17",62,12,0,73,0,68,"0,08",43,,,"-0,08",15,"-7,84",87,1,16,"-0,57","0,28",72,"-3,34",87,"-0,02",78,"0,02",61,"0,13",34,,,"-0,13",10,"-0,55","0,34",95,"-7,57",87
LAZY MC CC DETOUR 2W,IA-1365,2009,,V,IMP,,,4,36,"-0,19","0,44",26,"-4,32","0,48",96,"-1,83","0,07",87,14,0,72,"0,06",48,"0,07",46,"0,02",57,"0,11",93,"-11,6",93,3,29,"-1,14","0,26",81,"-5,45",93,"-0,01",74,"0,07",43,"0,07",51,"-0,01",64,"0,14",96,"0,19","0,32",45,"-7,66",87
S2 EBV 6703-7136 TENIENTE,O119550,2007,,V,PO,6667,,1,41,"-1,46","0,3",2,"0,54","0,38",65,"1,26","0,15",14,12,"-0,06",88,"-0,03",78,"-0,1",94,"-0,09",89,"-0,02",39,"-1,96",75,1,36,"-2,48","0,25",92,"-1,94",79,"-0,08",91,"-0,03",78,"-0,12",95,"-0,13",94,"-0,02",40,"-0,23","0,3",83,"-7,73",87
ENFATICO TEI123 DA 3 MARIAS TEI - FREE S,O170732,2013,,P,PO,16965,,2,22,"-0,08","0,34",35,"-4,58","0,3",96,,,,,"-0,02",79,"0,04",57,"0,01",68,"-0,24",99,"-0,13",8,"-13,21",94,2,14,"-1,92","0,1",88,"-6,5",95,"-0,01",75,"0,06",47,"0,04",58,"-0,27",99,"-0,12",10,"0,79","0,23",7,"-7,83",87
GAP 3635 BEEF BROTHER,O135403,2009,,P,PO,2555,,2,47,"0,51","0,59",76,"0,85","0,58",62,"-2,38","0,18",93,8,"-0,05",87,"-0,08",90,"-0,16",98,,,"0,08",88,"-0,99",72,1,29,"-2,3","0,36",91,"-1,44",77,"-0,09",92,"-0,12",95,"-0,17",98,,,"0,1",91,"-0,56","0,47",95,"-8,13",88
UMBU 2476 GREAT DIVIDE,O181210,2014,,P,PO,99,,1,25,"1,22","0,5",97,"-0,98","0,48",79,,,,,"-0,03",81,"-0,08",89,"-0,03",81,"-0,02",75,"0,03",68,"-4,66",81,1,19,"-1,71","0,26",86,"-2,69",84,"-0,08",91,"-0,13",96,"-0,07",87,"-0,09",89,"0,03",70,"-0,33","0,35",88,"-8,18",88
GAP 3399 ENTRECOT BBOY,O128052,2008,,P,PO,2555,,2,89,"0,87","0,67",91,"-2,47","0,65",89,"-0,59","0,23",68,43,"-0,08",91,"-0,09",90,"-0,09",93,"-0,06",84,"0,2",99,-10,91,1,63,"-0,32","0,4",70,"-2,79",84,"-0,02",77,"-0,07",90,"-0,14",96,,,"0,23",99,"-0,54","0,54",95,"-8,48",88
TRES MARIAS 8299 GLADIADOR TE,IA-1153,2008,,P,IMP,,,6,104,"1,26","0,55",97,"-1,16","0,56",80,"-2,14","0,1",91,11,"-0,14",97,"0,04",55,"-0,05",87,0,64,"0,09",90,"-9,19",90,4,34,"0,48","0,2",58,"-0,68",73,"-0,16",97,"0,05",51,"-0,07",89,"-0,04",76,"0,11",93,"-0,15","0,29",78,"-8,58",88
LSF BRA NO WORRIES 4657B,IA-1811,2014,,V,IMP,,,7,84,"-0,85","0,63",6,-6,"0,62",98,,,,,"0,05",55,"0,13",28,"0,05",55,"-0,12",93,"0,04",75,"-13,95",95,5,58,"0,83","0,27",52,"-5,17",92,"0,08",47,"0,2",12,"0,09",44,"-0,09",89,"0,06",81,"-1,21","0,47",99,"-8,61",89
74-51 CHANGING TIME 060,IA-1470,2010,,P,IMP,,,6,70,"0,65","0,54",83,"2,59","0,52",42,"-0,55","0,02",67,5,"-0,09",93,"-0,2",99,"-0,18",99,"0,23",7,"0,26",99,"1,89",64,5,54,"-3,11","0,24",96,"-0,52",72,"-0,14",96,"-0,18",99,"-0,24",99,"0,19",12,"0,29",99,"-0,49","0,54",93,"-8,68",89
GAP 0E081,C294301,2008,,V,PC,2555,,1,51,"0,08","0,6",48,"-2,76","0,59",90,"-1,89","0,19",88,8,"-0,09",93,"-0,03",78,"0,04",58,"0,11",28,"0,06",83,"-11,42",93,1,19,"-0,89","0,34",78,"-3,66",88,"-0,05",84,"0,04",56,"0,11",37,,,"0,09",89,"0,02","0,44",62,"-8,87",89
RED TER-RON FULLY LOADED,IA-1167,2005,,V,IMP,,,5,97,"-0,24","0,5",23,"-2,1","0,63",87,"-2,62","0,15",95,33,"-0,04",82,"-0,07",88,"0,08",43,"-0,04",79,"0,08",90,"-7,6",87,5,57,"-0,7","0,35",75,"-2,79",84,"-0,12",95,"-0,09",92,"0,05",55,"-0,01",66,"0,07",83,"-0,29","0,5",86,"-8,9",89
STRATUM 1333 CREDITO DISCOVERY TE CREDITO,IA-1072,2000,,P,IMP,,,29,324,"0,38","0,79",68,"-4,33","0,79",96,"1,6","0,37",10,175,"0,06",52,0,68,"0,09",40,"-0,08",88,"0,12",95,"-9,53",90,24,236,"-2,84","0,51",94,"-7,17",96,"0,01",69,"-0,05",83,"0,09",44,"-0,07",84,"0,14",96,"0,07","0,72",57,"-8,95",89
CIA.AZUL TE3058 TRAPICHE C.0134,O190093,2015,,V,PO,8538,,1,21,"0,08","0,47",47,"-1,2","0,44",81,,,,,"-0,07",90,"0,15",23,"0,22",9,"-0,17",97,"0,02",65,"-6,8",86,1,2,"-1,39","0,17",84,"-2,59",83,"-0,07",89,"0,12",27,"0,28",7,"-0,16",95,0,56,,,,"-9,11",89
CATANDUVA GRAMATICO STRYKER 4128-TE15,O-75476,1998,,V,PO,16417,,17,233,"0,65","0,7",83,"-3,3","0,75",93,-2,"0,41",89,159,"0,07",46,"0,04",56,"0,13",29,"-0,02",71,"0,06",81,"-6,41",85,14,158,"-5,11","0,49",99,"-8,4",97,"0,08",46,"0,05",50,"0,13",34,"-0,06",83,"0,11",92,"0,08","0,65",56,"-9,19",90
BC LOOKOUT 7024,IA-1038,2004,,P,IMP,,,13,129,"0,11","0,56",50,"-4,11","0,64",95,"-2,02","0,16",90,52,"0,01",70,0,69,"0,09",40,"-0,19",98,"0,08",87,"-10,83",92,11,74,"-1,99","0,27",89,"-6,1",94,0,72,"0,02",63,"0,07",50,"-0,22",98,"0,07",82,"-0,08","0,49",71,"-9,2",90
CIA.AZUL TE2624 CUMBIERO ZORZAL AVATAR,O181092,2014,,P,PO,8538,"P, T",1,31,"0,92","0,51",92,"-0,39","0,51",74,,,,,"-0,06",87,"-0,04",80,"-0,01",75,"-0,16",96,"0,07",87,"-4,15",80,1,22,"-2,9","0,25",94,"-3,29",87,"-0,12",94,"-0,12",96,"-0,05",85,"-0,21",98,"0,07",85,"0,03","0,42",60,"-9,28",90
RECONQUISTA 1738 REDOBRADO PUC G. CANYON,O144236,2010,,V,PO,155,,1,44,,,,"-3,62","0,31",94,,,,,"-0,02",79,"-0,11",93,"-0,02",79,"-0,08",88,"0,12",95,"-10,9",92,1,40,"-3,06","0,18",95,"-6,68",96,"0,03",62,"-0,07",88,"0,02",65,"-0,08",87,"0,14",96,"0,23","0,25",41,"-9,31",90
FP SANTA ANGELA 81 ZORZAL 6301,O143065,2010,,P,PO,16501,,2,59,"0,42","0,44",71,"-3,05","0,45",92,,,,,"-0,03",80,0,70,"0,09",42,"-0,18",97,"0,08",89,"-9,6",90,1,31,"-1,75","0,25",87,"-4,8",91,"-0,06",88,"-0,03",80,"0,09",45,"-0,21",98,"0,08",86,,,,"-9,37",90
CATANDUVA HIBERNAL STRYKER 4140 TE 37,O79149,1999,,V,PO,16417,,2,167,"0,11","0,73",50,"-1,05","0,71",79,"-1,1","0,39",77,173,"-0,02",78,"-0,05",83,"0,07",48,"-0,04",78,"0,08",88,"-4,29",80,2,131,"-3,27","0,48",96,"-4,32",90,"-0,08",90,"-0,1",94,"0,02",65,"-0,04",78,"0,08",87,"-0,24","0,65",83,"-9,87",91
FEDDES BIG SKY R9,IA-930,2005,,V,IMP,,,6,166,"-2,09","0,71",1,"-1,04","0,71",79,"1,11","0,35",17,94,"-0,08",91,"-0,09",90,"-0,07",89,"0,04",49,"0,07",85,"-6,48",85,6,107,"-2,12","0,45",90,"-3,16",86,"-0,08",90,"-0,1",93,"-0,07",89,"0,06",42,"0,06",82,"-0,42","0,6",92,-10,91
CARRINGTON PARK TIME ON B7,IA-1190,2006,,P,IMP,,,2,27,"0,7","0,19",85,"-2,16","0,36",87,"-0,84","0,06",72,10,"-0,04",83,"-0,11",94,"-0,14",97,"-0,01",68,"-0,06",20,"-7,94",88,2,21,"-1,7","0,15",86,"-3,86",88,"-0,1",93,"-0,13",97,"-0,25",99,0,64,"-0,06",26,"-0,25","0,19",84,"-10,05",91
SANTA EULÁLIA 1141 QUEBRACHO ZORZAL TE770,O153836,2011,,P,PO,95,T,2,37,"-0,16","0,51",29,"-0,54","0,51",75,,,,,"-0,04",83,"-0,01",71,"0,05",54,"-0,15",95,"-0,03",32,"-3,75",79,2,27,"-3,35","0,31",97,"-3,89",88,"-0,11",94,"-0,04",81,"0,02",65,"-0,23",98,"-0,04",33,"-0,18","0,42",80,"-10,16",91
TRES MARIAS 5887 HORNERO TE HORNERO,IA-849,1999,,P,IMP,,K,58,730,"0,83","0,82",90,"1,62","0,84",53,"-7,91","0,63",99,895,0,74,"-0,06",86,"0,03",61,"0,02",56,"0,12",95,"2,84",60,49,520,"-4,39","0,63",99,"-2,77",84,"-0,06",87,"-0,12",96,"0,01",67,"-0,09",88,"0,15",97,"-1,07","0,78",99,"-10,17",91
DOBLEHACHE 293 BIGUA TE TEHUELCHE,IA-1410,2008,,P,IMP,,,13,128,"0,05","0,6",45,"-4,06","0,68",95,"-0,04","0,17",56,29,"0,08",44,"0,29",5,"0,18",16,"-0,16",96,"-0,05",27,"-8,09",88,13,98,"-4,14","0,4",98,"-8,2",97,"0,09",43,"0,32",3,"0,22",14,"-0,2",97,"-0,03",36,"-0,5","0,58",93,"-10,3",91
UMBU TE1784 HORNERO,O165406,2010,,P,PO,99,,2,54,"-0,99","0,6",5,"-0,37","0,58",73,"-3,65","0,16",98,8,"-0,08",92,"-0,05",84,"0,01",67,0,64,"0,08",89,"-5,07",82,2,43,"-2,54","0,37",93,"-2,91",85,"-0,15",97,"-0,1",93,"-0,01",73,"-0,05",79,"0,1",91,"-0,07","0,48",70,"-10,36",91
SANTA SERGIA TOMY RUBIO TENIENTE,IA-839,2000,,V,IMP,,,58,1556,"-0,13","0,86",30,"-2,22","0,88",88,"3,05","0,68",2,1013,"0,02",68,"0,08",44,"0,06",52,"-0,07",86,"-0,1",12,"-5,93",84,54,1061,"-5,27","0,73",99,"-7,49",97,"0,01",68,"0,08",38,"0,07",50,"-0,11",92,"-0,11",13,"0,17","0,84",47,"-10,41",91
NICHOLS GOOD AS GOLD Z103,IA-1812,2012,,P,IMP,,,1,70,"0,68","0,45",84,"-3,82","0,43",94,,,,,"-0,06",88,"-0,15",96,"-0,01",75,"-0,14",95,0,,"-12,78",94,1,68,"-0,77","0,21",76,"-4,6",91,"-0,06",87,"-0,1",94,"-0,02",79,"-0,2",97,,,"-0,31","0,38",87,"-10,55",92
LAS LILAS 1663 ROBUSTO CACIQUE TE VIGOROSO,IA-1145,2006,,P,IMP,,,3,30,"-0,43","0,25",15,"-3,19","0,41",92,"0,02","0,03",55,5,"-0,09",93,"-0,03",80,"-0,01",76,"-0,01",68,"-0,03",35,"-12,31",93,3,27,"-1,49","0,18",85,"-4,68",91,"-0,08",90,"-0,05",82,"0,02",66,"-0,02",70,"-0,04",33,"0,04","0,06",60,"-10,72",92
TRES MARIAS 8235 H.HITTER 6876 TE METEJON,IA-1150,2008,,P,IMP,,,12,47,"0,18","0,51",56,"-4,03","0,51",95,"-2,81","0,16",96,61,"-0,07",90,"-0,12",95,"-0,18",99,"0,01",60,"0,06",81,"-13,63",95,10,35,"-0,9","0,22",78,"-4,93",91,"-0,08",90,"-0,09",93,"-0,2",99,"0,01",60,"0,09",89,"-0,03","0,37",67,"-10,72",92
MOHNEN PULSE 533,IA-1911,2013,,P,IMP,,,1,30,"-1,76","0,47",1,"-2,17","0,43",87,,,,,"-0,09",92,"-0,08",90,0,73,0,65,"-0,04",30,"-9,68",91,1,16,"-2,15","0,13",90,"-4,31",89,"-0,05",85,"-0,05",83,"0,04",60,"0,03",51,"-0,04",31,"-0,26","0,24",85,"-10,76",92
FSL G VEZÚVIO TE G24,O120681,2007,,P,PO,14320,,2,57,"0,26","0,49",62,"-1,79","0,47",85,,,,,"0,01",69,"-0,04",82,"0,14",25,"-0,1",91,"0,04",75,"-4,93",82,2,54,"-2,81","0,27",94,"-4,6",91,"0,01",70,"-0,05",83,"0,17",23,"-0,18",96,"0,06",81,"-1,23","0,52",99,"-10,9",92
VAR RESERVE 1111 RESERVE,IA-1709,2011,,P,IMP,,,5,29,"-0,43","0,45",15,"-0,49","0,39",74,"-1,53","0,05",84,2,"-0,13",96,"-0,17",98,"-0,09",93,"-0,05",80,"0,03",71,"-7,01",86,4,23,"-0,68","0,2",74,"-1,17",76,"-0,2",99,"-0,22",99,"-0,15",97,"-0,1",90,"0,05",76,"-0,48","0,31",93,"-10,97",92
PAINEIRAS STRYKER ROCK GARRINCHA 4948,O106917,2004,,P,PO,14028,,4,80,"0,3","0,44",64,-4,"0,58",95,"0,24","0,25",36,77,"-0,12",96,"-0,13",95,"-0,08",91,"-0,01",69,0,55,"-15,47",96,4,30,"-0,36","0,23",70,"-4,35",90,"-0,12",95,"-0,09",93,"-0,08",90,"-0,05",79,"-0,01",45,"0,23","0,28",40,"-10,99",92
NORTHLINE FAT TONY 605U,IA-1181,2008,,V,IMP,,,7,138,"-0,35","0,58",18,"-3,16","0,67",92,"-0,13","0,2",59,57,"-0,22",99,"-0,1",92,"-0,17",99,"-0,05",83,"0,04",73,"-16,94",97,7,86,"2,37","0,37",33,"-0,79",74,"-0,21",99,"-0,05",83,"-0,16",98,"-0,07",85,"0,05",74,"-0,2","0,43",81,"-11,14",92
WT BUTIÁ 003,O132078,2009,,P,PO,17087,,2,54,"0,24","0,49",60,"-0,13","0,48",70,"-2,93","0,22",96,81,"-0,24",99,"-0,31",99,"-0,17",99,"-0,16",96,"0,05",76,"-10,28",91,2,52,"0,27","0,28",61,"0,13",69,"-0,15",97,"-0,24",99,"-0,14",97,"-0,06",82,"0,08",87,"-0,67","0,46",97,"-11,16",92
CIA.AZUL FIV TE1692 TRAPICHE PANCHO 444,O161188,2012,,V,PO,8538,,1,45,"0,68","0,52",84,"-2,88","0,53",91,"-0,12","0,09",59,8,0,71,"-0,11",94,"-0,08",91,"0,02",58,"0,03",70,"-7,98",88,1,28,"-3,59","0,29",97,"-6,47",95,"0,02",65,"-0,13",96,"-0,09",91,"0,02",57,"0,04",73,"-0,59","0,27",96,"-11,26",93
LSF CONQUEROR 0026X,IA-1502,2010,,P,IMP,,,1,96,"0,73","0,21",86,"-3,1","0,51",92,,,,,"-0,11",95,"-0,16",97,"-0,16",98,,,"-0,04",,"-12,76",94,1,41,"-2,48","0,21",92,"-5,58",94,"-0,01",74,"-0,01",73,"-0,07",88,,,,,"-0,06","0,23",69,"-11,38",93
CIA.AZUL NOBRE TE2306,O172390,2013,,V,PO,8538,,1,35,"-0,53","0,51",12,"-0,76","0,5",77,,,,,"-0,17",98,"0,09",39,"0,16",20,"-0,28",99,"0,03",68,"-9,34",90,1,16,"-0,82","0,24",77,"-1,58",77,"-0,18",98,"0,05",51,"0,18",20,"-0,29",99,"0,02",61,"-0,29","0,32",86,"-11,46",93
PIEDRITA 731 ÑATO,IA-1398,2010,,V,IMP,,,15,118,"-0,84","0,6",6,"-1,62","0,66",84,"-1,86","0,16",88,17,"-0,06",88,"0,09",38,"0,02",64,"-0,04",79,"-0,07",19,"-7,31",87,13,90,"-2,39","0,39",92,-4,89,"-0,05",84,"0,11",30,"-0,02",77,"-0,09",89,"-0,05",29,"-0,87","0,58",99,"-11,71",93
ASD 917 AGUILUCHO DISCO,O142963,2010,,P,PO,73,,2,26,"0,05","0,29",45,"-2,69","0,46",90,"-3,9","0,13",99,4,"0,01",70,"0,07",47,"0,08",43,"-0,02",70,"0,05",76,"-7,27",87,2,20,"-3,48","0,26",97,"-6,16",95,0,73,"0,05",47,"0,06",53,"-0,03",75,"0,06",81,"-0,74","0,4",98,"-11,73",93
TRES MARIAS 5893 FALUCHO TE,IA-1122,1999,,P,IMP,,,9,165,"0,08","0,61",48,"-1,85","0,66",85,"-5,08","0,29",99,78,"0,02",66,0,70,0,73,"-0,01",69,"0,08",89,"-4,76",82,7,134,-4,"0,36",98,"-5,84",94,"-0,03",79,"-0,05",84,0,72,"-0,06",83,"0,08",87,"-0,76","0,58",98,"-11,75",93
CONNEALY PILGRIM PILGRIM,IA-1744,2014,,P,IMP,4884,,2,31,"-2,07","0,48",1,"-2,03","0,46",86,,,,,"-0,17",98,"-0,01",72,"-0,09",94,"-0,16",96,"-0,03",32,"-12,38",94,2,19,"-1,94","0,18",89,"-3,97",88,"-0,17",98,"0,01",64,"-0,1",92,"-0,19",97,"-0,06",27,"0,5","0,28",20,"-11,89",93
RECONQUISTA 273 DISCUTIDO COPPER ROB,C77239,1999,,V,PC,155,,26,934,"0,31","0,72",65,"-5,1","0,8",97,"0,34","0,52",33,320,"-0,02",78,"-0,07",87,"-0,03",80,"-0,08",88,"0,13",96,"-14,4",96,24,621,"-1,28","0,56",82,"-6,37",95,"-0,06",87,"-0,09",93,"-0,07",87,"-0,08",86,"0,19",99,"-0,31","0,67",87,"-12,01",93
44 ENVISION,IA-1603,2013,,P,IMP,,,2,32,"-0,52","0,47",12,"-2,95","0,44",91,"0,32","0,03",34,1,"-0,07",90,"-0,07",88,"-0,05",86,"-0,01",67,"-0,05",26,"-11,07",92,2,20,"-2,04","0,21",89,"-4,99",92,"-0,04",83,"-0,02",75,"-0,05",83,0,63,"-0,06",26,"-0,57","0,33",96,"-12,08",94
BIEBER ROUSE SAMURAI X22,IA-1431,2010,,V,IMP,,,5,28,"-0,66","0,23",9,"-2,88","0,44",91,"-1,11","0,12",77,5,"-0,08",92,"-0,17",98,"-0,14",97,"-0,09",89,"0,17",99,"-11,27",92,5,18,"-0,26","0,26",68,"-3,13",86,"-0,13",96,"-0,2",99,"-0,17",98,"-0,17",96,"0,19",99,"-0,82","0,33",99,"-12,18",94
UMBU 1416 BRIGADIER TE,O129663,2008,,V,PO,99,,4,334,"-0,02","0,79",39,"-2,42","0,78",89,"-4,94","0,45",99,198,"0,02",65,"0,03",60,"0,1",36,"0,09",34,"-0,01",47,"-6,08",84,3,254,"-6,35","0,55",99,"-8,77",98,0,72,"-0,01",73,"0,14",31,"0,06",43,"-0,01",45,"0,14","0,71",49,"-12,41",94
ALSTON 5384 CATRIEL FW TE CATRIEL,IA-984,2004,,P,IMP,,,9,115,"0,06","0,67",47,"-4,23","0,67",95,"3,14","0,27",2,82,"0,02",67,"0,03",61,"0,02",66,"0,07",41,"0,21",99,"-10,76",92,8,71,"-1,74","0,38",87,"-5,97",94,"-0,01",74,"-0,02",74,"0,03",61,"0,06",42,"0,25",99,"-1,29","0,56",99,"-12,77",94
RED ROCK STAR 1749 TELLECHEA,O176955,2014,,V,PO,18551,,1,41,"0,04","0,57",44,"-6,45","0,52",99,,,,,"-0,02",78,"0,09",41,"0,06",51,"-0,14",95,"0,12",96,"-17,72",97,1,32,"-2,93","0,27",95,"-9,38",98,"-0,04",82,"0,08",41,"0,05",56,"-0,15",95,"0,11",92,"0,57","0,42",16,"-12,93",95
RIB TEI05 YESQUERO QUEBRACHO,O186817,2014,,V,PO,,,9,90,"-0,75","0,53",7,"-4,91","0,6",97,,,,,"-0,01",75,"-0,1",92,"0,03",62,"0,05",47,"0,02",63,"-13,5",95,6,47,"-3,36","0,3",97,"-8,27",97,"-0,06",87,"-0,1",93,"0,03",62,"0,03",51,"0,01",59,"0,18","0,5",45,"-12,97",95
QUIRI L 04,C328894,2009,,P,PC,92,,1,40,"1,31","0,32",98,"-4,47","0,4",96,"0,67","0,14",25,20,"-0,07",89,"-0,1",93,"0,06",48,"-0,17",97,"0,05",78,"-14,6",96,1,16,"-2,92","0,2",95,"-7,39",96,"-0,08",91,"-0,02",76,"0,07",49,"-0,18",96,"0,07",82,"0,34","0,41",31,"-13,05",95
TRES MARIAS 5181 JUNIOR TE JUNIOR,IA-713,1997,,P,IMP,,K,14,78,"0,44","0,54",71,"-1,61","0,6",84,"-0,35","0,18",63,46,"-0,11",95,"-0,2",99,"-0,12",96,"-0,04",78,"0,01",60,"-9,11",89,10,39,"-3,02","0,27",95,"-4,63",91,"-0,13",96,"-0,23",99,"-0,16",98,"-0,02",71,"0,06",79,"-0,18","0,47",80,"-13,16",95
LSF COMBINATION A301M,IA-978,2002,,V,IMP,,,9,175,"0,72","0,56",86,"0,49","0,68",65,"-1,93","0,29",88,122,"-0,21",99,"-0,27",99,"-0,26",99,"0,08",36,"-0,05",24,"-7,7",87,9,158,"-0,92","0,43",78,"-0,43",71,"-0,22",99,"-0,26",99,"-0,32",99,"0,06",43,"-0,08",18,"-0,75","0,52",98,"-13,32",95
RED ERIC,IA-683,1989,,V,IMP,,,27,745,"-0,6","0,72",10,"-4,26","0,81",95,"-2,3","0,53",92,407,"-0,03",82,"0,01",66,"0,03",60,"-0,27",99,"0,03",68,"-12,87",94,23,520,"-2,84","0,52",94,"-7,1",96,"-0,1",93,"-0,09",92,"-0,04",82,"-0,29",99,"0,12",94,"-0,01","0,67",65,"-13,45",95
HSLM CATANARA QUEBRACHO BRIGADIER TE23,O139038,2008,,V,PO,16312,,1,67,,,,"-3,57","0,57",94,"-3,22","0,19",97,17,"-0,09",93,"-0,1",92,"-0,04",83,"-0,01",67,"0,06",83,"-13,42",95,1,35,"-2,95","0,32",95,"-6,52",95,"-0,09",91,"-0,11",94,"-0,04",81,"-0,05",80,"0,06",80,,,,"-13,64",95
EPIC 307 SACARIAS A 206 TE,IA-898,2002,,P,IMP,,,25,480,"0,6","0,8",81,"-2,12","0,82",87,"-2,3","0,55",92,464,"-0,08",92,"0,01",66,"-0,06",88,"-0,18",97,"0,03",71,"-9,45",90,21,350,"-2,64","0,58",93,"-4,77",91,"-0,13",96,"-0,07",89,"-0,06",86,"-0,26",99,"0,09",89,"-0,54","0,76",95,"-13,89",95
BIGUÁ 5868 MANA TEI,O154105,2011,,P,PO,18474,,1,23,"0,05","0,42",45,"-2,78","0,41",91,"-0,44","0,14",65,9,"-0,05",85,"0,05",54,"0,03",60,"-0,14",95,"0,02",65,"-9,61",91,1,18,"-3,88","0,27",98,"-6,66",96,"-0,09",92,"-0,02",74,"-0,01",75,"-0,2",97,"0,05",78,"-0,4","0,28",91,"-14,35",95
LA TRINDAD CAPITAN S PRECISION 1025 2T/E CAPITAN,IA-1058,2005,,V,IMP,,,21,527,"-0,55","0,74",11,"-3,61","0,81",94,"1,72","0,52",9,355,"-0,12",95,"-0,16",97,"-0,13",97,"0,04",51,"-0,03",34,"-14,34",96,19,394,"-1,86","0,58",88,"-5,48",93,"-0,1",92,"-0,12",96,"-0,08",90,"0,04",49,"0,01",61,"-0,52","0,72",94,"-14,5",95
F.A.S TE309,O189108,2013,,V,PO,17720,,1,22,"0,13","0,4",52,"-4,04","0,37",95,"-1,39","0,14",81,2,"-0,09",93,"0,03",58,"-0,02",78,"-0,13",93,"0,01",58,"-14,54",96,1,14,"-2,92","0,22",95,"-6,96",96,"-0,08",90,"0,02",60,0,71,"-0,11",92,"0,01",57,"-0,18","0,33",80,"-14,67",96
GAP 3105 CONDADO ENTRECOT,O121399,2007,,P,PO,2555,,1,113,"-1,48","0,7",2,"-2,3","0,68",88,"-0,65","0,28",70,63,"-0,07",89,"-0,06",86,"-0,08",91,,,"0,06",83,"-9,29",90,1,61,"-2,97","0,42",95,"-5,28",93,"-0,05",84,"-0,09",92,"-0,08",89,"-0,11",91,"0,07",84,"-1,29","0,55",99,"-14,9",96
CARUMBÉ RED BRIGADIER 1217,O136594,2009,,V,PO,269,,3,54,"0,03","0,46",43,"-5,28","0,55",97,"-2,43","0,22",93,13,"-0,05",86,"-0,03",78,"0,01",68,"-0,08",88,"-0,16",4,"-15,99",97,3,40,"-4,44","0,35",99,"-9,72",98,0,73,"0,05",51,"0,06",52,"-0,06",81,"-0,2",3,"0,05","0,36",58,"-15,21",96
RIVERBEND NONE BETTER Y095,IA-1465,2011,,P,IMP,,,2,39,"0,31","0,27",64,"-2,95","0,39",91,,,,,"-0,08",92,"-0,01",73,"-0,08",92,"-0,1",91,"-0,03",33,"-11,4",93,1,31,"-3,21","0,15",96,"-6,16",95,"-0,15",97,"-0,07",88,"-0,12",95,"-0,16",95,"-0,03",35,,,,"-15,32",96
RED WAF CACHAFAZ 351U,IA-1177,2008,,V,IMP,,,4,70,"-0,22","0,39",24,"-8,94","0,59",99,"-1,53","0,1",83,22,"0,1",36,"0,16",22,"0,08",43,"-0,05",83,"0,04",74,"-19,25",98,3,57,"-4,39","0,37",99,"-13,33",99,"0,12",32,"0,13",26,"0,1",42,"-0,09",89,"0,01",59,"-0,49","0,31",93,"-15,54",96
UMBU 252 STRYKER TEI,O79382,1999,,V,PO,99,,1,171,"-0,11","0,73",33,"-4,97","0,72",97,-2,"0,36",90,160,"-0,03",80,"-0,04",82,0,72,"-0,01",69,"0,04",76,"-14,35",96,1,133,"-5,92","0,48",99,"-10,89",99,"0,01",70,"-0,06",85,"0,05",57,"-0,03",75,"0,05",76,"0,28","0,61",37,"-15,61",96
TRES MARIAS 6743 AGUILUCHO,IA-1029,2003,,P,IMP,,,20,337,"0,54","0,76",78,"-0,25","0,78",72,"-7,89","0,45",99,218,"-0,08",91,"-0,09",91,"0,01",69,"-0,04",79,"0,08",89,"-4,58",81,18,226,"-4,76","0,52",99,"-5,01",92,"-0,14",96,"-0,12",95,"-0,07",88,"-0,13",93,"0,14",95,"-0,91","0,64",99,"-15,7",97
COLEMAN REGIS 904,IA-1215,2009,,P,IMP,,,5,58,"-1,64","0,57",2,"-4,51","0,55",96,"4,55","0,23",1,49,"-0,17",98,"-0,17",98,"-0,09",93,"-0,06",85,"-0,02",40,"-18,49",98,3,42,"-2,08","0,31",90,"-6,59",95,"-0,17",98,"-0,08",91,"-0,13",95,"-0,08",86,"-0,03",35,"0,23","0,48",40,"-16,12",97
GAP 3563 MANA DADDY,O135345,2009,,P,PO,2555,,1,155,"0,9","0,74",91,"-1,39","0,73",82,"-1,8","0,28",87,48,"-0,13",96,"-0,06",85,"-0,05",86,,,0,48,"-9,36",90,1,104,"-3,2","0,49",96,"-4,59",91,"-0,2",99,"-0,16",98,"-0,08",89,,,"0,12",94,"-0,56","0,61",95,"-16,12",97
SÃO BIBIANO CASAMU 6589,O117334,2007,,P,PO,110,,2,57,"-1,99","0,59",1,"-5,01","0,59",97,"-1,51","0,19",83,40,"-0,06",88,"-0,11",94,"-0,02",79,"-0,03",76,"-0,03",34,"-15,79",96,2,45,"-3,44","0,35",97,"-8,45",97,"-0,04",81,"-0,06",86,0,70,0,62,"-0,04",30,"-0,5","0,5",94,"-16,13",97
SANTA EULÁLIA BRIGADIER 744,O153066,2011,,P,PO,95,,2,23,"0,42","0,42",71,"-3,25","0,4",93,"-1,29","0,17",79,5,"-0,09",93,0,70,"-0,16",98,"-0,22",98,"-0,09",14,"-12,49",94,2,22,"-5,16","0,26",99,"-8,41",97,"-0,12",95,"-0,01",72,"-0,19",99,"-0,24",99,"-0,11",13,"0,26","0,34",38,"-16,35",97
CIA.AZUL TE2274 AGUILUCHO G4560,O174241,2013,,P,PO,8538,,1,24,"0,82","0,48",90,"-2,32","0,48",88,"-3,94","0,15",99,3,"-0,15",97,"-0,12",95,"-0,03",82,"-0,17",97,"0,15",98,"-12,38",94,1,16,"-2,91","0,27",94,"-5,22",92,"-0,2",99,"-0,14",97,"-0,09",91,"-0,23",98,"0,2",99,"-0,45","0,27",92,"-16,92",97
CONI ANTU JUNIOR VAQUERO 10 BAQUIANO,IA-952,2004,,P,IMP,,,8,67,"0,19","0,43",57,"-2,99","0,58",92,"2,92","0,21",3,70,"-0,19",99,"-0,11",93,"-0,08",92,"-0,06",83,"0,15",98,"-15,47",96,8,55,"-1,16","0,29",81,"-4,15",89,"-0,26",99,"-0,11",94,"-0,11",94,"-0,09",89,"0,24",99,"-0,4","0,4",91,"-17,17",98
DOMINANTE SACARIAS 105 TE,IA-972,2003,,P,IMP,,,5,47,"0,53","0,45",77,"-3,13","0,53",92,"-2,32","0,13",93,20,"-0,22",99,"-0,25",99,"-0,19",99,"-0,16",96,"0,1",93,"-17,08",97,3,40,"-2,18","0,28",90,"-5,31",93,"-0,23",99,"-0,23",99,"-0,16",98,"-0,19",97,"0,09",90,"-0,08","0,43",71,"-18,02",98
UMBU 302 BARTOLOME,O-78416,1999,,V,PO,99,,2,153,"2,76","0,73",99,"-3,09","0,71",92,"-4,29","0,36",99,109,"-0,05",86,0,71,"0,03",62,"0,04",50,0,55,"-10,6",92,2,111,"-5,93","0,49",99,"-9,02",98,"-0,09",92,"-0,04",82,0,70,"0,01",60,"0,01",56,"-0,48","0,64",93,"-18,18",98
UMBU 6076,C342696,2011,,V,PC,99,,1,28,"-0,81","0,51",6,"-6,11","0,49",98,"-2,6","0,15",95,3,"0,05",54,"-0,06",87,"0,05",54,"0,05",47,"0,06",82,"-14,16",95,1,21,"-7,63","0,28",99,"-13,73",99,"0,02",65,"-0,08",90,"0,05",57,"0,02",54,"0,08",87,"-0,08","0,41",71,"-18,58",98
TRES MARIAS 7629 DAKTARY TE DAKTARY,IA-1417,2006,,V,IMP,,,9,36,"-0,44","0,51",14,"-6,29","0,49",99,"-0,08","0,12",57,3,"0,02",67,"0,19",15,"0,19",14,"-0,24",99,"0,14",97,"-15,85",96,6,23,"-5,43","0,26",99,"-11,73",99,"0,05",56,"0,19",14,"0,23",12,"-0,26",99,"0,14",96,"-1,06","0,44",99,"-18,9",98
RANCHO ANG 028 WIDESPREAD TE RANCHERO,IA-838,2001,,P,IMP,,,7,41,"0,55","0,39",79,"-10,83","0,51",99,"1,12","0,15",16,13,"-0,11",95,"-0,13",96,"-0,11",95,"-0,1",91,"-0,11",10,"-31,74",99,5,31,"-0,55","0,3",72,"-11,38",99,"-0,05",84,"-0,07",89,"-0,09",92,"0,02",56,"-0,18",4,"-0,27","0,34",85,"-19,71",98
PAMPEANO 177 BLUE CUB 62 TINTO CABERNET,IA-962,2004,,P,IMP,,,12,250,"0,66","0,45",83,"-5,38","0,72",98,"-2,09","0,23",90,62,"-0,11",95,"-0,14",96,"-0,04",83,"-0,11",92,"0,03",67,"-18,47",98,10,126,"-5,44","0,37",99,"-10,82",99,"-0,1",92,"-0,09",92,"-0,02",78,"-0,19",97,"0,05",78,"0,09","0,43",54,"-19,89",98
RED BRUJO 1447 TELLECHEA,O150550,2011,,V,PO,18551,,4,77,"-0,47","0,59",13,"-10,25","0,59",99,"-1,73","0,11",86,2,"0,06",51,"0,09",41,"0,05",52,"-0,04",79,"0,2",99,"-24,11",99,4,61,"-4,75","0,29",99,"-14,99",99,"0,07",50,"0,1",32,"0,04",58,"-0,05",79,"0,22",99,"-0,55","0,44",95,"-19,99",99
UMBU 1728 CREDITO,O142917,2010,,V,PO,99,,2,44,"-1,25","0,56",3,"-7,29","0,54",99,"-3,79","0,21",99,18,"-0,08",92,"-0,04",81,"-0,01",74,"-0,01",67,"0,1",92,"-22,18",99,2,28,"-5,46","0,35",99,"-12,76",99,"-0,12",94,"-0,1",93,"-0,06",86,"-0,02",70,"0,13",95,"0,4","0,43",26,"-21,16",99
SOLE 805 MACANUDO 436,O162970,2012,,P,PO,11430,,2,44,,,,"-6,9","0,45",99,"1,47","0,07",11,4,"-0,19",99,"0,12",30,"-0,07",90,"-0,34",99,"0,06",83,"-25,3",99,2,41,"-2,75","0,24",93,"-9,65",98,"-0,25",99,"0,03",59,"-0,17",98,"-0,42",99,"0,04",72,"0,3","0,39",35,"-22,12",99
ALBARDÃO 131 BRIGADIER DYNAMO LCC,C308778,2009,,V,PC,436,,2,48,"-0,25","0,42",22,"-5,66","0,4",98,"-1,74","0,18",86,18,"-0,1",94,"-0,01",74,"-0,06",88,"-0,11",92,"-0,03",34,"-18,73",98,2,15,"-5,47","0,23",99,"-11,14",99,"-0,14",96,"-0,02",77,"-0,08",91,"-0,13",94,"-0,03",34,"-0,37","0,27",90,"-22,38",99
ALICIA BEATRIZ 941 PASTOR TE REFERENTE,IA-1399,2007,,V,IMP,,,6,24,"-1,65","0,37",2,"-5,66","0,36",98,"0,79","0,12",23,5,"-0,19",99,"-0,16",97,"-0,13",97,"-0,27",99,"0,16",99,"-22,18",99,4,15,"-3,28","0,2",96,"-8,94",98,"-0,18",98,"-0,14",97,"-0,1",93,"-0,32",99,"0,17",98,"-0,83","0,26",99,"-23,5",99
DUFF TARGET 033,IA-1335,2010,,P,IMP,,,3,24,"0,23","0,4",60,"-6,14","0,4",98,"-0,04","0,03",56,6,"-0,18",99,"0,18",17,"0,01",67,"-0,36",99,"-0,09",13,"-22,86",99,3,23,"-4,63","0,22",99,"-10,77",99,"-0,17",98,"0,17",17,"0,03",64,"-0,39",99,"-0,14",8,"-0,26","0,32",85,"-23,73",99
PAMPEANO 1283 DAKTARY 594 BRUJO MELINCUE,IA-1639,2012,,V,IMP,,T,2,30,"0,02","0,19",42,"-8,63","0,42",99,,,,,"-0,04",83,"0,13",28,"0,03",60,"-0,28",99,"0,25",99,"-23,81",99,1,12,"-5,19","0,18",99,"-13,82",99,"-0,02",77,"0,13",26,"0,04",60,"-0,29",99,"0,26",99,-1,"0,23",99,"-24,04",99
EL ABRA HAYMOUNT 4022,IA-926,1996,,P,IMP,,,4,166,"-1,95","0,51",1,"-4,89","0,66",97,"2,5","0,26",4,85,"-0,16",98,"-0,04",81,"-0,05",86,"-0,36",99,"0,08",88,"-19,23",98,5,88,"-7,28","0,33",99,"-12,17",99,"-0,19",99,"-0,09",91,"-0,08",90,"-0,34",99,"0,1",90,"-0,42","0,45",92,"-26,69",99
BURITÍ,O83871,2001,,V,PO,8534,,4,37,"-0,15","0,41",29,"-4,99","0,47",97,"0,59","0,11",27,6,"-0,3",99,"-0,42",99,"-0,3",99,"-0,38",99,"0,06",82,"-24,5",99,3,28,"-3,64","0,23",97,"-8,64",98,"-0,35",99,"-0,43",99,"-0,33",99,"-0,41",99,"0,07",83,"-0,4","0,21",91,"-27,47",99
CATANDUVA 1168 QUEBRANTO 1802-1897,O114731,2006,,V,PO,16417,,3,57,"1,47","0,46",98,"-11,7","0,46",99,"1,44","0,06",12,10,"-0,24",99,"-0,33",99,"-0,31",99,"-0,15",95,"0,13",96,"-38,86",99,3,45,"-3,89","0,18",98,"-15,59",99,"-0,25",99,"-0,28",99,"-0,32",99,"-0,17",96,"0,13",95,"-0,94","0,26",99,"-34,79",99
