nome_touro,registro,ano_nasc,var_mocha,pelagem,categoria,criador_codigo,fornecedor_semen_cod,reb_desm,nf_desm,pn_dep,pn_acuracia,pn_percentil,gnd_direto_dep,gnd_direto_acuracia,gnd_direto_percentil,gnd_materno_dep,gnd_materno_acuracia,gnd_materno_percentil,netos,conformacao_desm_dep,conformacao_desm_percentil,precocidade_desm_dep,precocidade_desm_percentil,musculatura_desm_dep,musculatura_desm_percentil,tamanho_desm_dep,tamanho_desm_percentil,pelame_desm_dep,pelame_desm_percentil,indice_desmama,indice_desmama_percentil,reb_sobreano,nf_sobreano,gds_dep,gds_acuracia,gds_percentil,gns_dep,gns_percentil,conformacao_sobr_dep,conformacao_sobr_percentil,precocidade_sobr_dep,precocidade_sobr_percentil,musculatura_sobr_dep,musculatura_sobr_percentil,tamanho_sobr_dep,tamanho_sobr_percentil,pelame_sobr_dep,pelame_sobr_percentil,perimetro_escrotal_dep,perimetro_escrotal_acuracia,perimetro_escrotal_percentil,indice_final,indice_final_percentil
SANTA JOANA 2654,427414,2018,,P,PC,15398,,1,37,"0,64","0,50",80,"13,06","0,48",2,,,,0,"0,36",3,"0,40",2,"0,37",2,"0,13",32,"-0,21",3,"39,00",2,,0,"5,97","0,28",17,"19,03",4,"0,35",4,"0,42",2,"0,39",3,"0,13",31,"-0,20",4,"0,04","0,34",66,"32,53",4
JF PIRATINIZINHO 347,412677,2017,,P,PC,18778,,1,62,"1,96","0,54",99,"8,65","0,52",9,,,,0,"0,39",1,"0,46",1,"0,37",2,"0,23",11,"-0,15",7,"30,42",5,1,18,"6,10","0,34",16,"14,75",10,"0,41",2,"0,44",1,"0,39",3,"0,26",9,"-0,13",12,"1,04","0,40",6,"32,35",4
EXAR UPSHOT 0562B,IA1440,2010,,P,IA,15614,,5,36,"0,68","0,37",82,"8,39","0,45",10,"2,79","0,05",7,8,"0,23",15,"0,16",32,"0,12",45,"0,33",3,"0,02",66,"24,35",10,5,25,"10,33","0,30",3,"18,72",4,"0,28",10,"0,14",34,"0,14",42,"0,36",3,"-0,00",52,"0,99","0,34",7,"31,92",5
CANTÃO,417039,2017,,P,PC,20397,,1,43,"0,01","0,52",38,"7,44","0,50",15,,,,0,"0,30",6,"0,16",31,"0,17",26,"0,26",7,"-0,09",19,"24,47",10,1,13,"9,00","0,30",5,"16,44",7,"0,40",3,"0,24",13,"0,26",14,"0,35",3,"-0,08",25,"0,63","0,29",21,"31,49",5
LD EMBLAZON 999 EMBLAZON 999,IA1705,2009,,P,IA,15614,,7,82,"-0,35","0,63",17,"8,19","0,62",11,"1,95","0,10",15,2,"0,38",2,"0,44",2,"0,24",12,"0,00",72,"-0,15",7,"29,09",5,7,57,"9,28","0,46",4,"17,47",6,"0,39",3,"0,40",2,"0,29",10,"0,08",44,"-0,16",7,"-0,63","0,49",97,"30,70",5
GAP 6363,224571,2018,,P,PO,2555,,2,46,"-0,30","0,55",19,"5,33","0,53",31,,,,0,"0,26",10,"0,08",54,"0,11",49,"0,10",39,"0,08",87,"18,56",21,,0,"10,77","0,27",2,"16,10",8,"0,32",6,"0,21",19,"0,15",39,,,,,"1,10","0,33",4,"30,69",5
TRADIÇÃO 2541,426981,2018,,P,PC,3638,,1,31,"0,22","0,48",53,"10,80","0,47",4,,,,0,"0,29",7,"0,36",3,"0,48",1,"0,11",36,"-0,00",54,"31,63",4,,0,"6,77","0,26",12,"17,57",5,"0,28",10,"0,34",4,"0,51",1,,,"0,01",59,"0,68","0,33",18,"30,34",5
TRADIÇÃO T73,190739,2015,,P,PO,3638,,2,54,"0,40","0,55",66,"9,25","0,59",7,"1,62","0,17",21,3,"0,31",6,"0,22",18,"0,26",10,"0,31",4,"0,04",72,"28,81",6,2,43,"7,66","0,46",8,"16,92",6,"0,25",15,"0,14",33,"0,23",21,"0,31",5,"0,05",78,"0,95","0,53",8,"30,33",5
SAV 654X RAINMASTER 6849,IA1979,2016,,P,IA,20402,,4,61,"0,43","0,61",67,"7,24","0,60",16,,,,0,"0,31",5,"0,33",5,"0,20",20,"0,02",68,"-0,27",1,"24,70",9,4,38,"7,72","0,44",8,"14,96",10,"0,34",5,"0,29",8,"0,16",37,"0,06",52,"-0,26",2,"1,07","0,49",5,"30,24",6
SAV THRIVE 5054,IA1897,2015,,P,IA,20402,,2,47,"0,53","0,45",74,"7,75","0,56",14,"-0,59","0,18",71,3,"0,31",6,"0,33",5,"0,31",5,"0,06",51,"-0,09",17,"25,52",8,2,26,"6,50","0,42",13,"14,25",11,"0,33",5,"0,36",4,"0,37",3,"0,02",64,"-0,11",17,"1,12","0,47",4,"29,12",6
SANTA JOANA 2370,408372,2016,,P,PC,15398,,1,22,"0,21","0,47",52,"8,79","0,46",8,,,,0,"0,23",15,"0,21",21,"0,09",58,,,"-0,08",23,"25,21",9,1,13,"9,97","0,34",3,"18,76",4,"0,33",6,"0,23",14,"0,14",44,,,"-0,10",18,"-0,31","0,38",89,"29,11",6
CONNEALY RIGHT ANSWER 746,IA1239,2007,,P,IA,,,12,152,"-0,30","0,54",19,"5,11","0,63",34,"2,55","0,21",8,23,"0,22",16,"0,06",62,"0,09",57,"0,27",7,"-0,01",47,"16,93",26,8,36,"10,43","0,45",3,"15,54",9,"0,35",4,"0,12",40,"0,14",43,"0,37",2,"-0,06",33,"0,78","0,50",14,"28,90",6
SANTA THEREZA 2799,384203,2014,,P,PC,3108,,1,94,"-0,20","0,64",24,"11,96","0,62",3,"3,23","0,11",4,8,"0,08",60,"0,16",32,"0,04",70,"-0,03",80,"-0,12",12,"27,29",7,1,36,"9,10","0,40",5,"21,06",3,"0,10",54,"0,14",35,"0,08",61,"-0,03",78,"-0,13",12,"1,06","0,30",5,"28,54",7
SÃO XAVIER 1826 JACARTA TE,184891,2014,,P,PO,508,,1,47,"0,57","0,51",76,"6,68","0,56",20,"0,45","0,20",44,5,"0,26",11,"0,23",17,"0,34",3,"0,14",29,"-0,07",24,"21,50",15,1,39,"9,91","0,44",3,"16,59",7,"0,28",11,"0,21",17,"0,41",3,"0,15",25,"-0,07",28,"0,42","0,53",35,"28,43",7
COLEMAN CHARLO 0256,IA1853,2010,,P,IA,22488,,14,83,"-0,10","0,64",30,"8,56","0,64",9,"1,61","0,08",21,8,"0,31",5,"0,55",1,"0,42",1,"-0,04",84,"-0,14",8,"27,57",6,8,38,"5,21","0,44",23,"13,77",13,"0,32",6,"0,47",1,"0,41",2,"-0,07",88,"-0,19",5,"1,11","0,52",4,"28,26",7
REDBAR D168 NET WORTH G466 MATRIX,220892,2017,,P,PO,9271,,1,22,"2,35","0,46",99,"8,95","0,45",8,,,,0,"0,35",3,"0,32",6,"0,26",10,"0,37",2,"-0,01",51,"29,60",5,1,22,"5,76","0,36",18,"14,71",11,"0,36",4,"0,20",19,"0,26",15,"0,43",2,"0,02",62,"0,05","0,44",66,"27,84",7
RINCON 0902 DEL SARANDY EL SAYCAN,112469,2005,,P,PO,7287,T,24,357,"0,09","0,78",44,"9,53","0,79",7,"4,33","0,50",1,307,"0,27",9,"0,18",27,"0,19",22,"0,26",7,"-0,22",2,"28,27",6,21,259,"6,21","0,68",15,"15,74",9,"0,30",8,"0,17",27,"0,15",39,"0,32",4,"-0,18",6,"0,38","0,70",38,"27,35",7
BIGUÁ 6463 DENSITY TE,184691,2014,,P,PO,18474,,1,254,"-0,51","0,56",12,"9,43","0,54",7,"0,11","0,20",50,7,"0,34",3,"0,33",5,"0,42",1,"0,24",9,"-0,07",23,"30,48",4,1,187,"2,89","0,42",45,"12,33",18,"0,38",3,"0,32",5,"0,47",1,"0,25",10,"-0,10",19,"0,83","0,42",12,"27,10",7
BUFORD BLUESTEM 9974,IA1282,2009,,P,IA,17737,,12,183,"-0,07","0,72",32,"5,75","0,72",28,"2,74","0,31",7,64,"0,29",7,"0,30",7,"0,17",27,"0,24",9,"-0,22",2,"20,50",17,11,106,"7,76","0,57",8,"13,51",14,"0,35",4,"0,40",2,"0,21",23,"0,25",10,"-0,25",2,"0,59","0,62",24,"27,02",8
SAV SEEDSTOCK 4838,IA1313,2014,,P,IA,20402,,2,23,"0,93","0,47",90,"7,93","0,46",13,,,,0,"0,29",7,"0,24",15,"0,19",22,"0,25",8,"-0,13",10,"25,39",9,2,18,"6,15","0,38",15,"14,08",12,"0,34",5,"0,26",10,"0,19",28,"0,32",5,"-0,16",8,"0,41","0,37",36,"26,68",8
HOOVER DAM,IA1514,2008,,P,IA,21143,,2,32,"-0,13","0,44",28,"6,07","0,43",25,"1,40","0,05",25,3,"0,12",47,"0,09",51,"0,07",63,"-0,01",77,"-0,10",15,"15,49",30,2,20,"9,56","0,27",4,"15,63",9,"0,19",28,"0,16",29,"0,15",39,"0,05",54,"-0,11",17,"1,68","0,32",1,"26,64",8
SANTA THEREZA 2773,384237,2014,,P,PC,3108,,1,20,"-0,23","0,48",22,"10,00","0,46",6,"1,59","0,20",22,7,"0,24",12,"0,23",16,"0,26",9,"0,19",18,"-0,01",48,"28,40",6,1,8,"6,21","0,34",15,"16,21",8,"0,23",18,"0,14",33,"0,27",12,"0,20",17,"-0,01",50,"0,51","0,34",29,"26,62",8
TRADIÇÃO T120 GUAPO,221988,2018,,P,PO,3638,P,2,24,"0,58","0,44",76,"7,74","0,50",14,,,,0,"0,33",4,"0,17",28,"0,26",10,"0,09",43,"0,13",96,"26,33",8,,0,"4,47","0,33",29,"12,20",19,"0,33",5,"0,17",26,"0,30",8,"0,10",39,"0,13",94,"0,98","0,40",7,"26,57",8
REDBAR NET WORTH D168 FINAL ANSWER,183971,2014,,P,PO,9271,,1,36,"2,23","0,51",99,"5,19","0,51",33,"2,03","0,19",14,2,"0,37",2,"0,36",3,"0,33",4,"0,28",6,"0,03",67,"22,14",14,1,26,"4,98","0,42",25,"10,17",27,"0,40",3,"0,32",6,"0,36",4,"0,33",4,"0,02",63,"0,98","0,47",7,"26,56",8
BASIN RAINMAKER 4404,IA1963,2014,,P,IA,22579,,3,26,"0,29","0,44",59,"8,15","0,43",12,,,,0,"0,25",12,"0,22",19,"-0,03",87,"0,39",2,"-0,12",11,"24,54",10,1,8,"5,79","0,24",18,"13,94",12,"0,27",12,"0,22",16,"-0,04",87,"0,38",2,"-0,15",10,"1,11","0,28",4,"26,52",8
SITZ UPWARD 307R,IA1046,2005,,P,IA,,,17,152,"0,03","0,66",40,"7,86","0,70",13,"4,44","0,22",1,43,"0,24",12,"0,11",47,"0,10",54,"0,32",3,"0,06",82,"23,62",12,13,98,"6,37","0,53",14,"14,23",12,"0,29",10,"0,09",48,"0,12",49,"0,34",4,"0,04",73,"0,87","0,58",10,"26,39",9
SANTO ANTÃO NET WORTH 843,178023,2014,,P,PO,14982,,2,26,"1,46","0,48",98,"8,98","0,50",8,"-0,30","0,21",65,8,"0,32",5,"0,27",11,"0,27",8,,,"-0,04",37,"28,63",6,2,16,"5,65","0,37",19,"14,63",11,"0,31",7,"0,22",16,"0,29",9,,,"-0,05",35,"0,05","0,42",65,"26,24",9
VPJ BLACK DOTTY N.WORTH,154528,2012,,P,PO,8629,,2,36,"0,35","0,49",63,"5,03","0,48",34,,,,0,"0,30",6,"0,24",16,"0,22",16,"0,17",21,"-0,08",21,"19,24",19,2,18,"8,30","0,35",6,"13,33",15,"0,33",6,"0,20",20,"0,23",20,"0,22",14,"-0,07",28,"0,37","0,39",39,"26,18",9
HXC BIG IRON 0024X,IA1659,2010,,V,IA,15614,A,5,28,"0,60","0,47",77,"8,63","0,47",9,"0,73","0,07",38,1,"0,08",62,"0,17",29,"0,13",43,"0,07",49,"-0,06",28,"19,77",18,5,26,"9,74","0,36",4,"18,36",5,"0,15",38,"0,13",35,"0,21",25,"0,11",37,"-0,05",34,"0,91","0,42",9,"26,10",9
EF COMPLEMENT 8088,IA1389,2008,,P,IA,17737,,22,379,"-0,52","0,79",12,"4,75","0,79",37,"2,73","0,38",7,133,"0,10",52,"0,07",60,"-0,04",88,"0,13",32,"-0,03",40,"12,12",41,21,317,"11,72","0,68",1,"16,48",7,"0,34",5,"0,26",11,"0,14",43,"0,27",7,"-0,09",22,"0,16","0,73",57,"26,02",9
TRADIÇÃO 2064,372387,2013,,P,PC,3638,,2,40,"0,50","0,43",72,"7,22","0,56",16,"1,05","0,19",32,4,"0,22",16,"0,10",47,"0,11",48,,,"-0,04",37,"21,48",15,2,38,"8,17","0,45",6,"15,39",9,"0,25",16,"0,16",30,"0,13",46,,,"-0,05",36,"0,54","0,51",27,"25,97",9
S2 GAR INTEGRITY 13036 WORTH 4200,168534,2013,,P,PO,6667,,3,37,"-0,01","0,56",37,"8,28","0,58",11,"0,79","0,24",37,16,"0,32",4,"0,32",5,"0,24",12,"0,25",9,"-0,12",12,"27,32",7,3,25,"5,42","0,44",20,"13,71",13,"0,38",3,"0,27",10,"0,30",9,"0,22",14,"-0,11",15,"-0,23","0,48",86,"25,81",9
SOSSEGO 109P,208384,2016,,P,PO,14764,,1,33,"0,59","0,46",77,"7,65","0,47",14,,,,0,"0,13",43,"0,13",40,"0,21",17,"0,12",32,"-0,19",4,"19,26",19,1,16,"9,31","0,34",4,"16,97",6,"0,22",20,"0,22",16,"0,26",15,"0,18",21,"-0,18",6,"0,58","0,36",24,"25,77",9
SAV REIGN 6845,IA1941,2016,,P,IA,20402,,16,164,"0,59","0,68",77,"7,30","0,70",16,,,,0,"0,19",23,"0,22",18,"0,17",28,"0,07",49,"-0,11",14,"20,71",17,11,78,"6,82","0,51",12,"14,12",12,"0,26",14,"0,24",13,"0,20",27,"0,11",38,"-0,18",6,"1,18","0,58",3,"25,76",9
NERO VALLEY DA RIO DA PAZ TE,187605,2014,,P,PO,15956,,3,36,"0,38","0,50",65,"3,88","0,55",46,"1,55","0,17",22,17,"0,15",35,"0,12",41,"0,14",39,"0,12",34,"-0,12",12,"11,71",42,1,14,"10,47","0,39",2,"14,35",11,"0,27",13,"0,17",25,"0,21",24,"0,21",15,"-0,15",10,"1,07","0,47",5,"25,64",10
CONNEALY LEGENDARY 644L,IA1922,2016,,P,IA,22305,M,13,146,"-1,30","0,67",3,"8,35","0,66",10,"1,44","0,07",24,1,"0,24",13,"0,23",18,"0,13",41,"0,33",3,"-0,12",13,"24,60",10,10,111,"6,10","0,50",16,"14,44",11,"0,27",12,"0,23",14,"0,12",51,"0,28",7,"-0,12",14,"0,64","0,56",20,"25,64",10
RINCON CRAQUE 1373 DEL SARANDY,127588,2008,,V,PO,7287,,4,48,"0,95","0,56",90,"8,48","0,58",10,"-3,04","0,26",97,25,"0,23",15,"0,07",59,"0,26",10,"0,18",20,"-0,04",37,"24,46",10,4,38,"6,89","0,46",11,"15,37",9,"0,29",9,"0,09",49,"0,34",5,"0,22",14,"-0,05",35,"0,17","0,51",56,"25,55",10
EF AUTHENTIC 0829,IA1368,2010,,P,IA,16477,,11,93,"-0,67","0,58",9,"6,70","0,63",20,"3,08","0,16",5,10,"0,10",54,"0,20",22,"0,10",54,"0,05",57,"-0,19",4,"16,20",28,9,73,"12,23","0,49",1,"18,93",4,"0,17",32,"0,28",9,"0,17",32,"0,14",30,"-0,24",2,"-0,02","0,55",71,"25,37",10
CANTÃO,425314,2018,,P,PC,20397,,1,25,"0,49","0,46",71,"8,98","0,44",8,,,,0,"0,28",7,"0,31",7,"0,20",20,"0,24",10,"-0,06",27,"27,53",6,,0,"4,44","0,25",30,"13,42",14,"0,29",10,"0,29",7,"0,25",16,"0,20",16,"-0,06",32,"0,61","0,30",23,"25,27",10
SANTA JOANA 2726,427466,2018,,P,PC,15398,,1,30,"0,97","0,48",91,"8,12","0,46",12,,,,0,"0,30",6,"0,26",12,"0,16",31,"0,15",26,"-0,12",10,"26,13",8,,0,"6,45","0,23",14,"14,56",11,"0,33",5,"0,26",10,"0,17",33,"0,16",23,"-0,15",10,"-0,37","0,29",92,"25,23",10
SANTA JOANA 1866,362713,2012,,P,PC,15398,,2,99,"0,94","0,67",90,"5,63","0,66",29,"6,56","0,27",1,48,"0,34",3,"0,40",2,"0,35",3,,,"-0,25",1,"22,03",14,1,80,"6,97","0,53",11,"12,60",17,"0,41",2,"0,48",1,"0,41",2,,,"-0,26",2,"-0,44","0,59",93,"25,20",10
CIA.AZUL 4152 WOLF GAITEIRO,209334,2017,,P,PO,8538,,1,52,"-0,58","0,55",10,"10,66","0,54",4,,,,0,"0,29",7,"0,06",61,"0,16",31,"0,28",6,"-0,09",20,"31,29",4,1,6,"2,87","0,33",46,"13,54",14,"0,23",19,"-0,01",80,"0,11",52,"0,17",22,"-0,13",12,"0,99","0,37",7,"25,17",10
ALC BIG EYE D09N,IA853,2003,,P,IA,27149,M,4,50,"-0,25","0,61",22,"2,20","0,58",62,"6,01","0,28",1,96,"0,17",28,"0,06",61,"0,10",54,"0,36",2,"-0,30",1,"8,86",51,2,35,"12,71","0,45",1,"14,91",10,"0,27",12,"0,15",31,"0,17",34,"0,45",1,"-0,27",1,"0,30","0,51",44,"25,05",10
RANGER BEST INTEREST DA RIO DA PAZ TE,200608,2015,,P,PO,15956,,1,31,"0,69","0,55",82,"8,94","0,55",8,"1,07","0,15",31,1,"0,21",18,"-0,04",87,"0,13",43,"0,43",1,"-0,13",10,"24,95",9,1,28,"5,64","0,43",19,"14,58",11,"0,24",17,"0,00",75,"0,14",45,"0,45",1,"-0,10",18,"0,70","0,52",17,"24,80",11
GAP D061,331573,2011,,V,PC,2555,,2,198,"1,06","0,75",93,"5,25","0,74",32,"1,42","0,37",25,54,"0,34",3,"0,24",15,"0,14",40,,,"-0,17",5,"21,30",15,2,148,"6,50","0,62",13,"11,75",21,"0,39",3,"0,24",13,"0,17",33,,,"-0,19",5,"-0,14","0,66",80,"24,69",11
GAR ASHLAND,IA1912,2015,,P,IA,23201,,4,45,"0,12","0,33",47,"6,91","0,46",18,,,,0,"0,23",15,"0,24",16,"0,15",35,"0,27",7,"-0,06",27,"21,05",16,3,37,"5,75","0,33",18,"12,66",17,"0,25",15,"0,28",9,"0,18",31,"0,29",6,"-0,09",21,"1,20","0,39",3,"24,63",11
CANTÃO,425311,2018,,V,PC,20397,,1,26,"0,38","0,47",65,"7,49","0,45",15,,,,0,"0,31",5,"0,30",8,"0,25",11,"0,31",4,"-0,07",24,"25,10",9,1,21,"4,80","0,35",27,"12,29",18,"0,26",13,"0,24",13,"0,25",16,"0,27",8,"-0,07",29,"0,75","0,30",16,"24,60",11
S2 PREDESTINED 1430 GREAT DIVIDE,177948,2014,,P,PO,6667,,1,32,"0,78","0,36",87,"10,46","0,54",5,"0,49","0,16",43,3,"0,27",9,"0,20",22,"0,28",7,"0,29",6,"-0,10",17,"30,22",5,1,18,"4,19","0,39",32,"14,66",11,"0,24",18,"0,17",27,"0,27",13,"0,31",5,"-0,12",15,"0,28","0,43",46,"24,55",11
TRADIÇÃO T68,190734,2015,,P,PO,3638,,10,192,"1,26","0,72",96,"8,77","0,74",9,"1,26","0,34",27,2,"0,31",6,"0,26",12,"0,38",2,"0,16",25,"0,12",94,"27,76",6,8,129,"2,76","0,62",47,"11,53",21,"0,26",13,"0,19",21,"0,38",3,"0,15",26,"0,14",96,"1,17","0,66",3,"24,43",11
QUIRÍ M060,343770,2010,,V,PC,92,,2,25,"0,77","0,46",86,"7,88","0,45",13,"2,03","0,13",14,3,"0,20",21,"0,21",21,"0,12",46,"0,13",31,"0,00",56,"22,29",14,1,17,"6,36","0,33",14,"14,24",12,"0,21",22,"0,14",35,"0,14",43,"0,20",17,"-0,01",52,"0,85","0,34",11,"24,28",11
CANTÃO,417098,2017,,P,PC,20397,,1,32,"0,55","0,47",74,"8,82","0,47",8,,,,0,"0,27",9,"0,23",16,"0,29",6,"0,23",11,"-0,10",15,"26,54",7,1,27,"4,84","0,35",26,"13,67",14,"0,24",17,"0,23",15,"0,27",12,"0,25",10,"-0,11",16,"0,52","0,33",28,"24,27",11
PAMPEANO 1971 LUCIDO 668 PREDOMINANT,216315,2016,,P,PO,23219,,6,120,"0,48","0,67",70,"7,75","0,67",13,,,,0,"0,30",6,"0,30",7,"0,29",6,"0,06",53,"0,05",75,"25,43",9,5,70,"5,52","0,47",20,"13,28",15,"0,25",16,"0,29",8,"0,32",7,"0,07",49,"0,05",75,"0,32","0,51",43,"24,16",11
SAV REAL PERFORMANCE 4876,IA1726,2014,,P,IA,10379,,12,130,"0,49","0,68",71,"4,51","0,69",39,"-1,32","0,25",82,31,"0,24",13,"0,04",69,"0,03",75,"0,08",45,"0,03",72,"16,08",28,12,107,"7,68","0,55",8,"12,19",19,"0,31",7,"0,15",31,"0,09",57,"0,12",34,"0,03",68,"0,63","0,61",21,"24,13",12
TRADIÇÃO 2005,372393,2013,,P,PC,3638,,1,130,"0,14","0,65",48,"7,56","0,66",14,"-0,35","0,27",67,36,"0,30",6,"0,16",32,"0,27",8,"0,29",5,"-0,10",16,"24,84",9,1,115,"5,87","0,55",18,"13,43",14,"0,24",17,"0,16",30,"0,26",14,"0,31",5,"-0,11",16,"0,27","0,48",48,"24,11",12
STEVENSON TURNING POINT,IA1877,2016,,P,IA,22839,,2,29,"-1,07","0,46",4,"11,21","0,44",4,,,,0,"0,07",63,"0,08",55,"0,14",36,"0,09",42,"-0,08",21,"25,38",9,2,18,"8,77","0,27",5,"19,98",3,"0,08",62,"0,09",49,"0,16",38,"0,07",48,"-0,11",18,"0,06","0,29",65,"24,04",12
GMRA PEACEMAKER 1216 PEACEMAKER,IA1444,2011,,V,IA,13096,,4,104,"0,35","0,27",63,"6,04","0,50",25,"-0,21","0,01",64,1,"0,21",19,"0,16",31,"0,19",21,"-0,03",81,"-0,09",18,"18,41",21,4,71,"7,16","0,34",10,"13,20",15,"0,23",18,"0,14",33,"0,19",29,"-0,03",78,"-0,09",20,"0,86","0,36",11,"23,80",12
BALDRIDGE BRONC,IA1867,2015,,P,IA,22483,M,3,26,"-0,45","0,45",14,"6,50","0,44",21,,,,0,"0,10",54,"0,06",60,"0,09",56,"0,10",38,"-0,05",33,"15,81",29,2,19,"10,01","0,31",3,"16,50",7,"0,15",37,"0,11",43,"0,14",42,"0,08",45,"-0,09",22,"0,55","0,36",27,"23,60",12
SCHIEFELBEIN RHOMBUS 4937 RHOMBUS,IA1989,2017,,P,IA,23503,,3,21,"0,25","0,37",56,"9,99","0,42",6,,,,0,"0,11",50,"0,07",58,"0,19",21,"0,36",2,"-0,11",14,"23,83",11,2,16,"9,45","0,34",4,"19,44",4,"0,09",58,"0,08",51,"0,23",21,"0,37",3,"-0,15",10,"-0,26","0,35",87,"23,58",12
CONNEALY FINAL PRODUCT,IA1220,2007,,P,IA,,,8,225,"0,34","0,71",62,"7,34","0,72",16,"3,75","0,21",2,26,"0,25",11,"0,18",27,"0,21",18,"0,26",7,"0,08",86,"22,76",13,8,185,"6,12","0,59",16,"13,46",14,"0,26",13,"0,12",41,"0,14",42,"0,23",12,"0,10",89,"0,20","0,69",53,"23,46",13
BIGUÁ 6679 HEAVY HITTER TE,187081,2015,,P,PO,18474,,3,120,"1,32","0,66",97,"6,41","0,66",22,"-4,17","0,25",99,22,"0,26",10,"0,05",66,"0,15",34,"-0,04",83,"0,16",98,"21,00",16,3,93,"3,90","0,53",35,"10,31",26,"0,28",11,"0,03",67,"0,21",24,"-0,03",79,"0,19",99,"1,43","0,59",1,"23,43",13
GAP 3867,144521,2010,,P,PO,2555,,2,42,"0,34","0,57",62,"2,91","0,58",55,"0,68","0,27",39,59,"0,15",36,"0,19",24,"0,15",34,"0,18",19,"-0,06",26,"9,48",49,2,27,"9,07","0,44",5,"11,98",20,"0,27",11,"0,23",14,"0,27",12,"0,20",16,"-0,14",11,"1,21","0,43",3,"23,35",13
SS OBJECTIVE T510 0T26,IA1225,2000,,P,IA,,,2,47,"0,14","0,58",48,"10,71","0,56",4,"0,18","0,20",48,50,"0,14",37,"0,17",29,"-0,02",85,"0,28",6,"-0,21",3,"26,57",7,2,44,"5,72","0,44",19,"16,43",7,"0,11",53,"0,12",38,"-0,07",92,"0,28",7,"-0,22",3,"0,73","0,46",16,"23,29",13
SOLÉ 1474 NACHO LIDER,216365,2018,,P,PO,11430,,1,22,,,,"6,68","0,39",20,,,,0,"0,24",13,"0,32",6,"0,28",7,"0,22",12,"-0,17",6,"21,00",16,,0,"3,78","0,22",36,"10,46",26,"0,28",11,"0,33",5,"0,36",4,"0,23",12,"-0,22",3,"1,46","0,30",1,"23,27",13
RAML RANGEFINDER 7536 RANGEFINDER,IA1981,2017,,P,IA,23492,A,1,24,"0,19","0,44",52,"8,31","0,43",11,,,,0,"0,18",25,"0,08",56,"0,14",37,"0,27",7,"-0,23",2,"22,65",13,1,17,"7,79","0,29",7,"16,10",8,"0,26",14,"0,13",38,"0,20",27,"0,28",7,"-0,22",3,"-0,52","0,28",95,"23,25",13
MOHNEN SOUTH DAKOTA 402 DAKOTA,IA1519,2012,,P,IA,16783,,21,288,"0,67","0,70",81,"8,24","0,74",11,"1,01","0,29",33,88,"0,25",11,"0,20",21,"0,20",20,"0,23",10,"-0,01",50,"24,88",9,17,199,"5,08","0,61",24,"13,31",15,"0,26",14,"0,18",24,"0,23",19,"0,20",16,"0,01",60,"0,23","0,69",51,"23,18",13
CANTÃO,425272,2018,,P,PC,20397,,1,33,"-0,27","0,49",20,"9,06","0,48",8,,,,0,"0,24",13,"0,20",23,"0,25",11,"0,16",24,"-0,09",19,"26,18",8,1,10,"4,66","0,31",27,"13,73",13,"0,22",20,"0,18",24,"0,27",13,"0,14",28,"-0,13",13,"0,43","0,30",34,"23,15",13
GAP FIV4611,185552,2013,,P,PO,2555,,2,53,"-0,20","0,62",25,"6,35","0,61",22,"0,25","0,28",47,2,"0,33",4,"0,21",21,"0,11",49,,,"-0,23",2,"23,30",12,2,43,"3,50","0,50",39,"9,85",29,"0,37",3,"0,15",30,"0,09",57,,,"-0,26",2,"0,44","0,56",34,"23,14",13
CHALÉ U754,195883,2016,,P,PO,10385,,2,33,"0,74","0,43",85,"7,99","0,42",12,,,,0,"0,07",63,"0,15",33,"0,11",48,"0,08",46,"-0,01",48,"18,26",22,2,23,"8,84","0,33",5,"16,83",7,"0,16",36,"0,18",23,"0,15",39,"0,09",42,"-0,00",52,"0,46","0,40",32,"23,10",13
GAP T001/17,415498,2017,,P,PC,2555,,1,29,"-0,48","0,52",13,"5,38","0,50",31,,,,0,"0,20",19,"0,24",15,"0,21",17,"0,25",9,"-0,08",22,"16,90",26,1,2,"8,35","0,33",6,"13,72",13,"0,26",14,"0,23",15,"0,23",18,"0,26",9,"-0,11",16,"0,14","0,36",58,"23,02",14
SAV PEACE OF MIND 5070,IA917,2005,,P,IA,,,4,40,"1,04","0,58",92,"4,61","0,57",38,"3,26","0,23",4,63,"0,30",6,"0,12",41,"0,13",40,"0,32",4,"-0,08",22,"18,44",21,4,30,"5,88","0,44",18,"10,50",25,"0,29",9,"0,06",57,"0,09",56,"0,32",4,"-0,15",10,"0,70","0,46",18,"23,00",14
SAV BRUISER 9164,IA1195,2009,,P,IA,,,10,87,"-0,46","0,63",13,"7,12","0,64",17,"1,08","0,28",31,38,"0,28",8,"0,24",16,"0,21",17,"0,14",27,"-0,10",16,"23,34",12,7,65,"4,12","0,50",32,"11,24",23,"0,36",4,"0,26",11,"0,30",8,"0,16",24,"-0,13",12,"0,23","0,57",50,"22,99",14
SAV ANGUS VALLEY 1867,IA1372,2011,,P,IA,20353,,42,500,"-0,95","0,80",5,"4,49","0,82",40,"2,33","0,47",11,264,"0,12",45,"0,09",52,"0,06",64,"0,13",32,"-0,13",10,"12,15",40,34,370,"9,24","0,72",4,"13,73",13,"0,20",25,"0,16",29,"0,13",45,"0,22",14,"-0,13",13,"1,00","0,79",7,"22,97",14
LEACHMAN FIELD DAY A614N,IA814,2003,,V,IA,,M,29,452,"-0,08","0,72",31,"8,18","0,81",11,"-0,12","0,52",55,266,"0,23",15,"0,13",39,"0,19",23,"0,21",13,"-0,05",33,"23,84",11,24,281,"4,69","0,70",27,"12,87",16,"0,27",12,"0,17",27,"0,20",26,"0,23",12,"-0,04",38,"0,45","0,75",33,"22,92",14
CONSENSUS 3002 TELLECHEA,211134,2017,,P,PO,18551,,1,31,"-2,24","0,50",1,"9,89","0,49",6,,,,0,"0,16",32,"0,28",9,"0,16",32,"0,06",50,"-0,11",14,"25,35",9,,0,"5,96","0,30",17,"15,85",8,"0,13",45,"0,24",14,"0,12",49,"0,03",59,"-0,11",16,"0,51","0,34",29,"22,87",14
SAV BRAND NAME 9115 BRAND NAME,IA1235,2009,,P,IA,,,20,152,"0,49","0,70",71,"7,01","0,74",18,"2,92","0,43",6,205,"0,31",5,"0,32",6,"0,34",3,"0,16",23,"0,04",73,"23,91",11,18,111,"3,12","0,64",42,"10,14",27,"0,30",8,"0,27",9,"0,36",4,"0,15",25,"0,04",73,"0,88","0,70",10,"22,82",14
SOLDERA 8041 INSTINCT,218479,2018,,P,PO,15061,,1,24,"1,48","0,16",98,"6,64","0,25",20,,,,0,"0,14",38,"0,07",57,"0,01",78,"0,11",37,"0,08",87,"17,49",24,,0,"7,41","0,18",9,"14,06",12,"0,17",34,"0,09",49,"0,03",74,"0,10",39,"0,06",80,"1,03","0,29",6,"22,82",14
CIA.AZUL TE3594 WEST RIVER ZORZAL,202019,2016,,P,PO,8538,,1,22,"0,22","0,46",53,"6,62","0,47",20,"-1,18","0,21",80,9,"0,27",9,"0,18",26,"0,09",57,"0,23",11,"0,09",90,"21,67",14,1,17,"4,45","0,36",30,"11,07",23,"0,26",15,"0,06",58,"0,07",63,"0,19",18,"0,10",90,"0,95","0,32",8,"22,78",14
SANTA JOANA 2214,398949,2015,,P,PC,15398,,1,35,"1,78","0,48",99,"10,14","0,48",5,"1,72","0,15",19,7,"0,09",58,"0,17",30,"0,08",59,,,"-0,12",11,"23,41",12,1,29,"6,68","0,36",13,"16,82",7,"0,09",57,"0,15",30,"0,13",47,,,"-0,14",10,"0,80","0,40",13,"22,77",14
SAV TECHNIQUE 5120,IA1973,2015,,P,IA,20402,,3,30,"1,02","0,50",92,"5,99","0,50",26,,,,0,"0,17",30,"0,03",71,"0,16",30,"0,14",28,"-0,08",20,"16,98",26,3,21,"7,84","0,38",7,"13,83",13,"0,21",23,"0,06",60,"0,19",29,"0,18",21,"-0,11",17,"0,54","0,35",27,"22,56",14
TRADIÇÃO 2011,372471,2013,,P,PC,3638,,2,100,,,,"8,33","0,58",11,"1,00","0,24",33,28,"0,32",5,"0,32",6,"0,26",9,"0,20",14,"0,09",90,"27,29",7,1,78,"3,43","0,47",40,"11,76",20,"0,30",8,"0,25",12,"0,25",16,"0,18",20,"0,11",92,"0,00","0,55",69,"22,54",14
SAV TEN SPEED 3022,IA1688,2013,,P,IA,16477,,33,244,"0,40","0,73",67,"5,46","0,74",30,"-0,37","0,19",67,12,"0,07",64,"0,06",63,"0,11",47,"0,07",47,"0,02",65,"12,58",39,28,147,"10,48","0,58",2,"15,94",8,"0,16",36,"0,09",48,"0,13",45,"0,13",33,"0,01",61,"0,47","0,66",32,"22,41",15
KCF BENNETT PATRON B840 PATRON,IA1804,2014,,P,IA,22524,,4,38,"0,33","0,22",62,"7,09","0,46",17,,,,0,"0,18",26,"-0,05",88,"0,07",61,"0,28",6,"-0,03",39,"19,81",18,3,26,"6,08","0,28",16,"13,16",15,"0,22",20,"0,04",64,"0,09",59,"0,32",5,"-0,07",30,"0,68","0,29",18,"22,38",15
GAP 5729,198739,2016,,V,PO,2555,,1,27,"0,57","0,48",75,"5,20","0,47",33,,,,0,"0,17",29,"0,16",32,"0,14",36,,,"-0,01",50,"15,33",31,1,16,"8,04","0,35",7,"13,24",15,"0,26",14,"0,26",10,"0,27",12,,,"-0,01",52,"0,35","0,30",40,"22,35",15
SOLDERA 6019 BISMARK,195499,2016,,P,PO,15061,,1,35,"-0,48","0,47",13,"9,32","0,51",7,,,,0,"0,16",32,"0,17",30,"0,18",24,"0,08",45,"0,07",83,"24,14",11,1,16,"3,97","0,37",34,"13,28",15,"0,18",30,"0,12",38,"0,18",30,"0,08",45,"0,09",88,"1,15","0,41",3,"22,33",15
SILVEIRAS MISSION NEXUS 1378,IA1625,2011,,V,IA,17737,,8,44,"-0,67","0,54",9,"5,18","0,54",33,"-0,03","0,13",53,9,"0,20",20,"0,18",27,"0,19",21,"0,19",18,"0,16",98,"16,38",27,8,41,"7,37","0,42",9,"12,56",18,"0,26",14,"0,22",16,"0,27",12,"0,20",15,"0,21",99,"0,44","0,48",34,"22,31",15
REDBAR R48 GRAND CANYON U80,297255,2007,,V,PC,9271,,1,38,"0,94","0,55",90,"3,38","0,55",50,"-0,46","0,16",69,17,"0,16",31,"0,27",11,"0,15",34,"0,20",15,"-0,01",49,"11,05",44,1,34,"9,03","0,43",5,"12,42",18,"0,31",7,"0,39",3,"0,28",11,"0,32",5,"-0,04",39,"0,35","0,49",40,"22,29",15
CANTÃO,417101,2017,,V,PC,20397,,1,23,"0,45","0,46",69,"8,93","0,44",8,,,,0,"0,18",26,"0,35",4,"0,37",2,"0,18",18,"-0,10",16,"23,85",11,1,2,"5,82","0,25",18,"14,75",10,"0,18",30,"0,34",4,"0,42",2,"0,13",32,"-0,13",13,"0,30","0,29",44,"22,25",15
SANTA NÉLIA 2679,292465,2008,,P,PC,13463,,2,115,"0,17","0,38",50,"7,04","0,56",17,"0,01","0,20",52,42,"0,18",26,"0,11",46,"0,16",29,"0,24",10,"0,01",58,"19,79",18,2,99,"6,13","0,45",16,"13,17",15,"0,23",19,"0,23",14,"0,22",22,"0,26",9,"0,00",57,"0,54","0,46",27,"22,16",15
SANTA JOANA 1791,362616,2012,,P,PC,15398,,1,44,"0,33","0,56",61,"5,32","0,55",32,"0,79","0,21",37,6,"0,27",9,"0,09",51,"0,13",42,,,"-0,14",8,"18,95",20,1,34,"4,52","0,44",29,"9,84",29,"0,30",8,"0,04",65,"0,11",52,,,"-0,16",7,"0,86","0,49",11,"22,05",16
ESPINILHO RECORD HARVEST TE256,211878,2015,,P,PO,14550,,1,34,"2,09","0,48",99,"7,67","0,50",14,,,,0,"0,26",10,"0,20",21,"0,38",2,"0,15",26,"0,01",58,"23,80",11,1,17,"3,85","0,34",35,"11,53",21,"0,20",24,"0,17",27,"0,36",4,"0,11",36,"-0,01",52,"0,87","0,38",10,"21,95",16
BASCO LUCKY 822,184723,2014,,P,PO,4074,,2,24,"0,86","0,38",88,"7,12","0,39",17,"-1,83","0,14",88,3,"0,17",28,"0,16",32,"0,16",31,"0,04",57,"0,01",60,"19,68",19,1,8,"6,25","0,30",15,"13,37",15,"0,21",23,"0,13",37,"0,18",30,"0,03",60,"0,02",66,"0,49","0,36",30,"21,76",16
SAV HERITAGE 6295 HERITAGE,IA1036,2006,,P,IA,,,14,62,"1,44","0,62",97,"5,59","0,62",29,"-0,57","0,24",71,27,"0,24",13,"-0,06",91,"0,13",42,"0,24",9,"0,03",71,"18,56",21,12,43,"6,61","0,50",13,"12,20",19,"0,28",10,"-0,01",79,"0,14",45,"0,24",11,"0,03",68,"-0,09","0,54",77,"21,55",17
TÓLIO TE422 FARAÓ FARAÓ,192097,2015,,P,PO,14838,P,4,61,"-0,49","0,63",12,"3,43","0,62",50,"0,47","0,15",43,1,"0,16",32,"0,16",31,"0,16",32,"0,13",31,"-0,09",18,"11,14",44,2,30,"8,51","0,45",6,"11,95",20,"0,22",21,"0,14",33,"0,21",25,"0,17",22,"-0,12",14,"0,85","0,49",11,"21,51",17
REDBAR U80 GRAND CANYON Z126,339340,2010,,V,PC,9271,,1,28,"1,23","0,48",95,"4,04","0,49",44,"1,28","0,12",27,9,"0,12",47,"0,20",22,"0,11",48,"0,25",8,"0,10",91,"11,01",44,1,18,"9,75","0,36",3,"13,80",13,"0,23",19,"0,33",5,"0,18",30,"0,36",3,"0,06",81,"0,26","0,43",48,"21,49",17
DAMERON C-5 AMERICAN CLASSIC CLASSIC,IA1612,2012,,P,IA,16477,,13,72,"0,02","0,58",39,"5,85","0,61",27,"2,42","0,14",10,23,"0,17",28,"0,16",31,"0,18",24,"0,12",34,"0,08",87,"16,87",26,12,51,"7,00","0,44",11,"12,85",16,"0,23",19,"0,18",24,"0,27",12,"0,18",21,"0,06",78,"0,42","0,50",35,"21,47",17
BARRAGEM 54 CHATEAU TE91 ALLIANCE 234,130174,2008,,P,PO,2251,,2,63,"0,10","0,63",45,"8,00","0,62",12,"1,07","0,24",31,46,"0,20",20,"0,12",43,"0,13",42,"-0,00",75,"-0,10",16,"22,57",13,1,41,"6,07","0,46",16,"14,06",12,"0,28",11,"0,14",34,"0,19",29,,,"-0,12",15,"-0,51","0,42",95,"21,47",17
TRES MARIAS 9935 CURRENCY 6764 TE NAVAJO,IA1843,2013,,P,IA,5150,K,4,41,"0,11","0,46",46,"8,61","0,44",9,,,,0,"0,23",14,"0,03",71,"0,14",37,"0,26",8,"0,04",73,"24,91",9,2,13,"4,64","0,27",27,"13,25",15,"0,18",30,"-0,06",90,"0,13",46,"0,26",8,"0,08",86,"0,30","0,32",44,"21,44",17
RED FINE LINE MULBERRY 26P,IA1069,2004,,V,IA,14890,,7,41,"0,37","0,53",64,"3,71","0,52",47,"2,36","0,15",10,42,"0,12",47,"0,01",77,"0,09",57,"0,03",62,"-0,05",30,"10,28",46,3,26,"9,58","0,39",4,"13,29",15,"0,21",22,"0,14",33,"0,19",27,"0,09",43,"-0,02",44,"0,54","0,41",27,"21,40",17
SAV DUKE 6313,IA1057,2006,,P,IA,,,4,27,"0,19","0,45",52,"7,61","0,46",14,"1,60","0,11",21,65,"0,28",8,"0,20",22,"0,23",14,"0,31",4,"-0,01",51,"24,35",10,3,14,"2,88","0,33",45,"10,49",26,"0,28",11,"0,20",19,"0,24",17,"0,29",6,"-0,02",46,"0,48","0,39",30,"21,32",17
GAR SURE FIRE,IA1543,2012,,P,IA,4568,,3,20,"-0,71","0,43",8,"6,98","0,42",18,,,,0,"0,09",56,"0,02",73,"-0,04",89,"0,23",11,"-0,33",1,"16,67",26,3,10,"7,61","0,27",8,"14,59",11,"0,14",42,"0,08",52,"-0,07",92,"0,24",11,"-0,32",1,"0,72","0,29",17,"21,27",17
CONNEALY CONFIDENCE 0100 CONNEALY,IA1374,2010,,P,IA,4568,M,3,20,"-0,40","0,44",15,"6,31","0,45",23,"2,83","0,08",7,3,"0,31",5,"0,16",33,"0,29",6,"0,13",31,"-0,09",17,"22,62",13,2,17,"5,29","0,35",22,"11,60",21,"0,33",6,"0,16",28,"0,30",8,"0,08",46,"-0,08",26,"-0,73","0,41",98,"21,06",18
SAV PIONEER 7301 PIONEER,IA1040,2007,,P,IA,,,45,310,"0,13","0,77",47,"7,84","0,78",13,"3,17","0,47",4,305,"0,25",11,"0,21",20,"0,18",24,"0,26",7,"-0,06",28,"23,96",11,39,226,"3,30","0,67",41,"11,15",23,"0,15",37,"0,09",50,"0,11",51,"0,19",19,"-0,09",23,"1,05","0,73",5,"20,98",18
BROWN JYJ REDEMPTION Y1334,IA1420,2011,,V,IA,16477,,35,443,"-1,75","0,79",2,"3,97","0,80",45,"0,43","0,34",44,108,"0,07",65,"0,13",38,"0,09",56,"0,00",72,"0,01",62,"9,20",50,29,326,"10,28","0,69",3,"14,25",12,"0,21",23,"0,25",12,"0,21",24,"0,03",60,"0,05",76,"0,32","0,75",42,"20,96",18
ESPINILHO FIV154,169330,2013,,P,PO,14550,,1,33,"-0,03","0,35",36,"8,96","0,54",8,"2,29","0,23",11,7,"0,17",29,"0,12",44,"0,15",36,"0,18",19,"-0,01",53,"23,64",12,1,21,"4,49","0,42",29,"13,46",14,"0,18",31,"0,07",54,"0,15",42,"0,15",27,"0,01",61,"0,48","0,37",31,"20,90",18
SANTA JOANA 5545,260518,2006,,P,PC,15398,,6,55,"0,74","0,60",84,"6,29","0,62",23,"0,48","0,27",43,58,"0,15",35,"0,02",72,"0,15",36,"0,21",14,"-0,02",43,"17,14",25,4,38,"5,02","0,48",24,"11,31",22,"0,26",13,"0,12",41,"0,23",19,"0,25",10,"-0,06",31,"0,86","0,52",11,"20,89",18
JUQUIRY RED 8038 8862,387372,2013,,V,PC,18553,,1,33,"1,00","0,41",91,"9,37","0,48",7,"-2,70","0,13",96,9,"0,17",29,"0,14",36,"0,18",25,"0,22",12,"0,04",75,"24,52",10,1,31,"4,36","0,38",30,"13,73",13,"0,15",40,"0,12",39,"0,17",32,"0,22",14,"0,03",67,"0,55","0,22",27,"20,88",18
REDBAR FINAL ANSWER E331 VIGOR,202780,2015,,P,PO,9271,,1,28,"-0,72","0,47",8,"6,81","0,47",19,,,,0,"0,14",37,"0,15",35,"0,11",48,"0,32",4,"-0,11",13,"17,98",23,1,27,"6,02","0,38",17,"12,82",17,"0,15",38,"0,11",44,"0,07",64,"0,31",5,"-0,15",10,"0,90","0,47",9,"20,75",18
G A R MOMENTUM,AMN.17354145,2012,,P,,E,M,1,47,,,,"7,31","0,39",16,"3,14","0,04",5,20,"0,10",53,"0,21",19,"0,03",74,"0,23",10,"-0,23",2,"17,67",24,1,47,"8,56","0,28",6,"15,87",8,"0,07",63,"0,26",11,"0,04",72,"0,23",13,"-0,25",2,"0,26","0,31",48,"20,55",19
EXAR RESISTOL 3710BB,IA1642,2013,,P,IA,15614,,4,30,"-0,12","0,40",29,"6,76","0,49",19,"2,85","0,10",6,1,"0,10",52,"-0,07",92,"0,00",81,"0,12",33,"-0,02",44,"16,50",27,3,19,"5,00","0,36",25,"11,76",20,"0,14",42,"-0,02",83,"0,01",77,"0,15",28,"-0,04",40,"1,66","0,37",1,"20,51",19
JUQUIRY BLACK J07 GENERAL TEIC8,171405,2012,,P,PO,18553,,1,70,"0,74","0,44",85,"6,73","0,57",20,"-3,02","0,13",97,8,"0,22",17,"0,26",12,"0,18",25,"0,10",38,"-0,13",10,"20,27",18,2,62,"4,86","0,45",26,"11,58",21,"0,21",23,"0,28",9,"0,22",21,"0,07",48,"-0,13",12,"0,50","0,49",29,"20,48",19
RECREIO P03 LADINO MJR LEAGUE BRIGADIER,182439,2014,,V,PO,13387,,1,24,"-0,22","0,43",23,"8,17","0,43",12,"-1,08","0,17",78,8,"0,16",32,"0,19",25,"0,14",40,"0,09",42,"-0,07",25,"21,54",15,1,24,"5,45","0,35",20,"13,62",14,"0,24",18,"0,21",18,"0,21",24,"0,13",31,"-0,09",21,"-0,15","0,37",82,"20,41",19
JUQUIRY RED 8038 9026,387509,2014,,V,PC,18553,,1,28,"0,88","0,42",89,"8,57","0,46",9,,,,0,"0,16",32,"0,21",21,"0,18",24,"0,12",34,"0,02",67,"22,39",13,1,24,"3,23","0,35",42,"11,80",20,"0,16",36,"0,17",27,"0,19",29,"0,13",31,"0,02",63,"1,21","0,37",3,"20,40",19
RED HONK TONK 1885 TELLECHEA,180608,2014,,V,PO,18551,,1,29,"-0,34","0,49",17,"6,83","0,48",19,,,,0,"0,15",35,"0,11",45,"0,14",37,"0,14",29,"-0,19",4,"18,33",21,1,21,"6,20","0,35",15,"13,03",16,"0,13",46,"0,15",32,"0,15",39,"0,14",29,"-0,21",4,"0,75","0,41",15,"20,34",20
TERRA COSTA TE18 BARBA ZORZAL 1501,149545,2011,,P,PO,16872,,1,59,"-0,40","0,54",15,"7,07","0,53",17,"-2,86","0,23",97,31,"0,20",20,"0,25",13,"0,15",33,"0,06",52,"-0,06",28,"20,61",17,1,43,"5,11","0,41",23,"12,17",19,"0,23",19,"0,30",7,"0,15",40,"0,09",42,"-0,08",26,"0,16","0,38",56,"20,30",20
SANTA JOANA 1972,376439,2013,,P,PC,15398,,1,20,"0,21","0,45",53,"6,53","0,46",21,"2,11","0,19",13,7,"0,20",22,"0,18",27,"0,19",21,,,"-0,01",51,"19,20",19,1,20,"5,22","0,37",22,"11,75",20,"0,21",24,"0,12",39,"0,23",19,,,"-0,01",48,"0,47","0,44",32,"20,22",20
REDBAR GRID MAKER D213,398577,2014,,P,PC,9271,,1,25,"1,05","0,47",92,"5,87","0,47",27,"1,33","0,15",26,11,"0,32",4,"0,22",18,"0,33",4,"0,21",14,"-0,05",33,"21,99",14,1,25,"2,36","0,38",52,"8,23",36,"0,36",4,"0,23",14,"0,38",3,"0,17",22,"-0,07",27,"0,16","0,46",56,"20,17",20
SAV RECORD HARVEST 2186,IA1426,2012,,P,IA,16477,,16,73,"2,04","0,60",99,"7,34","0,62",16,"-0,98","0,21",77,30,"0,25",12,"-0,00",79,"0,27",8,"0,21",14,"0,12",95,"22,67",13,15,56,"3,06","0,49",43,"10,40",26,"0,17",33,"-0,01",80,"0,23",19,"0,16",24,"0,13",94,"1,00","0,58",7,"20,16",20
SAF FAME,IA636,1993,,P,IA,,,6,29,"0,49","0,43",71,"5,20","0,50",33,"1,23","0,22",28,46,"0,19",23,"0,09",52,"0,06",66,"0,32",3,"0,04",74,"16,08",28,5,33,"5,19","0,40",23,"10,40",26,"0,23",20,"0,10",46,"0,09",56,"0,31",5,"0,05",75,"0,89","0,36",10,"20,12",20
ANGUS VALLEY TE 2354 TELLECHEA,181086,2014,,P,PO,18551,,2,68,"-0,51","0,62",12,"5,04","0,59",34,"1,77","0,17",18,9,"0,12",45,"0,05",66,"0,07",62,"0,17",21,"-0,09",17,"13,40",37,1,56,"5,34","0,47",21,"10,38",26,"0,19",27,"0,12",40,"0,18",31,"0,18",20,"-0,09",22,"1,57","0,50",1,"20,12",20
SAV CLARK 8374,IA1090,2008,,P,IA,,M,9,35,"0,25","0,43",56,"4,66","0,50",38,"1,26","0,19",27,14,"0,15",34,"0,03",71,"0,10",52,"0,10",40,"0,05",75,"13,59",36,6,26,"7,36","0,38",9,"12,02",19,"0,20",26,"0,05",63,"0,15",42,"0,12",35,"0,03",70,"0,55","0,40",26,"20,11",20
SAV 8180 TRAVELER 004,IA804,2000,,P,IA,,,72,954,"0,31","0,86",60,"5,32","0,87",32,"2,65","0,69",8,1291,"0,16",31,"0,05",65,"0,04",72,"0,26",7,"0,01",58,"15,35",31,64,837,"6,00","0,81",17,"11,32",22,"0,19",28,"0,04",64,"0,04",72,"0,28",7,"-0,04",39,"0,80","0,83",13,"19,83",21
SANTA CECÍLIA 3216,408598,2015,,P,PC,10,,2,27,"-0,02","0,48",36,"4,21","0,51",42,,,,0,"0,13",41,"0,09",53,"-0,00",82,"0,25",9,"-0,12",11,"11,89",41,2,14,"7,22","0,39",10,"11,43",22,"0,24",18,"0,18",24,"0,07",64,"0,32",4,"-0,15",9,"0,56","0,45",26,"19,78",21
REDBAR BAR EXT V23 VAQUERO,139467,2008,,P,PO,9271,,1,82,"0,64","0,66",80,"4,75","0,65",37,"0,74","0,30",38,51,"0,29",7,"0,29",9,"0,20",20,"0,13",30,"-0,15",7,"18,34",21,1,74,"3,03","0,55",44,"7,78",39,"0,35",4,"0,35",4,"0,25",16,"0,15",26,"-0,16",7,"0,43","0,57",34,"19,72",21
CONNEALY EARNAN 076E,IA1341,2010,,P,IA,10379,,19,89,"0,25","0,53",56,"7,53","0,63",14,"-1,65","0,20",86,51,"0,20",20,"0,19",24,"0,14",37,"0,24",10,"-0,03",42,"21,57",15,13,50,"4,45","0,45",30,"11,98",20,"0,23",19,"0,17",27,"0,10",55,"0,23",12,"-0,02",47,"0,06","0,52",65,"19,65",21
CONNEALY CONFIDENCE PLUS,IA1729,2013,,P,IA,16477,,10,103,"0,35","0,62",63,"6,35","0,62",22,"1,12","0,13",29,15,"0,26",10,"0,32",6,"0,28",7,"0,15",27,"-0,16",6,"20,87",16,8,50,"5,92","0,44",17,"12,27",18,"0,27",12,"0,35",4,"0,30",8,"0,08",44,"-0,17",7,"-0,82","0,52",99,"19,62",21
SAV FINAL ANSWER 0035,IA872,2000,,P,IA,,,63,721,"-0,46","0,85",14,"5,97","0,85",26,"2,82","0,61",7,499,"0,17",27,"0,16",32,"0,12",44,"0,21",14,"-0,09",18,"17,17",25,51,483,"4,34","0,77",30,"10,31",27,"0,17",34,"0,07",54,"0,08",60,"0,17",22,"-0,13",13,"1,21","0,80",3,"19,41",22
QUIRI R0168,390377,2013,,V,PC,92,,1,53,"-0,03","0,59",36,"8,39","0,59",10,"-0,46","0,14",69,7,"0,21",17,"0,17",30,"0,16",30,"0,17",21,"0,00",57,"23,86",11,1,33,"3,41","0,42",40,"11,81",20,"0,21",24,"0,18",25,"0,18",30,"0,14",28,"0,05",77,"0,11","0,51",61,"19,28",22
JUQUIRY RED 4259 8722,387419,2013,,V,PC,18553,,1,51,"0,24","0,42",55,"8,57","0,53",9,"-2,08","0,14",91,2,"0,21",19,"0,21",19,"0,20",19,"0,25",9,"0,06",81,"24,06",11,1,49,"3,85","0,42",35,"12,42",18,"0,20",26,"0,14",35,"0,24",18,"0,27",8,"0,08",85,"-0,06","0,42",74,"19,28",22
REDBAR NET WORTH E327 BRIGADIER,202781,2015,,P,PO,9271,,1,23,"-0,09","0,46",31,"4,23","0,46",42,,,,0,"0,28",8,"0,12",43,"0,22",16,"0,14",28,"0,07",84,"16,74",26,1,23,"2,94","0,38",45,"7,18",43,"0,29",9,"0,11",42,"0,23",18,"0,15",27,"0,06",78,"1,00","0,44",7,"19,25",22
CONNEALY CONSENSUS 7229,IA1430,2009,,P,IA,16783,,11,145,"0,27","0,68",57,"7,07","0,70",17,"-1,84","0,25",89,51,"0,20",20,"0,26",13,"0,17",27,"0,14",29,"-0,12",11,"20,52",17,7,87,"4,26","0,55",31,"11,33",22,"0,19",29,"0,16",28,"0,14",43,"0,07",47,"-0,16",7,"0,42","0,62",35,"19,20",22
CIA.AZUL 2648 F ANSWER CREDITO,181398,2014,,P,PO,8538,,1,38,"-0,79","0,55",7,"6,33","0,54",22,"0,82","0,18",36,5,"0,18",27,"0,06",62,"0,06",64,"0,20",15,"-0,07",25,"18,01",23,1,13,"4,98","0,36",25,"11,31",22,"0,20",26,"0,02",70,"0,03",72,"0,20",17,"-0,11",17,"0,50","0,36",29,"19,19",22
GAR GRID MAKER,IA729,1998,,P,IA,,M,14,168,"1,12","0,67",94,"7,17","0,71",17,"2,05","0,37",14,111,"0,25",12,"0,17",28,"0,25",11,"0,13",31,"-0,05",31,"22,31",13,13,133,"2,48","0,60",51,"9,65",30,"0,28",10,"0,14",34,"0,26",14,"0,16",24,"-0,08",23,"0,26","0,67",48,"19,18",22
SANTA JOANA 2123,387210,2014,,P,PC,15398,,1,20,"-2,27","0,42",1,"7,18","0,42",17,"2,52","0,08",9,6,"0,09",56,"0,15",33,"0,12",46,,,"-0,19",4,"17,13",25,1,20,"6,40","0,32",14,"13,58",14,"0,17",34,"0,18",25,"0,16",35,,,"-0,24",2,"0,26","0,40",48,"19,18",22
KCF BENNETT TOTAL,IA854,1999,,P,IA,,,13,156,"-0,51","0,71",12,"5,50","0,70",30,"2,74","0,30",7,123,"0,09",57,"0,08",54,"-0,03",86,"0,11",35,"-0,05",33,"13,33",37,11,115,"6,99","0,55",11,"12,49",18,"0,15",38,"0,16",28,"0,14",44,"0,14",29,"-0,13",12,"0,76","0,62",15,"19,16",23
UMBU 2516 TRAVELER,181257,2014,,P,PO,99,,1,116,"0,00","0,69",38,"1,55","0,67",67,"1,80","0,21",18,6,"0,13",42,"0,13",40,"0,10",55,"-0,01",75,"-0,03",40,"5,89",62,1,62,"8,08","0,50",6,"9,63",30,"0,28",11,"0,19",23,"0,20",25,"0,02",64,"-0,03",41,"0,72","0,56",17,"19,03",23
WHITESTONE ARMANDO A074,IA1380,2011,,P,IA,16477,,3,35,"1,30","0,36",97,"6,22","0,44",24,"1,16","0,06",29,8,"0,17",28,"0,20",23,"0,10",53,"0,03",61,"-0,13",9,"17,71",24,3,27,"3,06","0,30",43,"9,28",31,"0,19",28,"0,18",25,"0,15",40,"0,03",60,"-0,15",10,"1,42","0,32",1,"19,03",23
SOLÉ 1314 IRON MOUNTAIN,201647,2016,,P,PO,11430,,1,70,,,,"7,84","0,52",13,,,,0,"0,17",28,"0,18",25,"0,17",26,"0,19",17,"0,02",63,"21,26",15,1,66,"4,13","0,40",32,"11,97",20,"0,12",48,"0,12",39,"0,15",41,"0,19",18,"-0,02",45,"0,68","0,46",18,"18,92",23
MAIPÚ 401,264421,2006,,V,PC,6797,,1,24,,,,"8,07","0,46",12,"0,14","0,21",49,21,"0,14",38,"0,12",41,"0,19",21,"0,19",17,"-0,04",36,"20,68",17,1,13,"5,05","0,35",24,"13,12",16,"0,18",30,"0,13",37,"0,22",23,"0,21",15,"-0,03",40,"-0,00","0,41",70,"18,83",23
GAP 3587-2937 GENERATOR,135357,2009,,P,PO,2555,,1,25,"-0,28","0,50",20,"6,76","0,49",19,"-1,97","0,17",90,6,"0,15",36,"0,02",74,"0,10",52,"-0,03",80,"0,05",77,"18,05",23,1,13,"4,60","0,35",28,"11,36",22,"0,18",31,"0,02",72,"0,17",34,"-0,04",81,"0,05",76,"0,68","0,40",18,"18,83",23
S A V RENOVATION 6822,IA2037,2016,,P,IA,22588,,5,104,"0,52","0,61",73,"4,26","0,63",42,,,,0,"0,26",11,"0,16",32,"0,30",6,"0,08",47,"-0,05",34,"16,11",28,3,62,"3,80","0,47",36,"8,06",37,"0,28",10,"0,18",23,"0,35",5,"0,06",51,"-0,07",28,"0,63","0,54",21,"18,81",23
NICHOLS EXTRA K205,IA1334,2000,,P,IA,17737,,4,22,"0,94","0,13",90,"7,04","0,37",17,"0,74","0,04",38,6,"0,16",33,"0,16",33,"0,21",17,"0,30",4,"-0,10",15,"19,00",20,3,8,"4,57","0,20",28,"11,61",21,"0,17",33,"0,15",32,"0,23",18,"0,29",6,"-0,12",15,"0,55","0,12",26,"18,81",23
ALBARDÃO 471 YESQUERO BRIGADIER HOBO,385011,2014,,V,PC,436,,1,62,"0,31","0,34",60,"6,41","0,53",22,"-0,96","0,19",76,10,"0,30",6,"0,28",9,"0,31",5,"0,20",15,"0,13",96,"22,41",13,1,54,"2,18","0,43",54,"8,58",35,"0,28",10,"0,21",17,"0,29",9,"0,18",20,"0,15",96,"0,16","0,51",57,"18,70",23
AAR TEN X 7008 SA TEN X,IA1561,2007,,P,IA,13096,,8,83,"0,06","0,64",43,"6,62","0,64",20,"1,55","0,18",22,4,"0,11",48,"-0,06",91,"-0,01",84,"0,17",20,"-0,02",46,"16,59",27,8,59,"5,38","0,51",21,"12,00",19,"0,15",38,"-0,03",83,"-0,01",82,"0,19",19,"-0,05",36,"0,69","0,59",18,"18,62",23
REDBAR MAJOR LEAGUE C154 ALQUEIRE,174100,2013,,V,PO,9271,,1,27,"0,03","0,53",40,"7,47","0,53",15,"-0,61","0,30",71,4,"0,05",70,"0,00",78,"-0,02",86,"0,30",5,"0,09",90,"16,38",28,1,23,"7,17","0,45",10,"14,64",11,"0,11",53,"0,04",64,"0,00",79,"0,34",4,"0,10",90,"0,23","0,48",50,"18,57",23
CRA BEXTOR 872-5205-608,IA727,1998,,P,IA,,M,13,142,"0,38","0,70",65,"4,48","0,70",40,"3,88","0,34",2,109,"0,15",34,"0,05",65,"0,07",63,"0,16",22,"-0,06",27,"13,15",38,11,107,"6,26","0,58",15,"10,73",25,"0,21",24,"0,07",56,"0,06",66,"0,20",16,"-0,15",9,"0,52","0,62",28,"18,57",23
ESPINILHO BRAND NAME TE118,171432,2012,,P,PO,14550,,1,24,"-0,73","0,48",7,"5,75","0,48",28,"1,72","0,16",19,7,"0,24",13,"0,01",74,"0,21",18,,,"-0,01",50,"18,93",20,1,12,"2,26","0,34",53,"8,01",38,"0,22",20,"0,03",67,"0,24",17,,,"-0,03",41,"1,11","0,33",4,"18,57",23
SAV 004 PREDOMINANT 4438 PREDOMINANT,IA968,2004,,P,IA,,,17,349,"0,09","0,76",44,"4,54","0,79",39,"3,22","0,50",4,286,"0,18",25,"0,15",34,"0,11",50,"0,14",27,"0,06",80,"14,35",34,14,288,"4,42","0,70",30,"8,96",33,"0,23",20,"0,19",22,"0,17",33,"0,20",16,"0,02",62,"0,97","0,72",7,"18,53",24
CIA. AZUL F550 TOUAREG,255935,2006,,P,PC,8538,P,21,395,"-0,51","0,80",12,"4,58","0,80",38,"0,06","0,50",51,300,"0,16",31,"0,31",6,"0,25",10,"0,02",67,"-0,09",18,"13,73",36,17,264,"7,51","0,69",9,"12,09",19,"0,22",21,"0,45",1,"0,37",4,"0,06",51,"-0,16",8,"-0,29","0,71",88,"18,47",24
BARRAGEM TE255 - UPWARD - 808,193117,2015,,P,PO,2251,,1,20,"0,02","0,39",39,"4,59","0,44",38,"1,44","0,08",24,4,"0,08",60,"0,06",60,"0,01",79,"-0,04",84,"-0,04",35,"10,98",44,1,16,"7,30","0,32",10,"11,89",20,"0,15",38,"0,08",52,"0,07",64,"-0,03",80,"-0,08",25,"0,79","0,40",14,"18,46",24
CIA.AZUL 3180 RESOURCE GAITERO,188351,2015,,P,PO,8538,,1,49,"0,48","0,59",71,"4,52","0,59",39,"-1,52","0,19",84,4,"0,12",46,"0,24",16,"0,16",33,"-0,06",88,"-0,15",7,"12,10",41,1,19,"7,66","0,42",8,"12,18",19,"0,19",27,"0,28",9,"0,23",19,"-0,02",76,"-0,16",8,"0,13","0,46",59,"18,45",24
QUIRI R0118,390085,2013,,V,PC,92,,1,66,"-0,05","0,63",34,"7,60","0,61",14,"-0,25","0,17",65,16,"0,27",9,"0,35",4,"0,21",16,"0,17",21,"-0,05",31,"23,95",11,1,33,"2,28","0,43",53,"9,87",29,"0,26",14,"0,30",7,"0,18",31,"0,13",31,"-0,02",46,"-0,10","0,51",78,"18,43",24
ANDRAS NEW DIRECTION R240,IA1503,2011,,V,IA,16477,,50,801,"-0,82","0,83",6,"3,48","0,84",49,"2,22","0,46",12,221,"0,12",46,"0,12",42,"0,03",74,"0,11",37,"0,03",72,"9,82",48,44,494,"6,38","0,74",14,"9,85",29,"0,25",15,"0,29",8,"0,23",19,"0,13",32,"0,04",73,"0,74","0,80",16,"18,39",24
S2 BAR EXT 9083 BLACK WATCH,133478,2009,,P,PO,6667,,1,42,"-0,16","0,31",26,"6,08","0,49",25,"0,43","0,16",44,2,"0,23",14,"0,23",17,"0,19",20,"0,24",10,"-0,13",10,"19,43",19,1,18,"3,36","0,35",40,"9,44",31,"0,21",22,"0,19",23,"0,19",28,"0,19",19,"-0,10",19,"0,51","0,46",29,"18,31",24
B P F SPECIAL FOCUS 504,IA1180,2005,,P,IA,,,1,23,"0,55","0,35",74,"6,88","0,35",19,"1,18","0,12",29,10,"0,16",33,"0,16",31,"0,01",78,"0,17",22,"-0,14",8,"18,59",21,1,18,"4,24","0,26",31,"11,12",23,"0,17",32,"0,16",28,"-0,05",88,"0,16",24,"-0,17",7,"0,52","0,25",28,"18,17",25
INHANDUÍ 453 IMPACTO L.SOVEREIGN 1930 E,137246,2009,,V,PO,8386,,8,76,"0,68","0,58",82,"5,99","0,64",25,"1,45","0,22",24,26,"0,17",30,"0,18",25,"0,11",47,"0,25",8,"-0,15",8,"16,99",25,7,64,"4,06","0,51",33,"10,05",28,"0,18",31,"0,20",19,"0,15",38,"0,25",10,"-0,11",16,"0,85","0,59",11,"18,12",25
SAV 707 RITO 9969,IA1249,2009,,P,IA,,,10,56,"1,19","0,61",95,"4,45","0,60",40,"1,45","0,24",24,69,"0,23",14,"0,23",17,"0,29",7,"0,09",43,"-0,06",27,"15,85",29,10,44,"4,96","0,47",25,"9,40",31,"0,23",18,"0,20",20,"0,32",6,"0,02",63,"-0,08",24,"0,16","0,47",56,"18,00",25
RINCON MAFIOSO 2387 DEL SARANDY,171739,2013,,P,PO,7287,,1,24,"0,58","0,48",76,"7,75","0,47",14,"-2,73","0,19",96,3,"0,19",24,"0,24",15,"0,24",13,"0,06",53,"0,15",98,"21,58",15,1,21,"3,08","0,38",43,"10,82",24,"0,19",28,"0,22",17,"0,26",14,"0,01",69,"0,18",98,"0,31","0,41",43,"17,95",25
SANTA JOANA 714,192751,2001,,P,PC,15398,,9,184,"1,23","0,71",95,"4,34","0,74",41,"1,24","0,45",27,338,"0,31",5,"0,27",11,"0,39",2,"0,24",9,"-0,19",4,"18,26",22,10,182,"4,59","0,64",28,"8,93",33,"0,23",20,"0,27",10,"0,35",5,"0,31",5,"-0,18",6,"-0,15","0,68",82,"17,94",25
EPV RED WATCH 1701 CHIVAS,181703,2014,,V,PO,10791,P,7,90,"0,83","0,63",88,"6,38","0,65",22,"-1,12","0,17",79,6,"0,26",10,"0,38",3,"0,30",6,"0,18",19,"-0,06",26,"20,89",16,3,33,"2,54","0,44",50,"8,92",33,"0,21",22,"0,31",6,"0,29",10,"0,15",28,"-0,01",49,"0,47","0,47",32,"17,92",25
SANTA JOANA 2553,419852,2017,,P,PC,15398,,1,27,"-0,09","0,45",31,"6,12","0,45",24,,,,0,"0,08",59,"0,15",33,"0,12",44,"-0,04",83,"-0,26",1,"14,45",34,1,22,"7,95","0,33",7,"14,07",12,"0,05",69,"0,12",39,"0,15",40,"-0,03",79,"-0,26",1,"0,28","0,41",46,"17,90",25
GAP 5385,189082,2015,,P,PO,2555,,3,27,"-0,74","0,51",7,"7,53","0,50",15,"1,44","0,16",24,8,"0,16",31,"0,32",6,"0,27",8,"-0,03",81,"-0,01",50,"20,26",18,3,16,"3,42","0,36",40,"10,95",24,"0,15",39,"0,27",9,"0,29",9,"-0,06",87,"-0,02",48,"0,57","0,38",25,"17,70",26
CASAMU 7824 LIHUEN ROLLIZO ARECUTRÁN,IA1752,2008,,V,IA,22230,,6,36,"0,01","0,39",39,"3,54","0,48",48,"1,25","0,05",27,4,"0,24",12,"0,29",9,"0,29",6,"0,07",49,"-0,08",22,"14,13",35,5,29,"4,11","0,35",33,"7,65",40,"0,29",10,"0,30",7,"0,30",8,"0,15",26,"-0,10",20,"0,38","0,41",38,"17,66",26
RED NORTHLINE BREAKER 28S BREAKER,IA1164,2006,,V,IA,,,5,113,"0,86","0,68",88,"5,96","0,68",26,"3,15","0,31",4,115,"0,20",20,"0,17",30,"0,18",25,"0,20",16,"0,07",84,"18,15",22,2,89,"2,34","0,54",52,"8,30",36,"0,17",34,"0,08",51,"0,16",36,"0,24",11,"0,05",75,"1,26","0,61",2,"17,64",26
LAS LILAS 1931 LIDER MAX ARAFAT,IA1143,2008,,P,IA,,,7,89,"-0,00","0,65",37,"5,61","0,66",29,"1,42","0,26",25,46,"0,20",20,"0,36",3,"0,11",48,"0,10",40,"0,05",76,"17,34",25,5,80,"3,83","0,54",35,"9,44",31,"0,25",15,"0,36",3,"0,16",37,"0,12",35,"-0,03",40,"0,19","0,61",54,"17,58",26
BARRAGEM 1163 REC.CANDOMBE 224,138699,2008,,P,PO,2251,,1,142,"0,43","0,64",68,"5,15","0,65",33,"-1,73","0,25",87,41,"0,11",50,"0,02",74,"0,14",40,"0,13",31,"0,01",59,"13,22",38,1,78,"6,25","0,48",15,"11,40",22,"0,16",37,"0,11",43,"0,23",19,"0,19",19,,,"0,48","0,50",31,"17,53",26
COLEMAN VENTURE VENTURE,IA1791,2014,,P,IA,22488,,3,39,"-0,39","0,51",16,"7,36","0,51",16,"1,59","0,13",22,8,"0,19",25,"0,31",6,"0,11",51,"0,00",72,"-0,07",25,"20,64",17,3,36,"2,99","0,40",44,"10,34",26,"0,12",48,"0,24",13,"0,09",59,"-0,06",86,"-0,09",22,"0,72","0,44",17,"17,37",27
TRADIÇÃO 1928,353394,2012,,P,PC,3638,,2,145,"0,45","0,64",69,"8,02","0,67",12,"-0,53","0,33",70,62,"0,27",9,"-0,06",90,"0,11",51,"0,34",3,"-0,05",32,"24,85",9,2,134,"2,92","0,57",45,"10,94",24,"0,24",17,"-0,00",77,"0,13",46,"0,23",12,"-0,05",36,"-0,84","0,48",99,"17,31",27
FSL H AVIS TE526,128807,2008,,P,PO,14320,T,4,143,"0,10","0,65",45,"2,14","0,64",63,"-0,98","0,19",76,3,"0,11",48,"-0,02",82,"0,01",79,"0,16",22,"-0,01",50,"6,71",58,4,108,"6,40","0,52",14,"8,54",35,"0,20",25,"0,00",75,"0,12",51,"0,27",8,"-0,06",33,"1,20","0,64",3,"17,31",27
MANÁ DO CARUMBÉ 1860,142871,2010,,P,PO,18551,,1,140,"-0,21","0,70",24,"10,06","0,68",5,"-4,74","0,28",99,36,"0,34",3,"0,31",7,"0,32",4,"0,06",50,"0,21",99,"31,77",4,1,107,"-2,50","0,54",93,"7,56",40,"0,26",13,"0,20",21,"0,29",10,"0,04",59,"0,24",99,"0,16","0,59",57,"17,17",27
BC MATRIX 4132,IA867,2002,,P,IA,27153,,21,189,"-0,04","0,71",35,"6,86","0,75",19,"3,06","0,49",5,296,"0,14",39,"0,16",30,"0,06",66,"0,21",14,"-0,26",1,"17,90",23,21,169,"4,67","0,65",27,"11,53",21,"0,14",44,"0,15",31,"0,02",75,"0,26",9,"-0,25",2,"0,33","0,69",41,"17,17",27
SAV RADIANCE 0801,IA1438,2010,,P,IA,16783,,6,51,"-0,23","0,55",22,"6,04","0,56",25,"2,10","0,22",13,22,"0,16",33,"0,13",40,"0,11",49,"0,16",24,"0,05",75,"16,74",26,5,30,"3,64","0,42",37,"9,69",30,"0,18",31,"0,07",56,"0,12",49,"0,15",28,"0,07",84,"0,71","0,43",17,"17,10",27
TARRÃ TE121 CAMBIAÇO PERFORMA HAYMOUNT,153329,2012,,P,PO,14838,,1,53,"1,22","0,54",95,"11,61","0,54",3,"-1,36","0,12",83,11,"0,05",71,"0,07",60,"0,05",68,"0,07",48,"0,02",63,"25,48",8,1,45,"2,53","0,40",50,"14,15",12,"-0,01",83,"-0,01",79,"-0,01",82,"-0,00",71,"0,00",57,"0,92","0,52",9,"17,07",27
RINCON TE2625 COMPADRON DEL SARANDY,196229,2014,,V,PO,7287,,1,52,"0,61","0,58",78,"5,93","0,58",26,"-2,81","0,12",96,9,"0,20",20,"0,16",32,"0,18",24,"0,10",38,"0,07",84,"18,06",23,1,44,"4,39","0,44",30,"10,31",27,"0,24",17,"0,13",37,"0,23",19,"0,11",36,"0,09",86,"-0,35","0,50",91,"17,05",27
LARSON SUN KING 016,IA1345,2010,,V,IA,14435,M,9,69,"-1,72","0,45",2,"4,53","0,55",39,"-0,58","0,12",71,23,"0,07",66,"0,01",76,"-0,03",86,"0,22",12,"0,07",84,"10,42",46,8,39,"7,77","0,37",8,"12,30",18,"0,10",55,"0,05",61,"0,03",72,"0,20",17,"0,10",89,"0,47","0,46",32,"17,04",27
NET WORTH DE CANTAGALO 3845 MASTER,169670,2013,,P,PO,275,P,3,58,"0,67","0,32",81,"3,79","0,51",46,"1,77","0,22",18,9,"0,14",38,"0,19",24,"0,10",53,"0,12",33,"-0,06",29,"11,22",43,3,52,"5,32","0,42",21,"9,12",32,"0,19",28,"0,25",12,"0,13",47,"0,13",33,"-0,07",27,"0,85","0,49",12,"17,02",28
TRÊS MENINAS 414 SIERRA CUT 847,208188,2017,,P,PO,16507,,1,22,"-0,15","0,21",27,"4,93","0,38",35,,,,0,"0,16",33,"0,14",37,"0,05",68,"0,20",15,"-0,04",35,"14,26",34,1,15,"5,95","0,27",17,"10,88",24,"0,18",29,"0,15",31,"0,05",68,"0,22",14,"-0,08",24,"0,03","0,35",67,"17,02",28
CASTELO TE08,152617,2010,,P,PO,16656,,1,154,"-0,97","0,60",4,"8,31","0,69",11,"-2,50","0,33",94,60,"0,12",45,"0,16",32,"0,14",37,"0,13",30,"-0,06",28,"20,53",17,1,100,"5,07","0,55",24,"13,38",15,"0,13",46,"0,13",37,"0,12",50,"0,12",34,"-0,07",30,"-0,35","0,63",91,"16,96",28
GAP 0E039,296167,2008,,V,PC,2555,,2,211,"0,06","0,76",42,"5,14","0,76",34,"2,34","0,41",10,130,"0,23",14,"0,18",27,"0,07",63,"0,13",31,"-0,01",51,"17,24",25,2,151,"2,25","0,63",53,"7,39",42,"0,21",22,"0,28",9,"0,04",71,"0,15",27,"0,00",57,"0,91","0,69",9,"16,96",28
SAV NET WORTH 4200,IA911,2004,,P,IA,,,105,2887,"0,87","0,90",88,"4,78","0,91",37,"1,58","0,77",22,2567,"0,22",16,"0,16",31,"0,25",12,"0,16",22,"0,03",69,"16,18",28,93,2330,"3,32","0,87",41,"8,09",37,"0,22",21,"0,12",39,"0,26",15,"0,16",25,"0,04",72,"0,55","0,89",26,"16,86",28
S2 BANDO 9074 11063 GAR YIELD GRADE,147099,2011,,P,PO,6667,M,6,25,"-0,31","0,42",18,"4,68","0,51",38,"1,87","0,18",16,9,"0,21",19,"0,20",21,"0,11",48,"-0,03",80,"-0,22",2,"15,41",30,5,18,"3,09","0,39",43,"7,76",39,"0,25",16,"0,17",27,"0,11",54,"0,02",65,"-0,22",3,"0,64","0,47",21,"16,85",28
REDBAR RED LABEL A134 DOSE DUPLA,348547,2011,,V,PC,9271,A,3,54,"0,08","0,54",44,"4,46","0,54",40,"1,37","0,19",25,28,"0,19",23,"0,28",10,"0,26",9,"0,19",17,"-0,16",7,"14,46",34,2,53,"5,26","0,44",22,"9,72",29,"0,21",22,"0,27",10,"0,33",6,"0,19",19,"-0,16",8,"0,02","0,46",68,"16,80",28
CEHDROS HECTOR CACIQUE H01P,207798,2017,,P,PO,17029,,1,20,"0,74","0,33",85,"5,00","0,34",35,,,,0,"0,13",40,"0,15",34,"0,05",69,"0,06",52,"-0,01",51,"13,69",36,1,11,"5,08","0,24",24,"10,08",28,"0,15",41,"0,14",35,"0,06",65,"0,05",54,"-0,03",43,"0,70","0,28",18,"16,78",28
SANTA JOANA 2262,398965,2015,,V,PC,15398,,3,75,"0,32","0,38",61,"4,43","0,57",40,"3,24","0,10",4,1,"0,08",61,"0,06",60,"0,08",59,"0,09",44,"-0,01",49,"10,56",45,3,55,"7,72","0,42",8,"12,15",19,"0,10",55,"0,12",38,"0,12",50,"0,10",40,"-0,02",46,"0,30","0,45",44,"16,59",28
MAR RESPOND 1734,IA1073,2014,,P,IA,16477,,4,20,"0,63","0,37",79,"4,66","0,38",38,"-1,71","0,12",87,3,"0,15",36,"0,05",64,"0,01",80,"0,14",27,"-0,09",19,"13,39",37,2,9,"5,44","0,27",20,"10,10",28,"0,20",25,"0,06",57,"0,03",74,"0,14",29,"-0,09",21,"0,14","0,22",59,"16,55",29
DOS TAPES BW306,182595,2014,,P,PO,5949,,1,42,"-0,02","0,32",36,"5,39","0,48",31,"2,28","0,14",11,4,"0,26",10,"0,12",43,"0,19",21,"0,05",55,"-0,01",48,"18,79",20,1,39,"2,57","0,38",50,"7,96",38,"0,25",15,"0,07",56,"0,16",35,"0,03",63,"-0,00",56,"0,06","0,46",65,"16,53",29
TÓLIO TE411 BRIGADIER WIDESPREAD ELOGIO,182314,2014,,V,PO,14838,,1,22,"-0,35","0,49",17,"4,57","0,51",39,"-1,63","0,21",86,1,"0,20",20,"0,17",28,"0,17",27,"0,19",18,"0,05",77,"15,04",32,1,20,"3,34","0,42",41,"7,91",38,"0,25",16,"0,19",22,"0,26",15,"0,14",28,"0,03",69,"0,45","0,47",33,"16,53",29
SÃO XAVIER 1389 FOGÓN TE,155596,2011,,P,PO,508,,1,69,"-0,50","0,51",12,"7,81","0,59",13,"-3,16","0,23",98,27,"0,05",71,"0,02",74,"0,03",74,"0,06",50,"0,14",97,"17,01",25,1,45,"6,08","0,43",16,"13,88",13,"0,09",59,"0,04",65,"0,06",66,"0,13",30,"0,17",97,"-0,03","0,51",71,"16,45",29
COCKBURN RIBEYE 308U,IA1304,2008,,V,IA,17737,,5,79,"0,48","0,56",70,"6,35","0,59",22,"-1,61","0,14",86,30,"0,12",46,"-0,31",99,"0,05",67,"0,36",2,"0,31",99,"16,19",28,5,66,"2,78","0,46",47,"9,13",32,"0,17",34,"-0,32",99,"0,13",47,"0,38",2,"0,26",99,"1,06","0,45",5,"16,44",29
GUE-GLEN NORTE REGALON,IA1008,2002,,P,IA,,,8,48,"0,01","0,56",38,"5,55","0,60",30,"1,28","0,32",27,57,"0,19",24,"0,31",7,"0,25",10,"0,01",70,"0,03",71,"16,78",26,7,41,"2,25","0,50",53,"7,80",39,"0,25",16,"0,40",2,"0,33",6,"0,02",63,"0,03",70,"0,60","0,55",23,"16,36",29
SANTA EULÁLIA NET WORTH TE1352 MANDRAKE,204162,2016,,P,PO,95,P,3,38,"-0,03","0,32",35,"7,02","0,44",18,,,,0,"0,13",41,"0,14",37,"0,23",14,"0,08",47,"-0,06",30,"18,09",22,2,35,"3,96","0,37",34,"10,98",24,"0,14",42,"0,12",38,"0,25",16,"0,08",44,"-0,07",29,"0,29","0,34",45,"16,35",29
QUIRÍ N18,73396,1994,,V,PC,92,,10,324,"1,37","0,77",97,"2,45","0,80",60,"1,59","0,56",22,326,"0,13",43,"0,09",51,"0,18",26,"0,12",32,"0,10",92,"7,86",54,8,211,"7,26","0,70",10,"9,71",29,"0,17",32,"0,19",21,"0,29",9,"0,11",38,"0,12",92,"0,40","0,71",36,"16,33",29
SANTA JOANA 49,185560,2014,,P,PO,15398,,2,93,"0,49","0,64",71,"9,92","0,63",6,"3,88","0,18",2,6,"0,03",76,"0,19",23,"-0,03",86,"-0,04",83,"-0,19",4,"21,11",16,2,85,"3,47","0,51",40,"13,39",15,"0,05",68,"0,14",35,"-0,03",86,"0,05",55,"-0,20",5,"0,58","0,61",25,"16,22",29
GAP 3677-2937 EXTRA,135443,2009,,P,PO,2555,,2,273,"0,03","0,78",40,"5,72","0,77",28,"-4,82","0,40",99,132,"0,11",48,"0,08",54,"0,03",75,"-0,13",96,"-0,06",30,"14,62",33,2,191,"3,95","0,64",34,"9,67",30,"0,15",41,"0,14",34,"0,00",79,"-0,13",94,"-0,09",21,"0,84","0,70",12,"16,16",30
CIA.AZUL 3118 RESOURCE PAYADOR,188328,2015,,P,PO,8538,,1,45,"-0,28","0,58",20,"5,29","0,58",32,,,,0,"0,13",42,"0,18",26,"0,23",14,"0,04",60,"-0,09",18,"14,14",35,1,26,"5,57","0,43",19,"10,86",24,"0,16",35,"0,15",31,"0,25",16,"0,01",67,"-0,09",21,"0,07","0,48",64,"16,14",30
TRADIÇÃO 2514,426845,2018,,P,PC,3638,,1,23,"0,65","0,42",80,"3,21","0,42",51,,,,0,"0,19",23,"0,21",20,"0,19",23,,,"0,00",57,"11,68",42,,0,"4,20","0,25",32,"7,41",41,"0,16",35,"0,17",25,"0,17",34,,,"0,01",58,"1,07","0,31",5,"16,13",30
RED RRAR PALERMO 20Y,IA1573,2011,,V,IA,16783,,2,39,"0,04","0,52",41,"-3,05","0,51",95,"-0,35","0,12",67,26,"0,17",28,"0,13",39,"0,10",53,"-0,08",90,"-0,06",27,"-2,77",84,2,31,"9,04","0,34",5,"5,99",49,"0,30",8,"0,20",19,"0,23",20,"-0,01",73,"-0,08",26,"0,60","0,37",23,"16,12",30
MCPHEE TROPHY 36,IA1817,2013,,V,IA,22574,,3,33,"0,48","0,36",71,"3,74","0,39",47,"1,37","0,10",25,6,"0,14",38,"-0,06",91,"0,04",71,"-0,02",79,"-0,09",19,"11,10",44,3,26,"6,19","0,28",15,"9,93",28,"0,18",30,"-0,05",89,"0,06",66,"-0,01",74,"-0,08",25,"0,18","0,36",54,"16,07",30
SAV 004 DENSITY 4336 DENSITY,IA982,2004,,P,IA,,,59,1047,"0,76","0,86",85,"4,45","0,87",40,"-0,55","0,63",70,889,"0,19",22,"0,14",37,"0,20",19,"0,09",43,"-0,06",30,"14,50",33,52,803,"3,89","0,80",35,"8,33",36,"0,23",19,"0,17",27,"0,22",22,"0,12",35,"-0,07",28,"0,25","0,83",49,"16,03",30
LEACHMAN SHARPSHOOTER 1369,90492,1998,,V,PO,7992,,26,329,"-0,21","0,74",24,"8,29","0,78",11,"0,26","0,55",47,439,"0,13",42,"0,17",28,"0,10",54,"0,15",26,"-0,02",46,"20,84",16,23,250,"3,23","0,69",42,"11,52",21,"0,14",44,"0,16",29,"0,11",51,"0,17",23,"-0,05",36,"0,06","0,72",65,"16,03",30
RED TER RON PARKER 34A,IA1889,2013,,P,IA,22965,,3,66,"2,06","0,58",99,"6,09","0,59",25,"0,67","0,02",40,1,"0,27",8,"0,26",12,"0,23",14,"0,11",36,"0,19",99,"20,76",17,3,41,"-1,21","0,39",84,"4,88",56,"0,26",13,"0,20",20,"0,24",17,"0,09",42,"0,20",99,"1,16","0,46",3,"15,98",30
SANTA AMÉLIA 7032 SAV RADIANCE 0801,412669,2017,,P,PC,33,,1,29,"0,16","0,38",49,"3,13","0,41",52,,,,0,"0,18",26,"0,23",16,"0,22",15,"0,03",63,"0,08",89,"11,15",44,1,30,"5,07","0,33",24,"8,20",36,"0,24",17,"0,26",11,"0,30",8,"0,04",56,"0,10",90,"0,20","0,41",53,"15,94",30
SANTA JOANA NET WORTH,166648,2012,,P,PO,15398,,3,61,"1,86","0,58",99,"5,69","0,58",28,"1,39","0,26",25,31,"0,12",46,"0,11",45,"0,12",46,"0,02",68,"0,11",92,"14,72",33,2,46,"4,85","0,45",26,"10,54",25,"0,12",49,"0,12",40,"0,14",43,"0,03",62,"0,13",94,"0,48","0,52",31,"15,92",30
SAC CONVERSATION,IA1660,2013,,P,IA,4568,M,6,47,"-0,62","0,52",9,"6,42","0,52",21,,,,0,"0,22",17,"0,18",27,"0,23",13,"0,16",24,"-0,09",19,"19,55",19,4,34,"0,67","0,37",69,"7,09",43,"0,26",14,"0,21",18,"0,27",12,"0,16",25,"-0,14",10,"0,58","0,38",24,"15,91",31
CIA.AZUL 1118 F.ANSWER ZORZAL WOLF,138031,2009,,P,PO,8538,P,10,340,"-0,61","0,77",10,"4,80","0,79",37,"1,86","0,38",17,100,"0,20",22,"0,18",27,"0,19",22,"0,10",40,"-0,10",16,"15,37",31,9,253,"1,88","0,67",57,"6,68",46,"0,13",45,"0,09",47,"0,17",34,"0,02",65,"-0,13",13,"1,55","0,71",1,"15,86",31
QUAKER HILL DEACON 5EX6 DEACON,IA1888,2015,,P,IA,22520,G,4,33,"0,90","0,37",89,"5,83","0,46",27,,,,0,"0,01",82,"-0,02",82,"-0,06",92,"0,24",9,"0,04",75,"11,26",43,3,14,"6,77","0,27",12,"12,61",17,"0,01",80,"-0,07",92,"-0,13",97,"0,26",9,"0,02",66,"1,01","0,33",7,"15,84",31
RINCON 2583 CANDELERO DEL SARANDY,188265,2014,,P,PO,7287,,1,23,"1,06","0,46",93,"5,62","0,45",29,"-1,04","0,18",78,3,"0,20",20,"0,20",22,"0,18",25,"0,05",55,"0,04",72,"17,43",24,1,17,"2,57","0,36",50,"8,19",36,"0,16",35,"0,17",28,"0,21",23,"0,04",57,"0,04",73,"0,65","0,39",20,"15,84",31
KCF BENNETT FORTRESS,IA1532,2011,,P,IA,4568,,2,26,"0,10","0,30",45,"2,78","0,42",57,,,,0,"0,14",39,"0,05",65,"0,13",43,"0,09",41,"0,03",71,"8,91",51,2,20,"6,81","0,31",12,"9,59",30,"0,19",28,"0,07",55,"0,14",44,"0,12",35,"-0,03",41,"0,13","0,36",59,"15,82",31
SAV BEST INTEREST 0136,IA1538,2010,,P,IA,16477,,10,87,"1,28","0,61",96,"5,14","0,64",34,"1,87","0,26",16,33,"0,20",22,"0,08",54,"0,19",23,"0,20",16,"0,03",69,"16,10",28,9,59,"3,24","0,51",42,"8,38",35,"0,16",36,"0,05",61,"0,22",23,"0,14",29,"0,05",77,"0,59","0,57",24,"15,80",31
TRADIÇÃO 1933,372893,2012,,P,PC,3638,,1,70,"0,30","0,47",60,"1,29","0,61",70,"-0,36","0,19",67,12,"0,25",12,"0,10",47,"0,26",10,,,"-0,02",43,"9,39",49,1,68,"4,86","0,50",26,"6,15",48,"0,22",20,"0,04",64,"0,21",23,,,"-0,00",55,"0,58","0,57",25,"15,73",31
QUIRI R065,389313,2013,,V,PC,92,,2,53,"-0,38","0,60",16,"6,83","0,59",19,"-1,95","0,20",90,10,"0,30",6,"0,26",12,"0,27",8,"0,14",27,"0,02",62,"23,13",12,2,23,"0,41","0,42",71,"7,24",42,"0,28",10,"0,21",17,"0,27",13,"0,10",39,"0,04",73,"-0,30","0,51",89,"15,61",31
UMBU 2962 1296 HEADLINER,196732,2016,,P,PO,99,,1,28,"-0,52","0,52",11,"5,77","0,50",28,,,,0,"0,17",30,"0,12",42,"0,16",31,"0,15",27,"0,03",71,"16,45",27,1,3,"4,02","0,31",33,"9,80",29,"0,19",28,"0,14",34,"0,17",32,"0,14",29,"0,03",70,"-0,04","0,36",72,"15,58",31
TRES MARIAS 9849 CACHAFAS 7238 TE SULTAN,IA1844,2013,,P,IA,5150,K,9,87,"-0,68","0,60",8,"5,24","0,62",32,"-1,42","0,10",83,2,"0,10",52,"0,24",15,"0,20",19,"-0,10",92,"-0,01",48,"13,13",38,8,39,"4,82","0,41",26,"10,05",28,"0,11",51,"0,21",18,"0,21",25,"-0,04",81,"-0,03",42,"0,70","0,46",17,"15,54",32
LEACHMAN GRAND CANYON 1244G,IA576,1997,,V,IA,,,22,183,"-0,01","0,75",37,"7,12","0,77",17,"-0,79","0,56",74,294,"0,09",56,"0,08",56,"0,07",63,"0,10",40,"0,01",60,"17,01",25,21,155,"4,55","0,69",29,"11,67",21,"0,15",40,"0,05",61,"0,17",33,"0,13",32,"0,10",89,"-0,08","0,71",76,"15,52",32
CIA.AZUL 0474-C0134 PANHANDLE,110164,2005,,V,PO,8538,,3,212,"1,08","0,76",93,"3,53","0,76",49,"-5,83","0,44",99,180,"0,10",55,"0,25",14,"0,36",3,"-0,01",76,"-0,00",54,"9,15",50,3,147,"7,62","0,64",8,"11,14",23,"0,17",32,"0,35",4,"0,52",1,"0,06",52,"-0,03",41,"-0,27","0,67",87,"15,47",32
GAP C035,334233,2010,,V,PC,2555,,1,217,"0,59","0,76",76,"4,00","0,75",44,"1,30","0,31",26,66,"0,26",11,"0,11",46,"0,19",22,"0,23",11,"0,02",67,"15,59",30,1,168,"1,93","0,63",56,"5,93",50,"0,21",22,"0,12",41,"0,23",19,"0,28",7,"0,01",58,"0,77","0,68",14,"15,41",32
LEACHMAN MAJOR LEAGUE A502M,IA762,2002,,V,IA,,,25,373,"-0,12","0,78",29,"6,43","0,79",21,"-0,57","0,50",71,241,"0,08",63,"0,07",60,"0,05",70,"0,11",36,"-0,00",54,"14,86",32,19,271,"5,03","0,69",24,"11,46",22,"0,16",36,"0,07",56,"0,09",57,"0,17",22,"-0,02",45,"-0,03","0,70",71,"15,38",32
RECONQUISTA TE2344 VAMP CANDELERO M.BEEF,181404,2014,,P,PO,155,,2,40,"0,36","0,43",63,"4,97","0,47",35,"0,49","0,29",43,6,"0,13",41,"0,19",25,"0,21",18,"0,05",54,"0,04",74,"13,61",36,1,24,"4,69","0,40",27,"9,66",30,"0,15",39,"0,17",26,"0,23",20,"0,11",36,"0,04",71,"0,34","0,39",41,"15,37",32
TRADIÇÃO T69,190735,2015,,P,PO,3638,,1,65,"0,86","0,57",88,"8,04","0,60",12,,,,0,"0,11",49,"0,21",20,"0,17",28,,,"0,05",76,"19,66",19,1,60,"4,48","0,51",29,"12,52",18,"0,07",65,"0,08",52,"0,10",55,,,"0,07",81,"-0,11","0,59",78,"15,35",32
EARLEY DATELINE 2M,IA812,2002,,P,IA,,,7,81,"0,61","0,64",78,"4,86","0,65",36,"0,82","0,28",36,55,"0,07",66,"-0,08",94,"0,06",65,"0,21",14,"-0,07",25,"11,13",44,7,66,"5,74","0,52",18,"10,61",25,"0,17",34,"-0,04",86,"0,11",53,"0,20",17,"-0,11",18,"0,24","0,59",50,"15,28",33
CONNEALY FINAL SOLUTION,IA1610,2009,,P,IA,13096,,2,32,,,,"6,15","0,33",24,"0,47","0,06",43,10,"0,06",68,"-0,02",83,"0,00",80,"0,18",19,"-0,05",31,"13,85",36,1,19,"4,88","0,20",26,"11,03",24,"0,08",61,"0,00",76,"-0,04",87,"0,24",11,,,"0,66","0,26",19,"15,18",33
SAV BRILLIANCE 8077,IA1222,2008,,P,IA,,,39,568,"-0,25","0,83",21,"6,57","0,83",20,"3,81","0,51",2,275,"0,19",23,"0,16",31,"0,18",24,"0,11",36,"-0,09",18,"19,10",20,32,452,"0,43","0,75",71,"7,00",44,"0,20",24,"0,05",63,"0,18",32,"0,10",40,"-0,10",19,"0,85","0,80",12,"15,14",33
SANTA SERGIA LUQUENSE MISTER 3256,196600,2013,,V,PO,19692,,4,117,"0,19","0,62",51,"5,84","0,62",27,,,,0,"0,32",5,"0,50",1,"0,40",1,"0,04",57,"0,02",64,"21,67",14,4,42,"-1,93","0,38",90,"3,91",61,"0,28",10,"0,40",2,"0,32",6,"-0,02",75,"0,01",61,"0,83","0,49",12,"15,10",33
JF PIRATINIZINHO 194 TANQUE,390358,2015,,V,PC,18778,,1,37,"2,44","0,52",99,"6,77","0,51",19,"-1,94","0,14",90,4,"0,23",15,"0,18",25,"0,25",11,"0,20",15,"0,21",99,"20,66",17,1,28,"1,23","0,39",63,"8,00",38,"0,25",16,"0,18",23,"0,31",7,"0,23",12,"0,20",99,"-0,18","0,42",84,"14,96",33
SÃO XAVIER 1825 JAGÜEL TE,184890,2014,,P,PO,508,,1,20,"1,26","0,45",96,"2,26","0,48",61,"0,76","0,20",37,1,"0,12",44,"0,01",75,"0,14",38,"0,22",11,"0,00",57,"7,34",56,1,15,"6,95","0,39",11,"9,21",31,"0,14",42,"0,02",72,"0,17",34,"0,22",13,"0,00",56,"0,31","0,45",43,"14,91",33
SANTO ANTÃO PENDLETON 692,156957,2012,,P,PO,14982,,1,38,"-0,84","0,33",6,"6,13","0,57",24,"1,01","0,20",33,6,"0,32",4,"0,26",13,"0,44",1,"0,11",35,"0,11",93,"22,50",13,1,32,"-0,81","0,46",81,"5,31",53,"0,25",15,"0,06",57,"0,40",3,"0,04",58,"0,08",84,"0,30","0,52",44,"14,91",33
MAYA 97 ELEUTÉRIO BRIGADIER CAMÉLIA,128233,2008,,V,PO,15958,,4,27,"0,24","0,46",55,"5,96","0,46",26,"-2,78","0,20",96,16,"0,20",20,"0,19",24,"0,25",11,"0,15",25,"0,06",82,"18,12",22,3,19,"1,11","0,36",64,"7,07",43,"0,19",27,"0,20",20,"0,28",11,"0,13",33,"0,08",85,"0,67","0,43",19,"14,86",34
INDIO NUEVO 419 DIFERENTE 28 T/E,IA2045,2016,,P,IA,23718,,3,82,"0,28","0,62",58,"4,85","0,60",36,,,,0,"0,14",38,"0,20",23,"0,16",30,"0,05",57,"-0,02",43,"13,51",37,2,28,"2,69","0,37",48,"7,54",41,"0,18",30,"0,17",27,"0,18",31,"0,03",61,"0,01",59,"0,90","0,35",9,"14,83",34
SAV IRON MOUNTAIN 8066,IA1250,2008,,P,IA,,,27,375,"0,77","0,76",86,"4,77","0,79",37,"-0,01","0,43",52,175,"0,18",25,"0,12",42,"0,11",47,"0,24",9,"0,07",84,"14,85",33,22,226,"2,80","0,65",47,"7,58",40,"0,18",31,"0,06",58,"0,09",59,"0,22",13,"0,05",76,"0,57","0,72",25,"14,80",34
PA SAFEGUARD 021,204579,2010,,P,PO,22302,,3,137,"-0,12","0,68",29,"0,81","0,67",75,"2,76","0,11",7,8,"-0,01",85,"-0,04",88,"-0,10",96,"0,11",36,"-0,22",2,"-0,40",79,3,105,"9,56","0,51",4,"10,37",26,"0,12",50,"0,05",61,"0,01",77,"0,24",11,"-0,29",1,"0,73","0,65",16,"14,78",34
MAUFER FALSARIO 0177FIV FLORICE ZORZAL,165397,2013,,P,PO,17034,,2,20,"0,77","0,43",86,"4,83","0,42",36,"-2,61","0,19",95,5,"0,21",19,"0,01",76,"0,08",59,"0,12",33,"-0,01",48,"15,70",29,1,13,"2,60","0,32",49,"7,42",41,"0,21",23,"-0,01",80,"0,07",64,"0,10",39,"-0,01",49,"0,26","0,33",48,"14,75",34
GAP 3981,145903,2010,,P,PO,2555,,1,89,"-0,06","0,67",33,"3,90","0,66",45,"-1,89","0,24",89,40,"0,14",38,"0,08",54,"-0,13",98,,,"0,02",65,"11,44",43,1,53,"5,63","0,49",19,"9,53",30,"0,15",39,"0,04",64,"-0,14",97,,,"0,01",62,"0,05","0,52",66,"14,73",34
RITO 9FB3 OF 5H11 FULLBACK,IA368,1989,,P,IA,,M,19,193,"1,17","0,67",94,"4,32","0,74",41,"1,52","0,49",23,301,"0,23",14,"0,20",23,"0,28",7,"0,14",29,"-0,08",21,"15,52",30,19,180,"3,77","0,65",36,"8,10",37,"0,10",57,"0,10",45,"0,22",21,"0,12",35,"-0,09",21,"0,38","0,68",38,"14,62",34
BASCO SUEZ YESQUERO 1253TE,215880,2017,,V,PO,4074,,1,20,"1,72","0,47",99,"5,04","0,46",34,,,,0,"0,23",15,"0,17",28,"0,17",29,"0,20",15,"-0,03",39,"16,90",26,1,10,"0,42","0,31",71,"5,46",52,"0,23",19,"0,17",27,"0,16",36,"0,22",13,"-0,05",35,"0,85","0,26",11,"14,61",35
TÓLIO TE402 BRAND NAME TRAVELER ECLIPSE,181338,2014,,P,PO,14838,,4,40,"-0,14","0,57",27,"3,50","0,58",49,"2,29","0,19",11,3,"0,25",12,"0,23",17,"0,20",19,"0,20",15,"0,07",84,"14,24",34,2,25,"1,60","0,44",60,"5,10",54,"0,22",20,"0,16",29,"0,20",26,"0,22",13,"0,07",81,"0,77","0,52",14,"14,56",35
SANTA JOANA 1023 GRAN LIDER,279582,2007,,P,PC,15398,L,3,74,"-0,08","0,64",32,"3,45","0,64",50,"0,68","0,33",39,104,"0,28",8,"0,50",1,"0,38",2,"0,05",54,"0,07",83,"15,12",31,3,60,"3,88","0,52",35,"7,32",42,"0,29",9,"0,52",1,"0,47",1,"0,05",53,"0,07",83,"-0,87","0,56",99,"14,55",35
EF PRESIDIO 9001,IA1327,2009,,P,IA,17737,,3,23,"-0,94","0,38",5,"4,21","0,42",42,"1,09","0,03",30,4,"0,19",22,"0,16",32,"0,17",26,"0,09",43,"-0,13",10,"13,99",35,3,22,"4,12","0,30",32,"8,33",36,"0,20",26,"0,18",24,"0,18",30,"0,10",40,"-0,15",9,"-0,11","0,38",79,"14,55",35
RUBETA 3910 GRINGO TE GRINGO,IA1005,2003,,P,IA,,,14,278,"1,27","0,75",96,"3,92","0,76",45,"-1,69","0,45",87,261,"0,14",37,"0,20",22,"0,15",34,"0,21",13,"-0,07",26,"11,64",42,12,233,"4,50","0,66",29,"8,42",35,"0,16",36,"0,14",34,"0,20",26,"0,21",15,"-0,09",22,"0,40","0,72",36,"14,50",35
TRADIÇÃO 2450 XAVANTE,418278,2017,,P,PC,3638,P,3,27,"0,82","0,41",87,"1,76","0,48",66,,,,0,"0,15",34,"0,28",10,"0,12",44,"0,00",73,"-0,05",34,"7,15",57,3,13,"5,23","0,33",22,"6,99",44,"0,21",22,"0,32",6,"0,17",34,"-0,01",74,"-0,06",32,"0,52","0,36",28,"14,49",35
SANTO ANTÃO DON LEO 703,156967,2012,,P,PO,14982,,1,40,"-0,32","0,32",18,"4,27","0,58",41,"-0,06","0,22",54,8,"0,13",40,"0,24",16,"0,13",41,"0,00",73,"-0,03",39,"12,11",41,1,32,"3,34","0,46",41,"7,62",40,"0,16",35,"0,24",14,"0,16",36,"0,00",69,"-0,03",43,"0,80","0,53",13,"14,43",35
INHANDUÍ 1349 DON LEO DENSITY,170423,2013,,P,PO,8386,,1,40,"0,43","0,50",68,"3,27","0,48",51,"0,10","0,17",50,11,"0,18",26,"0,07",58,"0,11",50,"0,17",21,"-0,16",6,"11,40",43,1,12,"3,14","0,34",42,"6,41",47,"0,23",19,"0,09",48,"0,15",39,"0,24",11,"-0,20",4,"0,56","0,40",26,"14,42",35
CIA.AZUL 1282 NET WORTH WIDESPREAD,149256,2010,,P,PO,8538,T,2,62,"0,23","0,61",55,"4,59","0,62",38,"-1,15","0,35",79,57,"0,14",40,"-0,06",91,"0,06",66,"0,19",18,"-0,01",52,"12,83",39,2,45,"4,27","0,51",31,"8,86",33,"0,18",29,"-0,04",87,"0,07",65,"0,21",15,"-0,03",41,"0,11","0,53",61,"14,39",35
RECONQUISTA 1301 NACO CACHAFAZ FENOMENA,122718,2007,,V,PO,155,,13,65,"0,69","0,59",82,"6,74","0,60",19,"-2,62","0,37",95,113,"0,16",31,"0,20",21,"0,22",15,"0,09",43,"0,06",80,"18,53",21,10,30,"3,25","0,48",42,"9,99",28,"0,16",37,"0,24",14,"0,20",26,"0,13",32,"0,07",83,"-0,33","0,52",90,"14,31",36
BC CLASSIC 385-7,IA1213,2007,,P,IA,27153,M,7,33,"-0,18","0,50",26,"6,51","0,49",21,"1,24","0,09",27,14,"0,17",28,"0,23",17,"0,18",24,"0,01",70,"-0,03",41,"18,35",21,6,27,"2,39","0,34",51,"8,91",33,"0,15",40,"0,27",9,"0,15",41,"-0,02",76,"-0,06",31,"0,12","0,41",60,"14,27",36
ALBARDÃO 055 PASTORIZA BADLANDS,296722,2008,,V,PC,436,,3,136,"-0,08","0,38",31,"3,14","0,59",52,"-1,12","0,27",79,66,"0,15",35,"0,08",53,"0,16",31,"0,18",19,"-0,02",43,"10,17",47,2,115,"2,89","0,48",45,"6,03",49,"0,27",11,"0,06",58,"0,28",11,"0,20",16,"-0,00",55,"0,58","0,48",24,"14,27",36
RINCON CHIMARRÃO TE2059 DEL SARANDY,160403,2012,,P,PO,7287,,1,23,"0,46","0,48",69,"5,40","0,48",31,"-1,18","0,15",80,1,"0,09",57,"0,11",46,"0,17",28,"-0,00",73,"-0,01",51,"13,03",38,1,21,"5,02","0,38",24,"10,41",26,"0,04",74,"0,09",50,"0,18",30,"-0,01",73,"-0,00",55,"0,63","0,38",21,"14,23",36
TRADIÇÃO 2060,372484,2013,,P,PC,3638,,1,52,,,,"4,94","0,56",35,"-1,24","0,13",81,8,"0,36",3,"0,00",78,"0,32",4,,,,,"21,19",16,1,50,"-0,21","0,44",76,"4,73",57,"0,32",6,"-0,03",84,"0,27",12,,,,,"-0,48","0,54",94,"14,22",36
RECONQUISTA TEI2473 ZELOSO HARVESTOR PRO,191672,2015,,P,PO,155,,9,241,"1,05","0,63",92,"4,10","0,68",43,"-0,48","0,36",69,7,"0,19",25,"0,11",44,"0,22",15,"0,05",57,"0,02",66,"13,44",37,8,157,"2,57","0,57",50,"6,67",46,"0,17",34,"0,06",58,"0,22",23,"0,03",60,"0,04",74,"0,73","0,59",16,"14,14",36
ROY ROGERS 5604 ROY ROGERS,IA1000,2005,,V,IA,,,14,68,"0,55","0,50",75,"8,05","0,60",12,"-0,01","0,15",52,32,"0,19",25,"0,08",55,"0,12",46,"0,25",8,"0,01",59,"22,12",14,12,50,"0,43","0,43",71,"8,48",35,"0,20",26,"0,04",65,"0,13",46,"0,25",9,"0,02",64,"-0,04","0,44",72,"14,10",36
SÃO XAVIER 1957 JOHNNIE RED TE,193509,2014,,V,PO,508,,1,26,"0,87","0,44",88,"4,18","0,46",43,"0,12","0,12",50,1,"0,22",16,"0,13",39,"0,12",45,"0,14",28,"-0,08",21,"14,80",33,1,15,"2,50","0,32",50,"6,68",45,"0,22",20,"0,08",53,"0,08",60,"0,14",29,"-0,10",19,"0,13","0,36",59,"14,08",36
CARUMBÉ RED GRINGO 1315,142834,2010,,V,PO,18551,,1,50,"1,19","0,33",95,"5,12","0,55",34,"1,90","0,21",16,30,"0,12",45,"0,18",26,"0,20",20,"0,09",41,"-0,04",37,"13,58",36,1,46,"4,59","0,43",28,"9,71",30,"0,17",34,"0,14",35,"0,23",19,"0,14",29,"-0,02",46,"-0,22","0,48",86,"13,93",37
ERRE TE679 LUCIDO PEREZOSO TE ELEGIDO,IA1559,2011,,P,IA,10379,,2,62,"0,10","0,59",45,"4,17","0,58",43,"-1,62","0,15",86,12,"0,17",28,"0,26",13,"0,19",23,"-0,04",83,"0,15",98,"13,19",38,2,55,"2,69","0,44",48,"6,86",45,"0,11",53,"0,20",20,"0,17",32,"-0,07",89,"0,15",97,"1,04","0,50",6,"13,91",37
OSU CLARITY 1152 CLARITY,IA1736,2011,,P,IA,18583,,2,59,"0,78","0,52",86,"4,62","0,53",38,"3,61","0,14",3,9,"0,16",31,"0,07",58,"0,14",36,"0,13",31,"-0,20",3,"13,78",36,2,36,"3,08","0,39",43,"7,69",40,"0,17",35,"0,01",74,"0,14",43,"0,16",25,"-0,25",2,"0,39","0,47",37,"13,91",37
LEACHMAN CHEYENNE B221L,IA781,2001,,V,IA,,,34,687,"-0,28","0,77",20,"4,84","0,83",36,"-0,62","0,53",71,284,"0,11",50,"0,05",66,"-0,05",91,"0,09",42,"-0,06",27,"12,48",40,32,434,"4,26","0,73",31,"9,10",32,"0,11",51,"0,04",66,"-0,05",90,"0,09",42,"-0,05",34,"0,45","0,74",33,"13,89",37
BUFFALO CREEK VAQUERO 1626,IA351,1988,,V,IA,,,41,774,"0,40","0,84",66,"3,37","0,86",50,"-0,96","0,70",76,885,"0,12",45,"0,14",37,"0,17",26,"0,07",48,"0,02",65,"9,68",48,39,566,"5,30","0,80",21,"8,67",34,"0,20",25,"0,21",17,"0,26",15,"0,10",39,"-0,00",53,"-0,11","0,77",78,"13,84",37
SÃO BIBIANO 7351 VERDADERO,165840,2013,,P,PO,110,,1,21,,,,"5,16","0,45",33,"1,67","0,14",20,6,"0,16",32,"0,19",25,"0,18",25,"0,07",49,"-0,15",7,"14,90",32,1,19,"3,65","0,33",37,"8,81",34,"0,19",27,"0,15",32,"0,16",36,"0,08",45,"-0,16",8,"-0,31","0,41",89,"13,75",37
SANTA EULÁLIA NEW DESIGN 456 DESENHADO,116489,2006,,P,PO,95,,2,23,"0,09","0,28",44,"2,65","0,44",58,"3,08","0,18",5,12,"0,18",26,"0,23",17,"0,01",79,"0,35",3,"-0,04",37,"9,98",47,1,18,"4,98","0,33",25,"7,63",40,"0,18",31,"0,20",19,"-0,01",81,"0,40",2,"-0,08",26,"0,05","0,24",66,"13,72",37
PIRAY 893 RED BRIGADIER JACOBO TE,IA1317,2009,,V,IA,13096,,6,114,"-0,50","0,64",12,"2,00","0,66",64,"-1,12","0,21",79,35,"0,15",35,"0,03",70,"0,17",29,"0,04",61,"0,05",77,"7,62",55,5,99,"5,83","0,52",18,"7,83",39,"0,13",45,"0,05",63,"0,23",20,"0,04",57,"0,09",87,"0,36","0,59",39,"13,71",37
FSL I BERRIEL 721 TE,134706,2009,,P,PO,14320,,2,22,"0,18","0,44",51,"4,80","0,44",37,"0,65","0,14",40,1,"0,17",30,"0,22",18,"0,12",45,"0,21",14,"-0,04",38,"14,36",34,2,20,"2,79","0,34",47,"7,59",40,"0,19",26,"0,23",15,"0,16",38,"0,20",16,"-0,04",40,"0,13","0,46",60,"13,61",38
GAP TE 4041 GRINGO 2048,148763,2011,,P,PO,2555,,2,54,"0,39","0,61",66,"1,19","0,60",71,"0,62","0,24",40,32,"0,08",61,"-0,01",81,"0,04",72,"0,11",36,"-0,05",34,"3,38",69,2,36,"7,57","0,45",9,"8,75",34,"0,16",37,"0,03",66,"0,12",49,"0,11",38,"-0,13",12,"0,22","0,47",51,"13,60",38
BT JUNCO BRIGADIER 1151,185336,2014,,V,PO,21499,,2,30,,,,"5,95","0,38",26,,,,0,"0,12",48,"0,19",23,"0,15",35,"0,14",27,"0,01",61,"15,15",31,2,22,"3,06","0,31",43,"9,01",33,"0,13",45,"0,18",24,"0,18",31,"0,12",35,"0,02",64,"0,23","0,27",50,"13,44",38
CIA.AZUL TE3068 MAXI WINDSPREAD,190097,2015,,P,PO,8538,,1,24,"0,77","0,50",86,"5,91","0,53",26,"-1,37","0,19",83,4,"0,18",26,"0,24",16,"0,21",17,"0,04",60,"0,01",61,"17,21",25,1,14,"2,32","0,39",52,"8,23",36,"0,14",41,"0,24",13,"0,26",15,"0,02",65,"0,01",59,"0,06","0,44",65,"13,43",38
SANTA AMÉLIA 6944 TRADIÇÃO 2028,407532,2016,,P,PC,33,,1,25,"1,15","0,37",94,"4,30","0,48",41,,,,0,"-0,02",86,"-0,05",89,"-0,02",84,"0,16",24,"-0,08",21,"7,03",58,1,20,"7,41","0,37",9,"11,71",21,"-0,00",82,"0,10",46,"-0,02",84,"0,19",18,"-0,09",21,"0,65","0,43",20,"13,42",38
ERRE TE 27 FACON GENERAL,IA1280,2006,,P,IA,17375,,8,65,"0,85","0,53",88,"3,61","0,61",48,"-3,62","0,23",99,73,"0,17",30,"0,18",26,"0,14",39,"0,15",26,"-0,01",52,"11,68",42,8,53,"3,75","0,48",36,"7,36",42,"0,12",49,"0,20",19,"0,16",35,"0,14",29,"-0,00",54,"0,55","0,52",26,"13,40",38
BADLANDS MR BEEF 805,IA637,1998,,V,IA,,,24,534,"-0,64","0,72",9,"4,04","0,78",44,"1,81","0,51",17,243,"0,07",63,"-0,02",84,"0,03",74,"0,14",29,"0,10",91,"9,53",49,23,175,"7,43","0,66",9,"11,47",22,"0,09",60,"0,00",76,"0,01",76,"0,23",12,"0,05",76,"-0,46","0,57",94,"13,39",38
UMBU 2666 CLASSIC HEADLINER,185670,2015,,P,PO,99,,1,25,"0,55","0,52",74,"1,50","0,52",68,"0,86","0,17",36,1,"0,10",51,"0,11",46,"0,14",36,"-0,00",74,"-0,01",49,"4,99",65,1,12,"5,16","0,38",23,"6,66",46,"0,12",48,"0,11",44,"0,19",29,"0,03",62,"0,01",61,"1,11","0,41",4,"13,28",39
ALIANÇA EDE YH768,339306,2012,,V,PC,16258,,1,22,"-0,11","0,34",29,"5,78","0,41",27,,,,0,"0,08",62,"0,06",62,"0,15",35,"0,12",33,"0,01",60,"13,47",37,1,9,"4,95","0,27",25,"10,73",25,"0,07",65,"0,04",66,"0,14",43,"0,07",49,"0,01",60,"0,06","0,26",65,"13,28",39
PVF INSIGHT 0129,IA1496,2010,,P,IA,16477,,22,251,"0,06","0,73",42,"5,31","0,75",32,"3,13","0,34",5,66,"0,15",34,"0,11",46,"0,11",49,"0,06",53,"-0,02",43,"15,01",32,16,168,"2,18","0,62",54,"7,50",41,"0,14",41,"0,04",66,"0,14",43,"0,08",46,"-0,01",48,"0,49","0,67",30,"13,27",39
TAMANDUÁ TE11 CARRASCO LIDER TE37,146375,2010,,P,PO,16005,,1,21,"0,07","0,38",43,"5,43","0,36",31,"0,31","0,19",46,7,"0,23",15,"0,31",7,"0,28",7,"-0,03",81,"0,03",70,"17,75",24,1,1,"0,99","0,27",66,"6,42",47,"0,18",29,"0,31",6,"0,30",9,"-0,03",80,"0,05",75,"0,21","0,33",52,"13,19",39
TRES MARIAS 6927 PUCARA TE PUCARÁ,IA929,2003,,V,IA,,K,46,457,"1,55","0,78",98,"1,71","0,81",66,"-3,13","0,51",97,312,"0,16",33,"0,11",46,"0,25",11,"0,12",33,"-0,02",44,"7,20",57,38,348,"4,24","0,72",31,"5,95",49,"0,22",21,"0,14",33,"0,32",7,"0,12",34,"-0,04",39,"0,46","0,74",32,"13,18",39
GAR ANTICIPATION,IA1546,2011,,P,IA,4568,,1,42,"-0,54","0,50",11,"3,44","0,49",50,"0,06","0,09",51,12,"0,06",67,"-0,10",95,"-0,04",90,"0,39",2,"-0,32",1,"7,90",54,1,37,"5,01","0,36",25,"8,45",35,"0,11",53,"-0,02",82,"-0,00",80,"0,48",1,"-0,34",1,"0,72","0,42",17,"13,12",39
INHANDUÍ 1763,276560,2007,,V,PC,8386,,12,354,"-0,14","0,78",28,"4,03","0,79",44,"-0,80","0,33",74,80,"0,20",21,"0,26",12,"0,22",15,"0,09",44,"-0,19",4,"13,74",36,10,267,"3,81","0,67",36,"7,84",39,"0,25",16,"0,23",15,"0,28",11,"0,14",29,"-0,18",6,"-0,82","0,72",99,"13,05",39
BENJAMIN 1547 ZORZAL LIDER CONDOR,IA1106,2005,,P,IA,26294,,6,88,"0,59","0,58",77,"4,43","0,65",40,"-2,00","0,38",90,136,"0,20",22,"0,23",17,"0,19",21,"0,08",47,"0,15",98,"14,56",33,6,78,"2,01","0,55",55,"6,44",47,"0,13",46,"0,16",28,"0,12",48,"0,03",61,"0,15",97,"0,58","0,58",24,"12,95",40
PWM GAIUS,114280,2006,,P,PO,14676,,3,28,"0,43","0,42",68,"5,64","0,41",29,,,,0,"0,13",42,"0,01",74,"0,06",64,"0,15",26,"0,08",86,"14,96",32,4,22,"2,29","0,27",52,"7,93",38,"0,11",51,"-0,02",81,"0,04",71,"0,11",37,"0,08",84,"0,54","0,34",27,"12,93",40
TRADIÇÃO 2028 PETRUCO,372896,2013,,P,PC,3638,P,13,238,"0,61","0,74",77,"1,14","0,76",71,"1,77","0,33",18,62,"0,07",66,"0,02",72,"0,11",49,"0,02",67,"-0,04",37,"2,94",71,12,156,"5,93","0,62",17,"7,07",43,"0,15",38,"0,20",20,"0,20",26,"0,03",61,"-0,05",36,"0,76","0,69",15,"12,73",40
LA LEGUA CANYON 8279 TE CANONAZO,IA1267,2002,,V,IA,17375,,2,60,"0,72","0,58",83,"6,49","0,57",21,"-1,29","0,21",82,21,"0,17",28,"0,04",69,"0,12",46,"0,21",13,"0,01",58,"18,24",22,2,58,"0,61","0,47",70,"7,10",43,"0,23",19,"0,02",71,"0,17",32,"0,17",23,"0,03",69,"-0,14","0,53",81,"12,68",40
MANDAN BLACK 2582 TELLECHEA,190401,2015,,P,PO,18551,,1,29,"-0,13","0,51",28,"1,71","0,50",66,,,,0,"0,17",29,"0,04",68,"0,09",55,"0,11",35,"-0,13",9,"7,63",55,1,20,"2,18","0,35",54,"3,88",61,"0,19",27,"0,07",54,"0,12",50,"0,08",45,"-0,15",9,"1,28","0,42",2,"12,67",40
SÃO XAVIER 2000 LAPACHO,192397,2015,,V,PO,508,,1,47,"-1,24","0,52",3,"3,77","0,56",46,,,,0,"0,10",54,"0,19",24,"0,16",31,"-0,05",86,"-0,05",34,"9,77",48,1,38,"5,08","0,43",24,"8,85",34,"0,14",41,"0,17",26,"0,25",16,"0,01",67,"-0,07",28,"-0,09","0,50",77,"12,61",41
WOODHILL AUGUSTA,IA2024,2018,,P,IA,23642,,10,122,"-0,29","0,60",19,"3,69","0,64",47,,,,0,"0,06",68,"0,02",74,"-0,08",95,"0,07",48,"0,06",83,"8,37",52,5,27,"4,70","0,34",27,"8,40",35,"0,13",47,"0,04",65,"-0,08",94,"0,11",37,"0,05",76,"0,45","0,30",33,"12,54",41
RECALADA TE18 CAPITÁN RESOURCE TE1638,215276,2017,,P,PO,21701,,1,32,"-0,05","0,47",33,"2,23","0,52",62,,,,0,"0,13",43,"0,17",29,"0,20",19,"-0,09",91,"0,05",78,"7,37",56,1,15,"3,92","0,40",35,"6,14",48,"0,18",31,"0,16",29,"0,25",16,"-0,06",87,"0,08",85,"0,59","0,46",24,"12,45",41
WERNER FLAT TOP 4136,IA1920,2014,,P,IA,23230,M,5,20,"0,08","0,41",44,"5,35","0,41",31,,,,0,"0,10",54,"0,21",19,"0,16",30,"0,08",45,"-0,15",7,"13,26",38,4,16,"3,69","0,31",37,"9,05",32,"0,07",65,"0,15",31,"0,17",34,"0,07",49,"-0,19",5,"0,34","0,34",41,"12,45",41
REDBAR NET WORTH C216VAQUERO,174129,2013,,P,PO,9271,,1,29,"0,37","0,53",64,"2,52","0,53",59,"1,66","0,27",20,6,"0,07",64,"0,12",43,"0,11",50,"0,19",18,"0,05",78,"6,16",61,1,24,"4,91","0,44",25,"7,43",41,"0,08",60,"0,13",37,"0,11",51,"0,24",11,"0,05",77,"0,96","0,46",8,"12,42",41
UMBU 1296 HEADLINER,122521,2007,,P,PO,99,,3,189,"-0,31","0,75",19,"4,21","0,74",42,"2,48","0,39",9,118,"0,19",24,"0,19",25,"0,25",11,"0,04",60,"0,03",69,"13,86",35,2,143,"2,95","0,62",45,"7,16",43,"0,21",24,"0,20",21,"0,30",8,"0,06",53,"0,04",72,"-0,40","0,68",92,"12,42",41
WT BUTIÁ TE140 BISMARK X STA AMÉLIA 5001,168556,2012,,P,PO,17087,,1,81,"0,06","0,55",42,"5,29","0,55",32,"-0,33","0,24",67,34,"0,09",56,"0,15",35,"0,16",32,"0,02",65,"0,05",75,"12,93",39,1,70,"2,75","0,44",47,"8,04",38,"0,11",52,"0,12",41,"0,19",27,"-0,02",76,"0,04",71,"0,53","0,51",27,"12,37",42
TRES MARIAS 7033 CANDOMBE 6164 TE,IA931,2004,,P,IA,,,11,70,"0,62","0,60",78,"3,65","0,64",47,"-2,17","0,39",92,178,"0,10",55,"0,10",48,"0,12",45,"0,07",49,"-0,01",48,"9,43",49,10,38,"5,31","0,54",21,"8,96",33,"0,10",55,"0,15",32,"0,14",44,"0,05",55,"0,00",57,"0,03","0,57",67,"12,32",42
HSAF BANDO 1961,IA1014,2001,,P,IA,,,7,60,"-0,30","0,55",19,"1,40","0,57",69,"0,99","0,17",33,34,"0,29",7,"0,14",36,"0,08",59,"0,39",1,"-0,13",10,"10,93",45,7,54,"1,96","0,45",56,"3,36",64,"0,29",9,"0,12",38,"0,05",68,"0,42",2,"-0,16",7,"-0,10","0,44",78,"12,31",42
EATHINGTON SUB-ZERO,IA1481,2012,,P,IA,16477,,6,28,"-0,81","0,46",6,"3,99","0,47",44,"1,79","0,14",18,21,"0,07",65,"0,02",72,"0,07",62,"0,04",58,"-0,05",33,"9,31",49,5,22,"4,87","0,35",26,"8,85",33,"0,05",69,"-0,07",92,"0,03",73,"0,09",43,"-0,03",43,"0,57","0,43",25,"12,30",42
GAP 3123 QUEBRACHO BARTO,121417,2007,,V,PO,2555,,3,496,"1,03","0,83",92,"3,23","0,82",51,"-0,20","0,56",64,426,"0,22",16,"0,12",41,"0,21",17,"0,25",8,"-0,07",23,"12,75",39,3,349,"1,46","0,73",61,"4,69",57,"0,17",33,"0,12",41,"0,26",13,"0,32",4,"0,01",60,"0,63","0,77",21,"12,27",42
BT RIGHT TIME 24J,IA886,1999,,P,IA,,,7,125,"0,40","0,54",66,"1,91","0,66",65,"1,09","0,28",30,76,"0,11",48,"0,06",64,"0,08",58,"0,10",39,"-0,07",25,"6,22",61,7,96,"3,60","0,53",38,"5,51",52,"0,18",29,"0,08",52,"0,08",60,"0,15",25,"-0,09",20,"0,80","0,44",13,"12,18",42
GLACIER CHATEAU 744,IA663,1997,,V,IA,,,28,521,"-0,52","0,74",11,"4,61","0,81",38,"0,19","0,57",48,432,"0,09",58,"0,07",58,"0,10",54,"0,20",16,"-0,05",34,"11,20",43,22,379,"4,56","0,72",29,"9,17",32,"0,16",35,"0,10",47,"0,16",37,"0,22",13,"-0,11",16,"-0,40","0,65",93,"12,12",42
WT BUTIÁ 123 LAS LILAS 1385 - BUTIÁ 027,155546,2012,,P,PO,17087,,1,31,"0,84","0,45",88,"6,12","0,44",24,"-1,43","0,16",83,22,"0,04",74,"0,11",45,"0,08",59,"0,12",34,"-0,14",8,"12,95",39,1,30,"3,36","0,33",40,"9,47",30,"0,07",65,"0,10",46,"0,11",53,"0,18",21,"-0,14",11,"0,48","0,37",31,"12,10",43
CONNEALY CAPITALIST 028,IA1265,2010,,P,IA,4568,M,17,94,"-0,34","0,66",17,"3,77","0,66",46,"-0,21","0,26",64,41,"0,10",54,"0,27",11,"0,12",44,"-0,01",76,"-0,13",9,"9,79",48,17,60,"3,25","0,51",42,"7,03",44,"0,04",74,"0,13",37,"0,05",69,"-0,07",87,"-0,14",11,"1,22","0,57",2,"12,06",43
SANTA EULÁLIA BRILLIANCE 01053,173375,2013,,P,PO,95,,1,36,"-0,35","0,49",17,"5,83","0,46",27,"-0,79","0,19",74,10,"0,11",48,"0,12",43,"0,25",11,"0,04",59,,,"14,83",33,1,36,"3,07","0,38",43,"8,90",33,"0,10",54,"-0,02",81,"0,21",24,"0,04",57,,,"-0,04","0,40",72,"12,06",43
TRAVELER DO CARUMBÉ TE1608,129646,2008,,P,PO,269,,5,68,"0,24","0,58",55,"1,95","0,59",64,"3,14","0,23",5,18,"0,12",45,"0,09",51,"0,09",56,"0,08",46,"0,01",58,"6,53",59,5,56,"5,32","0,46",21,"7,27",42,"0,13",46,"0,08",51,"0,14",43,"0,09",43,"-0,02",46,"0,21","0,50",52,"11,99",43
TRES MARIAS A689 GARDEL,A.830039,2015,,P,,E,K,4,24,"0,24","0,42",55,"3,12","0,40",53,,,,0,"0,22",17,"0,14",37,"0,12",44,"0,16",24,"0,16",98,"12,28",40,2,6,"1,97","0,25",56,"5,09",54,"0,23",19,"0,07",56,"0,09",58,"0,17",23,"0,19",99,"-0,03","0,28",72,"11,88",43
TRADIÇÃO T 56,181917,2014,,P,PO,3638,,2,51,"0,56","0,50",75,"6,42","0,54",22,,,,0,"0,19",23,"0,11",46,"0,21",18,"0,05",56,"0,07",85,"18,79",20,1,34,"0,17","0,39",73,"6,59",46,"0,13",46,"0,03",67,"0,14",44,"-0,00",71,"0,08",85,"0,28","0,48",46,"11,87",43
BASCO NET WORTH 529,175845,2012,,P,PO,4074,,1,38,"0,28","0,55",58,"5,10","0,55",34,"0,07","0,23",51,13,"-0,00",83,"0,14",36,"0,24",12,"0,08",45,"0,02",62,"9,40",49,1,23,"3,68","0,42",37,"8,79",34,"0,00",81,"0,14",33,"0,29",10,"0,08",46,"-0,02",44,"1,25","0,35",2,"11,67",43
CASAMU 280 ARECUTRAN JEWLIAN CHAITUN,IA1850,2011,,V,IA,22230,,2,30,"-1,18","0,48",3,"4,90","0,47",36,,,,0,"0,12",45,"0,16",32,"0,26",9,"0,04",58,"-0,05",32,"13,04",38,1,24,"2,75","0,33",47,"7,65",40,"0,12",50,"0,13",38,"0,25",16,,,"-0,04",37,"0,15","0,34",57,"11,59",44
SANTA EULÁLIA ZORZAL 960,173378,2013,,P,PO,95,,1,25,"0,44","0,46",68,"2,84","0,43",56,"-2,49","0,17",94,3,"0,11",49,"0,17",28,"0,08",61,"0,08",46,,,"8,12",53,1,25,"4,22","0,34",31,"7,06",43,"0,16",36,"0,16",28,"0,11",54,"0,12",33,,,"0,11","0,37",61,"11,57",44
QUIRÍ M008,344171,2010,,P,PC,92,,1,45,"-0,27","0,50",20,"5,07","0,53",34,"1,01","0,21",32,55,"0,16",31,"0,33",5,"0,35",3,"0,00",73,"-0,01",52,"14,82",33,1,40,"1,35","0,42",62,"6,42",47,"0,19",26,"0,36",3,"0,41",2,"-0,06",86,"-0,02",47,"-0,04","0,40",72,"11,57",44
BON VIEW NEW DESIGN 878,IA721,1998,,P,IA,,M,20,304,"-0,04","0,74",35,"2,62","0,78",58,"4,91","0,51",1,376,"0,08",62,"0,08",54,"0,02",76,"0,30",5,"-0,14",8,"6,52",59,20,247,"5,59","0,69",19,"8,21",36,"0,07",63,"0,09",50,"-0,01",82,"0,34",4,"-0,21",4,"0,30","0,68",44,"11,50",44
TRÊS LAGOAS TE146,184230,2014,,P,PO,18898,,1,21,"0,45","0,40",69,"2,85","0,46",56,,,,0,"0,10",53,"0,05",64,"0,06",64,"0,06",52,"0,02",63,"7,78",55,1,13,"4,09","0,35",33,"6,94",44,"0,11",52,"0,10",46,"0,08",60,"0,12",35,"0,02",64,"0,50","0,40",29,"11,46",44
LELAND MARKSMAN 6629,IA1969,2016,,V,IA,23392,,3,45,"-1,59","0,51",2,"3,38","0,47",50,,,,0,"0,07",64,"0,09",50,"0,03",73,"0,23",11,"0,02",67,"8,01",54,1,2,"3,91","0,20",35,"7,30",42,"0,12",49,"0,11",44,"0,08",59,"0,24",12,"0,04",72,"0,50","0,16",29,"11,44",44
BIG MAC TRAVELER 2033 TELLECHEA,191492,2015,,V,PO,18551,,4,56,"0,89","0,54",89,"-1,57","0,52",89,,,,0,"0,23",14,"0,19",23,"0,16",30,"0,19",18,"0,15",97,"2,54",72,1,22,"4,41","0,29",30,"2,83",67,"0,26",13,"0,19",21,"0,21",24,"0,19",19,"0,10",88,"0,16","0,33",56,"11,36",44
LEACHMAN NONE BETTER 9604,73526,1991,,V,PO,6317,,45,764,"-0,21","0,79",24,"4,81","0,84",36,"-1,59","0,68",85,922,"0,02",78,"0,08",56,"0,04",73,"-0,03",81,"0,01",61,"9,49",49,38,595,"5,26","0,78",22,"10,07",28,"0,04",72,"0,10",46,"0,07",63,"0,06",51,"-0,01",51,"0,12","0,71",60,"11,36",44
BASCO BRAND NAME ONIX 525TE,161627,2012,,P,PO,4074,,1,39,"0,24","0,50",55,"4,10","0,53",43,"-0,75","0,19",73,9,"0,19",23,"0,08",55,"0,16",32,"0,05",54,"0,10",91,"13,71",36,1,31,"-0,57","0,41",79,"3,53",63,"0,17",32,"0,01",75,"0,15",40,"-0,01",73,"0,14",95,"0,98","0,45",7,"11,11",45
LT 598 BANDO 9074,IA831,1999,,P,IA,,,21,322,"-1,26","0,78",3,"4,29","0,78",41,"0,07","0,48",51,330,"0,01",82,"0,02",73,"-0,03",87,"0,03",64,"-0,26",1,"7,86",54,20,261,"5,23","0,68",22,"9,52",30,"0,05",71,"0,06",59,"-0,02",84,"0,06",51,"-0,26",1,"0,33","0,71",41,"11,11",45
TRES MARIAS 6301 ZORZAL TE ZORZAL,IA850,2001,,P,IA,,K,64,814,"0,66","0,85",81,"4,94","0,86",35,"-4,45","0,70",99,1733,"0,14",37,"0,14",36,"0,12",45,"0,02",66,"0,08",88,"13,92",35,54,678,"1,73","0,81",59,"6,67",46,"0,11",53,"0,07",56,"0,08",61,"-0,03",79,"0,09",88,"0,33","0,83",41,"11,08",45
RINCON FANTASMA TE2120 DEL SARANDY,161791,2012,,P,PO,7287,,1,25,"0,62","0,48",78,"4,72","0,48",37,"-0,77","0,18",74,8,"0,17",29,"0,10",48,"0,20",20,"0,01",70,"0,03",71,"14,24",34,1,20,"1,82","0,38",58,"6,54",46,"0,13",46,"0,10",45,"0,23",20,"-0,04",80,"0,03",71,"0,05","0,40",66,"11,02",45
BLACK PRINCE/CAMBÁ-PYTÁ 8706 ARGENTINO 2,164830,2010,,P,PO,17491,,1,83,"1,13","0,63",94,"1,44","0,61",69,"1,10","0,10",30,19,"0,15",34,"-0,01",80,"-0,05",90,"0,16",23,"-0,04",35,"6,50",60,1,23,"3,60","0,31",38,"5,04",55,"0,17",33,"-0,05",89,"-0,05",90,"0,18",20,"-0,04",37,"0,34","0,17",41,"10,94",45
FLORIPANA CAMPECHE TEI72 YESQUERO,196689,2015,,V,PO,21117,,2,22,"1,55","0,47",98,"2,59","0,47",58,,,,0,"0,09",56,"0,06",60,"0,13",43,"0,01",71,"0,04",75,"7,01",58,2,17,"2,95","0,37",45,"5,54",51,"0,13",47,"0,08",54,"0,16",36,"0,06",52,"0,03",68,"0,86","0,39",11,"10,89",46
TRANQUERAS 289 BRIG BRUTAL TE BRUTAL,IA2009,2011,,V,IA,22957,K,6,24,"0,57","0,38",75,"1,86","0,44",65,,,,0,"0,09",57,"0,15",35,"0,12",47,"-0,02",78,"-0,03",39,"5,31",64,4,9,"3,51","0,30",39,"5,37",53,"0,10",55,"0,16",29,"0,11",52,"0,03",60,"-0,01",50,"1,05","0,32",5,"10,87",46
GAP 6131,211020,2017,,V,PO,2555,M,1,24,"0,80","0,51",87,"2,50","0,50",59,,,,0,"0,11",50,"0,19",23,"0,07",63,"0,10",38,"0,18",99,"7,37",56,,0,"3,30","0,32",41,"5,81",50,"0,12",50,"0,19",21,"0,14",44,"0,10",40,"0,18",98,"0,63","0,36",21,"10,78",46
GAP 4613,168627,2013,,P,PO,2555,,3,284,"-0,13","0,78",28,"4,25","0,77",42,"1,45","0,30",24,53,"0,12",46,"0,48",1,"0,36",2,"-0,17",97,"-0,15",7,"11,55",42,3,215,"2,00","0,64",55,"6,24",48,"0,07",66,"0,49",1,"0,35",5,"-0,14",95,"-0,08",24,"0,79","0,69",13,"10,77",46
VOLCAN BLOCKANA 4259 TE TANQUE,IA1297,2009,,V,IA,10379,,28,485,"0,82","0,79",87,"4,78","0,82",37,"-2,40","0,47",93,221,"0,19",24,"0,25",14,"0,25",11,"0,05",54,"0,14",97,"15,01",32,24,372,"1,35","0,72",62,"6,12",48,"0,16",35,"0,20",19,"0,28",11,"0,03",61,"0,17",98,"-0,22","0,76",85,"10,74",46
TRADIÇÃO 2307 MARAGATO,407965,2016,,V,PC,3638,P,1,36,"1,05","0,48",92,"3,13","0,52",52,,,,0,"0,26",10,"0,17",30,"0,23",14,"0,00",71,"0,01",59,"13,69",36,1,29,"1,69","0,41",59,"4,81",56,"0,26",14,"0,15",31,"0,27",13,,,"-0,00",52,"-0,81","0,51",99,"10,74",46
MYTTY IN FOCUS,IA882,2001,,P,IA,,,8,168,"-0,24","0,67",22,"4,91","0,72",35,"2,57","0,40",8,173,"0,03",76,"0,07",58,"-0,04",89,"0,09",41,"-0,13",10,"10,07",47,9,144,"2,83","0,62",46,"7,74",39,"-0,00",82,"0,07",54,"-0,12",97,"0,07",47,"-0,18",6,"1,19","0,60",3,"10,74",46
S A V GEOGRAPHIC 5318,IA2072,2015,,P,IA,22588,,1,47,,,,"4,29","0,39",41,,,,0,"0,10",54,"-0,09",95,"0,01",79,"0,20",16,"0,05",78,"10,89",45,1,17,"2,36","0,22",52,"6,65",46,"0,09",59,"-0,05",89,"0,00",79,"0,21",15,"0,05",77,"0,62","0,20",22,"10,73",46
BR NEW FRONTIER 095,IA819,2000,,P,IA,,,15,156,"0,63","0,70",79,"2,73","0,71",57,"3,35","0,38",3,144,"0,10",55,"0,04",67,"-0,03",87,"0,19",17,"0,05",76,"7,43",56,11,121,"3,52","0,59",39,"6,25",48,"0,07",63,"-0,05",88,"-0,06",90,"0,21",15,"0,01",62,"0,78","0,58",14,"10,71",47
FSL 953 IMPÉRIO,153578,2010,,P,PO,18583,,2,158,"0,88","0,65",89,"0,96","0,64",73,"1,07","0,14",31,6,"0,02",78,"0,01",76,"-0,01",82,"0,02",66,"-0,12",11,"1,08",76,2,137,"6,28","0,52",15,"7,24",42,"0,08",62,"0,04",64,"0,11",52,"0,03",61,"-0,12",14,"0,69","0,66",18,"10,71",47
GAP 3893,144563,2010,,V,PO,2555,,1,58,"0,35","0,51",63,"4,17","0,49",43,"-1,01","0,24",77,30,"0,12",47,"0,06",61,"0,14",39,"0,11",37,"-0,01",49,"11,28",43,1,13,"2,25","0,32",53,"6,42",47,"0,16",36,"0,05",61,"0,18",31,"0,13",33,"-0,02",47,"0,12","0,33",61,"10,69",47
CASSOL R928 RIO NEGRO,128163,2008,,P,PO,4602,,5,70,"0,16","0,59",50,"3,13","0,57",52,"-2,46","0,26",94,48,"0,11",50,"0,15",34,"0,08",58,"0,00",72,"0,12",95,"8,74",51,3,31,"4,77","0,40",27,"7,91",38,"0,11",52,"0,10",46,"0,09",59,"0,02",66,"0,13",94,"-0,30","0,41",89,"10,66",47
SAV BRAVE 8320,IA1119,2008,,P,IA,,,7,119,"1,28","0,64",96,"2,77","0,68",57,"3,24","0,31",4,109,"0,20",22,"0,24",16,"0,21",17,"0,12",33,"-0,24",2,"10,93",45,7,109,"1,05","0,56",65,"3,82",61,"0,19",26,"0,19",21,"0,23",19,"0,08",46,"-0,24",2,"0,37","0,57",39,"10,52",47
RED CHAMPLAIN SERENADE 25123P,IA994,2004,,V,IA,27155,,9,128,"-0,80","0,68",6,"2,09","0,68",63,"3,22","0,28",4,82,"0,00",82,"0,06",63,"0,07",63,"0,03",64,"0,05",78,"2,87",71,8,79,"4,84","0,52",26,"6,92",44,"0,11",53,"0,13",36,"0,13",47,"0,07",49,"0,04",72,"0,80","0,59",13,"10,46",48
INHANDUÍ 1125 BRILLIANCE PREDOMINANT,170345,2013,,P,PO,8386,,1,56,"0,50","0,51",72,"2,76","0,49",57,"2,78","0,17",7,7,"0,18",26,"0,17",28,"0,22",16,"-0,01",77,"-0,12",10,"10,23",46,1,12,"0,86","0,34",67,"3,62",62,"0,18",30,"0,13",36,"0,20",26,"-0,04",82,"-0,15",8,"0,66","0,40",19,"10,42",48
BASCO YESQUERO 561TE,176339,2012,,V,PO,4074,,1,31,"-2,16","0,51",1,"1,85","0,53",65,"-0,25","0,17",65,8,"0,20",22,"0,08",56,"0,19",22,"0,06",52,"0,01",62,"8,91",51,1,21,"2,72","0,40",48,"4,57",58,"0,23",18,"0,09",49,"0,22",22,"0,09",42,"0,01",60,"-0,33","0,44",90,"10,40",48
TE MANIA RED LABEL Z1023,IA943,2004,,V,IA,,,6,191,"-0,01","0,62",37,"1,07","0,71",72,"2,41","0,36",10,132,"0,07",66,"-0,01",81,"-0,04",90,"0,27",7,"-0,14",8,"2,79",71,5,123,"4,86","0,57",26,"5,93",49,"0,14",43,"0,06",60,"0,04",72,"0,30",5,"-0,12",15,"0,50","0,56",30,"10,40",48
BLACK PRINCE 11999 DON LEO DON LEO,IA1125,2006,,P,IA,27159,,25,517,"0,04","0,77",41,"2,13","0,82",63,"-0,14","0,48",55,372,"0,06",67,"0,10",47,"0,06",64,"0,09",42,"-0,07",25,"5,03",65,20,380,"4,21","0,72",32,"6,34",47,"0,06",68,"0,12",39,"0,07",63,"0,15",28,"-0,08",25,"0,91","0,76",9,"10,39",48
SAV PRIORITY 7283 PRIORITY,IA1352,2007,,P,IA,16477,,58,926,"0,30","0,84",60,"5,55","0,86",30,"2,83","0,53",7,335,"0,14",37,"0,11",46,"0,10",52,"0,15",25,"-0,11",14,"15,18",31,49,592,"-1,04","0,76",83,"4,51",58,"0,19",29,"0,05",62,"0,10",55,"0,12",34,"-0,15",8,"0,62","0,81",22,"10,36",48
UMBU 2678 RADIANCE,185679,2015,,P,PO,99,,1,24,"0,40","0,48",66,"1,46","0,47",68,"1,41","0,15",25,2,"0,14",37,"0,13",40,"0,14",40,"0,08",46,"-0,05",30,"6,23",60,1,9,"2,79","0,35",47,"4,25",59,"0,15",38,"0,10",47,"0,15",40,"0,10",41,"-0,04",37,"0,66","0,40",19,"10,34",48
INHANDUÍ 1187 TEJAS QUEBRANTADOR,170366,2013,,V,PO,8386,,3,55,"1,22","0,60",95,"4,50","0,60",40,"-0,64","0,17",72,7,"0,06",68,"0,13",38,"0,12",47,"0,17",22,"0,08",86,"10,12",47,3,32,"2,74","0,44",47,"7,24",42,"0,07",65,"0,18",25,"0,17",34,"0,14",30,"0,12",92,"0,56","0,44",26,"10,25",49
UMBU 2776 REDEMPTION,191304,2015,,V,PO,99,,1,53,"0,65","0,61",80,"-1,15","0,59",87,,,,0,"0,15",36,"0,10",49,"0,12",44,"0,04",61,"0,07",84,"0,52",77,1,22,"3,32","0,40",41,"2,17",69,"0,23",19,"0,15",31,"0,19",27,"0,03",61,"0,11",90,"0,90","0,42",9,"10,18",49
SAV INTERNATIONAL 2020,IA1669,2012,,P,IA,21143,,18,158,"1,35","0,68",97,"2,44","0,70",60,"-0,84","0,23",75,51,"0,13",41,"-0,05",89,"0,08",61,"0,09",44,"0,17",98,"8,04",54,16,115,"2,43","0,56",51,"4,88",56,"0,13",46,"-0,03",85,"0,09",57,"0,07",47,"0,17",98,"0,59","0,66",24,"10,16",49
LEACHMAN SAUGAHATCHEE 3000C,IA494,1993,,P,IA,,,15,116,"-0,66","0,66",9,"4,86","0,69",36,"1,26","0,42",27,221,"0,19",23,"0,16",32,"0,14",39,"0,18",18,"0,06",80,"15,29",31,15,84,"-0,01","0,58",75,"4,85",56,"0,14",43,"0,03",66,"0,10",55,"0,10",39,"0,10",89,"0,29","0,50",45,"10,12",49
TRADIÇÃO 2013,372374,2013,,P,PC,3638,,1,80,"0,36","0,59",63,"6,24","0,61",23,"-0,65","0,20",72,26,"0,11",49,"0,24",16,"0,24",12,"0,11",35,"-0,05",31,"15,64",30,1,75,"1,54","0,49",60,"7,78",39,"0,07",63,"0,22",16,"0,27",12,"0,03",61,"-0,05",33,"-0,11","0,42",78,"9,83",49
RITO 12E7 OF 5F56 RITO 5M2,IA1630,2011,,P,IA,16477,,2,169,"0,10","0,67",46,"9,37","0,66",7,"-0,33","0,13",66,6,"0,17",29,"0,23",18,"0,14",40,"0,13",32,"-0,18",5,"24,53",10,2,96,"-3,10","0,49",95,"6,27",48,"0,04",72,"0,09",49,"0,01",78,"0,08",45,"-0,23",2,"0,52","0,58",28,"9,73",50
OCC HEADLINER 661H LIDER,IA679,1998,,P,IA,,,41,693,"-0,22","0,83",23,"3,49","0,85",49,"1,09","0,68",30,1048,"0,24",13,"0,36",4,"0,33",4,"-0,01",77,"-0,03",41,"13,90",35,35,602,"-0,23","0,79",76,"3,26",65,"0,20",24,"0,39",3,"0,35",4,"-0,03",78,"-0,01",50,"0,03","0,81",67,"9,72",50
QUIRÍ Q051 IDEAL,372531,2012,,P,PC,92,P,5,155,"-0,07","0,68",32,"5,32","0,72",32,"2,08","0,25",13,32,"0,25",12,"0,17",28,"0,25",11,"0,16",24,"0,05",78,"18,19",22,5,106,"-3,05","0,56",95,"2,28",69,"0,17",34,"0,11",41,"0,15",39,"0,08",45,"0,04",73,"0,76","0,63",15,"9,67",50
BASCO QUATI LUCKY 1007 TE,195259,2015,,P,PO,4074,,1,41,"0,15","0,46",49,"3,02","0,51",54,,,,0,"0,10",53,"0,12",41,"0,10",51,"-0,01",77,"-0,09",17,"8,14",53,1,18,"3,54","0,35",39,"6,56",46,"0,15",40,"0,13",36,"0,14",44,"0,02",65,"-0,10",18,"-0,23","0,37",86,"9,58",50
SANTA JOANA 2008,375105,2013,,P,PC,15398,,1,23,"0,07","0,46",43,"3,61","0,46",48,"3,01","0,10",5,10,"0,04",72,"0,05",66,"0,12",47,"0,16",23,"-0,01",51,"7,63",55,1,18,"5,15","0,33",23,"8,76",34,"0,08",61,"0,06",58,"0,16",37,,,"0,00",57,"-0,41","0,40",93,"9,55",50
ESPINILHO FIV157,184021,2013,,P,PO,14550,,1,24,"-0,11","0,36",29,"2,88","0,52",55,"2,32","0,22",11,2,"0,18",26,"0,08",55,"0,16",30,"0,10",38,"0,02",65,"10,50",46,1,15,"-0,05","0,41",75,"2,83",67,"0,15",38,"0,06",59,"0,19",29,"0,08",45,"0,04",72,"0,86","0,43",11,"9,52",50
TRES MARIAS 5839 QUEBRACHO TE QUEBRACHO,IA755,1999,,V,IA,,K,52,707,"1,03","0,83",92,"1,26","0,86",70,"-3,13","0,69",97,986,"0,12",47,"0,08",53,"0,19",23,"0,08",45,"0,02",62,"4,85",66,49,532,"3,59","0,80",38,"4,85",56,"0,14",42,"0,10",45,"0,23",20,"0,11",37,"0,02",65,"0,34","0,80",41,"9,51",50
SANTO ANTÃO QUEBRANTADOR 721,156984,2012,,V,PO,14982,,3,23,,,,"1,86","0,50",65,"-2,93","0,18",97,5,"0,32",5,"0,37",3,"0,46",1,"-0,06",87,"-0,07",26,"13,00",39,2,18,"-1,70","0,40",88,"0,17",79,"0,32",6,"0,29",8,"0,52",1,"-0,09",90,"-0,07",26,"-0,05","0,47",73,"9,49",50
ESPINILHO 1324,168497,2013,,V,PO,14550,,1,24,"-0,00","0,31",37,"3,53","0,46",48,"-2,15","0,15",92,3,"0,12",47,"0,07",58,"0,18",24,"-0,01",76,"-0,01",52,"9,92",47,1,18,"2,60","0,35",49,"6,13",48,"0,11",52,"0,07",56,"0,21",23,"-0,05",84,"0,01",59,"0,07","0,28",64,"9,49",50
CONNEALY IN FOCUS 4925,IA1155,2006,,P,IA,,,2,21,"0,47","0,31",70,"2,92","0,41",55,,,,0,"0,12",46,"0,17",30,"0,07",63,"0,19",17,"-0,07",23,"8,65",52,2,19,"2,40","0,31",51,"5,32",53,"0,09",57,"0,15",32,"0,04",71,"0,16",24,"-0,11",17,"0,48","0,30",31,"9,48",50
BASCO COMPADRON 1257,212879,2017,,V,PO,4074,,1,32,"0,84","0,52",88,"3,51","0,50",49,,,,0,"0,11",49,"0,22",18,"0,23",14,"-0,01",75,"-0,02",44,"9,62",48,1,13,"2,37","0,32",51,"5,88",50,"0,15",39,"0,17",26,"0,27",13,"0,01",69,"-0,00",54,"-0,02","0,40",71,"9,48",51
GAP 4591,168584,2013,,V,PO,2555,,2,138,"0,52","0,72",73,"6,73","0,71",20,"-0,65","0,36",72,28,"0,22",17,"0,22",19,"0,18",24,,,"0,06",82,"20,35",18,2,94,"-2,18","0,58",92,"4,55",58,"0,16",35,"0,09",47,"0,18",30,,,"0,06",79,"-0,04","0,60",72,"9,45",51
CONNEALY COURAGE 25L,IA1534,2012,,P,IA,4568,M,21,191,"-0,75","0,72",7,"3,51","0,72",49,"3,98","0,15",2,34,"0,13",43,"0,10",50,"0,15",33,"0,02",66,"-0,07",25,"10,14",47,17,158,"2,42","0,59",51,"5,92",50,"0,15",39,"0,12",39,"0,21",25,"-0,03",79,"-0,06",33,"-0,16","0,67",82,"9,44",51
QUIRÍ Q091P,173294,2012,,P,PO,92,,1,26,"0,53","0,46",73,"4,68","0,46",38,"1,10","0,18",30,2,"0,05",72,"0,18",27,"0,15",34,"0,03",64,"0,03",69,"10,04",47,1,23,"2,31","0,37",52,"7,00",44,"0,03",75,"0,15",31,"0,14",43,"0,02",66,"0,04",73,"0,67","0,42",19,"9,33",51
SAV TEXTBOOK 5115,IA1862,2015,,P,IA,20353,,6,84,"0,45","0,59",69,"4,52","0,57",39,,,,0,"0,08",61,"-0,02",82,"0,05",69,"0,04",60,"-0,07",24,"10,74",45,4,24,"2,63","0,35",49,"7,15",43,"0,08",61,"-0,03",84,"0,04",71,"0,04",58,"-0,10",19,"0,06","0,40",64,"9,31",51
CIA.AZUL KODAK TE 1278,142987,2010,,P,PO,8538,,3,31,"0,26","0,51",56,"4,79","0,53",37,"-1,84","0,23",89,18,"0,12",47,"0,01",76,"-0,07",93,"0,12",34,"-0,01",50,"12,70",39,3,26,"0,77","0,42",68,"5,56",51,"0,08",61,"-0,03",83,"-0,11",96,"0,07",48,"-0,02",44,"0,50","0,38",29,"9,24",52
QUIRI T0217,409454,2015,,P,PC,92,,2,33,"0,59","0,36",76,"-1,89","0,47",91,"1,94","0,13",15,1,"0,12",47,"0,09",52,"0,17",28,"-0,05",86,"0,02",62,"-2,10",83,1,22,"4,29","0,35",31,"2,41",69,"0,16",36,"0,15",31,"0,25",15,"-0,00",72,"-0,03",43,"1,03","0,45",6,"9,18",52
HW109 HILÁRIO DE TEI21 COVENANT,149801,2011,,V,PO,18650,,1,71,"-0,57","0,62",11,"0,38","0,61",78,"1,65","0,14",20,22,"0,13",43,"0,02",73,"0,10",52,"-0,03",79,"0,14",96,"3,27",70,1,52,"3,97","0,45",34,"4,35",59,"0,15",37,"0,06",60,"0,18",30,"0,01",67,"0,11",91,"0,22","0,52",51,"9,16",52
SANTA SÉRGIA LUQUE PAGARE 3248,183517,2013,,V,PO,19692,,1,32,"0,12","0,46",47,"3,75","0,47",47,"-0,31","0,02",66,4,"0,13",42,"0,12",42,"0,18",25,"0,04",60,"-0,08",22,"10,83",45,1,25,"0,80","0,31",68,"4,55",58,"0,14",43,"0,11",43,"0,19",28,"0,06",52,"-0,09",22,"0,37","0,33",39,"9,05",52
UMBU 2132 DATELINE,159371,2012,,P,PO,99,,2,26,"1,25","0,50",96,"0,29","0,49",79,"2,05","0,14",14,4,"0,07",64,"0,01",76,"0,07",62,"0,10",40,"-0,01",48,"1,26",75,1,17,"5,25","0,37",22,"5,55",51,"0,09",59,"0,06",59,"0,09",58,"0,11",37,"-0,02",47,"0,41","0,41",36,"9,02",52
HW85 GOLIAS BAMBA 15 DE FIELD DAY,149812,2010,,V,PO,18650,,1,70,"-0,33","0,62",18,"5,17","0,61",33,"0,49","0,20",43,25,"0,10",55,"-0,01",80,"0,04",71,"0,06",53,"0,05",76,"12,81",39,1,31,"-1,24","0,41",85,"3,93",61,"0,11",51,"-0,02",83,"-0,00",81,"0,07",48,"0,08",86,"1,14","0,38",3,"9,00",52
SAV PROVIDENCE 6922 LICARIO,IA1041,2006,,P,IA,,G,3,21,"1,69","0,39",99,"3,42","0,44",50,"2,12","0,15",13,8,"0,10",55,"0,03",71,"0,08",59,"0,17",20,"-0,09",19,"8,96",51,3,16,"1,85","0,33",57,"5,27",53,"0,12",49,"0,00",75,"0,06",66,"0,22",13,"-0,08",26,"0,35","0,41",40,"8,98",52
TRES MARIAS 9989 ZORZALIT 8958 TE ZORZALITO,IA1841,2013,,P,IA,5150,,24,257,"-0,04","0,74",34,"3,32","0,75",50,"-1,68","0,27",87,17,"0,17",27,"0,20",22,"0,23",15,"0,03",63,"0,10",92,"11,35",43,16,175,"1,43","0,61",61,"4,76",56,"0,15",39,"0,07",55,"0,15",39,"0,03",62,"0,15",96,"-0,15","0,68",81,"8,97",52
TRES MARIAS 8311 TRAPICHE TE TRAPICHE,IA1152,2008,,V,IA,,K,15,130,"0,28","0,68",59,"1,12","0,69",72,"0,58","0,36",41,106,"0,14",37,"0,03",70,"0,17",28,"0,08",44,"0,07",83,"5,41",63,13,81,"2,89","0,55",45,"4,01",60,"0,18",31,"-0,03",84,"0,23",19,"0,11",38,"0,09",87,"0,11","0,61",61,"8,97",52
TROTTERS STRONGHOLD 156,IA1483,2011,,V,IA,16477,,40,805,"1,30","0,84",97,"6,05","0,84",25,"-2,20","0,43",92,225,"0,19",25,"0,12",41,"0,08",58,"0,28",6,"0,06",81,"17,78",23,34,646,"1,07","0,75",64,"7,12",43,"0,10",56,"-0,00",77,"0,05",69,"0,23",13,"0,07",81,"-0,84","0,81",99,"8,92",53
LEACHMAN LADIES MAN 1144B,75929,1992,,V,PO,6315,,43,635,"-0,05","0,78",33,"1,24","0,84",70,"1,05","0,66",31,818,"0,03",77,"0,01",75,"-0,02",85,"0,06",50,"-0,07",25,"1,81",74,43,465,"5,12","0,77",23,"6,36",47,"0,02",76,"0,06",60,"-0,04",87,"0,05",54,"-0,08",24,"0,76","0,76",15,"8,91",53
SANTA AMÁBILE TE121,125263,2008,,V,PO,14702,,3,32,"0,68","0,23",82,"3,46","0,43",49,"1,90","0,19",16,16,"0,06",69,"0,06",61,"-0,04",89,"0,07",47,"-0,05",33,"7,77",55,3,20,"3,03","0,32",44,"6,49",46,"0,10",57,"0,11",42,"-0,05",89,"0,10",40,"-0,06",31,"0,18","0,41",55,"8,90",53
CAPANE 23 CHUMBO B.NAME TE195,160536,2012,,P,PO,17732,,6,94,"1,22","0,55",95,"2,60","0,60",58,"2,19","0,17",12,10,"0,28",8,"0,47",1,"0,37",2,"-0,05",86,"-0,15",7,"13,44",37,6,60,"-1,06","0,44",83,"1,54",73,"0,24",17,"0,44",1,"0,36",4,"-0,09",91,"-0,15",9,"-0,10","0,47",77,"8,90",53
DON MIGUEL DESAFIO 2135 NW TE DESAFIO,IA1349,2010,,P,IA,10379,,3,39,"0,11","0,34",46,"2,87","0,44",56,"1,60","0,18",21,2,"0,15",35,"0,15",34,"0,15",35,"0,02",68,"0,05",78,"9,56",48,3,28,"1,36","0,34",62,"4,23",59,"0,14",41,"0,13",36,"0,16",38,"0,00",70,"0,05",76,"0,23","0,42",50,"8,88",53
RUBETA 4444 QUEBRANTADOR QUEBRANTADOR,IA1116,2005,,V,IA,,K,51,779,"0,90","0,84",89,"1,94","0,85",64,"-3,39","0,58",98,485,"0,22",16,"0,19",25,"0,27",8,"0,07",49,"0,08",87,"9,90",47,44,632,"0,88","0,78",67,"2,82",67,"0,20",25,"0,15",32,"0,29",10,"0,03",59,"0,11",92,"-0,05","0,81",73,"8,84",53
SAV PUREBRED 4896,IA1653,2014,,P,IA,20353,,6,49,"-0,27","0,56",21,"0,99","0,55",73,"3,03","0,25",5,13,"0,20",20,"0,00",78,"0,09",55,"0,07",47,"-0,08",22,"7,13",57,6,15,"0,35","0,40",72,"1,33",74,"0,14",44,"-0,08",93,"0,03",74,"0,04",57,"-0,09",22,"1,09","0,42",4,"8,76",53
SOSSEGO 13N FIV EBV FIRE HEADLINER,186788,2014,,P,PO,14764,,2,38,"0,14","0,28",48,"6,83","0,46",19,"0,82","0,18",36,8,"0,14",38,"0,20",22,"0,10",53,"-0,01",76,"-0,02",44,"17,92",23,1,27,"-0,43","0,35",78,"6,39",47,"0,10",54,"0,18",25,"0,12",49,"-0,06",86,"-0,02",45,"-0,23","0,42",86,"8,75",53
SINCLAIR RITO LEGACY 3R9,IA1088,2003,,P,IA,,,6,29,"0,02","0,51",39,"2,64","0,51",58,"3,46","0,21",3,21,"0,23",14,"0,38",3,"0,21",17,"0,11",35,"-0,14",9,"11,71",42,6,25,"0,53","0,40",70,"3,17",65,"0,21",23,"0,33",5,"0,15",39,"0,09",42,"-0,19",5,"-0,31","0,46",89,"8,73",53
CIA.AZUL 3090 RESOURCE TRAVELER 004,188317,2015,,P,PO,8538,,1,43,"-0,41","0,58",15,"2,71","0,57",57,"0,37","0,19",45,2,"0,02",78,"0,05",65,"0,06",66,"-0,07",90,"0,08",87,"4,85",66,1,20,"5,17","0,42",23,"7,88",38,"0,06",67,"0,07",56,"0,08",60,"-0,08",90,"0,08",86,"-0,08","0,45",76,"8,70",53
TRES MARIAS 4809 LESTER TE,75375,1995,,P,PO,5150,,26,503,"0,49","0,74",71,"2,41","0,82",60,"-0,58","0,57",71,528,"0,08",59,"0,04",69,"0,06",66,"0,06",51,"-0,10",16,"6,32",60,22,337,"2,80","0,72",47,"5,21",54,"0,16",35,"0,08",51,"0,11",52,"0,11",36,"-0,07",28,"0,02","0,72",68,"8,68",54
UMBU 3496 RESOURCE,221805,2018,,P,PO,99,,1,27,"-0,40","0,50",15,"1,17","0,48",71,,,,0,"0,09",57,"0,09",51,"0,17",26,"-0,02",79,"-0,09",17,"3,80",68,,0,"3,96","0,29",34,"5,13",54,"0,14",44,"0,12",39,"0,23",19,"-0,01",72,"-0,07",27,"0,09","0,33",63,"8,65",54
CIA.AZUL 3260 A.VALLEY G.7372,194433,2015,,P,PO,8538,,1,25,"-0,61","0,46",10,"-0,91","0,45",86,,,,0,"0,05",71,"0,02",73,"-0,00",81,"0,03",64,"-0,10",16,"-2,22",83,,0,"5,32","0,30",21,"4,41",59,"0,12",49,"0,09",48,"0,07",63,"0,13",32,"-0,09",20,"0,65","0,36",20,"8,56",54
RED SODER CANYON 126M,IA823,2002,,V,IA,,,2,20,"0,52","0,41",73,"3,56","0,40",48,"-1,65","0,14",86,22,"-0,03",88,"-0,02",83,"-0,02",85,"0,07",48,"0,12",95,"5,07",65,2,14,"4,05","0,30",33,"7,62",40,"-0,01",82,"-0,02",83,"0,00",79,"0,06",50,"0,10",88,"0,79","0,35",13,"8,54",54
SOO LINE MOMENTUM 7051,IA1251,2007,,V,IA,,,14,190,"0,75","0,67",85,"2,58","0,73",58,"1,70","0,27",19,73,"0,11",49,"0,04",69,"0,08",59,"0,18",18,"0,12",95,"7,62",55,11,119,"1,00","0,57",66,"3,59",63,"0,09",57,"-0,02",80,"0,08",60,"0,16",23,"0,13",94,"0,97","0,62",7,"8,53",54
BRAVE 2108 TELLECHEA,160131,2012,,P,PO,18551,,1,26,"-0,16","0,54",26,"1,23","0,48",70,"1,93","0,14",16,4,"0,29",7,"0,38",3,"0,31",5,"0,03",61,"-0,19",4,"10,61",45,1,20,"-2,00","0,37",91,"-0,77",82,"0,31",7,"0,30",7,"0,34",5,"0,00",70,"-0,18",6,"0,28","0,38",46,"8,53",54
CACHAFAZ 2382 TELLECHEA,181029,2014,,P,PO,18551,,1,30,"0,34","0,51",62,"-1,48","0,49",89,,,,0,"0,21",18,"0,26",12,"0,19",22,"0,02",68,"-0,12",11,"1,91",73,1,22,"3,06","0,33",43,"1,57",73,"0,24",17,"0,24",13,"0,20",25,"-0,02",75,"-0,15",9,"-0,03","0,37",72,"8,43",54
GAP M157/15,393336,2015,,P,PC,2555,,1,94,"-0,34","0,67",17,"1,51","0,66",68,"0,24","0,29",47,14,"0,15",36,"0,19",24,"0,10",52,,,"0,03",70,"6,40",60,1,67,"2,95","0,53",45,"4,46",58,"0,14",42,"0,13",36,"0,11",53,,,"-0,01",51,"-0,10","0,59",78,"8,36",54
RITO SAV 2282 TELLECHEA,171138,2013,,P,PO,18551,,3,42,"1,29","0,55",96,"4,40","0,54",40,"-0,56","0,13",70,6,"0,17",30,"0,28",10,"0,19",23,"0,24",10,"-0,10",16,"13,43",37,3,22,"0,47","0,36",71,"4,87",56,"0,12",48,"0,22",16,"0,16",38,"0,16",24,"-0,11",18,"-0,12","0,40",79,"8,34",54
SANTO ANTÃO DON LEO 707,156971,2012,,P,PO,14982,,1,30,,,,"0,70","0,51",76,"-0,40","0,17",67,10,"0,13",42,"0,10",48,"0,11",48,"0,20",16,"-0,03",40,"4,10",67,1,23,"2,40","0,39",51,"3,10",65,"0,12",48,"0,12",38,"0,11",53,"0,19",18,"-0,03",41,"0,66","0,45",19,"8,31",54
CONNEALY COMRADE 1385,IA1432,2011,,P,IA,4568,M,9,128,"-1,05","0,66",4,"4,82","0,68",36,"-1,70","0,18",87,27,"0,13",42,"0,24",16,"0,14",39,"-0,01",77,"-0,04",36,"13,12",38,8,101,"0,60","0,54",70,"5,42",52,"0,07",64,"0,20",19,"0,08",61,"-0,10",91,"-0,04",37,"0,21","0,65",52,"8,30",54
JR SUPREMO PROSPERITY 139 DA SANTA THERE,157333,2012,,P,PO,3108,,1,75,"-0,93","0,62",5,"4,90","0,60",36,"0,17","0,11",49,16,"0,04",74,"0,06",62,"0,09",55,"-0,00",73,"-0,02",42,"10,25",46,1,33,"0,26","0,37",73,"5,17",54,"0,08",62,"-0,00",77,"0,06",66,"0,04",58,"0,00",56,"0,93","0,36",8,"8,28",55
6 MILE FULL THROTTLE 171T,IA1350,2007,,V,IA,16477,,8,112,"0,08","0,61",44,"1,06","0,64",72,"-1,18","0,20",80,54,"0,11",50,"0,03",70,"0,05",70,"0,06",50,"0,38",99,"4,15",67,7,97,"3,82","0,49",36,"4,88",56,"0,14",42,"0,15",32,"0,08",61,"0,15",26,"0,39",99,"-0,14","0,56",80,"8,18",55
SAV BEACON 0008,IA1295,2010,,P,IA,20353,M,3,21,"-0,66","0,44",9,"3,79","0,43",46,"0,30","0,15",47,7,"0,04",74,"0,06",60,"0,04",71,"0,08",44,"0,06",80,"7,76",55,3,16,"3,09","0,32",43,"6,88",45,"0,03",74,"0,11",43,"0,07",65,"0,09",43,"0,06",79,"0,29","0,36",46,"8,15",55
RUBETA 5292 VERDADERO TE,IA1312,2008,,P,IA,10379,,12,146,"-0,48","0,63",12,"1,17","0,71",71,"2,35","0,35",10,96,"0,15",34,"0,19",25,"0,23",13,"0,04",58,"0,01",57,"5,87",62,10,105,"2,48","0,58",50,"3,65",62,"0,15",37,"0,11",42,"0,21",23,"0,04",57,"0,01",61,"0,03","0,64",67,"8,11",55
ARAPAN 393 STRONGHOLD 916,190606,2015,,V,PO,17045,,1,21,"-0,55","0,43",11,"5,21","0,41",33,,,,0,"0,17",28,"0,11",44,"0,17",29,"0,15",26,"-0,02",45,"15,44",30,,0,"0,91","0,28",67,"6,13",48,"0,14",42,"0,05",60,"0,16",37,"0,13",32,"-0,02",45,"-0,91","0,34",99,"8,10",55
SAV REGISTRY 2831 REGISTRY,IA1563,2012,,P,IA,13096,,10,92,"0,59","0,61",77,"3,16","0,65",52,"-1,33","0,28",82,51,"0,15",36,"0,10",47,"0,10",53,"0,10",40,"-0,05",32,"10,08",47,9,67,"0,06","0,51",74,"3,22",65,"0,15",38,"0,10",47,"0,09",59,"0,09",42,"-0,07",30,"0,38","0,55",38,"8,06",55
HXC JACKHAMMER 8800U,IA1229,2008,,V,IA,,,3,39,"0,14","0,48",48,"2,83","0,51",56,"-1,27","0,05",81,9,"0,03",76,"0,15",35,"0,08",59,"0,01",71,"0,05",78,"5,45",63,3,29,"5,48","0,34",20,"8,31",36,"0,07",65,"0,15",31,"0,16",36,"0,05",56,"0,03",70,"-0,63","0,28",97,"8,04",55
BR NEW DAY 454,IA1028,2004,,P,IA,,M,3,58,"0,37","0,59",64,"4,93","0,58",35,"1,72","0,19",19,43,"0,12",44,"0,08",54,"0,08",61,"0,14",29,"-0,15",7,"13,23",38,3,53,"0,35","0,45",72,"5,28",53,"0,07",63,"0,02",71,"0,03",74,"0,09",43,"-0,16",8,"0,17","0,51",55,"7,97",55
LEACHMAN KING ROB 8621,IA459,1990,,V,IA,,,18,129,"-0,64","0,68",9,"3,17","0,74",52,"1,78","0,54",18,152,"-0,00",83,"-0,05",89,"-0,00",82,"0,09",44,"0,03",70,"5,14",65,17,110,"4,40","0,66",30,"7,56",40,"0,04",73,"-0,03",84,"0,02",75,"0,11",37,"0,03",68,"0,08","0,64",63,"7,95",55
GAP 5085,178561,2014,,V,PO,2555,,2,30,"1,66","0,53",99,"2,53","0,52",59,"0,62","0,17",40,3,"0,06",67,"0,26",12,"0,16",32,,,"-0,08",21,"5,92",62,2,19,"3,45","0,38",40,"5,98",49,"0,06",67,"0,27",9,"0,18",30,,,"0,02",65,"0,20","0,42",53,"7,94",56
WESTWIND RITO 8503-DJH-019,IA367,1990,,P,IA,,M,18,76,"0,10","0,65",46,"2,66","0,69",58,"3,94","0,52",2,281,"0,10",53,"0,09",51,"0,09",56,"0,09",42,"-0,07",23,"7,39",56,18,60,"2,83","0,61",46,"5,49",52,"0,12",48,"0,14",34,"0,10",55,"0,06",51,"-0,08",23,"-0,28","0,57",88,"7,78",56
TRES MARIAS 8189 YESQUERO TE YESQUERO,IA1151,2008,,V,IA,,K,29,356,"-0,41","0,78",15,"2,60","0,80",58,"-2,94","0,45",97,185,"0,15",36,"0,07",58,"0,16",32,"0,11",37,"0,14",97,"8,85",51,25,260,"0,99","0,69",66,"3,59",63,"0,15",38,"0,07",57,"0,17",35,"0,12",34,"0,13",94,"0,07","0,74",63,"7,78",56
QUIRÍ A164,164858,2000,,V,PC,92,,2,72,"0,73","0,36",84,"0,78","0,59",75,"0,92","0,25",35,34,"0,07",66,"0,07",58,"0,02",76,"0,05",56,"0,05",79,"2,12",73,2,38,"4,14","0,43",32,"4,93",55,"0,06",67,"0,08",53,"0,08",61,"0,01",67,"0,05",77,"0,47","0,37",32,"7,73",56
SCHULER REBEL 0029X REBEL,IA1751,2010,,V,IA,22231,,1,25,,,,"4,85","0,34",36,"1,81","0,07",17,9,"-0,05",91,"0,04",67,"-0,18",99,"0,04",58,,,"7,18",57,1,20,"4,62","0,21",28,"9,47",30,"-0,01",82,"0,03",67,"-0,13",97,"0,01",69,,,"-0,16","0,27",82,"7,65",56
CATANDUVA TE213 NOSTRADAMUS K.ROB TE12,99045,2003,,V,PO,16417,,24,381,"0,54","0,76",74,"1,90","0,80",65,"-2,43","0,49",93,248,"0,20",22,"0,09",52,"0,23",14,"0,11",36,"0,03",70,"8,97",50,20,322,"2,09","0,71",54,"3,99",61,"0,19",27,"0,05",62,"0,25",16,"0,13",31,"0,04",72,"-0,79","0,77",99,"7,65",56
JUQUIRY RED 8038 8908,387528,2014,,V,PC,18553,,1,37,"0,60","0,47",77,"2,15","0,51",62,,,,0,"0,08",59,"0,15",35,"0,17",29,"0,02",67,"-0,01",51,"5,74",62,1,31,"2,96","0,40",44,"5,10",54,"0,12",49,"0,18",24,"0,20",27,"0,01",67,"0,00",56,"-0,06","0,41",74,"7,64",56
QUIRI S0202,395598,2014,,P,PC,92,,1,27,"1,34","0,45",97,"4,32","0,46",41,"2,09","0,14",13,3,"0,10",52,"0,29",9,"0,24",12,"-0,06",87,"-0,08",23,"11,17",44,1,25,"1,16","0,36",63,"5,48",52,"0,02",78,"0,18",23,"0,19",28,"-0,09",91,"-0,07",27,"0,40","0,48",36,"7,62",56
LAS LILAS 1659 SOTEIN NAYMEJOR TE SOBRADOR,IA1254,2006,,V,IA,,,2,36,"-2,11","0,48",1,"2,91","0,49",55,"1,47","0,07",24,8,"0,08",62,"0,09",52,"0,15",34,"-0,10",93,"-0,13",10,"7,14",57,2,32,"1,15","0,36",64,"4,06",60,"0,07",63,"0,05",63,"0,15",38,"-0,07",89,"-0,11",18,"0,79","0,40",13,"7,59",57
SANTA JOANA DAKOTA 68,193402,2015,,P,PO,15398,,1,40,"1,97","0,44",99,"4,83","0,43",36,"1,56","0,15",22,11,"0,19",24,"0,33",5,"0,21",18,,,"-0,03",41,"15,19",31,1,31,"-0,36","0,33",77,"4,47",58,"0,12",49,"0,27",10,"0,22",22,,,"0,01",58,"-0,36","0,39",91,"7,58",57
WHITESTONE WIDESPREAD MB,IA603,1995,,P,IA,,,22,331,"0,37","0,73",64,"2,96","0,79",54,"0,94","0,59",34,716,"0,07",66,"0,07",58,"0,09",56,"0,03",61,"-0,01",47,"6,91",58,22,264,"3,21","0,71",42,"6,17",48,"0,06",67,"0,07",55,"0,08",62,"0,06",50,"-0,06",31,"-0,05","0,75",74,"7,50",57
TRES MARIAS 6241 PAYADOR TE PAYADOR,IA848,2001,,V,IA,,,17,84,"0,62","0,68",78,"1,30","0,71",70,"-3,91","0,48",99,261,"0,10",54,"0,11",47,"0,20",19,"-0,11",94,"0,05",76,"4,32",67,17,75,"4,47","0,62",29,"5,76",50,"0,14",44,"0,11",42,"0,29",10,"-0,08",89,"0,01",62,"-0,67","0,63",98,"7,49",57
CIA.AZUL TE2150,172424,2013,,P,PO,8538,,2,82,"-0,66","0,65",9,"3,88","0,65",45,"0,28","0,27",47,36,"0,10",54,"0,25",13,"0,23",13,"-0,01",76,"0,01",61,"10,00",47,2,50,"1,55","0,49",60,"5,43",52,"0,05",69,"0,25",12,"0,28",11,"-0,07",88,"0,03",67,"0,17","0,50",55,"7,47",57
LJC MISSION STATEMENT P27,IA869,2004,,V,IA,,,20,584,"-0,08","0,78",31,"-0,89","0,82",86,"2,28","0,53",11,357,"-0,05",91,"-0,12",97,"-0,12",97,"0,07",48,"0,14",97,"-5,48",89,16,420,"5,82","0,72",18,"4,93",55,"0,12",49,"0,01",73,"0,03",72,"0,12",34,"0,20",99,"0,68","0,72",18,"7,44",57
BUFORD PATHFINDER C304,IA1865,2014,,P,IA,22812,,8,80,"-0,70","0,65",8,"-0,04","0,65",81,"-0,22","0,21",64,2,"0,04",73,"0,10",49,"0,03",74,"-0,04",83,"0,04",73,"-0,55",80,7,63,"5,57","0,52",19,"5,53",52,"0,11",51,"0,20",20,"0,08",62,"-0,01",72,"0,05",74,"-0,13","0,58",80,"7,42",57
GAP 2937 BRIGADIER DISCUTIDO,114934,2006,,P,PO,2555,,3,368,"-0,19","0,82",25,"2,76","0,81",57,"-4,33","0,51",99,245,"0,09",57,"0,08",54,"0,09",56,"-0,04",82,"-0,03",39,"7,24",57,3,259,"0,83","0,70",68,"3,59",63,"0,13",47,"0,13",37,"0,17",34,"-0,04",81,"-0,04",40,"0,51","0,74",29,"7,40",57
RITO 6I6 OF 4B20-6807,IA596,1996,,P,IA,,M,6,50,"0,03","0,57",40,"2,80","0,60",56,"2,53","0,35",9,162,"0,02",78,"0,07",59,"-0,02",84,"0,07",50,"-0,11",13,"5,04",65,8,49,"2,95","0,51",44,"5,76",50,"0,02",78,"0,05",61,"0,02",75,"0,04",57,"-0,10",20,"0,68","0,49",18,"7,35",57
ASD 530 BRIGADIER PANDERO PANDERO,116014,2006,,V,PO,15780,,21,414,"-0,57","0,80",10,"1,44","0,81",69,"-2,26","0,52",92,269,"0,07",66,"0,04",68,"0,09",55,"-0,07",89,"0,05",76,"3,58",69,15,267,"1,68","0,70",59,"3,12",65,"0,11",52,"0,05",63,"0,16",36,"-0,03",78,"0,05",75,"0,85","0,73",11,"7,27",58
KCF BENNETT ABSOLUTE ABSOLUTE,IA1698,2009,,P,IA,15614,A,5,52,"-0,22","0,58",23,"6,06","0,58",25,"2,41","0,17",10,4,"0,06",68,"-0,11",97,"-0,14",99,"-0,02",79,"-0,12",11,"13,55",36,5,43,"1,31","0,45",62,"7,37",42,"-0,04",87,"-0,24",99,"-0,25",99,"-0,14",95,"-0,14",11,"0,16","0,50",56,"7,26",58
TRES MARIAS 9087 MULBERRY 8280 TE HALCON,IA1458,2011,,V,IA,16982,K,18,147,"0,40","0,68",66,"0,91","0,71",74,"0,06","0,32",51,67,"0,09",56,"0,09",50,"0,14",36,"0,01",69,"-0,02",47,"3,27",70,16,101,"2,37","0,56",51,"3,28",65,"0,09",57,"0,10",46,"0,20",27,"0,03",62,"-0,00",55,"0,66","0,61",19,"7,25",58
MAUFER 038TEI APAM96 ZORZAL DISPARO,152927,2011,,P,PO,17034,,1,31,"-0,32","0,34",18,"2,67","0,42",58,"-3,77","0,22",99,37,"0,14",39,"0,05",64,"0,13",42,"-0,04",83,,,"8,64",52,1,29,"0,17","0,33",73,"2,84",67,"0,15",39,"0,00",75,"0,10",55,"-0,06",86,,,"0,31","0,35",43,"7,22",58
SAV HEAVY HITTER 6347,IA1056,2006,,P,IA,,,8,48,"0,59","0,68",77,"3,16","0,68",52,"-1,77","0,39",88,281,"0,01",81,"-0,05",89,"-0,12",97,"0,13",30,"0,12",94,"5,39",63,9,40,"1,89","0,59",57,"5,05",54,"0,05",70,"-0,01",80,"-0,06",91,"0,16",24,"0,13",94,"0,83","0,64",12,"7,20",58
SANTA AUGUSTA 1008 ROY ROGERS,347942,2011,,V,PC,16076,,2,32,"0,43","0,42",68,"4,95","0,42",35,,,,0,"0,08",62,"0,06",63,"0,10",52,"0,03",63,"0,09",90,"11,62",42,2,17,"0,54","0,30",70,"5,50",52,"0,06",67,"-0,00",78,"0,09",58,"0,01",67,"0,11",90,"0,19","0,25",54,"7,12",58
TÓLIO TEI0025 MANHATTAN GAL CHAMPIGNON,167153,2012,,P,PO,14838,,1,140,"0,74","0,61",84,"5,70","0,61",28,"0,54","0,27",42,53,"0,08",61,"-0,04",88,"-0,01",83,"0,02",65,"-0,02",46,"13,41",37,1,122,"-1,33","0,47",86,"4,38",59,"0,10",56,"-0,06",90,"0,00",80,"0,03",63,"-0,02",48,"0,49","0,56",30,"7,12",58
GAP FIV5065,185323,2014,,P,PO,2555,,2,87,"0,62","0,65",79,"2,63","0,64",58,"-1,50","0,23",84,32,"0,15",33,"0,07",57,"0,03",73,"0,33",3,"-0,20",3,"9,14",50,2,66,"0,88","0,48",67,"3,51",63,"0,17",33,"-0,02",80,"0,02",75,"0,35",3,"-0,22",3,"-0,31","0,52",89,"7,05",58
HW 79 GUAPO BARTIRA 20 DE FIELD DAY,140985,2010,,V,PO,8349,,1,84,"-0,27","0,65",21,"3,45","0,65",49,"-0,96","0,24",76,32,"0,10",53,"0,13",38,"0,08",60,"0,16",24,"0,03",70,"9,11",50,1,48,"0,67","0,48",69,"4,12",60,"0,10",54,"0,13",38,"0,09",57,"0,13",32,"0,04",72,"0,13","0,50",60,"6,71",58
QUIRI S059P,189468,2014,,V,PO,92,,1,59,"0,39","0,61",65,"1,15","0,59",71,"0,53","0,10",42,5,"0,10",53,"0,15",33,"0,14",39,"0,02",66,"0,02",62,"4,11",67,1,34,"1,46","0,40",61,"2,61",68,"0,14",43,"0,21",18,"0,20",25,"0,03",61,"-0,00",52,"0,44","0,41",34,"6,69",59
SAV BISMARCK 5682,IA1188,2005,,P,IA,,,77,1342,"-0,70","0,87",8,"2,97","0,88",54,"2,12","0,65",13,710,"0,15",36,"0,05",64,"0,14",38,"0,06",51,"0,04",73,"9,65",48,68,1028,"-0,87","0,82",82,"2,10",70,"0,11",52,"0,03",69,"0,13",46,"0,00",70,"0,04",74,"0,65","0,85",20,"6,68",59
BJR MONU 4X-303,IA627,1995,,V,IA,27158,,9,168,"1,12","0,45",94,"3,16","0,70",52,"-1,73","0,37",87,150,"0,01",82,"-0,00",79,"0,00",80,"0,09",42,"-0,02",47,"5,35",64,5,115,"2,11","0,55",54,"5,27",53,"0,05",71,"0,01",75,"0,06",67,"0,11",38,"-0,01",49,"0,55","0,51",26,"6,62",59
AB 273 HORNERO TE,188051,2014,,P,PO,2873,,2,26,"0,29","0,50",60,"2,98","0,48",54,"-1,90","0,35",89,1,"0,10",52,"-0,09",94,"0,09",58,"0,10",39,"0,04",72,"8,16",53,2,23,"1,77","0,44",58,"4,75",57,"0,07",64,"-0,12",97,"0,09",58,"0,06",51,"0,05",77,"-0,06","0,43",74,"6,58",59
REDBAR NET WORTH F427 MATRIX,209475,2016,,P,PO,9271,,1,30,"-1,21","0,52",3,"3,10","0,52",53,,,,0,"0,17",30,"0,22",19,"0,19",22,"0,01",69,"-0,05",34,"10,58",45,1,29,"-0,39","0,43",78,"2,72",67,"0,14",41,"0,14",33,"0,19",29,"-0,00",71,"-0,04",38,"-0,01","0,50",70,"6,58",59
RED NORTHLINE ROCK STAR 911U ROCK,IA1358,2008,,V,IA,16477,,8,97,"0,08","0,51",44,"2,84","0,61",56,"-0,58","0,16",71,35,"0,08",62,"0,14",36,"0,15",34,"0,02",68,"0,08",87,"7,02",58,8,64,"2,79","0,45",47,"5,63",51,"0,06",67,"0,14",33,"0,17",33,"0,01",68,"0,10",90,"-0,21","0,46",85,"6,58",59
CMC TAINÁ DO CEDRO C5TE ZORZAL,162880,2012,,P,PO,17029,,2,64,"0,17","0,58",50,"3,12","0,57",53,"-2,28","0,22",92,21,"0,08",62,"0,24",15,"0,21",18,"-0,05",85,"-0,06",29,"7,62",55,2,57,"2,70","0,45",48,"5,82",50,"0,06",67,"0,24",13,"0,24",17,"-0,10",92,"-0,06",33,"-0,31","0,49",89,"6,53",59
RINCON 1544 ZORZAL DEL SARANDY,135024,2009,,P,PO,7287,,2,63,"1,58","0,61",98,"2,11","0,60",63,"-1,47","0,22",84,19,"0,17",29,"0,15",35,"0,13",43,"0,13",30,"0,04",74,"8,56",52,2,59,"0,86","0,49",68,"2,97",66,"0,08",60,"0,02",70,"0,07",62,"0,05",55,"0,04",74,"0,12","0,55",61,"6,50",59
GAP 4753,169098,2013,,P,PO,2555,,3,64,"0,87","0,62",88,"1,15","0,61",71,"0,46","0,19",43,17,"0,02",78,"0,15",35,"0,25",12,"-0,04",83,"-0,04",36,"1,42",75,2,48,"4,06","0,46",33,"5,21",54,"0,05",69,"0,15",32,"0,28",12,"0,02",64,"-0,03",42,"0,26","0,52",48,"6,48",59
PERRIER EXT EXTRA 4048,73528,1994,,P,PO,5445,,14,230,"0,22","0,63",53,"1,64","0,74",67,"-1,12","0,41",79,153,"0,02",78,"-0,00",79,"0,11",49,"-0,11",94,"0,01",60,"2,58",72,12,163,"3,60","0,62",38,"5,25",53,"0,05",71,"0,01",73,"0,05",68,"-0,09",90,"-0,08",24,"0,28","0,67",46,"6,46",59
CIA.AZUL 3650 CIA 0474 PANDEIRO,198712,2016,,V,PO,8538,,1,21,"-0,73","0,48",7,"0,23","0,48",79,,,,0,"0,03",77,"0,02",72,"0,05",70,"-0,06",88,"-0,00",53,"-0,40",79,1,13,"4,28","0,35",31,"4,51",58,"0,12",50,"0,12",40,"0,20",27,"0,01",67,"-0,03",42,"0,06","0,39",65,"6,42",60
RINCON TORNADO TE2618 DEL SARANDY,182024,2014,,P,PO,7287,,2,27,"-0,05","0,53",34,"2,93","0,52",55,,,,0,"0,08",60,"0,19",25,"0,17",27,"-0,10",93,"0,23",99,"7,39",56,1,21,"1,37","0,42",62,"4,30",59,"0,03",75,"0,14",35,"0,17",32,"-0,11",93,"0,24",99,"0,46","0,47",32,"6,39",60
SÃO BIBIANO LIDER TE7327,170506,2013,,P,PO,110,,1,25,"-0,01","0,40",37,"0,06","0,46",80,"0,20","0,20",48,3,"0,20",21,"0,27",11,"0,27",8,"-0,06",88,"-0,04",36,"4,98",65,1,13,"0,75","0,34",68,"0,80",76,"0,16",36,"0,27",10,"0,26",15,"-0,06",86,"-0,05",33,"0,23","0,39",50,"6,29",60
PASTORIZA 1548 TRUENO TE,IA1952,2014,,V,IA,22742,,5,80,"0,54","0,46",74,"-0,41","0,59",83,,,,0,"0,21",18,"0,30",8,"0,29",6,"0,09",43,"0,20",99,"4,40",67,4,48,"-0,39","0,42",78,"-0,80",82,"0,20",24,"0,26",10,"0,32",6,"0,06",51,"0,21",99,"0,55","0,45",26,"6,24",60
HW 90 GAJO DIADEMA 21 DE FIELD DAY,140994,2010,,V,PO,8349,,1,71,"0,10","0,62",46,"-2,27","0,62",92,"0,89","0,22",35,36,"0,08",59,"-0,04",86,"0,05",69,"0,04",57,"0,03",72,"-3,99",87,1,53,"4,56","0,47",29,"2,29",69,"0,16",37,"0,07",57,"0,09",57,"0,11",37,"0,02",63,"0,20","0,49",53,"6,22",60
GUE-GLEN SUR CHILDE TE SOBERBIO,IA1638,2012,,P,IA,10379,,7,93,"0,05","0,44",42,"2,14","0,62",62,"-0,49","0,19",69,20,"0,07",63,"0,07",60,"0,15",33,"0,00",72,"0,07",83,"5,38",63,7,58,"2,95","0,46",44,"5,10",54,"0,05",70,"0,05",62,"0,19",28,"-0,02",75,"0,06",80,"-0,08","0,52",76,"6,21",60
SAV HARVESTOR 0338 HARVESTOR,IA1528,2010,,P,IA,16783,,12,150,"1,02","0,67",91,"3,21","0,71",51,"-1,10","0,22",78,20,"0,08",60,"-0,10",96,"0,10",52,"0,08",46,"0,08",88,"7,93",54,9,116,"0,81","0,58",68,"4,03",60,"0,02",79,"-0,06",92,"0,06",67,"0,03",63,"0,09",88,"0,65","0,67",20,"6,17",61
HUACA CURU 7210 ZORZAL 5795TE CURU,IA1855,2013,,P,IA,21230,,10,185,"0,80","0,68",87,"3,26","0,71",51,"-2,38","0,16",93,4,"0,21",18,"0,20",22,"0,23",14,"0,01",70,"0,11",93,"12,42",40,9,103,"-0,36","0,53",77,"2,90",66,"0,09",59,"0,08",53,"0,16",35,"-0,04",80,"0,13",95,"-0,20","0,57",85,"6,16",61
OTTONO B1777 TE HERDEIRO,111950,2005,,V,PO,35,,22,615,"0,89","0,82",89,"4,42","0,84",40,"0,41","0,56",45,385,"0,14",40,"0,17",28,"0,14",38,"0,00",72,"0,12",94,"12,46",40,21,478,"-0,60","0,75",79,"3,82",61,"0,13",47,"0,12",40,"0,17",32,"0,03",61,"0,08",85,"-0,30","0,77",89,"6,06",61
VISION UNANIMOUS 1418 UNANIMOUS,IA1520,2011,,P,IA,16783,,7,127,"-0,12","0,66",29,"3,34","0,67",50,"-3,10","0,15",97,27,"0,10",55,"0,01",77,"-0,00",82,"0,05",55,"0,12",95,"8,74",51,6,104,"2,00","0,52",55,"5,34",53,"0,05",71,"-0,03",85,"-0,04",88,"-0,00",71,"0,12",93,"-0,30","0,60",89,"6,02",61
TRÊS MARIAS 4971 MAN EXT TE,74324,1996,,P,PO,5150,,2,220,"-2,19","0,76",1,"0,45","0,75",78,"4,56","0,41",1,153,"-0,04",89,"-0,05",89,"-0,05",90,"-0,01",76,"-0,02",45,"-2,27",83,2,169,"5,03","0,64",24,"5,48",52,"0,04",72,"0,04",64,"-0,03",86,"0,05",55,"-0,01",50,"0,39","0,64",37,"5,94",61
JINDRA DOUBLE VISION DOUBLE VISION,IA1480,2010,,P,IA,16477,G,7,77,"-1,14","0,48",4,"5,42","0,59",31,"1,90","0,11",16,6,"-0,01",85,"-0,26",99,"-0,16",99,"0,29",5,"0,01",60,"9,67",48,7,65,"3,87","0,45",35,"9,29",31,"-0,04",88,"-0,35",99,"-0,27",99,"0,26",9,"0,01",59,"-0,71","0,51",98,"5,87",62
SUMMITCREST FOCUS 2U66,IA1391,2008,,P,IA,17737,,4,104,"0,22","0,64",53,"5,64","0,62",29,"4,48","0,17",1,15,"0,03",75,"0,28",9,"0,01",79,"0,06",51,"-0,01",50,"11,76",42,4,88,"-0,26","0,48",77,"5,38",52,"-0,04",88,"0,25",12,"-0,07",92,"-0,00",71,"0,01",59,"0,74","0,61",16,"5,85",62
VOLCAN BLACKCAP 4665 TE AMBICIOSO,IA1624,2011,,P,IA,10379,,3,30,"0,73","0,42",84,"2,49","0,43",59,"0,23","0,10",47,2,"0,09",57,"0,01",75,"0,01",78,"0,05",55,"-0,03",38,"6,72",58,3,26,"1,88","0,32",57,"4,37",59,"0,06",67,"0,02",71,"0,04",71,"0,05",53,"-0,04",37,"-0,05","0,32",73,"5,80",62
SAV CINCH 1248,IA1370,2011,,P,IA,20353,,11,88,"0,36","0,61",63,"2,26","0,66",61,"0,65","0,27",40,90,"0,19",25,"0,08",53,"0,20",19,"0,12",34,"0,13",95,"9,41",49,10,60,"-0,56","0,52",79,"1,70",72,"0,18",29,"0,09",48,"0,26",15,"0,10",40,"0,12",93,"-0,29","0,61",88,"5,79",62
LAS LILAS 1385 MAX LUXOR MAXQ BUENO,IA1142,2005,,P,IA,,,13,168,"0,43","0,68",68,"2,86","0,72",56,"-1,31","0,34",82,126,"0,11",49,"0,14",36,"0,07",64,"0,00",73,"-0,21",3,"8,20",53,12,132,"-1,63","0,60",88,"1,23",74,"0,13",47,"0,11",43,"0,05",69,"0,01",68,"-0,19",5,"0,78","0,64",14,"5,60",62
QUIRÍ F43,234942,2004,,P,PC,92,,1,80,"-0,15","0,65",27,"1,96","0,65",64,"0,60","0,26",41,34,"0,08",62,"0,18",27,"0,22",15,"-0,03",80,"-0,02",44,"5,04",65,1,65,"2,56","0,53",50,"4,53",58,"0,05",71,"0,21",18,"0,22",22,"-0,07",88,"-0,00",55,"-0,09","0,62",77,"5,49",62
OSU CURRENCY 8173,IA1224,2008,,P,IA,,,7,35,"0,06","0,46",42,"3,05","0,49",53,"1,21","0,07",28,7,"0,12",45,"-0,02",84,"0,03",73,"0,12",32,"0,08",88,"8,94",51,6,23,"0,32","0,34",72,"3,37",64,"0,05",71,"-0,11",97,"0,00",80,"0,12",36,"0,14",95,"0,19","0,33",54,"5,44",63
GAP 5857,198547,2016,,P,PO,2555,,1,27,"0,27","0,49",57,"1,91","0,48",65,,,,0,"0,04",75,"0,30",8,"0,16",31,"-0,11",93,"-0,02",46,"3,57",69,1,7,"2,72","0,30",48,"4,63",57,"0,06",68,"0,30",7,"0,20",26,"-0,12",93,"-0,06",31,"0,07","0,35",64,"5,42",63
BJR PAY DAY 1528 PAY DAY,IA643,1998,,V,IA,,,9,461,"-0,43","0,54",14,"0,22","0,73",80,"-1,04","0,44",78,281,"0,08",60,"0,03",70,"0,00",81,"0,06",51,"-0,01",48,"1,40",75,9,333,"2,92","0,61",45,"3,15",65,"0,06",66,"0,00",76,"0,01",78,"0,11",38,"-0,07",30,"0,26","0,65",48,"5,41",63
SINCLAIR NET PRESENT VALUE,IA893,2002,,P,IA,,,9,126,"-2,64","0,62",1,"2,74","0,68",57,"2,83","0,24",7,46,"-0,03",88,"0,07",58,"-0,07",94,"0,01",70,"-0,06",30,"3,26",70,8,108,"5,11","0,55",23,"7,85",39,"-0,01",82,"0,15",32,"-0,13",97,"0,00",70,"-0,09",20,"-0,53","0,60",96,"5,38",63
MVF VRD DATELINE 913P,IA922,2004,,P,IA,,,15,143,"1,82","0,65",99,"-0,19","0,71",82,"4,74","0,35",1,140,"0,05",71,"-0,11",96,"0,00",80,"0,18",18,"0,07",85,"-0,60",80,13,122,"3,33","0,59",41,"3,14",65,"0,07",64,"-0,05",87,"0,00",80,"0,19",19,"0,08",84,"0,39","0,65",37,"5,36",63
STEVENSON MAXIMUM 930C,IA479,1993,,P,IA,,,3,57,"0,62","0,34",79,"0,23","0,58",79,"-0,41","0,24",68,49,"0,06",68,"0,13",40,"-0,04",88,"0,03",63,"-0,04",35,"0,79",76,3,45,"1,75","0,45",58,"1,97",70,"0,11",51,"0,07",55,"-0,03",86,"0,07",47,"-0,06",32,"0,57","0,34",25,"5,27",63
DUFF STANDOUT 785,IA1064,2007,,P,IA,,,11,89,"0,83","0,61",88,"-0,48","0,62",84,"1,74","0,28",19,91,"0,10",53,"0,16",32,"0,10",53,"0,13",32,"-0,09",18,"0,46",78,9,69,"2,62","0,50",49,"2,14",70,"0,07",63,"0,16",29,"0,09",58,"0,08",44,"-0,09",20,"0,43","0,58",34,"5,26",63
PARINGA IRON ORE E27,IA1409,2009,,V,IA,15614,,10,346,"-0,33","0,71",18,"-0,15","0,75",81,"1,30","0,16",26,40,"0,24",13,"0,08",56,"-0,01",83,"0,11",36,"-0,10",15,"5,95",62,10,187,"-1,23","0,56",85,"-1,37",84,"0,20",25,"0,02",72,"-0,08",93,"0,23",13,"-0,12",14,"0,30","0,66",44,"5,25",63
AGROMELU 2494 CITATION BOOM TE IMPACTO,IA992,2000,,V,IA,27148,,9,131,"0,58","0,71",76,"-0,27","0,72",82,"-1,58","0,35",85,120,"0,09",58,"0,10",47,"0,14",37,"-0,01",76,"0,06",81,"0,47",78,6,106,"2,86","0,60",46,"2,59",68,"0,06",66,"0,10",45,"0,14",44,"-0,03",80,"0,11",91,"0,39","0,66",37,"5,22",64
PASTORIZA 853 NICANOR TE NICANOR,IA1486,2006,,V,IA,10379,,6,73,"-0,17","0,52",26,"-7,15","0,61",99,"1,12","0,23",29,31,"0,19",24,"0,07",57,"0,18",24,"0,11",35,"-0,00",53,"-11,26",96,5,57,"3,59","0,48",38,"-3,55",91,"0,19",27,"0,08",50,"0,22",21,"0,12",35,"0,01",59,"1,22","0,53",2,"5,20",64
PAINEIRAS GRAN CANYON CONHAQUE 949 CONHAQUE,83697,2000,,V,PO,14028,,7,101,"-0,34","0,59",17,"3,90","0,67",45,"1,38","0,28",25,73,"0,04",72,"-0,02",82,"-0,08",95,"0,05",56,"-0,12",13,"8,29",53,6,80,"0,74","0,52",69,"4,64",57,"0,05",72,"0,01",74,"-0,06",90,"0,04",56,"-0,06",33,"0,09","0,59",63,"5,14",64
QUIRÍ M161,343174,2010,,P,PC,92,,1,120,"0,49","0,62",71,"0,74","0,64",76,"1,52","0,34",23,94,"-0,04",89,"-0,03",84,"0,10",52,"-0,11",94,"0,04",74,"-1,56",82,1,102,"5,48","0,54",20,"6,21",48,"0,02",78,"0,09",50,"0,23",20,"-0,09",90,"0,04",74,"-0,07","0,49",75,"5,14",64
QUIRI S094P,190524,2014,,V,PO,92,,1,77,"-0,29","0,62",19,"1,87","0,62",65,"-0,71","0,09",73,7,"0,13",43,"0,14",37,"0,14",37,"-0,04",82,"0,00",56,"6,51",60,1,40,"-0,83","0,42",82,"1,03",75,"0,11",51,"0,10",45,"0,17",32,"-0,06",87,"-0,02",48,"0,62","0,52",22,"5,13",64
TRES MARIAS 9549 MAXIMO 7858 TE MAXIMO,IA1527,2012,,P,IA,16982,K,16,382,"2,24","0,78",99,"5,46","0,78",30,"-2,57","0,31",95,33,"0,19",24,"0,24",15,"0,23",13,"0,10",38,"0,07",83,"16,60",27,12,263,"-2,76","0,65",94,"2,70",67,"0,13",47,"0,13",37,"0,19",29,"0,02",65,"0,10",88,"-0,45","0,70",93,"5,10",64
RED SIX MILE SAKIC 832S,IA1124,2006,,V,IA,,,38,334,"0,33","0,75",61,"3,29","0,78",51,"-0,05","0,42",54,205,"0,18",27,"0,15",34,"0,17",26,"0,04",59,"0,05",78,"11,33",43,30,234,"-1,85","0,65",89,"1,43",73,"0,15",38,"0,10",47,"0,15",39,"-0,03",77,"0,07",81,"-0,09","0,70",77,"5,08",64
RECONQUISTA TE2234 UNITÁRIO CANDELERO,172050,2013,,P,PO,155,,2,41,"0,22","0,47",53,"3,88","0,50",45,"-1,01","0,27",77,5,"0,07",63,"0,13",39,"0,15",35,"-0,05",86,"0,02",65,"9,25",50,2,32,"0,00","0,41",75,"3,89",61,"0,07",66,"0,09",49,"0,16",38,"-0,02",76,"0,03",67,"0,08","0,43",63,"5,07",64
CERRO DA VIGIA 501,202958,2015,,V,PO,17083,,1,20,"-0,62","0,29",9,"2,15","0,28",62,,,,0,"0,03",75,"-0,19",99,"-0,14",98,"0,07",48,"0,08",88,"4,07",67,1,5,"2,19","0,16",54,"4,34",59,"0,10",56,"-0,19",99,"-0,13",97,"0,15",27,"0,11",91,"-0,22","0,17",86,"4,94",65
TRES MARIAS 8561 SALVAJE 7630-T/E,A.779131,2009,,P,,E 5150,,9,36,"0,62","0,53",78,"0,79","0,55",75,"0,01","0,25",52,43,"0,09",57,"-0,07",93,"-0,01",83,"0,05",55,"0,04",73,"2,97",70,7,22,"0,92","0,43",67,"1,71",72,"0,13",47,"-0,06",91,"-0,01",82,"0,04",56,"0,02",64,"0,32","0,47",42,"4,91",65
SANTO IZIDRO I293,286170,2007,,V,PC,1639,,1,25,"-0,98","0,37",4,"4,40","0,44",41,"1,30","0,14",26,1,"0,03",77,"0,03",71,"0,13",42,"-0,06",87,"0,02",67,"8,79",51,1,14,"0,15","0,32",74,"4,55",58,"0,01",79,"-0,02",82,"0,13",47,"-0,10",92,"0,05",75,"0,39","0,29",37,"4,85",65
ZORZAL TE 2044 TELLECHEA,160590,2012,,P,PO,18551,,1,28,"0,59","0,48",77,"2,86","0,49",56,"-1,46","0,18",84,3,"0,14",40,"0,11",46,"0,11",50,"0,11",36,"-0,02",43,"9,05",50,1,18,"-0,97","0,36",83,"1,89",71,"0,12",49,"0,04",65,"0,05",68,"0,06",51,"-0,03",42,"0,06","0,32",65,"4,83",65
GAR PREDESTINED,IA750,1999,,P,IA,,M,21,308,"0,19","0,76",51,"2,35","0,78",61,"3,16","0,48",4,330,"0,08",59,"0,08",57,"-0,00",81,"0,09",44,"-0,20",3,"6,12",61,21,247,"1,19","0,68",63,"3,54",63,"0,03",75,"0,04",65,"-0,10",95,"0,10",39,"-0,23",3,"0,18","0,69",55,"4,79",65
LAS LILAS 2003 MAX CACIQUE MANDINGA,IA1252,2008,,P,IA,,,2,32,"0,59","0,26",76,"-1,35","0,39",88,"-0,52","0,06",70,1,"0,07",67,"0,09",51,"-0,03",88,"0,09",43,"0,02",64,"-2,61",84,2,18,"3,65","0,26",37,"2,31",69,"0,11",51,"0,11",43,"0,01",76,"0,13",33,"0,01",60,"0,10","0,23",62,"4,74",65
PAINEIRAS LUCKY ZORZAL TE5294,136796,2009,,P,PO,14028,,4,191,"0,39","0,63",66,"3,04","0,71",53,"-1,63","0,36",86,94,"0,05",70,"0,04",68,"0,08",61,"0,06",50,"-0,08",23,"6,63",59,4,153,"0,61","0,59",70,"3,64",62,"0,06",67,"0,01",74,"0,07",64,"0,04",56,"-0,07",29,"0,19","0,64",54,"4,72",65
SANTA THEREZA 1571,269046,2007,,P,PC,3108,,6,133,"1,20","0,71",95,"2,52","0,70",59,"1,21","0,32",28,107,"0,12",47,"0,02",72,"0,07",61,"0,00",73,"0,01",60,"7,60",55,6,88,"0,91","0,54",67,"3,42",64,"0,13",45,"-0,00",77,"0,07",64,"-0,06",86,"0,05",77,"-0,63","0,43",97,"4,72",66
MAUFER ESTAMPIDO 0119FIV FLORICE ZORZAL,158210,2012,,P,PO,17034,,1,27,"0,53","0,35",73,"1,52","0,34",68,,,,0,"0,08",59,"0,04",68,"0,00",80,"0,01",70,"0,02",67,"4,31",67,1,18,"1,18","0,27",63,"2,70",67,"0,07",65,"0,03",67,"0,00",79,"-0,02",75,"0,03",70,"0,24","0,30",50,"4,66",66
3F EMBLAZON 3652,IA885,2003,,P,IA,27147,,10,104,"-0,25","0,56",21,"0,79","0,66",75,"2,05","0,32",14,73,"0,14",37,"0,12",42,"0,09",57,"-0,11",94,"-0,12",10,"4,75",66,9,78,"1,68","0,54",59,"2,48",68,"0,06",67,"0,14",34,"0,08",61,"-0,05",84,"-0,15",9,"-0,09","0,53",77,"4,66",66
GARUPA 8520 LOOKOUT 7TROUXAS,162115,2011,,P,PO,57,,1,24,"-0,05","0,45",33,"0,62","0,45",76,"-0,53","0,13",70,5,"0,04",72,"0,13",40,"0,12",45,"-0,03",80,"-0,07",25,"1,06",76,1,8,"2,98","0,28",44,"3,60",62,"0,03",75,"0,10",44,"0,11",52,"-0,04",82,"-0,08",24,"0,23","0,24",50,"4,56",66
BASCO PAYADOR MANÁ TE327,155775,2010,,V,PO,4074,,2,31,"0,53","0,50",73,"0,30","0,51",79,"-1,17","0,19",80,14,"0,12",45,"0,03",71,"0,05",69,"-0,03",81,"-0,00",54,"2,90",71,1,14,"1,04","0,36",65,"1,35",74,"0,15",38,"0,04",66,"0,09",56,"-0,04",82,"-0,03",43,"-0,11","0,26",78,"4,41",66
PASTORIZA 805 ALJIBE TE ALJIBE,IA949,2005,,P,IA,,,9,79,"0,20","0,49",52,"0,36","0,58",78,"-1,87","0,25",89,41,"0,04",73,"0,02",73,"-0,06",92,"-0,10",93,"-0,05",31,"0,35",78,6,50,"1,77","0,44",58,"2,13",70,"0,09",59,"0,05",61,"-0,05",88,"-0,05",84,"-0,07",29,"0,47","0,42",31,"4,33",66
CATANDUVA JOÃO ALANO GRAMÁTICO 1195,88680,2001,,V,PO,16417,,11,182,"0,31","0,58",60,"2,48","0,72",59,"-2,57","0,35",95,94,"0,04",73,"-0,09",95,"0,07",61,"0,04",59,"-0,02",45,"5,09",65,9,153,"1,36","0,61",62,"3,84",61,"0,05",68,"-0,05",89,"0,07",64,"0,04",56,"0,01",58,"0,01","0,62",68,"4,30",67
TRES MARIAS 9257 FEDERAL TE FEDERAL,IA1459,2011,,P,IA,16982,K,34,453,"0,62","0,79",78,"4,15","0,80",43,"-2,44","0,35",94,124,"0,13",41,"0,06",61,"0,12",46,"0,12",34,"0,16",98,"11,75",42,33,337,"-1,94","0,69",90,"2,21",69,"0,09",57,"0,03",69,"0,09",59,"0,05",55,"0,20",99,"-0,03","0,76",72,"4,20",67
TRÊS MARIAS 8795 TITAN TE TITAN,IA1407,2010,,P,IA,16982,K,17,92,"-0,34","0,65",17,"4,14","0,65",43,"-2,43","0,25",94,39,"0,11",51,"0,02",73,"0,10",53,"0,13",30,"0,20",99,"10,88",45,11,50,"-2,83","0,48",94,"1,31",74,"0,09",59,"-0,03",85,"0,08",61,"0,17",22,"0,26",99,"0,57","0,54",25,"4,13",67
HERITAGE DO CARUMBÉ 1832,151591,2010,,P,PO,18551,,1,60,"-0,12","0,59",28,"-0,44","0,59",83,"-1,43","0,20",83,33,"0,10",52,"0,02",72,"0,07",62,"0,09",42,"0,21",99,"0,69",77,1,55,"1,73","0,46",59,"1,29",74,"0,11",53,"0,03",69,"0,07",65,"0,04",57,"0,23",99,"0,18","0,55",54,"4,13",67
SOLÉ 1184 794,202052,2015,,P,PO,11430,,1,20,,,,"0,18","0,39",80,,,,0,"0,07",64,"0,13",40,"0,10",52,"0,05",57,"0,02",66,"0,93",76,1,17,"-0,61","0,27",79,"-0,43",81,"0,10",57,"0,13",36,"0,14",44,"0,03",60,"-0,00",52,"1,27","0,40",2,"4,04",67
CONSENSUS TE 2366 TELLECHEA,184206,2014,,P,PO,18551,,2,69,"0,52","0,62",73,"0,76","0,60",75,"-2,01","0,13",90,3,"0,17",30,"0,11",45,"0,17",28,"0,06",51,"0,11",93,"5,43",63,1,52,"1,02","0,46",65,"1,77",72,"0,12",50,"0,02",70,"0,15",41,"0,04",56,"0,08",86,"-0,53","0,48",96,"3,99",67
GAP 5429,189056,2015,,V,PO,2555,,1,22,"-0,04","0,48",35,"0,30","0,47",79,"-1,63","0,17",86,1,"0,10",53,"0,08",54,"0,16",31,"-0,09",91,"-0,07",24,"2,18",73,1,14,"1,51","0,36",60,"1,81",71,"0,12",50,"0,07",55,"0,13",45,"-0,12",94,"-0,06",31,"-0,13","0,34",80,"3,94",67
MAC'ACHIN BISMARCK 4473 CAPO,IA1697,2012,,P,IA,21721,,1,53,,,,"1,80","0,16",66,"1,51","0,14",23,7,"0,10",53,"0,11",44,"0,14",40,"0,05",56,"0,01",59,"5,55",62,1,45,"-0,60","0,15",79,"1,20",75,"0,08",61,"0,09",49,"0,14",43,"0,01",67,"0,01",58,"0,47","0,15",32,"3,93",67
UMBU 6266,352343,2012,,V,PC,99,,1,26,"0,09","0,46",45,"4,68","0,45",38,"-0,80","0,10",74,4,"0,07",63,"0,14",35,"0,13",43,"0,07",48,"0,10",92,"10,96",44,1,23,"-1,06","0,34",83,"3,62",62,"0,05",71,"0,15",30,"0,12",49,"0,03",62,"0,13",95,"-0,07","0,33",75,"3,89",68
CONSENSUS TE 2352 TELLECHEA,181085,2014,,P,PO,18551,,1,124,"0,07","0,68",43,"1,54","0,66",68,"-1,24","0,18",81,9,"0,14",39,"0,06",62,"0,15",35,"0,08",46,"0,04",74,"6,21",61,1,94,"-0,34","0,52",77,"1,20",75,"0,08",61,"-0,02",81,"0,08",60,"0,03",62,"0,04",71,"0,15","0,54",57,"3,80",68
SÃO XAVIER 1804 JUNIOR TE,192525,2014,,P,PO,508,,1,59,"-0,71","0,55",8,"2,03","0,58",64,"-0,14","0,21",55,1,"0,14",39,"0,08",56,"0,18",25,"0,02",67,"0,10",92,"7,23",57,1,49,"-1,05","0,46",83,"0,97",75,"0,13",47,"0,05",60,"0,15",38,"0,01",66,"0,12",93,"-0,01","0,54",70,"3,75",68
CARUMBÉ RED BRIGADIER 1115,122252,2007,,V,PO,269,,5,269,"0,46","0,71",70,"-2,93","0,77",94,"-0,04","0,47",53,201,"0,11",51,"0,05",64,"0,10",52,"-0,07",89,"-0,11",14,"-4,66",88,5,220,"4,07","0,66",33,"1,14",75,"0,16",36,"0,13",36,"0,19",27,"-0,04",81,"-0,12",14,"-0,41","0,65",93,"3,72",68
QUIRI S001,402759,2014,,V,PC,92,,1,89,"-0,19","0,64",25,"0,98","0,64",73,"-0,96","0,13",76,10,"0,07",65,"0,18",27,"0,06",64,"-0,15",96,"0,06",81,"2,62",71,1,58,"1,14","0,47",64,"2,12",70,"0,06",67,"0,19",22,"0,09",57,"-0,17",96,"0,06",80,"0,28","0,50",46,"3,68",68
BECKTON EPIC R397 K,IA1323,2005,,V,IA,17737,,6,294,"0,09","0,55",45,"-0,21","0,71",82,"0,27","0,16",47,37,"-0,08",94,"-0,02",84,"-0,07",94,"0,00",71,"0,20",99,"-5,11",88,5,178,"4,60","0,53",28,"4,39",59,"0,01",79,"0,08",52,"0,06",66,"0,03",63,"0,24",99,"0,46","0,57",32,"3,55",69
QUIRÍ N215,361237,2011,,V,PC,92,,2,26,"-0,36","0,43",17,"3,04","0,46",53,"-0,31","0,17",66,6,"0,07",63,"0,17",29,"0,05",67,"0,01",71,"-0,01",52,"7,32",56,2,25,"-0,63","0,37",79,"2,41",69,"0,07",64,"0,18",23,"0,07",64,"0,03",63,"-0,02",48,"0,11","0,44",62,"3,54",69
FILOMENA 193 MAXI 16 TE VISTOSO,IA1455,2010,,P,IA,10379,,13,321,"-0,18","0,74",26,"1,73","0,79",66,"-0,76","0,41",73,90,"0,10",54,"0,06",63,"0,15",33,"0,04",60,"0,14",97,"5,27",64,13,245,"0,43","0,68",71,"2,16",69,"0,07",66,"0,02",70,"0,17",33,"-0,01",74,"0,18",98,"-0,01","0,74",70,"3,51",69
PASTORIZA 565 BRIGADIER TE BRIGADIER,IA796,2001,,V,IA,,,132,4137,"0,06","0,91",43,"1,16","0,92",71,"-3,35","0,81",98,3757,"0,11",51,"0,11",44,"0,18",24,"-0,04",82,"-0,02",44,"4,30",67,113,2997,"-0,61","0,88",79,"0,55",78,"0,11",51,"0,11",43,"0,22",21,"-0,06",86,"-0,03",43,"0,32","0,89",42,"3,48",69
BAYUCUA,205191,2015,,P,PO,17254,,1,44,"1,38","0,48",97,"2,27","0,53",61,,,,0,"0,00",82,"-0,02",84,"-0,07",93,"-0,00",73,"0,09",90,"3,32",69,1,26,"-0,70","0,37",80,"1,58",73,"0,04",73,"0,03",68,"0,01",77,"0,03",61,"0,09",87,"1,10","0,38",4,"3,44",69
SANTA SERGIA AMIGO MANDARIN 2884 AUGUSTO,IA1718,2011,,V,IA,10379,,4,32,"-0,57","0,36",10,"1,74","0,47",66,,,,0,"0,12",46,"0,36",3,"0,19",23,"-0,01",76,"0,08",86,"6,00",61,4,21,"-1,05","0,31",83,"0,69",77,"0,15",37,"0,31",6,"0,22",22,"0,01",68,"0,09",87,"-0,06","0,34",74,"3,43",69
GAP 2931 CRÉDITO BARTOLOMÉ,114931,2006,,V,PO,2555,,2,41,,,,"1,22","0,49",70,"-1,07","0,23",78,27,"0,03",75,"0,01",77,"0,13",42,"0,04",58,"0,12",94,"2,01",73,2,17,"1,43","0,35",61,"2,65",67,"0,05",71,"-0,04",85,"0,09",59,"0,06",51,"0,14",95,"0,26","0,40",48,"3,42",69
RECONQUISTA 1738 REDOBRADO PUC G. CANYON,144236,2010,,V,PO,155,,1,44,,,,"-1,84","0,38",91,,,,0,"0,09",56,"-0,03",85,"0,09",56,"0,09",43,"0,08",87,"-2,75",84,1,40,"1,62","0,34",59,"-0,22",80,"0,13",45,"0,00",76,"0,14",42,"0,11",37,"0,09",87,"0,40","0,34",36,"3,37",69
JUQUIRY RED 8038 8910,387529,2014,,V,PC,18553,,1,23,"0,04","0,39",41,"2,11","0,44",63,,,,0,"-0,02",85,"0,09",52,"0,04",73,"0,02",68,"-0,01",52,"2,27",72,1,20,"2,53","0,34",50,"4,64",57,"-0,03",85,"0,08",52,"0,03",73,"-0,01",73,"-0,04",40,"0,20","0,39",53,"3,35",69
SANTO ANTÃO ZORZAL MAGNO 762,167493,2013,,P,PO,14982,,1,45,"-0,37","0,46",16,"1,54","0,57",68,,,,0,"0,12",47,"0,27",11,"0,15",35,"0,02",67,"0,02",63,"5,54",63,1,28,"-1,51","0,42",87,"0,03",80,"0,09",58,"0,16",29,"0,09",56,"-0,05",85,"-0,01",52,"0,60","0,45",23,"3,33",69
BASCO CREDITO 921,190955,2015,,P,PO,4074,,1,26,"0,61","0,52",78,"2,40","0,52",60,"-0,64","0,20",72,5,"0,09",58,"-0,05",89,"0,11",49,"0,18",19,"-0,01",50,"6,33",60,1,21,"-1,85","0,42",89,"0,55",78,"0,03",76,"-0,10",96,"0,10",56,"0,12",36,"0,01",62,"1,02","0,47",6,"3,30",70
SÃO BIBIANO INSIGHT 7811,211629,2017,,P,PO,110,,2,57,"-1,10","0,52",4,"0,19","0,53",80,,,,0,"0,11",48,"0,20",22,"0,13",41,"0,02",68,"-0,04",37,"2,41",72,1,20,"0,58","0,34",70,"0,77",76,"0,09",58,"0,18",24,"0,15",38,"0,02",64,"-0,05",36,"0,14","0,38",58,"3,22",70
PA FORTITUDE 2500,IA1499,2011,,P,IA,16477,,7,88,"-0,15","0,60",27,"4,71","0,63",37,"0,87","0,09",35,8,"0,04",74,"-0,01",81,"-0,01",82,"0,10",39,"-0,10",17,"9,82",48,5,77,"0,47","0,49",71,"5,19",54,"-0,05",90,"-0,05",89,"-0,06",90,"0,07",47,"-0,11",17,"-0,15","0,59",81,"3,19",70
CONNEALY HARMONY 0171,IA1293,2010,,P,IA,10379,,1,31,"0,02","0,51",39,"2,59","0,47",58,"-0,19","0,07",63,7,"0,07",65,"0,02",72,"0,10",52,"0,22",12,"-0,15",7,"6,15",61,1,27,"-1,13","0,35",84,"1,46",73,"-0,02",84,"-0,12",97,"-0,04",87,"0,14",29,"-0,19",5,"0,93","0,41",8,"3,04",70
44 ENVISION,IA1603,2013,,P,IA,16477,,3,48,"-0,95","0,55",5,"0,95","0,54",73,"2,05","0,13",14,5,"-0,00",83,"0,06",62,"0,01",78,"0,07",49,"-0,16",6,"0,14",78,3,30,"3,12","0,40",43,"4,07",60,"0,03",75,"0,11",42,"0,01",77,"0,10",40,"-0,19",5,"-0,18","0,44",83,"3,04",71
CV4712 HORNERO NET WORTH,174437,2013,,P,PO,1949,,1,34,"0,40","0,47",67,"2,78","0,46",57,"-2,43","0,17",93,2,"0,08",61,"0,10",49,"0,11",51,"0,03",65,"0,00",57,"6,90",58,1,23,"-0,25","0,35",77,"2,53",68,"0,04",73,"0,06",60,"0,09",58,"-0,03",77,"0,02",63,"-0,02","0,34",71,"2,93",71
SAV TEN PERCENT 3085,IA1583,2013,,P,IA,10379,,6,37,"-0,75","0,47",7,"0,76","0,51",75,"1,41","0,12",25,11,"0,07",66,"-0,12",97,"-0,07",93,"0,08",45,"0,07",84,"2,06",73,5,23,"1,28","0,36",62,"2,04",70,"0,06",66,"-0,11",96,"-0,10",95,"0,10",41,"0,05",77,"-0,01","0,34",70,"2,92",71
LAJUANITA EURO 313 TE,216316,2016,,P,PO,23219,,4,48,"0,62","0,54",78,"-0,98","0,54",87,,,,0,"0,14",38,"0,00",79,"0,05",68,"-0,01",77,"0,08",88,"0,66",77,2,20,"-0,09","0,33",75,"-1,08",83,"0,11",52,"-0,03",84,"0,02",74,"-0,03",78,"0,08",86,"0,48","0,35",31,"2,80",71
BIEBER STORMER Z433 STORMER,IA1766,2012,,V,IA,15256,,2,21,"-1,67","0,39",2,"4,92","0,38",35,,,,0,"-0,07",93,"-0,08",94,"-0,03",87,"0,16",23,"0,09",90,"6,73",58,2,15,"1,61","0,25",60,"6,53",46,"-0,06",90,"-0,09",95,"-0,06",90,"0,17",22,"0,08",84,"-0,17","0,29",83,"2,77",71
KCF BENNETT THEROCK A473 THEROCK,IA1670,2013,,P,IA,10379,,4,22,"0,26","0,13",56,"3,28","0,37",51,,,,0,"0,04",74,"0,05",66,"0,04",72,"0,24",9,"-0,03",39,"6,67",59,3,15,"-0,24","0,23",76,"3,04",66,"0,01",80,"0,04",65,"0,03",74,"0,22",13,"-0,02",44,"0,19","0,19",53,"2,76",71
WT BUTIÁ 210 MOMENTUM X BUTIÁ 002,170497,2014,,V,PO,17087,,1,31,"-0,05","0,48",34,"3,48","0,47",49,"-0,48","0,13",69,9,"0,08",62,"-0,08",94,"-0,00",81,"0,01",70,"0,01",58,"8,38",52,1,29,"-1,90","0,38",90,"1,57",73,"0,04",73,"-0,10",96,"-0,05",88,"-0,00",71,"0,02",63,"0,41","0,49",36,"2,74",71
PFFR CONVOY 9Z,IA1644,2012,,V,IA,16477,,6,80,"0,11","0,36",46,"2,64","0,60",58,"1,39","0,16",25,21,"0,06",69,"0,07",58,"0,03",73,"0,11",37,"0,03",70,"5,99",61,6,66,"-1,75","0,46",89,"0,89",76,"0,10",56,"0,16",28,"0,13",45,"0,13",32,"0,03",68,"0,41","0,52",36,"2,73",71
AML 6083 LL MAX 930C IA479,199758,2016,,P,PO,2117,,1,45,"-0,50","0,32",12,"2,64","0,46",58,,,,0,"0,04",73,"0,16",31,"0,11",50,"-0,05",86,"0,03",71,"5,37",64,1,13,"-0,72","0,29",80,"1,92",71,"0,03",75,"0,08",51,"0,08",62,"-0,07",88,"0,01",60,"0,48","0,26",30,"2,73",71
CONFIDENCE 2372 TELLECHEA,181111,2014,,P,PO,18551,,1,44,"0,41","0,55",67,"0,34","0,52",78,,,,0,"0,12",45,"0,00",77,"0,12",47,"0,03",62,"-0,19",4,"2,97",71,1,37,"0,67","0,37",69,"1,01",75,"0,13",47,"0,02",71,"0,13",46,"0,01",69,"-0,18",6,"-0,42","0,41",93,"2,67",71
PAIPASSO U112,147179,2010,,V,PO,15996,,1,35,"-0,08","0,28",31,"3,77","0,35",46,"-0,74","0,18",73,14,"-0,08",94,"-0,02",83,"0,03",74,"0,00",71,"0,05",77,"3,96",68,1,25,"2,68","0,29",48,"6,45",47,"-0,06",90,"-0,00",77,"0,03",72,"0,02",66,"0,05",75,"-0,18","0,34",83,"2,64",72
BASIN RAINMAKER 654X,IA344,1988,,P,IA,22579,,3,303,"-1,74","0,77",2,"1,45","0,77",69,"1,97","0,47",15,132,"-0,01",84,"-0,10",96,"0,03",74,"-0,00",74,"-0,05",31,"1,13",76,3,173,"1,63","0,64",59,"3,09",65,"0,01",79,"-0,03",84,"0,04",71,"0,01",69,"-0,06",31,"0,28","0,65",46,"2,63",72
TRÊS MARIAS 7651 HOLLY 6976 TE PORTEÑO,IA1123,2006,,V,IA,,,9,73,"0,73","0,53",84,"0,65","0,60",76,"-0,32","0,23",66,24,"0,08",61,"0,07",59,"0,15",33,"-0,01",75,"0,23",99,"2,23",73,7,51,"0,22","0,46",73,"0,88",76,"0,12",48,"0,08",52,"0,16",35,"-0,01",73,"0,25",99,"-0,06","0,43",74,"2,56",72
RITO 1/2 OF 2536 RITO 6I6,IA948,2001,,P,IA,,M,6,20,"-0,72","0,44",8,"2,09","0,45",63,"4,05","0,16",2,35,"0,12",46,"0,09",52,"0,03",74,"0,14",28,"-0,04",38,"6,81",58,6,21,"-1,65","0,35",88,"0,44",78,"0,10",54,"0,05",62,"-0,00",81,"0,15",27,"-0,05",35,"0,05","0,35",65,"2,55",72
HW99 HERALDO DE 04 FIELD DAY,149792,2011,,V,PO,18650,,1,54,"-0,61","0,59",10,"2,68","0,58",57,"-0,69","0,18",73,13,"0,01",81,"-0,12",97,"-0,08",95,"0,06",52,"0,11",93,"4,31",67,1,30,"0,61","0,40",70,"3,29",65,"-0,01",83,"-0,06",91,"-0,11",96,"0,07",46,"0,13",94,"0,25","0,32",49,"2,46",72
CLM DON ALFREDO 0694 TE DON ALFREDO,IA1958,2012,,P,IA,10379,,4,35,"-0,04","0,41",34,"1,37","0,40",69,,,,0,"0,08",60,"0,07",57,"0,06",64,"-0,01",75,"0,19",99,"3,86",68,3,12,"-0,23","0,21",76,"1,14",75,"0,07",65,"0,04",64,"0,07",63,"-0,01",74,"0,20",99,"0,16","0,17",56,"2,44",72
TAMANDUÁ TEI249 HOBY FEDERAL T. M 8180,205117,2015,,P,PO,16005,,1,28,"-0,97","0,37",4,"1,28","0,35",70,,,,0,"0,12",47,"-0,02",84,"0,00",80,"0,08",45,"0,05",78,"4,93",66,1,2,"-1,57","0,21",87,"-0,29",81,"0,10",57,"-0,06",90,"-0,02",85,"0,05",53,"0,10",89,"0,35","0,22",40,"2,37",72
GARUPÁ TE8488 ZORZAL BODACIOUS,152101,2011,,P,PO,57,,2,40,"0,29","0,27",59,"3,31","0,49",50,"-2,05","0,22",91,18,"0,08",61,"0,06",60,"0,08",60,"-0,02",78,"0,08",87,"8,08",54,1,32,"-0,43","0,37",78,"2,88",66,"0,06",67,"0,02",70,"0,08",61,"-0,07",87,"0,09",87,"-0,49","0,42",94,"2,37",72
BASCO YESQUERO 568TE,176341,2012,,V,PO,4074,,1,45,"-0,52","0,50",11,"-1,60","0,55",89,"-1,52","0,21",84,5,"0,04",74,"-0,07",92,"-0,10",96,"0,12",33,"0,10",92,"-4,11",87,1,25,"1,99","0,43",55,"0,40",78,"0,08",62,"-0,01",79,"-0,08",93,"0,20",17,"0,11",91,"0,48","0,46",31,"2,28",72
RINCON MALANDRO 2937 DEL SARANDY,192583,2015,,P,PO,7287,,3,27,"0,40","0,50",66,"2,77","0,49",57,,,,0,"0,08",60,"0,05",65,"0,07",61,"-0,03",79,"0,12",95,"6,99",58,2,23,"-2,63","0,38",94,"0,14",79,"0,10",55,"-0,04",85,"0,08",62,"-0,07",88,"0,13",95,"0,38","0,42",38,"2,16",73
UMBU 1922 BRIGADIER UMBU,150819,2011,,V,PO,99,P,21,808,"-0,00","0,84",38,"4,23","0,84",42,"-4,89","0,41",99,108,"0,15",34,"0,17",28,"0,19",22,"0,07",50,"-0,01",48,"12,66",39,18,473,"-3,88","0,74",97,"0,35",79,"0,07",63,"0,10",46,"0,14",42,"-0,03",79,"0,00",56,"0,02","0,77",68,"2,06",73
LAS LILAS 1715 CAMERUN MAX TE ETO-O,IA1146,2006,,P,IA,,,11,176,"0,62","0,68",78,"-0,58","0,71",84,"-0,18","0,22",63,59,"0,03",76,"0,04",69,"0,15",36,"0,04",59,"-0,00",53,"-2,00",83,10,142,"-0,79","0,57",81,"-1,36",84,"0,09",58,"-0,02",81,"0,18",31,"0,09",41,"0,02",65,"1,21","0,63",3,"2,04",73
MLK CREEK CUB 722,IA832,1997,,V,IA,,,7,143,"-1,25","0,67",3,"8,06","0,68",12,"0,60","0,39",41,148,"-0,01",85,"-0,08",93,"-0,01",84,"0,24",10,"0,08",87,"15,56",30,6,131,"-1,63","0,58",88,"6,44",47,"-0,07",92,"-0,17",99,"-0,09",94,"0,21",14,"0,12",93,"-0,50","0,39",95,"1,97",73
RINCON PENETRA 1642 DEL SARANDY,141996,2010,,P,PO,7287,,5,107,"0,95","0,66",90,"0,39","0,65",78,"-3,49","0,26",99,31,"0,07",64,"0,19",24,"0,19",22,"-0,09",91,"0,13",96,"1,38",75,4,85,"0,65","0,53",69,"1,04",75,"0,02",77,"0,09",48,"0,17",34,"-0,11",93,"0,15",96,"0,33","0,59",42,"1,96",73
CIA.AZUL GAITEIRO 0620 ZORZAL GORDO,121151,2007,,P,PO,8538,,6,151,"0,11","0,72",46,"1,98","0,72",64,"-3,53","0,43",99,183,"0,07",63,"0,01",75,"0,06",65,"0,05",54,"0,06",81,"5,00",65,3,108,"-0,43","0,60",78,"1,55",73,"0,02",78,"-0,01",79,"0,01",79,"-0,04",81,"0,05",74,"0,18","0,62",55,"1,91",73
CIA.AZUL 2192 HORNERO LESTER,172517,2013,,P,PO,8538,,1,20,"0,61","0,46",77,"4,13","0,47",43,"-2,48","0,20",94,8,"0,08",61,"0,11",45,"0,15",35,"0,12",34,"-0,16",6,"9,89",48,1,13,"-1,06","0,36",83,"3,06",65,"0,06",68,"0,10",46,"0,14",43,"0,08",46,"-0,15",9,"-0,66","0,25",98,"1,91",73
BARRAGEM 431 WESTWIND LÍDER 127,116042,2006,,P,PO,2251,,2,35,,,,"4,21","0,52",42,"2,09","0,21",13,20,"-0,06",92,"-0,01",80,"-0,04",89,"0,04",59,"-0,00",54,"5,45",63,2,13,"1,27","0,36",63,"5,48",52,"-0,10",94,"0,01",73,"-0,07",92,"-0,02",76,"0,03",67,"0,13","0,38",59,"1,87",74
RED BRYLOR TALISKER 202T,IA1002,2007,,V,IA,14890,,8,65,"-0,04","0,61",34,"0,27","0,61",79,"-0,41","0,22",68,54,"0,10",55,"0,02",72,"0,15",34,"0,17",22,"0,08",88,"2,02",73,7,66,"-1,15","0,49",84,"-0,88",83,"0,10",54,"0,01",75,"0,18",31,"0,19",19,"0,11",91,"0,45","0,43",33,"1,86",74
CHARLES G617 BRILLANCE 3 WILLY,IA1849,2014,,P,IA,22741,,2,52,"-0,51","0,49",12,"2,99","0,55",54,"2,09","0,13",13,1,"-0,05",90,"-0,01",80,"-0,04",89,"0,05",54,"-0,05",31,"3,10",70,2,32,"1,23","0,40",63,"4,21",59,"-0,01",82,"0,00",75,"-0,05",89,"0,07",47,"-0,09",21,"0,00","0,35",69,"1,86",74
HERITAGE DO CARUMBÉ 1774,151587,2010,,P,PO,18551,,2,25,"0,37","0,46",64,"0,14","0,47",80,"0,07","0,14",51,13,"0,08",59,"-0,07",92,"0,05",69,"0,12",32,"0,14",97,"1,24",75,2,20,"1,05","0,34",65,"1,19",75,"0,10",56,"-0,06",90,"0,05",69,"0,12",35,"0,14",95,"-0,40","0,35",92,"1,81",74
DON PANCHO 53 BARTOLOMÉ TE BARTOLOMÉ 53,75372,1993,,V,PO,5150,,74,3412,"0,36","0,87",63,"0,61","0,91",77,"-0,85","0,80",75,2792,"0,01",81,"-0,07",92,"0,01",78,"0,05",56,"-0,05",33,"-0,24",79,66,2487,"2,58","0,86",50,"3,18",65,"0,04",74,"-0,03",83,"0,02",75,"0,08",44,"-0,02",45,"-0,36","0,85",91,"1,81",74
GAP 5377,188991,2015,,P,PO,2555,,1,26,"-0,29","0,46",19,"1,30","0,45",70,,,,0,"0,05",70,"0,01",75,"0,23",14,"-0,09",91,,,"2,85",71,1,15,"-0,86","0,34",82,"0,44",78,"0,09",60,"-0,05",88,"0,26",13,"-0,09",90,"0,02",66,"0,30","0,38",45,"1,77",74
UMBU 2290 ZORZAL,170820,2013,,P,PO,99,,2,208,"-1,92","0,75",1,"0,16","0,73",80,"0,78","0,28",37,26,"0,07",64,"0,06",63,"0,09",57,"0,00",71,"0,03",69,"0,94",76,1,126,"2,72","0,58",48,"2,88",66,"0,05",71,"0,08",51,"0,09",59,"-0,01",72,"0,02",63,"-0,80","0,60",99,"1,77",74
LEACHMAN END CUT 1383G,78071,1997,,V,PO,7992,,13,259,"0,68","0,70",81,"-0,90","0,74",86,"2,95","0,45",6,245,"0,04",73,"0,04",68,"-0,01",83,"-0,12",94,"-0,01",49,"-2,43",84,11,177,"1,62","0,62",59,"0,72",77,"0,05",70,"0,08",53,"-0,01",83,"-0,09",91,"-0,04",38,"0,32","0,51",42,"1,75",74
LAS LILAS 1405 ALAMO COOPER ROB MEXICANO,IA1187,2005,,V,IA,,,20,403,"0,22","0,75",53,"0,92","0,79",74,"-1,00","0,34",77,119,"0,10",54,"0,05",64,"0,07",62,"0,10",40,"0,07",84,"3,47",69,16,250,"0,43","0,65",71,"1,35",74,"0,06",67,"0,03",67,"0,06",67,"0,07",49,"0,08",84,"-0,35","0,64",91,"1,63",74
TRADIÇÃO 2003,372461,2013,,P,PC,3638,,1,53,"1,61","0,54",99,"3,23","0,56",51,"1,26","0,18",27,4,"0,01",81,"-0,06",91,"0,06",65,"-0,14",96,"-0,03",39,"5,56",62,1,47,"-0,49","0,45",78,"2,74",67,"-0,01",84,"-0,08",93,"0,03",73,"-0,20",97,"-0,04",39,"0,22","0,52",51,"1,56",74
MAYA 162 FLORISBELO GRAMÁTICO LANÇA,136309,2009,,V,PO,15958,,1,76,"0,04","0,64",40,"-0,90","0,63",86,"0,75","0,21",37,27,"0,04",74,"0,12",42,"0,16",30,"0,02",67,"-0,17",6,"-2,48",84,1,60,"1,36","0,49",62,"0,46",78,"0,10",56,"0,13",36,"0,19",27,"-0,00",72,"-0,14",11,"0,06","0,48",65,"1,47",74
BIGUÁ 5711 BISMARCK 5682 TEI,149475,2011,,P,PO,18474,,4,55,"0,49","0,51",71,"0,97","0,54",73,"1,21","0,23",28,26,"-0,08",94,"-0,04",88,"-0,02",85,"0,18",19,"0,06",82,"-2,39",84,4,48,"2,62","0,44",49,"3,59",63,"-0,14",97,"-0,11",96,"-0,09",95,"0,18",21,"0,07",82,"1,02","0,49",6,"1,40",75
BT JUNCO MAGNO 1161,185338,2014,,P,PO,21499,,2,34,"0,17","0,14",50,"1,04","0,35",72,,,,0,"0,08",60,"-0,02",82,"0,09",56,"0,02",67,"0,04",73,"3,15",70,2,23,"-0,48","0,22",78,"0,56",77,"0,05",71,"-0,07",92,"0,08",62,"0,05",55,"0,03",70,"0,09","0,18",63,"1,25",75
MESSMER PACKER S008,IA1053,2006,,V,IA,,,5,186,"-0,83","0,48",6,"0,80","0,67",75,"0,97","0,26",34,80,"0,04",73,"0,08",53,"0,06",64,"0,34",3,"0,04",74,"1,36",75,5,127,"0,21","0,50",73,"1,01",75,"0,06",67,"0,03",68,"0,06",66,"0,34",4,"0,03",70,"0,04","0,56",66,"1,19",75
TRES MARIAS 8155 CANDELERO,IA1148,2008,,P,IA,,K,48,1269,"0,32","0,86",61,"0,34","0,87",78,"-3,13","0,60",97,916,"0,08",61,"0,07",59,"0,12",44,"0,01",69,"0,11",93,"1,51",75,44,896,"-0,83","0,79",82,"-0,50",82,"0,04",74,"0,05",61,"0,12",51,"0,04",58,"0,12",92,"0,56","0,84",26,"1,12",75
HW104 HÉLIO DE 16 FIELD DAY,151600,2011,,V,PO,18650,,1,96,"-0,22","0,67",23,"-0,18","0,66",81,"-0,19","0,24",63,32,"0,07",65,"0,04",67,"-0,00",81,"-0,09",92,"0,15",98,"0,07",78,1,70,"0,57","0,51",70,"0,39",78,"0,04",73,"0,02",71,"-0,01",82,"-0,05",84,"0,14",96,"0,14","0,53",58,"1,04",75
ESPINILHO 1326,168500,2013,,V,PO,14550,,1,26,"-0,27","0,26",21,"3,00","0,49",54,"0,62","0,15",40,5,"0,06",69,"0,05",66,"0,17",26,"-0,01",77,"0,07",85,"6,70",59,1,16,"-0,49","0,35",78,"2,51",68,"0,01",80,"-0,03",83,"0,16",37,"-0,05",84,"0,10",89,"-0,36","0,37",91,"1,03",75
BASCO ZORZAL 331,143412,2010,,P,PO,4074,,2,44,"0,34","0,50",62,"-1,95","0,53",91,"-3,38","0,19",98,6,"0,19",23,"-0,05",89,"0,02",77,"0,05",57,"0,08",88,"0,29",78,2,19,"-1,89","0,38",90,"-3,84",92,"0,19",29,"-0,06",91,"0,03",73,"0,02",65,"0,08",86,"0,13","0,34",60,"0,85",76
SANTA AUGUSTA 152 BISMARCK,157169,2011,,P,PO,16076,,1,53,"0,42","0,47",67,"0,34","0,46",78,,,,0,"0,06",69,"-0,03",86,"-0,00",81,"0,02",66,"0,01",58,"0,81",76,1,22,"0,19","0,35",73,"0,52",78,"0,06",68,"-0,02",81,"0,01",77,"0,02",63,"-0,00",55,"-0,06","0,32",74,"0,63",76
LA LEGUA SAKIC 781 TE,IA1880,2011,,V,IA,17610,,2,60,"0,75","0,54",85,"2,52","0,53",59,"-0,32","0,09",66,1,"0,13",42,"0,05",66,"0,14",38,"0,06",52,"0,25",99,"8,03",54,2,51,"-3,83","0,41",97,"-1,30",84,"0,02",77,"-0,08",93,"0,02",76,"-0,07",87,"0,28",99,"0,62","0,50",22,"0,54",77
TRES MARIAS 5181 JÚNIOR TE,IA713,1997,,P,IA,,,14,81,"0,33","0,60",61,"-0,20","0,63",82,"0,88","0,24",35,45,"-0,05",90,"-0,13",98,"-0,02",84,"0,10",38,"0,04",74,"-3,89",87,12,51,"3,57","0,47",38,"3,37",64,"-0,01",82,"-0,13",98,"0,00",79,"0,11",38,"0,07",83,"-0,34","0,54",90,"0,48",77
UMBU 2030 LAPACHO,156628,2012,,V,PO,99,,1,26,"0,51","0,50",72,"0,68","0,49",76,"-3,44","0,19",98,9,"0,17",28,"0,11",44,"0,26",9,"0,14",28,"-0,06",29,"5,50",63,1,17,"-2,33","0,36",92,"-1,65",85,"0,13",46,"0,04",64,"0,25",16,"0,10",39,"-0,05",33,"-0,43","0,35",93,"0,34",77
ANGUS GUARITA 244TEI TOMAHAWK,195003,2015,,P,PO,20983,,16,238,"0,64","0,73",80,"0,07","0,74",80,"-1,92","0,10",89,1,"-0,01",85,"0,13",39,"0,15",33,"-0,11",94,"0,10",91,"-2,08",83,14,111,"1,75","0,54",58,"1,82",71,"-0,06",91,"0,05",63,"0,15",40,"-0,10",92,"0,12",93,"0,43","0,60",34,"0,32",77
LUQUENSE 1911 ENTRADOR TE ENTRADOR,IA1975,2015,,V,IA,23488,,4,42,"-0,35","0,52",17,"-0,19","0,51",82,,,,0,"-0,04",90,"-0,08",93,"0,03",75,"-0,06",88,"0,26",99,"-3,74",86,3,17,"2,26","0,28",53,"2,07",70,"-0,04",88,"-0,05",89,"0,05",68,"-0,09",90,"0,29",99,"0,38","0,26",38,"0,26",77
OTTONO B444 TEI DON PANCHO,67758,1995,,V,PO,35,,85,2810,"0,34","0,87",62,"0,11","0,91",80,"0,36","0,79",46,2599,"0,04",74,"-0,00",79,"0,04",71,"0,05",57,"0,02",64,"-0,37",79,75,2157,"0,69","0,87",69,"0,80",76,"0,05",69,"0,03",66,"0,06",67,"0,03",62,"0,04",71,"-0,18","0,86",84,"0,24",77
GV FAUSTO TE110 CANDELERO,196284,2015,,P,PO,14117,,1,30,"0,02","0,50",39,"-0,60","0,50",84,,,,0,"0,01",80,"-0,08",93,"-0,04",88,"-0,07",89,"-0,01",53,"-2,76",84,1,14,"1,40","0,33",61,"0,80",76,"0,01",80,"-0,05",89,"-0,03",86,"-0,04",82,"-0,01",51,"0,16","0,27",57,"0,06",78
CONDESSA 5755,311929,2008,,V,PC,112,,1,43,"0,18","0,58",50,"-0,24","0,58",82,"1,77","0,23",18,24,"-0,03",88,"-0,02",83,"-0,06",92,"0,02",68,"0,01",59,"-3,32",85,1,33,"2,59","0,45",49,"2,36",69,"-0,02",85,"-0,04",87,"-0,04",87,"0,03",62,"-0,03",43,"-0,10","0,40",78,"-0,08",78
LSF CONQUEROR 0026X,IA1502,2010,,P,IA,16477,,1,95,"0,36","0,19",63,"0,99","0,48",73,,,,0,"-0,06",92,"-0,12",97,"-0,11",97,,,,,"-1,76",82,1,41,"1,50","0,30",60,"2,49",68,"-0,01",84,"-0,04",87,"-0,06",92,,,,,"0,04","0,21",66,"-0,20",78
BROWN HERITAGE U6509,IA1132,2008,,V,IA,,M,4,46,"-0,01","0,50",37,"-0,13","0,51",81,"1,60","0,13",21,30,"-0,00",83,"0,10",48,"0,07",62,"-0,02",78,"0,07",84,"-2,11",83,4,22,"1,25","0,33",63,"1,12",75,"0,03",75,"0,05",61,"0,10",54,"0,02",64,"0,08",86,"-0,11","0,39",79,"-0,21",78
LA LEGUA BRUJO 341 SARANDI,IA1609,2008,,V,IA,17375,,2,22,,,,"1,39","0,36",69,"-0,46","0,11",69,4,"0,01",80,"0,28",9,"0,08",60,"-0,13",95,"0,02",65,"1,62",74,1,14,"-0,18","0,26",76,"1,21",74,"-0,01",83,"0,24",14,"0,07",62,"-0,15",96,"0,03",66,"0,11","0,24",62,"-0,22",78
BIEBER RREDS TAKEOUT 305A,IA1554,2013,,P,IA,4568,M,5,26,"-1,64","0,32",2,"-1,59","0,41",89,"0,93","0,02",35,1,"-0,00",83,"0,05",66,"-0,11",97,"0,03",61,"-0,04",36,"-5,39",89,4,21,"1,91","0,29",56,"0,32",79,"0,03",75,"0,13",36,"-0,04",87,"0,03",62,"-0,06",30,"0,14","0,37",59,"-0,27",78
TIMBAÚVA 22 AGAMENON NACO MR BEEF 805,163388,2012,,V,PO,14168,,1,28,"0,48","0,47",70,"0,66","0,46",76,"-1,27","0,19",81,14,"-0,01",84,"0,01",76,"0,11",50,"-0,07",89,"0,08",89,"-0,56",80,1,21,"1,03","0,35",65,"1,70",72,"0,01",80,"0,08",53,"0,10",54,"0,00",70,"0,07",82,"-0,18","0,31",84,"-0,32",79
CMC TAURA DO CEDRO C1TE CANDELERO,162877,2012,,P,PO,17029,,1,33,"-0,00","0,49",37,"1,22","0,48",71,"-1,60","0,19",85,8,"0,05",72,"0,08",56,"0,04",72,"-0,04",82,"-0,02",45,"2,40",72,1,24,"-0,60","0,37",79,"0,62",77,"0,00",81,"0,05",62,"0,04",70,"0,00",70,"-0,02",46,"-0,07","0,35",75,"-0,51",79
BARRAGEM CHATELLE TE105 NETWORTH 512,159638,2012,,P,PO,2251,,1,38,"0,47","0,46",70,"-0,44","0,50",83,,,,0,"0,04",74,"0,03",70,"0,05",68,"-0,07",89,"0,02",65,"-1,56",82,1,23,"0,27","0,36",73,"-0,17",80,"0,05",72,"0,04",66,"0,07",63,"-0,08",89,"0,01",57,"-0,03","0,35",72,"-0,58",79
CATANDUVA GRAMÁTICO STRYKER 4128-TE15,75476,1998,,V,PO,16417,,15,215,"0,79","0,72",87,"-2,24","0,76",92,"-1,42","0,48",83,181,"0,07",66,"0,03",69,"0,15",35,"0,01",69,"0,05",79,"-4,57",88,13,163,"-0,07","0,65",75,"-2,31",87,"0,09",59,"0,04",66,"0,17",34,"-0,03",78,"0,09",88,"0,37","0,68",39,"-0,58",79
GAR RETAIL PRODUCT,IA749,1999,,P,IA,,M,5,68,"-0,27","0,62",21,"-1,21","0,63",88,"3,55","0,25",3,54,"0,08",60,"0,12",42,"0,04",72,"0,16",24,"-0,13",9,"-1,79",82,4,59,"-0,71","0,51",80,"-1,92",86,"0,04",73,"0,09",49,"0,00",79,"0,09",42,"-0,15",9,"0,44","0,58",33,"-0,62",79
CIA.AZUL 3190 CIA 0474 CIA 0146,188354,2015,,V,PO,8538,,1,37,"0,57","0,43",76,"-4,13","0,50",97,,,,0,"0,07",64,"0,09",52,"0,18",23,"-0,01",76,"0,08",88,"-8,54",93,1,21,"2,59","0,36",49,"-1,54",85,"0,12",49,"0,15",33,"0,30",8,"0,04",58,"0,03",68,"-0,37","0,44",92,"-0,64",80
TRADIÇÃO 1503,295364,2008,,P,PC,3638,,1,100,"0,00","0,47",38,"-0,86","0,66",86,"-1,02","0,30",77,77,"0,14",40,"0,06",61,"0,15",34,"-0,03",81,,,"0,86",76,1,86,"-0,66","0,55",80,"-1,52",85,"0,12",49,"0,08",53,"0,15",41,,,,,"-0,66","0,53",98,"-0,71",80
OCC GREAT PLAINS 943G,IA923,1997,,P,IA,,,5,33,"-1,01","0,52",4,"0,93","0,54",74,"1,86","0,23",17,42,"0,03",76,"0,01",75,"-0,00",81,"0,02",68,"0,03",69,"1,17",75,4,32,"0,88","0,44",67,"1,81",71,"-0,03",85,"0,05",63,"-0,09",94,"-0,04",81,"0,04",71,"-0,40","0,50",92,"-0,72",80
DON JOSE 176 MAXI TE MAXI,IA1149,2005,,P,IA,,K,37,389,"0,54","0,80",74,"2,24","0,81",62,"-2,43","0,53",93,325,"0,11",51,"0,13",38,"0,19",23,"0,01",70,"0,11",93,"6,69",59,32,260,"-3,09","0,72",95,"-0,85",83,"0,07",65,"0,14",35,"0,23",19,"-0,05",85,"0,14",95,"-0,23","0,77",86,"-0,74",80
WEBR DOC HOLLIDAY 2N,IA835,2003,,V,IA,,,22,347,"-0,39","0,77",16,"2,40","0,79",60,"1,69","0,56",20,419,"0,02",77,"-0,05",90,"0,00",81,"0,13",30,"0,17",99,"4,26",67,20,230,"-1,69","0,70",88,"0,70",77,"0,03",74,"-0,09",94,"0,01",78,"0,08",46,"0,15",97,"-0,21","0,69",85,"-0,91",80
FSL TE1068 FENÔMENO,144233,2010,,P,PO,18583,,4,68,"-0,57","0,54",10,"2,35","0,58",61,,,,0,"-0,08",94,"0,02",74,"-0,07",93,"-0,15",96,"-0,11",15,"0,73",77,3,51,"1,00","0,45",66,"3,35",64,"-0,03",87,"-0,00",76,"-0,00",81,"-0,12",93,"-0,10",20,"-0,33","0,58",90,"-1,03",80
SÃO XAVIER 1976 LIBRES,192383,2015,,P,PO,508,,1,28,"1,47","0,46",98,"1,92","0,50",65,,,,0,"0,14",39,"0,27",11,"0,25",10,"0,19",17,"0,11",93,"6,99",58,1,22,"-4,22","0,37",98,"-2,30",87,"0,11",51,"0,20",21,"0,26",15,"0,12",35,"0,13",94,"-0,22","0,44",86,"-1,13",81
WOLF CREEK PLAINSMAN,IA1400,2009,,P,IA,15614,,2,40,"-1,15","0,46",3,"0,37","0,43",78,"1,15","0,07",29,16,"0,01",82,"0,28",10,"0,16",31,"0,09",42,"0,03",72,"-0,84",80,2,23,"-0,38","0,27",77,"-0,02",80,"0,02",77,"0,19",22,"0,16",37,"0,08",45,"0,04",74,"0,10","0,36",62,"-1,21",81
RHRA EZ 537 10T,IA1018,2007,,V,IA,,,3,38,"-0,06","0,43",32,"0,00","0,49",81,"0,93","0,10",34,20,"-0,00",84,"-0,04",88,"-0,06",92,"-0,13",95,"-0,01",52,"-1,98",83,3,28,"0,97","0,34",66,"0,97",76,"0,00",81,"-0,05",87,"-0,08",93,"-0,13",94,"0,01",60,"-0,20","0,28",85,"-1,22",81
TNTS PROFIT MARGIN X203 MARGIN,IA1364,2010,,V,IA,16783,,2,36,"0,34","0,50",62,"2,44","0,50",60,"-1,70","0,12",87,26,"0,01",81,"-0,08",93,"-0,02",85,"0,15",26,"0,04",74,"3,81",68,2,32,"-2,28","0,36",92,"0,16",79,"-0,03",87,"-0,12",97,"-0,06",91,"0,10",40,"0,04",72,"0,46","0,38",32,"-1,23",81
GUE GLEN NORTE ARITZ T/E CARLONCHO,IA1010,2004,,V,IA,,,22,448,"-0,28","0,77",20,"-1,35","0,81",88,"-1,24","0,48",81,263,"0,11",49,"0,31",7,"0,16",30,"-0,21",98,"0,08",87,"-1,10",81,21,334,"0,14","0,70",74,"-1,20",84,"0,14",44,"0,28",9,"0,23",20,"-0,20",97,"0,07",81,"-0,96","0,74",99,"-1,28",81
TRADIÇÃO AZUL 8014 REAL,125401,2007,,P,PO,13339,,2,25,,,,"-1,89","0,46",91,"-0,78","0,10",74,4,"0,04",73,"-0,07",93,"-0,03",87,"0,12",32,"-0,03",42,"-4,63",88,2,14,"0,89","0,31",67,"-1,00",83,"0,05",70,"0,00",75,"-0,00",80,"0,19",18,"-0,04",37,"-0,08","0,45",76,"-1,30",81
LSF BRA NO WORRIES 4657B,IA1811,2014,,V,IA,22559,,15,126,"-1,09","0,69",4,"-2,54","0,69",93,"-0,11","0,21",55,29,"0,11",49,"0,15",34,"0,12",46,"-0,03",80,"0,09",89,"-3,71",86,11,88,"1,60","0,53",60,"-0,94",83,"0,11",51,"0,19",23,"0,13",46,"-0,01",74,"0,09",87,"-1,08","0,57",99,"-1,44",81
MOHNEN PULSE 533,IA1911,2013,,P,IA,22840,,1,31,"-1,66","0,49",2,"-0,46","0,47",84,"0,93","0,04",35,3,"-0,06",92,"-0,04",88,"0,01",78,"0,03",62,"-0,05",31,"-4,84",88,1,19,"1,95","0,30",56,"1,49",73,"-0,03",86,"-0,01",80,"0,05",70,"0,06",50,"-0,06",32,"-0,00","0,28",69,"-1,51",81
BRUNS THUNDERBOLT 963,IA1550,2013,,P,IA,4568,M,1,25,,,,"1,13","0,24",71,,,,0,"-0,03",88,"0,12",41,"-0,17",99,"0,05",55,"-0,01",50,"-0,32",79,1,9,"-0,10","0,11",75,"1,04",75,"-0,02",85,"0,11",44,"-0,22",99,"0,07",47,"-0,01",49,"0,05","0,15",66,"-1,53",81
GP CATALYST 025,IA725,2000,,V,IA,,M,20,179,"0,43","0,69",68,"1,78","0,71",66,"0,64","0,40",40,188,"-0,05",90,"-0,09",94,"-0,12",97,"0,04",59,"0,03",69,"0,47",78,17,112,"-0,53","0,58",79,"1,25",74,"-0,02",84,"-0,11",96,"-0,05",89,"0,05",54,"0,02",63,"0,07","0,60",64,"-1,59",82
RINCON LAPACHO 860 DEL SARANDY,104073,2004,,V,PO,7287,,15,866,"0,58","0,85",76,"-1,07","0,85",87,"-6,16","0,62",99,662,"0,20",20,"0,02",74,"0,34",3,"0,06",53,"0,03",67,"2,65",71,13,648,"-3,14","0,78",95,"-4,22",92,"0,18",31,"-0,05",89,"0,27",13,"0,02",66,"0,04",73,"-0,62","0,81",97,"-1,68",82
SÃO BIBIANO HERDEIRO 7159,149992,2011,,V,PO,110,,2,34,"-0,39","0,49",16,"-0,82","0,50",85,"1,83","0,19",17,10,"0,03",75,"0,10",47,"0,13",44,"-0,12",95,"0,00",57,"-2,53",84,2,28,"-0,35","0,39",77,"-1,17",84,"0,05",70,"0,06",59,"0,13",47,"-0,07",88,"-0,02",48,"-0,20","0,38",85,"-2,19",82
CONNEALY PILGRIM PILGRIM,IA1744,2014,,P,IA,22155,,2,35,"-1,89","0,51",1,"0,37","0,50",78,"-0,45","0,09",68,7,"-0,14",98,"0,00",78,"-0,06",92,"-0,11",93,"-0,06",27,"-5,64",89,2,20,"1,96","0,33",56,"2,33",69,"-0,14",98,"-0,00",77,"-0,10",95,"-0,14",95,"-0,09",23,"0,66","0,29",19,"-2,22",82
SANTA CECÍLIA PREDESTINED 1433-5G-437,161259,2012,,P,PO,10,,1,32,"-0,20","0,51",25,"2,14","0,51",62,"2,73","0,18",7,6,"0,01",81,"-0,00",79,"-0,10",96,"0,03",63,"-0,08",20,"3,18",70,1,21,"-1,78","0,37",89,"0,36",78,"-0,03",85,"-0,03",83,"-0,19",99,"0,04",59,"-0,09",20,"-0,08","0,42",76,"-2,27",82
ZHAURY DO CARUMBÉ 1290,102042,2003,,P,PO,269,,3,39,"0,04","0,48",41,"-1,49","0,51",89,"-3,23","0,19",98,13,"-0,01",84,"-0,06",90,"-0,06",92,"-0,04",84,"-0,07",26,"-5,37",89,3,28,"1,09","0,38",64,"-0,41",81,"-0,00",82,"-0,08",93,"-0,04",88,"-0,05",85,"-0,07",28,"-0,02","0,25",71,"-2,31",83
LARKS CANYON 74D4,IA702,1994,,P,IA,,,6,45,"0,07","0,59",43,"2,10","0,60",63,"0,99","0,31",33,124,"0,03",76,"-0,10",95,"-0,12",98,"0,18",19,"-0,01",52,"3,87",68,5,41,"-1,48","0,49",87,"0,62",77,"-0,01",83,"-0,06",90,"-0,14",98,"0,19",19,"-0,05",35,"-0,54","0,54",96,"-2,44",83
DOBLEHACHE 33 ORIENTAL TE,IA674,1996,,V,IA,,,36,776,"0,54","0,81",74,"-0,44","0,85",83,"-1,98","0,65",90,721,"0,09",57,"0,06",60,"0,09",57,"-0,05",87,"0,03",71,"0,20",78,35,510,"-2,26","0,77",92,"-2,70",88,"0,02",77,"0,01",73,"0,06",66,"-0,08",89,"0,06",79,"0,21","0,80",52,"-2,47",83
RED LAZY MC BENELLI 102B,IA1769,2014,,V,IA,22342,,4,32,"0,43","0,38",68,"0,81","0,45",75,,,,0,"0,10",54,"0,14",37,"0,05",68,"0,10",38,"0,05",75,"3,25",70,4,22,"-2,48","0,29",93,"-1,68",85,"0,08",62,"0,08",51,"0,01",78,"0,02",63,"0,04",73,"-0,64","0,32",97,"-2,61",83
TRES MARIAS 8953 ZORZAL 7858 TE EMPERADOR,IA1457,2010,,P,IA,16982,K,4,36,"-0,76","0,52",7,"1,28","0,51",70,"-1,80","0,18",88,4,"0,02",77,"0,04",69,"-0,01",83,"-0,17",97,"0,06",79,"1,81",74,4,12,"-1,57","0,34",88,"-0,30",81,"-0,02",84,"0,01",74,"-0,04",88,"-0,22",98,"0,06",79,"-0,15","0,36",82,"-2,66",83
TRÊS MENINAS 128 MAXI 547TE,179995,2014,,P,PO,16507,,1,29,,,,"0,56","0,44",77,"-0,16","0,19",62,4,"0,02",77,"0,02",72,"0,04",71,"0,25",9,"0,04",73,"0,22",78,1,26,"-1,46","0,36",87,"-0,90",83,"0,03",75,"0,01",74,"0,10",55,"0,25",10,"0,03",70,"-0,25","0,39",87,"-2,79",84
DOBLEHACHE 293 BIGUA TE TEHUELCHE,IA1410,2008,,P,IA,15614,,13,133,"-0,22","0,65",23,"-2,69","0,70",94,"-0,62","0,33",72,82,"0,15",33,"0,34",4,"0,25",11,"-0,11",93,"-0,03",38,"-2,55",84,12,105,"-1,91","0,57",90,"-4,59",93,"0,18",31,"0,35",4,"0,29",10,"-0,14",95,"-0,02",48,"-0,63","0,62",97,"-2,85",84
FEDDES BIG SKY R9,IA930,2005,,V,IA,,,8,172,"-2,22","0,71",1,"-0,01","0,72",81,"1,00","0,32",33,108,"-0,07",94,"-0,09",95,"-0,06",92,"0,04",60,"0,14",96,"-4,36",87,8,111,"2,28","0,56",53,"2,26",69,"-0,05",89,"-0,10",96,"-0,03",86,"0,09",43,"0,12",92,"-0,61","0,60",97,"-2,87",84
LAS LILAS 659 MARKER HIGHLITE TEJAS,IA1161,1999,,V,IA,,,15,340,"-0,62","0,75",10,"1,38","0,78",69,"-1,63","0,44",86,235,"-0,07",93,"-0,02",84,"-0,07",94,"-0,01",77,"0,02",63,"-1,19",81,12,283,"0,58","0,68",70,"1,96",71,"-0,06",91,"0,01",73,"-0,02",84,"-0,07",88,"0,07",81,"-0,33","0,67",90,"-2,90",84
TRIARA SLAM DUNK ET 357Y SLAM DUNK,IA1770,2011,,P,IA,22376,,1,23,"-0,08","0,40",31,"-2,93","0,39",95,"0,92","0,05",35,2,"0,04",72,"0,01",75,"-0,03",87,"0,13",29,"0,07",85,"-6,80",91,1,17,"-0,74","0,26",81,"-3,67",91,"0,03",75,"-0,01",80,"-0,09",95,"0,15",27,"0,07",83,"0,57","0,39",25,"-2,94",84
ERRE TE 383 CONDOR EURO TE EURO,IA1886,2011,,P,IA,21177,K,18,135,"0,26","0,67",57,"-1,10","0,67",87,"-2,19","0,13",92,12,"0,06",67,"0,18",27,"0,10",55,"-0,09",92,"0,11",93,"-2,09",83,14,96,"-2,35","0,52",92,"-3,45",91,"0,01",80,"0,08",54,"0,02",75,"-0,16",96,"0,11",90,"0,52","0,59",28,"-3,16",84
RODEIO DO RINCÃO 241 CHANDOCA BRAND TE74,162086,2012,,P,PO,14672,,1,50,"-0,20","0,39",24,"-0,65","0,59",85,"0,42","0,21",44,11,"0,04",74,"0,12",43,"0,05",67,"-0,09",92,"-0,05",34,"-2,05",83,1,36,"-1,28","0,46",85,"-1,93",86,"0,02",77,"0,09",47,"0,03",72,"-0,08",89,"-0,05",35,"-0,07","0,47",75,"-3,25",84
GAP 3635 BEEF BROTHER,135403,2009,,P,PO,2555,,1,47,"0,49","0,60",71,"2,00","0,60",64,"-1,59","0,24",85,13,"-0,04",89,"-0,04",88,"-0,11",97,"-0,11",93,"0,06",81,"1,28",75,1,29,"-1,23","0,45",85,"0,77",76,"-0,04",88,"-0,06",90,"-0,12",96,"-0,15",96,"0,06",80,"-0,26","0,49",87,"-3,33",84
EF COMMANDO 1366,IA1730,2011,,P,IA,16477,,7,27,"-0,85","0,44",6,"-4,57","0,46",98,,,,0,"-0,05",91,"-0,11",96,"-0,13",98,"-0,01",75,"0,00",57,"-13,71",98,5,18,"3,95","0,34",34,"-0,62",82,"0,04",73,"0,01",74,"-0,05",89,"0,04",59,"-0,05",36,"-0,46","0,41",94,"-3,41",84
JUQUIRY BLACK J05 GENERAL TEIC22,171403,2012,,P,PO,18553,,2,42,"0,62","0,35",79,"0,23","0,50",79,"-3,09","0,14",97,13,"0,09",57,"0,07",57,"0,12",45,"0,07",48,"0,10",91,"1,70",74,2,39,"-3,14","0,39",95,"-2,91",89,"0,04",73,"0,04",65,"0,12",48,"0,03",60,"0,10",89,"-0,14","0,41",81,"-3,49",85
LIMESTONE GREAT DIVIDE U254 DIVIDE,IA1118,2008,,P,IA,,M,10,130,"1,47","0,69",98,"1,25","0,69",70,"-1,79","0,27",88,74,"0,08",59,"-0,02",83,"0,13",44,"-0,03",80,"0,05",79,"3,74",68,8,96,"-3,66","0,54",96,"-2,41",87,"0,00",81,"-0,08",94,"0,10",55,"-0,04",80,"0,05",77,"-0,08","0,61",76,"-3,60",85
STRATUM 1333 CREDITO DISCOVERY TE CREDITO,IA1072,2000,,P,IA,,,22,312,"0,47","0,80",70,"-3,34","0,79",96,"1,61","0,44",21,267,"0,08",58,"0,04",67,"0,14",39,"-0,06",87,"0,11",92,"-6,35",90,18,241,"-0,76","0,69",81,"-4,10",92,"0,04",74,"-0,01",80,"0,13",46,"-0,04",83,"0,13",94,"0,19","0,74",54,"-3,62",85
RITO 9M25 OF RITA 5F56 PRED,IA1501,2008,,P,IA,16477,,1,24,"-0,80","0,45",6,"1,96","0,45",64,"-0,05","0,11",54,21,"-0,02",85,"-0,07",91,"-0,10",96,"0,13",30,"-0,01",50,"1,99",73,1,22,"-2,09","0,33",91,"-0,13",80,"-0,07",92,"-0,08",94,"-0,18",99,"0,10",39,"-0,05",36,"0,05","0,35",66,"-3,72",85
RED ROCK STAR 1749 TELLECHEA,176955,2014,,V,PO,18551,,1,63,"-0,12","0,62",29,"-6,49","0,59",99,"-0,79","0,11",74,7,"0,03",77,"0,08",53,"0,09",56,"-0,12",95,"0,15",97,"-15,27",98,1,48,"2,15","0,42",54,"-4,34",93,"0,02",78,"0,10",47,"0,12",49,"-0,13",95,"0,16",97,"0,57","0,46",25,"-3,74",85
CURA 4925 CLASSIC HEADLINER TE MANÁ,IA953,2005,,P,IA,,,29,540,"0,68","0,82",82,"1,33","0,84",70,"-2,21","0,58",92,581,"0,07",63,"0,10",48,"0,15",35,"0,01",69,"0,12",95,"3,60",69,27,383,"-4,52","0,75",98,"-3,19",90,"-0,01",83,"0,03",69,"0,17",33,"-0,03",79,"0,19",98,"0,38","0,78",38,"-3,75",85
SÃO BIBIANO BRUJO 06849 TE,149212,2009,,V,PO,110,,1,92,"-0,42","0,67",15,"-4,82","0,66",98,"0,01","0,25",52,46,"0,13",42,"0,05",65,"0,10",52,"-0,04",83,"0,03",69,"-8,10",92,1,68,"-0,85","0,52",82,"-5,67",96,"0,13",45,"-0,00",78,"0,11",53,"-0,10",92,"0,03",69,"-0,16","0,57",82,"-3,75",85
RUBETA 4980 BOMBARDERO TE BOMBAZO,IA1331,2007,,P,IA,17375,,2,34,"-0,19","0,39",25,"-1,78","0,39",90,"1,36","0,24",26,83,"0,12",44,"-0,02",84,"0,04",71,"0,02",67,"0,06",80,"-1,61",82,2,34,"-3,09","0,34",95,"-4,86",94,"0,10",54,"0,00",76,"0,05",69,"0,01",67,"0,07",82,"-0,14","0,38",81,"-3,88",86
FREYS OPPORTUNITY 148A,IA1673,2013,,P,IA,16783,,3,37,"0,04","0,30",41,"-0,44","0,46",83,"-0,07","0,01",54,2,"0,04",75,"-0,03",85,"-0,06",92,"-0,06",87,"0,11",92,"-1,59",82,2,20,"-2,42","0,28",93,"-2,85",89,"0,04",72,"-0,05",89,"-0,05",90,"-0,04",81,"0,11",91,"-0,04","0,24",72,"-3,97",86
RED LAZY MC SPYDER 149A,IA1608,2013,,V,IA,16783,,2,21,"0,32","0,39",61,"-2,51","0,38",93,"-0,79","0,04",74,6,"-0,05",91,"0,03",70,"-0,04",88,"-0,02",77,"0,03",72,"-9,05",94,2,19,"0,77","0,27",68,"-1,74",85,"-0,08",93,"0,05",60,"-0,09",94,"-0,03",78,"0,05",75,"0,68","0,36",18,"-4,04",86
BIGUÁ 6255 BISMARCK TE,174103,2013,,P,PO,18474,,2,45,"-1,38","0,39",2,"-1,02","0,37",87,"0,80","0,16",37,5,"0,01",82,"0,04",67,"0,09",56,"-0,25",99,"0,08",86,"-3,84",86,2,28,"-1,76","0,26",89,"-2,77",88,"-0,05",90,"0,01",73,"0,06",67,"-0,28",99,"0,06",79,"0,67","0,24",19,"-4,08",86
CONNEALY UNITED 1116,IA1508,2011,,P,IA,278,,4,40,"0,55","0,47",74,"-0,71","0,52",85,"-2,12","0,10",91,11,"0,03",77,"0,23",17,"0,08",60,"-0,07",89,"0,07",86,"-2,45",84,4,26,"-0,98","0,35",83,"-1,69",85,"0,03",75,"0,19",23,"0,09",59,"-0,05",84,"0,08",84,"-0,56","0,39",96,"-4,24",86
TRES MARIAS 8565 CUMBIERO 7832 TE,IA1198,2009,,P,IA,,K,48,460,"0,63","0,80",79,"1,01","0,81",72,"0,46","0,48",43,371,"0,06",68,"0,01",76,"0,13",42,"-0,03",79,"0,08",87,"2,52",72,39,302,"-3,43","0,71",96,"-2,42",87,"-0,02",84,"-0,05",88,"0,09",59,"-0,09",91,"0,07",83,"-0,12","0,75",79,"-4,47",86
RIB TEI05 YESQUERO QUEBRACHO KARÚ,186817,2014,,V,PO,21184,K,19,219,"-0,27","0,71",21,"-2,16","0,74",92,"-2,12","0,22",91,6,"0,03",76,"0,00",78,"0,11",48,"-0,01",75,"0,06",82,"-5,65",89,17,153,"-0,85","0,60",82,"-3,01",89,"-0,01",82,"-0,01",78,"0,13",45,"-0,03",78,"0,06",78,"0,10","0,67",62,"-4,49",86
RODEIO DO RINCÃO 199 ADÃO HEART TE106,162089,2012,,P,PO,14672,,1,24,"0,89","0,18",89,"-2,91","0,45",94,,,,0,"0,04",73,"-0,02",83,"-0,04",88,"0,12",34,"-0,11",13,"-6,88",91,1,20,"-1,47","0,32",87,"-4,38",93,"0,07",64,"-0,03",84,"0,00",79,"0,13",33,"-0,12",15,"0,11","0,34",62,"-4,51",86
RINCON TE3083 DEL SARANDY,204937,2016,,P,PO,7287,,1,21,"0,54","0,45",74,"-3,36","0,44",96,,,,0,"0,08",59,,,,,,,"0,12",95,"-6,46",90,1,13,"-1,80","0,34",89,"-5,15",95,"0,02",78,"0,04",64,"0,08",62,"-0,21",98,"0,16",97,"0,46","0,32",33,"-4,59",86
ASD 623TE PAYADOR CARRASCO,120767,2007,,V,PO,73,,26,393,"0,36","0,79",64,"-1,56","0,80",89,"-2,91","0,44",97,170,"0,12",44,"0,04",68,"0,14",39,"-0,02",78,"0,06",82,"-1,12",81,19,255,"-1,43","0,68",87,"-2,99",89,"0,10",56,"0,03",68,"0,13",47,"0,02",66,"0,08",86,"-1,24","0,71",99,"-4,64",87
RED L83 MATADOR 43A MATADOR,IA1591,2013,,V,IA,16783,,2,34,"0,15","0,34",49,"1,48","0,47",68,"1,11","0,05",30,8,"-0,04",90,"0,11",45,"0,05",67,"-0,06",88,"0,02",63,"-0,05",79,2,29,"-1,84","0,33",89,"-0,36",81,"-0,07",92,"0,10",47,"0,05",69,"-0,07",87,"0,02",65,"-0,00","0,32",69,"-4,65",87
TRES MARIAS 8299 GLADIADOR TE,IA1153,2008,,P,IA,,,5,68,"1,20","0,50",95,"-1,65","0,54",90,"-2,54","0,19",94,13,"-0,07",93,"0,08",56,"-0,01",84,"0,04",60,"0,08",88,"-7,87",91,4,34,"1,00","0,38",66,"-0,66",82,"-0,07",91,"0,10",45,"-0,01",82,"0,02",65,"0,08",85,"-0,02","0,35",71,"-4,86",87
TRADIÇÃO AZUL 9132 REAL,131851,2008,,P,PO,13339,,2,21,,,,"0,50","0,45",77,"-0,76","0,09",73,4,"-0,02",86,"0,09",52,"0,00",81,"-0,01",77,"0,06",80,"-1,41",81,2,11,"-2,63","0,30",94,"-2,14",86,"-0,04",88,"0,09",50,"-0,00",81,"-0,07",87,"0,05",78,"0,30","0,42",44,"-4,87",87
PAINEIRAS ARPÃO GURI 4918,105921,2004,,P,PO,14028,,11,212,"-0,52","0,66",11,"-1,93","0,73",91,"-4,24","0,41",99,150,"0,06",69,"-0,04",86,"-0,00",81,"-0,05",86,"-0,01",53,"-4,07",87,9,125,"-1,96","0,58",90,"-3,88",92,"0,05",70,"-0,07",92,"-0,02",84,"-0,03",77,"-0,04",39,"-0,35","0,50",91,"-5,28",87
TRADIÇÃO AZUL 9016 CRÉDITO,131832,2008,,P,PO,13339,,2,24,,,,"-3,27","0,48",96,"1,66","0,17",20,17,"0,07",64,"-0,00",79,"0,08",60,"0,02",66,"0,08",89,"-6,60",90,2,12,"-2,49","0,35",93,"-5,76",96,"0,06",66,"-0,08",94,"0,02",76,"0,05",56,"0,10",90,"0,23","0,47",50,"-5,34",88
TRADIÇÃO 1828,345057,2011,,P,PC,3638,,1,88,"0,21","0,34",53,"-3,72","0,64",96,"1,66","0,25",20,32,"0,14",38,"0,15",35,"0,11",50,,,,,"-5,33",89,1,82,"-1,57","0,53",87,"-5,29",95,"0,09",60,"0,09",49,"0,10",55,,,,,"-0,64","0,59",97,"-5,39",88
CIA.AZUL TE2624 CUMBIERO ZORZAL AVATAR,181092,2014,,P,PO,8538,P,2,36,"0,69","0,55",82,"0,50","0,57",77,"-2,14","0,21",92,9,"-0,04",90,"0,02",74,"0,01",78,"-0,15",96,"0,11",93,"-2,21",83,2,26,"-0,85","0,44",82,"-0,35",81,"-0,10",95,"-0,06",91,"-0,02",83,"-0,19",97,"0,11",91,"-0,19","0,49",84,"-5,49",88
CONNEALY ARSENAL 2174 ARSENAL,IA1515,2012,,P,IA,10379,,2,24,"-0,47","0,34",13,"-0,63","0,37",84,"1,48","0,04",23,8,"-0,01",84,"-0,08",93,"-0,12",98,"0,16",23,"0,02",65,"-3,53",86,2,9,"-2,27","0,22",92,"-2,90",89,"-0,01",84,"-0,12",97,"-0,18",99,"0,19",19,"0,00",57,"0,08","0,20",63,"-5,52",88
LAS LILAS 1663 ROBUSTO CACIQUE TE VIGOROSO,IA1145,2006,,P,IA,,,2,28,"-0,77","0,31",7,"-0,31","0,42",82,"-0,10","0,03",55,5,"-0,10",96,"-0,02",83,"-0,03",88,"-0,03",81,"-0,02",45,"-5,93",89,2,25,"-0,03","0,30",75,"-0,34",81,"-0,10",95,"-0,05",88,"-0,01",82,"-0,05",84,"-0,03",42,"0,11","0,08",61,"-5,57",88
REPECHO TEI534 HAYMOUNT DA TÓLIO´S FARM,132529,2009,,P,PO,14838,,2,194,"-0,40","0,60",15,"3,88","0,59",45,"4,37","0,15",1,19,"0,03",76,"0,05",65,"0,03",73,"-0,12",95,"0,11",94,"7,80",55,2,147,"-6,52","0,45",99,"-2,64",88,"-0,03",87,"-0,06",91,"-0,07",92,"-0,13",95,"0,16",97,"0,07","0,38",63,"-5,58",88
BUFFALO CREEK BARNEY 3474 BARNEY,IA743,1994,,V,IA,,,15,110,"1,60","0,63",98,"2,25","0,68",62,"-0,52","0,36",70,162,"-0,10",96,"-0,01",80,"-0,11",97,"0,15",25,"-0,11",14,"-0,31",79,14,84,"-3,52","0,56",96,"-1,27",84,"-0,11",96,"-0,03",83,"-0,18",99,"0,11",36,"-0,11",16,"0,78","0,55",14,"-5,60",88
SOSSEGO 05PFIV,215637,2016,,P,PO,14764,,1,27,"-0,31","0,29",18,"-2,09","0,32",91,,,,0,"-0,06",93,"0,12",43,"0,02",76,"-0,22",99,"-0,06",29,"-8,62",93,1,17,"-0,89","0,25",82,"-2,98",89,"-0,11",95,"0,04",64,"-0,00",81,"-0,22",98,"-0,06",30,"0,94","0,30",8,"-5,66",88
SANTA CECÍLIA 3244,408633,2015,,P,PC,10,,1,24,"-0,90","0,48",5,"0,31","0,47",78,,,,0,"0,02",78,"0,02",72,"-0,01",83,"0,20",15,"0,03",68,"-0,42",79,1,15,"-3,71","0,34",96,"-3,40",91,"-0,04",88,"-0,01",78,"-0,08",94,"0,17",23,"0,02",63,"0,29","0,42",46,"-5,71",88
TRES MARIAS 8239 MALEVO TE,IA1200,2008,,V,IA,,,4,22,"0,04","0,44",41,"-1,40","0,44",89,"-1,50","0,14",84,16,"0,07",67,"-0,02",81,"0,14",37,"-0,10",93,"0,01",59,"-2,72",84,3,17,"-4,05","0,33",97,"-5,45",95,"0,07",63,"-0,05",88,"0,10",55,"-0,08",89,"-0,02",48,"0,04","0,32",66,"-5,78",88
LUCQ 254 PESIFICADO TE PESIFICADO,IA2071,2014,,P,IA,25935,,4,20,"0,81","0,40",87,"-3,10","0,38",95,,,,0,"0,06",69,"0,13",38,"0,09",58,"-0,12",95,"0,20",99,"-6,78",91,1,6,"-1,96","0,22",90,"-5,06",95,"0,04",73,"0,08",52,"0,05",69,"-0,15",95,"0,23",99,"0,02","0,17",68,"-5,83",89
TRES MARIAS 5893 FALUCHO TE,IA1122,1999,,P,IA,,K,12,179,"0,25","0,65",56,"0,92","0,70",74,"-4,75","0,36",99,105,"0,07",67,"0,05",65,"0,06",66,"0,03",63,"0,15",97,"2,39",72,11,138,"-3,89","0,55",97,"-2,98",89,"-0,00",82,"-0,04",85,"0,05",69,"-0,03",77,"0,14",96,"-0,52","0,60",95,"-5,96",89
LAS LILAS 2403 BOYD ON TARGUET MAX OBJETIVO,IA1677,2010,,P,IA,13096,,1,40,,,,"-1,19","0,29",88,"-0,95","0,04",76,8,"-0,02",86,"-0,07",92,"0,03",74,"-0,07",89,"0,04",72,"-5,09",88,1,19,"-2,11","0,15",91,"-3,30",90,"-0,04",87,"-0,08",93,"-0,02",83,"-0,08",89,"0,04",74,"0,27","0,15",47,"-5,97",89
SANTA SÉRGIA TOMY RUBIO TENIENTE,IA839,2000,,V,IA,,,56,1565,"-0,21","0,86",24,"-1,30","0,88",88,"3,02","0,68",5,996,"0,02",77,"0,09",50,"0,06",65,"-0,06",87,"-0,10",15,"-3,90",87,50,1067,"-3,29","0,82",95,"-4,59",93,"0,02",78,"0,09",50,"0,07",64,"-0,10",92,"-0,11",16,"0,13","0,84",60,"-6,22",89
BC LOOKOUT 7024,IA1038,2004,,P,IA,27153,,12,97,"0,36","0,57",63,"-3,49","0,65",96,"0,19","0,23",48,69,"0,02",79,"0,01",77,"0,07",63,"-0,20",98,"0,07",84,"-8,90",93,11,78,"-0,23","0,49",76,"-3,72",91,"-0,02",84,"0,03",69,"0,03",72,"-0,22",98,"0,07",82,"-0,17","0,53",83,"-6,26",89
CIA.AZUL TE3058 TRAPICHE C.0134,190093,2015,,V,PO,8538,,1,36,"0,25","0,54",56,"-0,06","0,54",81,,,,0,"-0,05",90,"0,29",9,"0,36",3,"-0,24",99,"-0,03",40,"-3,51",86,1,20,"-1,08","0,38",84,"-1,13",84,"-0,06",90,"0,22",17,"0,43",2,"-0,24",99,"-0,04",38,"-0,47","0,34",94,"-6,35",89
CIA.AZUL FIV TE1692 TRAPICHE PANCHO 444,161188,2012,,V,PO,8538,,1,48,"0,65","0,56",80,"-1,76","0,56",90,"-0,88","0,19",75,18,"-0,02",86,"-0,10",96,"-0,04",89,"-0,04",83,"0,08",86,"-6,50",90,1,28,"0,29","0,40",72,"-1,47",84,"-0,01",83,"-0,14",98,"-0,05",89,"-0,03",80,"0,10",89,"-0,90","0,32",99,"-6,35",89
CIA.AZUL TE3574 MAXI P.MIND,191937,2015,,P,PO,8538,,1,60,"0,56","0,61",75,"0,33","0,61",78,"-1,30","0,20",82,2,"-0,03",89,"0,05",66,"0,13",42,"-0,10",92,"0,12",95,"-2,25",83,1,21,"-2,40","0,43",93,"-2,07",86,"-0,11",95,"-0,02",82,"0,11",53,"-0,17",97,"0,10",90,"0,22","0,43",51,"-6,36",89
CIA.AZUL TE2626 MAXI NET WORTH,194287,2014,,P,PO,8538,,1,46,"0,62","0,57",79,"0,67","0,57",76,,,,0,"-0,07",93,"-0,01",81,"-0,04",88,"-0,09",91,"-0,00",54,"-2,74",84,1,22,"-0,73","0,41",81,"-0,06",80,"-0,09",94,"0,03",67,"0,01",78,"-0,11",93,"0,02",64,"-0,55","0,42",96,"-6,38",89
UMBU 1416 BRIGADIER TE,129663,2008,,V,PO,99,,4,349,"-0,03","0,80",36,"-0,69","0,79",85,"-4,22","0,50",99,276,"0,06",68,"0,06",62,"0,13",42,"0,10",41,"-0,00",53,"-1,27",81,3,261,"-4,94","0,68",99,"-5,64",96,"0,05",71,"0,03",68,"0,17",32,"0,08",46,"-0,01",52,"0,13","0,72",59,"-6,38",89
RED WAF CACHAFAZ 351U,IA1177,2008,,V,IA,,,3,91,"0,07","0,44",43,"-8,77","0,63",99,"-2,10","0,17",91,43,"0,13",43,"0,18",27,"0,10",53,"-0,06",88,"0,07",84,"-16,92",99,2,76,"0,71","0,48",69,"-8,06",99,"0,15",40,"0,15",31,"0,11",51,"-0,09",90,"0,04",72,"-0,37","0,33",92,"-6,44",89
LSF COMBINATION A301M,IA978,2002,,V,IA,,,11,162,"1,02","0,55",91,"0,74","0,68",75,"-0,47","0,32",69,128,"-0,18",99,"-0,26",99,"-0,24",99,"0,11",37,"-0,05",33,"-6,39",90,10,161,"1,60","0,57",60,"2,34",69,"-0,16",98,"-0,23",99,"-0,26",99,"0,08",44,"-0,07",27,"-0,41","0,54",93,"-6,44",90
TRIPLE J DESIGN OF FOXCROSS,IA891,2002,,P,IA,,,8,85,"-0,66","0,56",9,"-2,12","0,64",92,"1,29","0,29",27,86,"0,01",81,"0,13",40,"-0,04",88,"-0,06",88,"-0,01",52,"-6,16",90,7,69,"-2,34","0,51",92,"-4,46",93,"-0,01",82,"0,03",69,"-0,08",94,"-0,09",90,"-0,01",51,"0,18","0,53",55,"-6,46",90
LA TRINDAD CAPITAN S PRECISION 1025 2T/E CAPITAN,IA1058,2005,,V,IA,,,20,529,"-0,41","0,74",15,"-2,19","0,81",92,"2,09","0,53",13,393,"-0,10",95,"-0,14",98,"-0,11",97,"0,04",59,"-0,03",39,"-9,90",94,17,396,"1,46","0,70",61,"-0,72",82,"-0,08",93,"-0,13",98,"-0,07",92,"0,03",62,"0,01",57,"-0,43","0,73",93,"-6,67",90
EL ABRA JEWLIAN 4372,IA927,1998,,P,IA,,,2,146,"-1,74","0,62",2,"2,97","0,67",54,"0,10","0,25",50,91,"0,02",78,"0,05",64,"-0,02",84,"-0,03",80,"0,12",95,"5,41",63,1,116,"-6,54","0,53",99,"-3,57",91,"-0,07",92,"-0,05",88,"-0,17",99,"-0,13",95,"0,12",92,"0,34","0,38",41,"-6,72",90
BASCO NET WORTH 506TE,176335,2012,,P,PO,4074,,1,33,"0,77","0,52",86,"-2,80","0,53",94,"0,16","0,20",49,6,"0,00",83,"-0,01",81,"0,13",43,"0,03",63,"-0,01",51,"-7,94",92,1,18,"-1,49","0,38",87,"-4,29",93,"-0,01",84,"-0,01",80,"0,12",50,"0,03",59,"-0,00",53,"-0,00","0,37",69,"-6,88",90
SANTA JOANA FULLBACK 24TE,164313,2011,,P,PO,15398,,3,83,"1,52","0,61",98,"3,58","0,61",48,"0,02","0,26",52,48,"0,02",79,"0,30",8,"0,20",20,"-0,00",73,"-0,06",30,"6,65",59,3,69,"-5,47","0,48",99,"-1,90",86,"-0,14",97,"0,10",45,"0,11",52,"-0,08",89,"-0,03",44,"-0,01","0,52",70,"-6,92",90
BEST 1875 HORNERO TE CHOLO,IA1332,2007,,P,IA,17375,,1,46,,,,"-2,11","0,57",92,"-2,79","0,23",96,38,"0,20",20,"0,07",59,"0,16",29,,,,,"0,38",78,1,42,"-5,54","0,47",99,"-7,65",98,"0,15",41,"0,02",72,"0,12",51,,,,,"-0,84","0,47",99,"-6,93",90
THUNDER DO CARUMBÉ 1660,136682,2009,,P,PO,269,,2,81,"-0,01","0,56",37,"5,59","0,62",30,"-0,27","0,22",65,47,"-0,09",95,"0,12",42,"0,02",76,"0,11",35,"-0,02",44,"7,62",55,2,54,"-4,38","0,45",98,"1,21",74,"-0,14",97,"0,05",61,"-0,00",80,"0,09",42,"-0,05",36,"-0,63","0,41",97,"-6,96",90
COLEMAN REGIS 904,IA1215,2009,,P,IA,,M,4,70,"-1,49","0,61",2,"-3,48","0,60",96,"5,13","0,27",1,68,"-0,06",93,"-0,06",91,"-0,02",86,"-0,04",84,"-0,02",46,"-11,68",96,3,56,"1,01","0,48",65,"-2,47",87,"-0,11",96,"-0,01",78,"-0,09",94,"-0,09",91,"-0,03",41,"0,14","0,56",58,"-7,01",90
UMBU TE1784 HORNERO,165406,2010,,P,PO,99,,1,54,"-0,97","0,61",4,"0,08","0,60",80,"-2,97","0,23",97,22,"-0,04",89,"-0,03",84,"0,04",70,"0,02",66,"0,06",80,"-2,84",85,1,43,"-2,59","0,46",94,"-2,51",88,"-0,09",94,"-0,08",93,"0,02",75,"-0,01",73,"0,08",85,"0,07","0,49",64,"-7,04",90
PAINEIRAS STRYKER ROCK GARRINCHA 4948,106917,2004,,P,PO,14028,,4,84,"0,81","0,50",87,"-3,72","0,63",96,"1,57","0,35",22,78,"-0,00",83,"-0,04",86,"0,04",71,"0,04",57,"0,02",64,"-10,07",94,4,32,"-1,61","0,47",88,"-5,33",95,"-0,00",81,"-0,01",79,"0,07",63,"0,04",58,"0,03",71,"0,29","0,39",45,"-7,06",91
ALBARDÃO 131 BRIGADIER DYNAMO LCC,308778,2009,,V,PC,436,,1,43,"0,31","0,47",61,"-2,25","0,46",92,"-2,33","0,23",93,30,"0,03",77,"-0,01",80,"0,02",75,"0,04",60,"-0,05",33,"-5,90",89,1,12,"-2,99","0,32",95,"-5,24",95,"0,02",77,"0,00",75,"0,03",73,"0,04",58,"-0,04",37,"-0,15","0,30",82,"-7,54",91
GELADO DA RIO DA PAZ,102914,2004,,P,PO,13436,,2,135,"0,15","0,66",48,"-2,19","0,69",92,"0,13","0,34",50,131,"-0,05",91,"0,11",45,"0,17",26,"-0,23",99,"0,07",85,"-8,41",93,2,105,"0,35","0,57",72,"-1,83",86,"-0,03",87,"0,10",46,"0,18",31,"-0,21",98,"0,08",84,"-0,91","0,65",99,"-7,78",91
LAS LILAS 2445 MEJICANO SENSATION CHAMACO,IA1675,2010,,V,IA,13096,,4,46,"0,43","0,09",67,"0,94","0,47",73,"0,59","0,04",41,6,"-0,03",88,"-0,11",96,"-0,04",89,"0,17",21,"0,17",98,"-0,90",80,4,23,"-4,74","0,27",98,"-3,79",91,"-0,06",91,"-0,15",99,"-0,09",94,"0,14",29,"0,19",98,"0,22","0,29",51,"-7,83",92
ENFATICO TEI123 DA 3 MARIAS TEI - FREE S,170732,2013,,P,PO,16965,,2,23,"0,32","0,36",61,"-3,40","0,35",96,"1,05","0,07",32,6,"-0,11",96,"-0,04",88,"-0,07",94,"-0,27",99,"-0,12",11,"-12,88",97,1,14,"-0,72","0,21",80,"-4,13",92,"-0,10",95,"-0,05",89,"-0,07",92,"-0,27",99,"-0,12",15,"0,79","0,28",14,"-7,99",92
ISA TEI3170 CANDELERO DA ENCARNAÇÃO,195349,2013,,P,PO,15061,,2,28,"-0,37","0,34",16,"-1,75","0,48",90,"-2,41","0,20",93,3,"0,02",78,"-0,05",90,"0,06",65,"0,03",64,"0,12",94,"-5,02",88,2,19,"-3,83","0,37",97,"-5,58",96,"-0,04",88,"-0,09",94,"0,01",78,"-0,02",76,"0,14",95,"0,21","0,39",52,"-8,18",92
TRES MARIAS A348 DON EMILIO DON EMILIO,IA1930,2015,,P,IA,19966,K,17,88,"0,52","0,60",73,"-3,72","0,61",96,,,,0,"-0,06",92,"-0,02",82,"-0,01",83,"-0,12",95,"0,22",99,"-12,15",96,11,43,"-1,12","0,44",84,"-4,84",94,"-0,07",92,"-0,02",82,"-0,01",83,"-0,14",95,"0,18",98,"0,49","0,50",30,"-8,33",92
NORTHLINE FAT TONY 605U,IA1181,2008,,V,IA,,,7,149,"-0,28","0,59",19,"-2,30","0,69",93,"0,43","0,25",44,78,"-0,18",99,"-0,07",92,"-0,12",98,"-0,01",76,"0,00",57,"-12,95",97,7,99,"1,50","0,54",60,"-0,80",82,"-0,17",99,"-0,02",82,"-0,11",96,"-0,00",72,"0,01",59,"0,08","0,46",63,"-8,46",92
RUBETA 5897 SUPREMO SUPREMO,IA1932,2010,,V,IA,18480,K,8,48,"0,52","0,50",73,"-4,24","0,54",97,,,,0,"0,08",60,"0,17",28,"0,13",41,"-0,07",90,"0,10",91,"-8,43",93,6,26,"-3,70","0,37",96,"-7,94",99,"0,06",66,"0,16",30,"0,14",45,"-0,12",93,"0,08",85,"-0,07","0,45",75,"-8,53",92
LAZY MC CC DETOUR 2W DETOUR,IA1365,2009,,V,IA,16783,,3,37,"0,08","0,47",44,"-4,26","0,50",98,"-1,19","0,11",80,26,"-0,01",84,"0,06",62,"0,06",65,"0,03",62,"0,12",94,"-11,39",96,2,30,"-2,15","0,35",91,"-6,42",97,"-0,01",83,"0,06",57,"0,06",67,"0,01",67,"0,14",95,"0,20","0,33",53,"-8,80",93
TRÊS MARIAS 9265 CANDE 8328 TE CORONEL,IA1415,2011,,P,IA,16982,,21,263,"0,39","0,73",66,"0,63","0,75",76,"-5,85","0,34",99,65,"-0,01",84,"-0,07",92,"-0,03",87,"0,04",61,"0,30",99,"-0,73",80,19,167,"-4,47","0,61",98,"-3,84",92,"-0,09",94,"-0,21",99,"-0,11",96,"0,02",66,"0,35",99,"-0,17","0,68",83,"-8,87",93
74-51 CHANGING TIME 060,IA1470,2010,,P,IA,18583,,5,73,"0,45","0,56",69,"1,72","0,55",66,"1,08","0,06",31,7,"-0,02",86,"-0,17",99,"-0,18",99,"0,32",3,"0,35",99,"1,39",75,4,57,"-4,38","0,41",98,"-2,66",88,"-0,08",93,"-0,20",99,"-0,24",99,"0,33",4,"0,38",99,"-0,65","0,55",98,"-8,89",93
MAYA FIV431 KEVIN CANDELERO FOREMAN,181864,2014,,P,PO,15958,K,1,29,"0,57","0,47",75,"-3,98","0,45",97,,,,0,"-0,02",86,"-0,02",84,"0,03",73,"0,01",70,"0,09",90,"-11,27",96,1,10,"-2,02","0,29",91,"-6,00",96,"-0,03",87,"0,01",73,"0,04",72,"0,03",60,"0,09",86,"0,12","0,24",60,"-9,24",93
DON FLORENCIO 627 GUARANÖ 466 TE GUARANI,IA1931,2013,,V,IA,12657,,8,45,"0,49","0,56",72,"-4,22","0,55",97,"-3,88","0,15",99,1,"0,07",67,"0,11",45,"0,06",65,"-0,13",96,"-0,02",44,"-8,93",93,6,28,"-2,41","0,41",93,"-6,63",97,"0,06",68,"0,13",38,"0,09",57,"-0,16",96,"-0,01",51,"-0,84","0,44",99,"-9,40",93
CATANDUVA HIBERNAL STRYKER 4140 TE 37,79149,1999,,V,PO,16417,,2,175,"0,28","0,74",58,"-1,04","0,72",87,"-1,27","0,41",81,172,"0,00",83,"-0,04",87,"0,07",63,"-0,03",80,"0,07",86,"-4,09",87,2,129,"-4,46","0,61",98,"-5,50",95,"-0,03",86,"-0,07",92,"0,04",70,"-0,03",78,"0,08",85,"-0,18","0,66",83,"-9,47",93
RECONQUISTA 273 DISCUTIDO COPPER ROB,77239,1999,,V,PO,155,,24,873,"0,12","0,72",47,"-4,39","0,80",98,"-0,45","0,54",69,336,"0,00",82,"-0,02",82,"0,02",77,"-0,06",87,"0,13",96,"-11,42",96,22,605,"-1,63","0,69",88,"-6,02",96,"-0,02",85,"-0,05",88,"-0,03",86,"-0,06",86,"0,19",98,"-0,30","0,68",89,"-9,65",94
NICHOLS GOOD AS GOLD Z103,IA1812,2012,,P,IA,19892,,1,70,"0,81","0,45",87,"-3,43","0,44",96,,,,0,"-0,06",92,"-0,13",98,"-0,00",82,"-0,13",95,,,"-11,45",96,1,68,"-1,22","0,33",85,"-4,65",94,"-0,06",91,"-0,09",95,"-0,02",84,"-0,18",97,,,"-0,19","0,39",84,"-9,75",94
SOLDERA 7122 VISTOSO,207967,2017,,P,PO,15061,,1,35,"-2,32","0,49",1,"-3,14","0,51",95,,,,0,"-0,10",96,"0,01",77,"-0,01",83,"-0,23",99,"0,02",67,"-12,24",97,1,16,"-1,22","0,36",84,"-4,36",93,"-0,12",96,"0,01",73,"0,02",74,"-0,29",99,"0,04",74,"0,37","0,44",39,"-9,81",94
PREMIER VALEDICTORIAN,IA255,1985,,P,IA,,,4,28,"0,44","0,09",68,"-0,50","0,45",84,"-0,10","0,08",54,11,"-0,08",94,"-0,14",98,"-0,11",97,"-0,03",80,"0,01",60,"-5,46",89,3,20,"-2,21","0,31",92,"-2,71",88,"-0,10",94,"-0,16",99,"-0,15",98,"-0,02",77,"0,02",63,"-0,66","0,15",98,"-9,98",94
UMBU 2476 GREAT DIVIDE,181210,2014,,P,PO,99,,1,25,"1,13","0,50",94,"-0,82","0,49",85,"0,10","0,12",50,3,"0,02",79,"-0,04",87,"0,02",76,"0,00",73,"0,02",67,"-3,04",85,1,19,"-5,20","0,37",99,"-6,03",96,"-0,06",90,"-0,11",97,"-0,03",86,"-0,07",88,"0,02",65,"-0,17","0,35",83,"-10,28",94
CIA. AZUL NOBRE TE2306,172390,2013,,V,PO,8538,,1,36,"-0,48","0,53",13,"-0,34","0,53",82,"-1,01","0,18",77,17,"-0,16",99,"0,11",46,"0,19",22,"-0,30",99,"-0,01",50,"-8,04",92,1,19,"-0,44","0,38",78,"-0,77",82,"-0,18",99,"0,04",65,"0,23",18,"-0,31",99,"-0,00",53,"-0,53","0,38",95,"-10,37",94
RED BRUJO 1447 TELLECHEA MAGO,150550,2011,,V,PO,18551,P,3,76,"-0,57","0,60",10,"-8,42","0,61",99,"0,42","0,18",44,9,"0,07",64,"0,10",49,"0,06",64,"-0,03",80,"0,17",98,"-17,98",99,4,62,"-1,07","0,47",83,"-9,49",99,"0,10",56,"0,13",38,"0,06",65,"-0,03",78,"0,20",99,"-0,48","0,45",94,"-10,41",94
CIA.AZUL 3298 MAXI WIDESPREAD HOLLYWOOD,191048,2015,,P,PO,8538,K,1,21,"0,64","0,47",80,"-0,88","0,45",86,,,,0,"-0,03",88,"0,07",59,"0,06",65,"-0,23",99,"0,08",89,"-4,85",88,1,5,"-4,12","0,29",97,"-5,00",94,"-0,09",93,"0,06",57,"0,06",67,"-0,26",99,"0,06",80,"-0,18","0,26",83,"-10,48",95
SAV EXPERTISE 7028,IA2013,2017,,P,IA,20402,,4,27,"0,78","0,40",86,"-3,62","0,40",96,,,,0,"-0,09",95,"-0,25",99,"-0,27",99,"-0,09",92,"-0,04",36,"-12,83",97,3,14,"-0,48","0,25",78,"-4,10",92,"-0,08",93,"-0,16",99,"-0,25",99,"-0,09",91,"-0,09",21,"-0,58","0,28",97,"-10,93",95
SANTA EULÁLIA 1141 QUEBRACHO ZORZALTE770,153836,2011,,P,PO,95,T,1,38,"-0,20","0,52",24,"-1,12","0,53",87,"-2,58","0,18",95,1,"-0,06",92,"0,01",77,"0,05",67,"-0,18",97,"-0,03",39,"-6,28",90,1,28,"-3,81","0,40",97,"-4,92",94,"-0,13",96,"-0,04",87,"0,02",76,"-0,25",99,"-0,04",40,"0,00","0,44",69,"-11,08",95
BIGUÁ 6677 HEAVY HITTER TE,187083,2015,,P,PO,18474,,1,27,"-0,03","0,37",36,"-2,98","0,42",95,"-2,82","0,15",96,3,"-0,08",94,"-0,09",95,"-0,12",97,"-0,18",98,"0,12",95,"-11,09",95,1,21,"-4,07","0,34",97,"-7,06",98,"-0,10",95,"-0,09",95,"-0,08",94,"-0,22",98,"0,14",95,"0,74","0,34",16,"-11,35",95
TRES MARIAS 5887 HORNERO TE HORNERO,IA849,1999,,P,IA,,K,62,679,"0,70","0,83",82,"1,54","0,85",68,"-6,95","0,65",99,984,"0,00",82,"-0,04",87,"0,05",68,"0,02",66,"0,11",93,"1,67",74,52,531,"-6,14","0,78",99,"-4,60",93,"-0,06",90,"-0,13",97,"0,02",76,"-0,08",89,"0,15",96,"-0,98","0,80",99,"-11,43",95
PAMPEANO 177 BLUE CUB 62 TINTO CABERNET,IA962,2004,,V,IA,,,15,235,"0,58","0,48",76,"-4,13","0,72",97,"-0,44","0,26",68,76,"-0,08",94,"-0,12",97,"-0,01",83,"-0,08",91,"0,03",68,"-13,70",98,11,121,"-2,22","0,52",92,"-6,35",97,"-0,07",91,"-0,07",92,"0,01",77,"-0,17",97,"0,05",76,"-0,05","0,45",73,"-11,83",96
VAR RESERVE 1111 RESERVE,IA1709,2011,,P,IA,15614,,5,29,"-0,20","0,44",24,"-1,28","0,38",88,"-0,91","0,03",76,5,"-0,09",95,"-0,17",99,"-0,09",95,"-0,00",73,"0,10",92,"-7,76",91,5,24,"-2,57","0,25",93,"-3,85",92,"-0,14",98,"-0,19",99,"-0,14",98,"-0,05",85,"0,12",93,"-0,53","0,30",96,"-12,07",96
FSL G VEZÚVIO TE G24,120681,2007,,P,PO,14320,,1,57,"0,28","0,53",58,"-1,68","0,53",90,,,,0,"0,01",81,"-0,04",88,"0,12",45,"-0,08",90,"0,08",88,"-5,27",88,1,54,"-4,53","0,45",98,"-6,22",96,"-0,01",83,"-0,06",90,"0,15",40,"-0,14",95,"0,10",90,"-1,02","0,56",99,"-12,09",96
GLACIER MARIAS 548,IA501,1995,,V,IA,,,11,111,"0,33","0,57",62,"-0,21","0,71",82,"-0,89","0,47",75,131,"-0,01",84,"0,04",68,"0,04",72,"0,04",60,"0,14",97,"-2,57",84,9,107,"-6,73","0,63",99,"-6,94",97,"-0,03",86,"-0,08",93,"0,01",78,"-0,00",71,,,"-0,40","0,52",92,"-12,21",96
TRÊS MARIAS 7629 DAKTARY TE DAKTARY,IA1417,2006,,V,IA,16982,,6,28,"-0,08","0,49",31,"-5,48","0,47",99,"-0,17","0,18",62,8,"0,08",59,"0,19",24,"0,25",11,"-0,22",99,"0,13",96,"-11,13",95,5,17,"-4,58","0,35",98,"-10,06",99,"0,13",46,"0,19",23,"0,28",10,"-0,23",98,"0,13",94,"-0,96","0,41",99,"-12,26",96
F.A.S TE309,189108,2013,,V,PO,17647,,1,22,"0,06","0,43",42,"-3,82","0,42",97,"-1,41","0,20",83,7,"-0,08",94,"0,02",73,"-0,01",83,"-0,11",94,"0,03",71,"-12,92",97,1,14,"-2,40","0,33",93,"-6,22",96,"-0,06",90,"0,02",70,"0,01",76,"-0,10",91,"0,03",69,"-0,42","0,38",93,"-12,57",96
WT BUTIÁ 003,132078,2009,,P,PO,17087,,1,58,"0,45","0,51",69,"-1,21","0,51",88,"-1,69","0,25",87,97,"-0,22",99,"-0,34",99,"-0,18",99,"-0,19",98,"0,06",81,"-11,74",96,1,57,"-0,44","0,42",78,"-1,64",85,"-0,14",98,"-0,27",99,"-0,16",99,"-0,10",91,"0,08",85,"-1,01","0,49",99,"-12,98",97
CIA.AZUL TE2274 AGUILUCHO G4560,174241,2013,,P,PO,8538,,1,24,"0,74","0,49",84,"-1,92","0,49",91,"-2,22","0,19",92,11,"-0,12",97,"-0,09",94,"-0,02",84,"-0,16",97,"0,12",95,"-10,03",94,1,16,"-2,22","0,37",92,"-4,14",92,"-0,16",98,"-0,10",95,"-0,06",91,"-0,20",97,"0,16",97,"-0,60","0,29",97,"-13,17",97
TRES MARIAS 6743 AGUILUCHO,IA1029,2003,,P,IA,,,21,346,"0,36","0,77",64,"0,61","0,79",77,"-7,60","0,49",99,272,"-0,06",93,"-0,07",92,"0,03",74,"-0,04",82,"0,08",86,"-2,66",84,18,233,"-4,98","0,67",99,"-4,37",93,"-0,12",96,"-0,11",96,"-0,04",87,"-0,10",92,"0,14",95,"-0,95","0,66",99,"-13,17",97
UMBU 1728 CREDITO,142917,2010,,V,PO,99,,1,44,"-1,27","0,56",3,"-6,07","0,55",99,"-4,01","0,24",99,33,"-0,07",93,"-0,03",85,"0,02",76,"0,01",70,"0,10",92,"-17,45",99,1,28,"-2,80","0,42",94,"-8,87",99,"-0,08",93,"-0,08",94,"-0,03",85,"0,02",66,"0,13",94,"0,37","0,43",39,"-13,37",97
UMBU 6076,342696,2011,,V,PC,99,,1,28,"-0,62","0,51",9,"-5,39","0,50",99,"-2,60","0,16",95,4,"0,08",59,"-0,04",88,"0,07",62,"0,06",51,"0,06",80,"-10,92",95,1,21,"-6,80","0,38",99,"-12,19",99,"0,06",68,"-0,05",88,"0,08",62,"0,04",57,"0,08",85,"-0,01","0,41",70,"-13,57",97
PIEDRITA 731 ÑATO,IA1398,2010,,V,IA,4568,M,13,138,"-0,74","0,65",7,"-0,56","0,69",84,"-1,53","0,24",85,41,"-0,04",89,"0,12",43,"0,01",79,"-0,03",82,"-0,07",25,"-4,46",87,13,111,"-5,81","0,56",99,"-6,37",97,"-0,06",90,"0,10",47,"-0,04",87,"-0,12",93,"-0,04",37,"-0,80","0,62",99,"-13,59",97
RED ERIC,IA683,1989,,V,IA,27157,,29,747,"-0,46","0,73",13,"-3,92","0,81",97,"-1,53","0,55",85,448,"-0,03",87,"0,02",72,"0,04",71,"-0,27",99,"0,05",76,"-11,35",96,25,524,"-5,04","0,71",99,"-8,96",99,"-0,07",92,"-0,06",91,"-0,00",80,"-0,28",99,"0,11",91,"0,09","0,68",63,"-13,73",97
BIGUÁ 6457 BISMARCK FIV,187111,2014,,P,PO,18474,M,5,27,"0,14","0,46",48,"-5,22","0,45",99,"-0,92","0,18",76,5,"0,08",59,"-0,06",90,"0,00",80,"-0,17",97,"0,07",84,"-10,52",95,4,25,"-6,82","0,37",99,"-12,03",99,"0,01",79,"-0,08",93,"0,01",76,"-0,29",99,"0,09",87,"0,16","0,41",56,"-13,74",98
CARRINGTON PARK TIME ON B7,IA1190,2006,,P,IA,,,2,27,"0,90","0,23",89,"-3,18","0,38",95,"-1,27","0,08",81,15,"-0,07",93,"-0,13",98,"-0,15",99,"0,00",72,"-0,07",26,"-11,19",96,2,21,"-3,26","0,26",95,"-6,44",97,"-0,13",97,"-0,14",98,"-0,24",99,"0,01",68,"-0,07",29,"-0,34","0,21",90,"-13,76",98
BIEBER ROUSE SAMURAI X22,IA1431,2010,,V,IA,4568,M,4,28,"-1,20","0,19",3,"-2,14","0,43",92,"-0,01","0,06",52,7,"-0,06",92,"-0,12",97,"-0,07",94,"-0,08",90,"0,20",99,"-8,59",93,4,18,"-3,29","0,27",96,"-5,43",95,"-0,11",95,"-0,13",98,"-0,12",96,"-0,16",96,"0,20",99,"-0,97","0,30",99,"-13,89",98
DUFF TARGET 033,IA1335,2010,,P,IA,17737,,2,23,"0,38","0,44",65,"-3,96","0,46",97,"1,61","0,10",21,7,"-0,05",91,"0,25",13,"0,15",35,"-0,31",99,"-0,06",27,"-12,21",97,2,22,"-4,54","0,34",98,"-8,49",99,"-0,06",91,"0,23",15,"0,16",35,"-0,34",99,"-0,10",19,"-0,20","0,37",85,"-14,30",98
UMBU 302 BARTOLOMÉ,78416,1999,,V,PO,99,,2,149,"2,84","0,73",99,"-2,17","0,72",92,"-4,17","0,38",99,116,"-0,06",92,"-0,00",79,"0,03",75,"0,06",51,"0,02",65,"-8,60",93,2,115,"-5,18","0,60",99,"-7,35",98,"-0,09",94,"-0,04",86,"0,00",79,"0,03",63,"0,03",69,"-0,39","0,65",92,"-14,39",98
SOLÉ 805 MACANUDO 436,162970,2012,,P,PO,11430,,1,44,"0,76","0,22",85,"-6,31","0,50",99,"2,48","0,15",9,19,"-0,08",94,"0,19",25,"0,01",78,"-0,23",99,"0,03",72,"-18,41",99,1,43,"-1,94","0,37",90,"-8,26",99,"-0,15",98,"0,06",60,"-0,09",95,"-0,33",99,"0,03",68,"0,13","0,43",59,"-14,72",98
SANTA EULÁLIA BRIGADIER 744,153066,2011,,P,PO,95,,1,25,"-0,44","0,43",14,"-1,62","0,42",90,"-1,94","0,19",90,11,"-0,15",98,"-0,11",96,"-0,19",99,"-0,28",99,"-0,06",26,"-10,52",95,1,24,"-4,51","0,32",98,"-6,12",96,"-0,19",99,"-0,12",97,"-0,23",99,"-0,31",99,"-0,07",27,"0,18","0,35",54,"-14,81",98
TRES MARIAS 8235 METEJON TE METEJON,IA1150,2008,,P,IA,,,7,40,"0,09","0,55",45,"-2,14","0,56",92,"-2,30","0,25",92,77,"-0,05",91,"-0,05",89,"-0,14",98,"0,06",54,"0,07",83,"-8,24",92,8,36,"-7,79","0,44",99,"-9,94",99,"-0,07",92,"-0,05",87,"-0,14",98,"0,04",57,"0,08",86,"0,27","0,46",48,"-15,32",99
PWM REI TECB1560 LIDER,175803,2014,,P,PO,14676,,3,32,"0,73","0,49",84,"-3,72","0,48",96,"-1,97","0,21",90,2,"-0,01",85,"0,00",79,"0,06",64,"-0,04",82,"0,20",99,"-10,46",95,2,17,"-7,46","0,37",99,"-11,18",99,"-0,06",90,"-0,01",80,"0,05",68,"-0,10",92,"0,22",99,"-0,20","0,41",84,"-16,85",99
PAMPEANO 1283 DAKTARY 594 BRUJO MELINCUE,IA1639,2012,,V,IA,10379,,3,34,"0,23","0,23",54,"-6,56","0,47",99,"0,66","0,10",40,15,"-0,01",85,"0,15",34,"0,09",56,"-0,24",99,"0,18",99,"-16,78",99,3,27,"-4,17","0,33",97,"-10,73",99,"-0,01",84,"0,14",35,"0,10",54,"-0,30",99,"0,18",98,"-0,90","0,32",99,"-17,00",99
ALICIA BEATRIZ 941 PASTOR TE REFERENTE,IA1399,2007,,V,IA,16477,,7,25,"-1,59","0,39",2,"-4,57","0,39",98,"0,57","0,14",41,10,"-0,18",99,"-0,15",98,"-0,09",95,"-0,23",99,"0,19",99,"-18,03",99,6,16,"-2,82","0,29",94,"-7,39",98,"-0,19",99,"-0,15",99,"-0,08",93,"-0,29",99,"0,21",99,"-0,68","0,27",98,"-18,73",99
BURITÍ,83871,2001,,V,PO,8534,,2,35,"-0,83","0,46",6,"-2,66","0,49",94,"0,19","0,17",48,6,"-0,26",99,"-0,36",99,"-0,22",99,"-0,34",99,"0,06",81,"-16,35",99,2,28,"-3,45","0,37",96,"-6,11",96,"-0,27",99,"-0,34",99,"-0,24",99,"-0,36",99,"0,06",80,"-0,31","0,25",89,"-19,36",99
DON APARICIO SERRUCHO 57 MAXI TE SERRUCHO,IA1891,2013,,P,IA,22984,K,23,251,"-0,08","0,73",31,"-3,98","0,75",97,"-0,60","0,21",71,1,"0,12",45,"-0,06",90,"0,13",42,"-0,10",92,"0,21",99,"-6,48",90,21,205,"-12,57","0,63",99,"-16,55",99,"0,02",76,"-0,12",97,"0,11",52,"-0,23",98,"0,25",99,"-0,12","0,72",79,"-19,38",99
EL ABRA HAYMOUNT 4022,IA926,1996,,P,IA,,,5,170,"-2,01","0,54",1,"-5,76","0,67",99,"2,06","0,29",14,82,"-0,17",99,"-0,01",80,"-0,02",86,"-0,38",99,"0,08",87,"-20,34",99,5,91,"-11,69","0,52",99,"-17,45",99,"-0,24",99,"-0,13",98,"-0,08",93,"-0,42",99,"0,12",93,"-0,34","0,49",90,"-30,82",99
