nome_touro,registro,ano_nasc,var_mocha,pelagem,categoria,criador_codigo,fornecedor_semen_cod,reb_desm,nf_desm,pn_dep,pn_acuracia,pn_percentil,gnd_direto_dep,gnd_direto_acuracia,gnd_direto_percentil,gnd_materno_dep,gnd_materno_acuracia,gnd_materno_percentil,netos,conformacao_desm_dep,conformacao_desm_percentil,precocidade_desm_dep,precocidade_desm_percentil,musculatura_desm_dep,musculatura_desm_percentil,tamanho_desm_dep,tamanho_desm_percentil,pelame_desm_dep,pelame_desm_percentil,indice_desmama,indice_desmama_percentil,reb_sobreano,nf_sobreano,gds_dep,gds_acuracia,gds_percentil,gns_dep,gns_percentil,conformacao_sobr_dep,conformacao_sobr_percentil,precocidade_sobr_dep,precocidade_sobr_percentil,musculatura_sobr_dep,musculatura_sobr_percentil,tamanho_sobr_dep,tamanho_sobr_percentil,pelame_sobr_dep,pelame_sobr_percentil,perimetro_escrotal_dep,perimetro_escrotal_acuracia,perimetro_escrotal_percentil,indice_final,indice_final_percentil
G A R RELIANT,IA2073,2016,,P,IA,22294,,3,45,"-0,45","0,52",14,"9,27","0,49",11,,,,,"0,17",41,"0,07",67,"-0,01",87,"0,28",11,"-0,14",11,,16,2,26,"14,54","0,33",1,"23,82",3,"0,28",17,"0,12",51,"0,04",80,"0,33",7,"-0,19",7,"0,98","0,42",13,"33,44",5
CONNEALY UPTOWN 098E,IA1447,2010,,P,IA,4568,M,1,21,"0,02","0,43",36,"12,15","0,42",4,"1,68","0,13",24,6,"0,32",7,"0,15",42,"0,27",12,"0,44",2,"-0,07",31,,4,1,10,"10,08","0,30",7,"22,23",4,"0,34",8,"0,11",53,"0,29",13,"0,45",2,"-0,08",31,"0,35","0,33",52,"33,39",6
EXAR STOCK FUND 9097B,IA2314,2019,,P,IA,22587,A,2,25,"-0,21","0,48",23,"13,68","0,45",2,,,,,"0,34",5,"0,25",18,"0,12",55,"0,20",21,"-0,09",24,,3,1,1,"8,58","0,26",13,"22,26",4,"0,35",7,"0,19",30,"0,09",69,"0,16",31,"-0,07",34,"0,24","0,25",61,"33,27",6
SANTA JOANA 2650,428103,2018,,P,PC,15398,,1,35,"-1,17","0,57",3,"11,31","0,55",5,"0,83","0,16",41,8,"0,40",2,"0,28",13,"0,25",14,"0,15",33,"-0,00",59,,3,1,20,"8,03","0,39",15,"19,34",8,"0,45",2,"0,27",15,"0,27",17,"0,17",30,"-0,02",52,"0,29","0,45",57,"33,14",6
MAC ACHIN GUINNES 6192 GUINNES,225366,2016,,P,PO,23163,L,1,27,"0,86","0,22",83,"11,71","0,33",5,,,,,"0,32",7,"0,34",6,"0,32",6,"0,31",7,"-0,03",45,,4,1,14,"8,71","0,23",12,"20,42",6,"0,32",10,"0,28",13,"0,34",9,"0,29",11,"-0,07",36,"1,13","0,26",8,"32,90",6
CANTÃO,425311,2018,,V,PC,20397,,1,31,"0,60","0,55",71,"12,39","0,53",3,"2,26","0,26",15,4,"0,33",6,"0,33",7,"0,30",8,"0,34",5,"-0,10",22,,3,1,29,"8,87","0,45",11,"21,26",6,"0,33",9,"0,30",10,"0,30",12,"0,30",9,"-0,10",26,"0,63","0,41",30,"32,88",6
REDBAR COMPLEMENT H277 GRID MAKER,225675,2018,,P,PO,9271,,1,28,"1,74","0,56",98,"12,33","0,54",4,,,,,"0,21",25,"0,11",53,"0,10",63,"0,32",6,"-0,06",36,,5,1,21,"10,85","0,43",5,"23,19",3,"0,29",14,"0,23",21,"0,17",43,"0,39",4,"-0,07",35,"0,74","0,49",24,"32,75",6
QUIRI A230,432744,2018,,P,PC,92,,1,65,"0,94","0,64",86,"9,94","0,62",9,,,,,"0,33",6,"0,26",16,"0,27",11,"0,19",22,"-0,17",8,,7,1,33,"8,61","0,48",12,"18,55",10,"0,41",3,"0,33",7,"0,35",7,"0,27",13,"-0,19",7,"1,12","0,50",8,"32,55",6
TRADIÇÃO FIV T06 ZORZAL TE,146110,2010,,P,PO,3638,,1,35,"1,65","0,56",98,"12,75","0,60",3,"-3,01","0,26",98,6,"0,28",11,"0,16",38,"0,20",27,"0,22",19,"0,06",83,,4,1,34,"7,55","0,51",17,"20,30",6,"0,29",15,"0,11",54,"0,19",38,"0,26",15,"0,07",83,"1,45","0,56",3,"32,29",6
TRADIÇÃO 2541,426981,2018,,P,PC,3638,,1,88,"0,49","0,67",65,"11,47","0,66",5,,,,,"0,34",6,"0,28",13,"0,32",5,"0,15",33,"-0,04",43,,4,1,54,"8,73","0,57",12,"20,19",7,"0,37",6,"0,27",15,"0,38",4,"0,18",28,"-0,01",55,"0,50","0,58",40,"32,06",6
GAP 6449 GAP SILVESTRE,219912,2018,,P,PO,2555,,1,66,"-0,45","0,64",14,"9,94","0,62",9,,,,,"0,29",10,"0,46",1,"0,42",1,,,"-0,19",5,,8,1,28,"9,89","0,42",8,"19,83",7,"0,29",15,"0,48",1,"0,47",1,,,"-0,18",9,"1,27","0,51",5,"31,89",7
SITZ UPWARD 307R,IA1046,2005,,P,IA,23805,,17,168,"0,14","0,70",44,"10,12","0,72",8,"2,25","0,31",15,88,"0,29",11,"0,14",43,"0,13",50,"0,40",3,"0,04",75,,8,14,109,"9,79","0,57",8,"19,90",7,"0,32",10,"0,12",51,"0,16",47,"0,40",3,"0,01",65,"0,90","0,63",16,"31,44",7
SANTA JOANA 2654 CUMARU,427414,2018,,P,PC,15398,L,1,77,"0,34","0,65",56,"12,48","0,62",3,"3,69","0,15",4,13,"0,41",2,"0,45",2,"0,44",1,"0,30",8,"-0,24",2,,3,1,54,"6,41","0,46",23,"18,89",9,"0,44",2,"0,48",1,"0,50",1,"0,32",8,"-0,28",1,"-0,13","0,54",83,"31,23",7
COLEMAN CHARLO 0256,IA1853,2010,,P,IA,22488,,31,401,"-0,33","0,81",18,"7,42","0,80",23,"0,40","0,21",51,29,"0,40",2,"0,56",1,"0,52",1,"-0,05",88,"-0,16",9,,10,29,283,"8,96","0,68",11,"16,38",14,"0,42",3,"0,52",1,"0,54",1,"-0,07",90,"-0,22",4,"0,75","0,75",23,"30,97",7
OURO PRETO 1018PO PRIORITY,204797,2016,,P,PO,20641,,2,45,"0,87","0,51",83,"15,36","0,49",1,"1,20","0,18",33,3,"0,25",17,"0,21",28,"0,18",32,"0,26",12,,,,2,2,30,"6,58","0,37",22,"21,94",5,"0,26",19,"0,08",65,"0,18",42,"0,24",17,"-0,06",38,"0,72","0,42",25,"30,90",8
RB GLOBAL 3300,IA1876,2013,,P,IA,22504,,3,47,"-0,27","0,37",21,"10,14","0,48",8,"3,07","0,13",6,1,"0,43",1,"0,17",36,"0,38",2,"0,27",11,"-0,14",12,,4,3,43,"7,29","0,38",18,"17,43",11,"0,41",3,"0,14",44,"0,36",6,"0,27",13,"-0,13",16,"0,10","0,43",69,"30,36",8
S ARCHITECT 9501,IA2261,2019,,P,IA,26631,G,20,209,"0,16","0,72",45,"12,20","0,72",4,,,,,"0,31",8,"0,19",32,"0,18",33,"0,20",22,"-0,22",3,,4,10,76,"6,35","0,49",23,"18,54",10,"0,30",14,"0,15",41,"0,18",42,"0,14",36,"-0,25",3,"1,22","0,59",6,"30,36",8
CIA.AZUL 3092 A. VALLEY ZORZAL,188318,2015,,P,PO,8538,,1,25,"-0,14","0,50",26,"9,18","0,47",12,"0,55","0,18",47,6,"0,18",39,"0,22",25,"0,02",83,"0,20",21,"-0,14",12,,16,1,11,"11,61","0,35",4,"20,79",6,"0,28",17,"0,28",13,"0,06",76,"0,30",10,"-0,17",10,"1,04","0,38",11,"30,35",8
LORENZEN FIELD DAY 7455,IA1076,2007,,V,IA,23805,,4,109,"0,72","0,35",77,"11,93","0,62",4,"-0,31","0,25",71,34,"0,20",30,"0,16",38,"0,11",58,"0,24",15,"-0,05",38,,6,4,70,"9,65","0,47",8,"21,58",5,"0,27",19,"0,21",24,"0,20",35,"0,26",14,"-0,04",46,"0,74","0,49",24,"30,30",8
QUIRI A232P PIRAY,223055,2018,,P,PO,92,G,3,22,"0,26","0,54",51,"9,24","0,52",12,,,,,"0,25",16,"0,28",13,"0,29",9,"0,19",24,"-0,10",22,,12,2,15,"9,94","0,40",7,"19,18",8,"0,29",16,"0,33",7,"0,29",13,"0,20",23,"-0,15",14,"1,14","0,47",7,"30,27",8
SAV RESOURCE 1441,IA1369,2011,,P,IA,22588,,103,2034,"1,01","0,89",89,"8,61","0,90",14,"-0,93","0,66",81,811,"0,27",13,"0,33",7,"0,30",7,"0,07",54,"-0,14",13,,13,87,1572,"9,94","0,84",7,"18,55",10,"0,38",5,"0,38",4,"0,40",3,"0,10",45,"-0,13",19,"0,59","0,88",34,"29,94",8
SINUELO 516,208246,2017,,P,PO,21014,,1,27,"0,82","0,44",82,"12,35","0,42",4,"-1,11","0,19",83,9,"0,24",19,"0,21",26,"0,29",9,"0,16",29,,,,5,1,26,"9,00","0,34",11,"21,34",5,"0,27",18,"0,17",34,"0,32",10,"0,21",21,"0,02",66,"0,31","0,42",54,"29,61",9
SANTA JOANA 2269,398979,2015,,P,PC,15398,,1,24,"0,78","0,52",80,"11,68","0,50",5,"0,64","0,21",45,26,"0,35",4,"0,45",2,"0,40",1,,,"-0,10",20,,4,1,22,"6,76","0,40",21,"18,44",10,"0,43",2,"0,44",2,"0,44",2,,,"-0,11",23,"-0,21","0,46",87,"29,48",9
TEHAMA PATRIARCH F028 PATRIARCH,IA2214,2017,,P,IA,23633,A,7,101,"0,06","0,65",39,"6,83","0,62",27,,,,,"0,26",15,"0,11",56,"0,08",68,"0,26",13,"-0,20",5,,22,7,44,"10,13","0,42",7,"16,96",12,"0,33",9,"0,12",51,"0,17",45,"0,29",11,"-0,20",6,"1,34","0,47",4,"29,36",9
HXC BIG IRON 0024X,IA1659,2010,,V,IA,15614,A,5,49,"0,71","0,59",76,"8,79","0,57",13,"0,74","0,14",43,10,"0,09",67,"0,16",39,"0,14",48,"0,15",32,"0,01",65,,24,5,40,"12,66","0,44",3,"21,45",5,"0,19",40,"0,15",40,"0,20",34,"0,20",23,"0,03",72,"1,41","0,52",3,"29,24",9
S A V RAINFALL 6846,IA2056,2016,,P,IA,22588,M,22,255,"-0,11","0,77",28,"5,59","0,76",37,"0,69","0,21",44,11,"0,25",17,"0,28",13,"0,27",12,"-0,00",77,"-0,08",27,,29,17,197,"13,25","0,63",2,"18,85",9,"0,32",10,"0,28",12,"0,29",15,"0,11",45,"-0,11",22,"0,38","0,70",50,"29,03",9
SÃO XAVIER 2277 MAGNATA SERTÃO,199444,2016,,P,PO,508,P,3,159,"0,42","0,72",60,"8,72","0,71",13,"1,90","0,19",19,6,"0,28",12,"0,11",54,"0,15",42,"0,20",21,"-0,01",55,,12,3,106,"9,99","0,56",7,"18,71",10,"0,28",17,"0,13",48,"0,11",62,"0,23",19,"-0,04",44,"0,63","0,61",30,"28,82",10
NERO VALLEY DA RIO DA PAZ TE,187605,2014,,P,PO,15956,,3,41,"1,07","0,58",90,"6,64","0,59",29,"1,75","0,21",22,30,"0,20",30,"0,16",39,"0,16",38,"0,20",22,"-0,12",16,,28,3,32,"11,77","0,47",4,"18,41",10,"0,29",15,"0,19",30,"0,24",25,"0,25",16,"-0,16",12,"1,06","0,56",10,"28,70",10
LD EMBLAZON 999 EMBLAZON 999,IA1705,2009,,P,IA,15614,,7,101,"-0,30","0,67",20,"9,18","0,66",12,"1,12","0,19",34,18,"0,39",2,"0,46",2,"0,31",7,"-0,02",81,"-0,10",21,,6,7,72,"8,43","0,50",13,"17,61",11,"0,39",4,"0,39",4,"0,32",9,"0,06",59,"-0,14",15,"-0,52","0,55",96,"28,43",10
BIEBER DEEP END B597 DEEP END,IA1728,2014,,V,IA,16477,,2,20,"-0,90","0,39",5,"8,15","0,36",17,"2,42","0,04",12,3,"0,31",8,"-0,20",99,"0,11",60,"0,41",2,"0,12",94,,12,2,15,"7,78","0,23",16,"15,93",15,"0,40",4,"-0,11",97,"0,16",49,"0,47",2,"0,14",94,"0,67","0,26",28,"28,30",10
GAP 6363 GAP SULTÃO,224571,2018,,P,PO,2555,T,2,136,"0,24","0,71",50,"6,48","0,69",30,,,,,"0,29",10,"0,12",50,"0,14",46,"0,07",55,"0,05",80,,21,2,75,"10,15","0,50",7,"16,63",13,"0,33",10,"0,21",25,"0,22",29,"0,06",57,"-0,04",46,"0,78","0,58",21,"28,18",10
G A R STARBUCK Starbuck,IA2040,2016,,P,IA,23201,G,9,114,"-0,58","0,64",11,"9,98","0,65",9,,,,,"0,21",25,"0,23",21,"-0,03",91,"0,31",7,"-0,21",4,,11,4,29,"9,17","0,39",10,"19,15",9,"0,26",21,"0,30",11,"0,00",88,"0,35",6,"-0,26",2,"0,79","0,46",21,"28,05",10
CHALÉ U754,195883,2016,,P,PO,10385,,2,69,"0,62","0,54",71,"10,12","0,52",8,"0,41","0,17",50,4,"0,14",51,"0,13",47,"0,10",61,"0,12",41,"-0,08",28,,15,2,52,"10,42","0,40",6,"20,53",6,"0,26",21,"0,20",28,"0,17",46,"0,14",36,"-0,08",32,"0,66","0,49",29,"27,93",11
SCHIEFELBEIN RHOMBUS 4937 RHOMBUS,IA1989,2017,,P,IA,23503,,4,31,"-0,42","0,52",15,"12,59","0,53",3,,,,,"0,18",38,"0,10",59,"0,16",39,"0,40",3,"-0,08",27,,6,2,16,"10,41","0,43",6,"23,00",4,"0,18",42,"0,09",59,"0,19",39,"0,40",4,"-0,15",14,"-0,17","0,47",84,"27,81",11
SAV RENOWN 3439 RENOWN,IA1716,2013,,P,IA,16477,G,56,815,"0,41","0,85",60,"7,65","0,85",21,"-1,08","0,49",83,266,"0,28",12,"0,26",16,"0,26",13,"0,10",46,"-0,09",23,,16,47,585,"9,95","0,75",7,"17,60",11,"0,35",7,"0,31",9,"0,32",10,"0,15",34,"-0,16",12,"0,19","0,81",64,"27,71",11
H2R PROFITBUILDER B403 Proftbuilder,IA1685,2014,,V,IA,16477,G,28,336,"-0,99","0,80",4,"10,35","0,78",8,"1,58","0,23",26,48,"0,17",39,"0,33",7,"0,13",51,"0,16",29,"-0,06",34,,12,22,196,"7,41","0,62",18,"17,76",11,"0,26",21,"0,36",5,"0,20",34,"0,15",35,"-0,04",45,"1,57","0,71",2,"27,63",11
CIA.AZUL X522,437036,2019,,P,PC,8538,T,1,38,"0,74","0,57",78,"8,78","0,55",13,,,,,"0,34",5,"0,39",3,"0,41",1,"0,23",16,"-0,07",31,,9,1,29,"7,45","0,44",17,"16,23",14,"0,35",8,"0,38",4,"0,44",2,"0,20",24,"-0,05",40,"0,38","0,49",50,"27,52",11
JF PIRATINIZINHO 347,412677,2017,,P,PC,18778,,1,92,"2,69","0,61",99,"9,80","0,60",10,"-0,03","0,22",60,7,"0,33",6,"0,33",7,"0,31",7,"0,29",9,"-0,06",35,,7,1,80,"5,91","0,48",26,"15,71",15,"0,34",8,"0,32",8,"0,35",7,"0,34",7,"-0,04",44,"0,86","0,55",18,"27,50",11
GAR ASHLAND,IA1912,2015,,P,IA,23201,,10,101,"-0,21","0,61",24,"8,65","0,64",14,"2,69","0,10",9,4,"0,30",9,"0,20",29,"0,19",30,"0,29",9,"-0,11",18,,12,10,80,"6,90","0,49",20,"15,55",16,"0,32",11,"0,27",14,"0,24",25,"0,35",6,"-0,15",13,"1,20","0,58",6,"27,50",12
EF AUTHENTIC 0829 AUTHENTIC,IA1368,2010,,P,IA,16477,G,12,134,"-1,33","0,68",3,"8,71","0,69",14,"3,98","0,24",3,34,"0,21",27,"0,31",9,"0,17",35,"0,17",27,"-0,23",2,,16,11,100,"11,37","0,55",4,"20,08",7,"0,24",26,"0,35",6,"0,23",27,"0,22",20,"-0,24",3,"0,12","0,60",68,"27,35",12
SANTA THEREZA 2799,384203,2014,,P,PC,3108,,2,123,"-0,07","0,68",30,"11,93","0,65",4,"3,14","0,16",6,22,"0,15",48,"0,16",39,"0,09",66,"0,03",68,"-0,13",13,,9,2,64,"7,97","0,47",15,"19,89",7,"0,18",40,"0,14",44,"0,12",61,"0,05",61,"-0,17",11,"1,18","0,33",7,"27,22",12
R B TOUR OF DUTY 177 DUTY,IA1640,2011,,P,IA,15614,A,17,180,"-0,01","0,73",34,"7,61","0,73",21,"4,29","0,29",2,87,"0,27",13,"0,09",63,"0,20",28,"0,38",3,"-0,06",33,,17,17,148,"9,16","0,61",10,"16,77",13,"0,27",18,"0,12",50,"0,16",47,"0,38",4,"-0,05",42,"0,92","0,70",15,"27,19",12
SAV 654X RAINMASTER 6849,IA1979,2016,,P,IA,22588,,9,123,"0,30","0,72",54,"7,33","0,70",24,"1,03","0,20",37,3,"0,33",6,"0,32",8,"0,24",17,"0,06",58,"-0,34",1,,14,8,80,"7,14","0,57",19,"14,47",19,"0,35",7,"0,31",9,"0,22",29,"0,09",48,"-0,32",1,"1,04","0,63",11,"27,15",12
SAV THRIVE 5054,IA1897,2015,,P,IA,22588,,2,57,"1,28","0,57",94,"8,43","0,62",15,"-0,68","0,25",77,35,"0,39",2,"0,34",6,"0,35",3,"0,11",42,"-0,12",16,,9,2,45,"4,74","0,50",37,"13,17",24,"0,38",5,"0,34",6,"0,38",4,"0,04",63,"-0,12",19,"1,10","0,57",9,"27,15",12
RANGER BEST INTEREST DA RIO DA PAZ TE,200608,2015,,P,PO,15956,,2,32,"0,96","0,59",87,"10,10","0,57",9,"1,60","0,20",25,13,"0,24",19,"0,01",82,"0,12",52,"0,47",1,"-0,15",10,,10,2,29,"6,57","0,45",22,"16,66",13,"0,29",15,"0,07",67,"0,14",54,"0,54",1,"-0,14",15,"1,04","0,55",11,"26,70",13
SANTA JOANA 2370,408372,2016,,P,PC,15398,,1,22,"-0,07","0,50",30,"7,81","0,47",20,"0,99","0,15",38,8,"0,21",26,"0,20",29,"0,09",65,,,"-0,06",34,,20,1,13,"11,02","0,35",5,"18,83",10,"0,33",10,"0,24",20,"0,13",56,,,"-0,10",25,"-0,21","0,39",87,"26,61",13
REDBAR D168 NET WORTH G466 MATRIX,220892,2017,,P,PO,9271,,1,25,"1,81","0,52",99,"10,99","0,50",6,"1,48","0,15",27,4,"0,40",2,"0,40",3,"0,34",4,"0,40",3,"-0,02",49,,4,1,24,"4,87","0,40",35,"15,86",15,"0,37",6,"0,24",19,"0,30",12,"0,41",3,"-0,05",41,"-0,22","0,48",87,"26,60",13
SANTA JOANA 2387,410343,2016,,P,PC,15398,,1,64,"1,15","0,65",92,"8,46","0,62",15,"5,61","0,16",1,9,"0,39",2,"0,48",1,"0,39",2,"0,20",22,"-0,28",1,,8,1,33,"4,59","0,44",38,"13,06",24,"0,45",2,"0,58",1,"0,46",1,"0,21",22,"-0,33",1,"0,43","0,51",45,"26,52",13
Performance Qualidade de carne Adaptação SOLDERA 8041 INSTINCT,218479,2018,,P,PO,15061,,2,42,"2,23","0,37",99,"7,61","0,39",21,,,,,"0,19",32,"0,26",16,"0,06",74,"0,14",35,"0,09",90,,23,1,26,"9,84","0,23",8,"17,45",11,"0,23",28,"0,27",15,"0,09",68,"0,15",34,"0,05",76,"1,11","0,32",9,"26,52",13
SOLDERA TE6005 CANDELERO RESOURCE,202214,2016,,P,PO,15061,,1,29,"-0,02","0,52",33,"10,78","0,57",6,"-1,09","0,24",83,4,"0,27",13,"0,32",8,"0,33",5,"0,12",39,"-0,03",46,,7,1,18,"5,58","0,45",29,"16,36",14,"0,32",11,"0,31",9,"0,37",6,"0,11",44,"-0,01",54,"0,71","0,50",25,"26,43",13
V A R DISCOVERED 7218,IA2092,2017,,P,IA,23145,,4,23,"0,99","0,47",88,"7,33","0,45",24,,,,,"0,23",22,"0,02",81,"0,04",78,"0,35",4,"-0,09",26,,22,4,16,"8,61","0,32",12,"15,94",15,"0,31",12,"0,06",71,"0,09",68,"0,39",4,"-0,13",18,"1,02","0,32",12,"26,40",13
INSIGHT BLACK 2820 TELLECHEA,199986,2016,,P,PO,18551,,2,30,"0,54","0,58",67,"7,35","0,56",24,,,,,"0,32",7,"0,33",8,"0,35",3,"0,14",35,"-0,05",40,,15,2,18,"6,79","0,42",21,"14,14",21,"0,32",11,"0,24",20,"0,40",3,"0,12",41,"-0,05",40,"1,08","0,45",9,"26,25",14
WERNER FLAT TOP 4136,IA1920,2014,,P,IA,23230,M,6,34,"-0,49","0,52",13,"8,14","0,50",17,"0,88","0,16",40,4,"0,19",34,"0,22",24,"0,23",20,"0,09",50,"-0,11",18,,20,5,30,"10,80","0,40",5,"18,94",9,"0,20",36,"0,18",33,"0,25",22,"0,12",43,"-0,17",10,"0,61","0,50",32,"26,25",14
SOSSEGO 109P,208384,2016,,P,PO,14764,,1,49,"0,75","0,55",79,"6,01","0,55",33,"-0,23","0,16",64,2,"0,17",41,"0,12",51,"0,20",28,"0,16",31,"-0,22",3,,35,1,36,"11,27","0,42",5,"17,29",12,"0,33",9,"0,26",17,"0,26",20,"0,29",11,"-0,21",5,"0,44","0,42",45,"25,99",14
TRADIÇÃO T61,190729,2015,,P,PO,3638,,1,38,"0,78","0,58",80,"10,73","0,58",7,"-0,79","0,21",79,17,"0,28",11,"0,28",12,"0,34",4,"0,13",39,"-0,01",57,,6,1,35,"5,29","0,47",32,"16,03",15,"0,28",16,"0,26",16,"0,37",5,"0,13",40,"0,01",65,"0,78","0,54",22,"25,89",14
AKSAL REGARD DA RIO DA PAZ TE GENERAL,209005,2017,,P,PO,15956,P,8,164,"1,35","0,71",95,"8,36","0,71",16,"-0,07","0,21",61,2,"0,39",3,"0,29",11,"0,38",2,"0,29",9,"-0,16",9,,9,5,77,"4,21","0,54",41,"12,57",26,"0,34",9,"0,24",20,"0,37",5,"0,26",14,"-0,13",17,"1,05","0,63",10,"25,62",14
BASIN RAINMAKER 4404 Rainmaker 4404,IA1963,2014,,P,IA,22579,G,12,103,"0,58","0,62",70,"8,08","0,65",18,,,,,"0,21",28,"0,05",74,"-0,12",99,"0,34",5,"-0,06",37,,19,6,38,"8,85","0,41",11,"16,93",13,"0,25",24,"0,11",54,"-0,10",97,"0,34",6,"-0,13",18,"0,77","0,49",22,"25,46",15
QUAKER HILL BLINDSIDE SGR BLINDSIDE,IA1902,2015,,P,IA,22520,A,2,29,"-0,23","0,49",23,"8,42","0,48",15,,,,,"0,17",39,"0,05",72,"0,00",86,"0,08",53,"-0,03",45,,20,2,24,"7,95","0,35",15,"16,37",14,"0,20",36,"0,10",58,"0,02",85,"0,08",53,"-0,03",49,"1,57","0,38",2,"25,40",15
CANTÃO,425272,2018,,P,PC,20397,,1,53,"0,20","0,63",47,"8,51","0,62",15,"0,90","0,44",39,1,"0,28",12,"0,18",34,"0,24",15,"0,28",10,"-0,10",22,,13,1,44,"6,98","0,56",20,"15,48",16,"0,30",14,"0,20",29,"0,27",17,"0,29",11,"-0,12",20,"0,60","0,54",33,"25,28",15
SÃO XAVIER 2284 MONT BLACK TE,212343,2016,,P,PO,508,,1,31,"0,57","0,56",68,"8,63","0,55",14,,,,,"0,20",29,"0,13",49,"0,12",56,"0,23",16,"-0,05",39,,17,1,17,"7,79","0,41",16,"16,42",14,"0,15",51,"0,12",51,"0,08",72,"0,19",25,"-0,09",27,"1,56","0,49",2,"25,21",15
SANTA THEREZA 2773,384237,2014,,P,PC,3108,,1,20,"-0,48","0,50",13,"10,43","0,46",7,"1,96","0,21",18,9,"0,26",15,"0,22",25,"0,27",12,"0,22",18,"-0,01",57,,8,1,8,"6,38","0,35",23,"16,81",13,"0,23",27,"0,12",50,"0,26",20,"0,24",18,"-0,01",57,"0,58","0,35",34,"25,19",15
BUFORD BLUESTEM 9974,IA1282,2009,,P,IA,17737,,13,197,"0,24","0,74",50,"5,04","0,74",42,"2,46","0,35",12,102,"0,26",16,"0,32",8,"0,20",26,"0,22",17,"-0,21",3,,32,12,134,"9,30","0,60",10,"14,34",20,"0,34",9,"0,46",2,"0,29",14,"0,26",14,"-0,24",3,"0,69","0,67",27,"25,07",15
TIMBAÚVA 9046 BRUISER TIMB. 11,432665,2019,,P,PC,14168,,1,34,"-0,76","0,55",7,"9,55","0,52",10,,,,,"0,25",17,"0,23",24,"0,12",53,"0,23",15,"-0,14",12,,11,1,11,"6,47","0,36",23,"16,03",15,"0,29",15,"0,18",31,"0,17",46,"0,24",17,"-0,21",5,"0,52","0,40",38,"25,02",15
RINCON 0902 DEL SARANDY EL SAYCAN,112469,2005,,P,PO,7287,T,24,362,"0,68","0,80",75,"9,44","0,80",11,"4,50","0,52",2,336,"0,28",12,"0,17",37,"0,19",30,"0,27",11,"-0,21",3,,10,21,252,"6,19","0,69",25,"15,63",15,"0,29",14,"0,16",38,"0,16",49,"0,31",9,"-0,17",10,"0,46","0,71",44,"24,94",16
HOOVER DAM,IA1514,2008,,P,IA,21143,,2,32,"-0,31","0,48",19,"5,68","0,45",36,"1,82","0,06",21,4,"0,15",46,"0,08",66,"0,06",72,"0,06",59,"-0,09",25,,39,2,21,"8,84","0,31",11,"14,52",19,"0,22",30,"0,14",45,"0,15",51,"0,11",44,"-0,08",30,"2,03","0,35",1,"24,83",16
CIA.AZUL 5162 ROGER CINCH,231506,2019,,P,PO,8538,,1,28,"2,05","0,57",99,"6,57","0,54",29,,,,,"0,32",7,"0,27",14,"0,29",9,"0,25",14,"-0,11",17,,18,1,15,"6,57","0,40",22,"13,13",24,"0,38",5,"0,30",10,"0,39",4,"0,33",7,"-0,14",14,"0,51","0,43",39,"24,79",16
VPJ BLACK DOTTY N.WORTH,154528,2012,,P,PO,8629,,2,37,"0,07","0,53",39,"5,59","0,51",37,,,,,"0,32",7,"0,24",20,"0,22",21,"0,19",24,"-0,07",31,,24,2,28,"8,57","0,40",13,"14,17",21,"0,36",7,"0,24",19,"0,23",27,"0,25",16,"-0,06",37,"0,14","0,47",67,"24,77",16
9 MILE ENTERPRISE 8180,IA2110,2018,,V,IA,23758,,3,72,"-0,83","0,55",7,"5,39","0,54",39,,,,,"0,29",10,"0,55",1,"0,37",2,"-0,09",94,"0,02",68,,27,3,64,"5,37","0,41",31,"10,76",34,"0,38",5,"0,60",1,"0,53",1,"-0,07",89,"0,00",60,"1,69","0,50",1,"24,67",16
TRADIÇÃO T73,190739,2015,,P,PO,3638,,2,56,"0,71","0,60",76,"8,16","0,62",17,"-0,10","0,22",62,12,"0,27",13,"0,18",35,"0,22",23,"0,30",8,"0,03",71,,15,2,54,"7,13","0,51",19,"15,28",17,"0,22",29,"0,11",55,"0,20",35,"0,34",7,"0,03",72,"0,89","0,59",17,"24,58",17
QUAKER HILL DEACON 5EX6 DEACON,IA1888,2015,,P,IA,22520,G,8,68,"1,12","0,58",92,"8,82","0,60",13,"1,60","0,12",25,4,"0,15",47,"-0,11",97,"-0,03",91,"0,34",5,"0,06",84,,20,6,53,"7,04","0,46",20,"15,86",15,"0,18",42,"-0,13",98,"-0,01",90,"0,34",6,"0,09",87,"1,73","0,55",1,"24,45",17
SAF FAME,IA636,1993,,P,IA,23805,,6,41,"0,81","0,49",82,"7,76","0,53",20,"1,70","0,23",23,64,"0,22",23,"0,11",53,"0,08",68,"0,35",4,"0,04",77,,20,5,33,"6,99","0,40",20,"14,74",18,"0,25",22,"0,14",42,"0,13",57,"0,35",6,"0,04",74,"1,18","0,36",7,"24,35",17
CONNEALY RIGHT ANSWER 746,IA1239,2007,,P,IA,23805,,14,157,"-0,28","0,59",21,"4,89","0,66",44,"2,86","0,27",8,47,"0,21",25,"0,06",71,"0,10",63,"0,21",19,"-0,01",56,,38,8,39,"9,57","0,48",9,"14,46",20,"0,32",10,"0,10",58,"0,14",54,"0,29",11,"-0,02",51,"0,72","0,54",25,"24,34",17
TRADIÇÃO 2064 BEEF,372387,2013,,P,PC,3638,R,2,40,"0,32","0,47",55,"6,70","0,57",28,"0,97","0,24",38,15,"0,20",31,"0,09",60,"0,11",59,,,"-0,05",38,,28,2,38,"9,37","0,47",9,"16,07",15,"0,24",27,"0,16",38,"0,14",53,,,"-0,05",42,"0,72","0,53",25,"24,28",17
CORONEL REGARD DA RIO DA PAZ TE CORONEL,218220,2018,,P,PO,15956,P,3,55,"1,16","0,59",92,"9,59","0,61",10,,,,,"0,34",5,"0,39",3,"0,42",1,"0,10",47,"-0,08",26,,7,2,24,"3,41","0,46",49,"13,00",25,"0,31",12,"0,28",13,"0,42",2,"0,06",57,"-0,04",44,"0,79","0,53",21,"24,08",17
EF COMPLEMENT 8088,IA1389,2008,,P,IA,17737,,22,393,"-0,45","0,81",14,"4,83","0,80",44,"4,41","0,49",2,264,"0,13",54,"0,08",65,"-0,01",88,"0,14",37,"-0,05",39,,47,21,336,"11,42","0,71",4,"16,25",14,"0,33",10,"0,25",18,"0,14",55,"0,28",12,"-0,10",25,"0,27","0,75",58,"23,92",18
S A V CHECKMATE 8158 CHECKMATE,IA2075,2018,,P,IA,22588,,28,237,"-0,81","0,76",7,"7,49","0,75",23,"-0,38","0,17",72,2,"0,25",17,"0,32",8,"0,26",13,"0,06",60,"-0,02",49,,19,18,139,"7,98","0,59",15,"15,47",16,"0,26",19,"0,31",10,"0,30",12,"0,03",68,"-0,08",30,"0,19","0,66",64,"23,46",18
CANTÃO,417039,2017,,P,PC,20397,,1,71,"0,24","0,65",50,"7,82","0,64",20,"0,37","0,38",52,2,"0,26",15,"0,13",48,"0,21",25,"0,29",10,"-0,05",38,,16,1,47,"5,69","0,55",28,"13,51",23,"0,31",12,"0,17",35,"0,24",26,"0,29",10,"-0,03",49,"0,77","0,53",22,"23,44",18
TRADIÇÃO 2011,372471,2013,,P,PC,3638,,2,101,,,,"8,21","0,59",17,"2,71","0,30",9,83,"0,36",3,"0,37",4,"0,32",6,"0,25",13,"0,05",78,,10,1,79,"4,29","0,48",41,"12,51",26,"0,36",7,"0,29",12,"0,29",14,"0,23",18,"0,08",84,"0,22","0,57",62,"23,44",18
BASCO LUCKY 822,184723,2014,,P,PO,4074,,2,24,"0,92","0,41",86,"7,79","0,40",20,"-2,11","0,15",94,6,"0,20",29,"0,19",31,"0,18",32,"0,05",64,"0,00",61,,21,1,8,"7,78","0,31",16,"15,58",16,"0,23",28,"0,15",41,"0,22",31,"0,04",63,"0,02",68,"0,44","0,38",45,"22,85",19
B & J CAVALIER Cavalier,IA2038,2018,,P,IA,23709,G,8,51,"0,33","0,54",55,"8,19","0,53",17,,,,,"0,28",11,"0,23",24,"0,20",28,"0,29",9,"-0,12",15,,14,1,6,"4,23","0,28",41,"12,42",26,"0,27",18,"0,17",35,"0,18",41,"0,28",12,"-0,17",10,"1,11","0,24",8,"22,83",19
SÃO XAVIER 1826 JACARTA TE,184891,2014,,P,PO,508,,1,52,"0,43","0,57",61,"5,10","0,59",42,"0,96","0,24",38,12,"0,23",22,"0,23",22,"0,30",8,"0,09",49,"-0,05",39,,35,1,40,"9,18","0,47",10,"14,28",20,"0,25",23,"0,20",27,"0,36",6,"0,13",38,"-0,05",40,"0,58","0,55",34,"22,81",19
SANTA JOANA 1791,362616,2012,,P,PC,15398,,1,44,"0,52","0,59",66,"5,97","0,57",33,"0,58","0,27",47,28,"0,30",9,"0,08",64,"0,13",49,,,"-0,14",11,,23,1,34,"5,84","0,46",27,"11,81",29,"0,31",12,"0,02",79,"0,10",67,,,"-0,16",12,"0,86","0,51",18,"22,73",19
TRADIÇÃO 2005,372393,2013,,P,PC,3638,,1,137,"0,30","0,69",53,"7,88","0,69",19,"0,66","0,41",45,74,"0,29",10,"0,18",35,"0,27",11,"0,30",8,"-0,10",22,,14,1,126,"6,48","0,60",23,"14,36",20,"0,26",20,"0,17",35,"0,26",21,"0,33",7,"-0,10",25,"0,07","0,56",72,"22,56",19
REDBAR NET WORTH D168 FINAL ANSWER,183971,2014,,P,PO,9271,,1,36,"1,51","0,59",97,"6,15","0,57",32,"0,21","0,26",55,24,"0,34",5,"0,34",6,"0,34",4,"0,26",12,"0,05",80,,19,1,26,"4,35","0,47",40,"10,50",35,"0,32",10,"0,25",17,"0,33",9,"0,26",14,"0,01",65,"0,94","0,53",14,"22,28",20
CANTÃO,417098,2017,,P,PC,20397,,1,32,"0,69","0,50",75,"9,38","0,48",11,"1,11","0,16",35,11,"0,26",14,"0,26",17,"0,31",7,"0,22",17,"-0,10",21,,11,1,27,"4,28","0,37",41,"13,66",22,"0,24",25,"0,23",22,"0,28",15,"0,23",18,"-0,10",25,"0,66","0,34",28,"22,20",20
SANTO ANTÃO NET WORTH 843,178023,2014,,P,PO,14982,,2,26,"1,26","0,50",94,"8,08","0,51",18,"0,56","0,23",47,13,"0,30",9,"0,24",19,"0,26",12,,,"-0,05",39,,13,2,16,"5,65","0,38",28,"13,73",22,"0,29",15,"0,21",26,"0,28",16,,,"-0,06",38,"-0,04","0,44",78,"22,12",20
SAV PEACE OF MIND 5070,IA917,2005,,P,IA,23805,,4,42,"1,42","0,62",96,"6,50","0,59",30,"4,71","0,26",1,70,"0,32",7,"0,15",42,"0,17",38,"0,34",5,"-0,10",20,,18,4,30,"4,95","0,46",35,"11,45",31,"0,29",15,"0,08",64,"0,12",60,"0,35",6,"-0,16",12,"0,69","0,49",26,"21,95",20
AAR TEN X 7008 SA TEN X,IA1561,2007,,P,IA,13096,,8,83,"0,13","0,68",43,"8,33","0,67",16,"2,09","0,23",16,10,"0,17",39,"-0,06",93,"0,01",85,"0,21",19,"-0,03",49,,21,8,60,"5,92","0,55",26,"14,25",20,"0,21",31,"-0,02",88,"0,01",86,"0,24",17,"-0,05",42,"1,01","0,62",12,"21,90",20
CIA.AZUL 5148 SERTÃO MAXI,233385,2019,,P,PO,8538,T,1,38,"1,54","0,59",97,"7,62","0,56",21,,,,,"0,31",8,"0,17",36,"0,19",31,"0,35",4,"0,04",75,,14,1,12,"6,29","0,40",24,"13,91",22,"0,27",18,"0,14",42,"0,14",54,"0,30",10,"0,04",73,"-0,16","0,47",84,"21,90",20
SÃO BIBIANO PROFITBUILDER 7917 TATANKA,220840,2018,,V,PO,110,R,2,23,"-0,59","0,45",10,"7,28","0,47",24,,,,,"0,26",15,"0,34",6,"0,30",7,"0,15",33,"-0,01",55,,19,2,14,"3,25","0,34",51,"10,53",35,"0,32",11,"0,33",8,"0,38",4,"0,15",34,"0,03",72,"1,40","0,39",3,"21,87",20
SÃO BIBIANO LIDER 7995,224701,2019,,P,PO,110,,1,36,"0,62","0,52",71,"9,60","0,51",10,,,,,"0,26",14,"0,32",8,"0,36",3,"0,00",76,"-0,03",47,,10,1,14,"2,82","0,37",55,"12,42",26,"0,25",22,"0,24",19,"0,40",3,"-0,00",76,"0,01",64,"1,04","0,38",11,"21,77",21
RECALADA 28 BOLSONARO SOUTH DAKOTA 776,206397,2016,,P,PO,21701,,1,35,"2,15","0,55",99,"8,15","0,52",17,,,,,"0,31",8,"0,06",71,"0,27",12,"0,20",22,"0,09",90,,12,,0,"4,86","0,36",36,"13,01",24,"0,28",17,"0,02",80,"0,26",19,"0,17",30,"0,11",91,"0,14","0,40",67,"21,75",21
SAV BRAND NAME 9115 BRAND NAME,IA1235,2009,,P,IA,23805,,22,164,"0,62","0,75",72,"7,82","0,76",20,"1,92","0,48",19,282,"0,32",7,"0,31",10,"0,34",4,"0,17",28,"0,01",65,,13,20,127,"3,53","0,66",48,"11,34",31,"0,26",20,"0,25",18,"0,37",5,"0,12",41,"0,02",68,"0,96","0,73",13,"21,74",21
SAV REIGN 6845,IA1941,2016,,P,IA,22588,,23,259,"0,64","0,76",73,"5,47","0,76",38,"0,39","0,23",51,12,"0,20",30,"0,20",28,"0,19",30,"0,02",70,"-0,15",11,,35,18,181,"7,28","0,63",18,"12,75",25,"0,26",21,"0,28",13,"0,28",15,"0,02",70,"-0,24",3,"1,01","0,71",12,"21,74",21
SS OBJECTIVE T510 0T26,IA1225,2000,,P,IA,23805,,2,47,"0,28","0,59",53,"10,75","0,57",7,"1,29","0,23",31,59,"0,16",44,"0,19",32,"-0,00",86,"0,28",10,"-0,21",4,,11,2,44,"5,61","0,45",28,"16,36",14,"0,12",62,"0,12",51,"-0,05",94,"0,28",12,"-0,21",5,"0,83","0,48",20,"21,71",21
SINUELO 545 RESOURCE FALUCHO,232575,2019,,P,PO,21014,,1,32,"1,29","0,42",94,"8,55","0,41",14,,,,,"0,16",43,"0,16",39,"0,21",25,"0,09",48,,,,21,1,32,"7,25","0,34",18,"15,80",15,"0,21",32,"0,18",33,"0,27",18,"0,13",38,"-0,06",38,"0,27","0,42",58,"21,52",21
SANTA JOANA 1866,362713,2012,,P,PC,15398,,2,99,"0,78","0,69",81,"5,14","0,67",41,"6,78","0,33",1,92,"0,34",5,"0,38",4,"0,35",3,,,"-0,26",1,,24,1,80,"6,42","0,55",23,"11,56",30,"0,41",3,"0,47",2,"0,43",2,,,"-0,28",1,"-0,53","0,61",96,"21,51",22
Performance Qualidade de carne Adaptação CIA.AZUL TE3594 WEST RIVER ZORZAL,202019,2016,,P,PO,8538,,1,20,"0,25","0,49",51,"7,58","0,48",22,"-1,24","0,26",85,20,"0,27",13,"0,17",36,"0,09",65,"0,27",11,"0,01",66,,17,1,16,"4,20","0,38",42,"11,78",30,"0,27",18,"0,08",63,"0,10",66,"0,24",17,"0,02",69,"0,92","0,35",15,"21,48",22
MOHNEN SOUTH DAKOTA 402 DAKOTA,IA1519,2012,,P,IA,16783,,21,300,"0,58","0,74",69,"7,81","0,75",20,"1,09","0,38",35,144,"0,24",18,"0,19",31,"0,20",27,"0,20",21,"-0,01",57,,18,17,207,"6,20","0,63",25,"14,01",21,"0,24",26,"0,17",34,"0,22",29,"0,22",20,"0,01",64,"0,28","0,71",57,"21,46",22
RED HONK TONK 1885 TELLECHEA,180608,2014,,V,PO,18551,,2,35,"-0,31","0,54",19,"6,68","0,52",28,"-1,29","0,09",85,1,"0,18",35,"0,12",52,"0,15",44,"0,13",37,"-0,18",6,,29,2,25,"7,32","0,38",18,"14,00",21,"0,18",42,"0,16",39,"0,17",45,"0,16",33,"-0,22",4,"0,96","0,43",13,"21,42",22
SAV CLARK 8374,IA1090,2008,,P,IA,23805,M,9,36,"0,69","0,48",76,"6,87","0,53",27,"2,59","0,23",10,29,"0,22",23,"0,09",62,"0,17",37,"0,15",32,"0,05",79,,24,6,27,"6,29","0,41",24,"13,16",24,"0,24",27,"0,10",58,"0,22",29,"0,15",35,"0,03",71,"0,77","0,44",22,"21,41",22
CONNEALY EARNAN 076E,IA1341,2010,,P,IA,10379,,20,92,"0,10","0,59",41,"7,96","0,65",19,"0,01","0,25",59,65,"0,20",31,"0,19",32,"0,17",38,"0,18",24,"-0,03",48,,21,13,56,"7,12","0,49",19,"15,08",17,"0,22",29,"0,22",23,"0,12",59,"0,20",23,"-0,02",52,"0,14","0,57",67,"21,27",22
S2 GAR INTEGRITY 13036 WORTH 4200,168534,2013,,P,PO,6667,,3,38,"0,02","0,60",35,"7,93","0,60",19,"0,94","0,29",39,34,"0,29",10,"0,31",9,"0,25",15,"0,25",14,"-0,13",13,,14,3,25,"5,21","0,47",33,"13,14",24,"0,32",11,"0,24",19,"0,29",14,"0,19",24,"-0,10",23,"-0,25","0,51",88,"21,22",22
GAP FIV4611,185552,2013,,P,PO,2555,,2,53,"-0,17","0,64",25,"6,04","0,62",33,"-0,28","0,31",70,17,"0,32",7,"0,20",30,"0,13",51,,,"-0,20",4,,21,2,44,"4,46","0,51",39,"10,50",35,"0,37",6,"0,16",37,"0,11",63,,,"-0,22",4,"0,31","0,57",55,"21,17",22
CONNEALY FINAL PRODUCT,IA1220,2007,,P,IA,23805,,8,263,"0,46","0,74",62,"7,68","0,74",21,"2,99","0,25",7,35,"0,25",16,"0,20",28,"0,21",25,"0,31",7,"0,08",89,,17,8,222,"5,54","0,62",29,"13,22",23,"0,26",21,"0,12",52,"0,12",58,"0,27",13,"0,11",91,"0,29","0,73",56,"21,07",22
SANTA JOANA 2726,427466,2018,,P,PC,15398,,1,30,"0,76","0,52",79,"7,41","0,50",23,"0,41","0,08",50,3,"0,21",28,"0,24",20,"0,16",42,"0,11",44,"-0,09",25,,23,1,23,"7,54","0,35",17,"14,95",18,"0,25",22,"0,28",14,"0,19",40,"0,15",34,"-0,05",41,"-0,16","0,42",84,"21,07",23
BALDRIDGE BRONC,IA1867,2015,,P,IA,22483,M,3,28,"-0,07","0,50",30,"5,17","0,49",41,"1,38","0,11",29,2,"0,12",59,"0,08",64,"0,12",56,"0,14",36,"-0,03",47,,46,2,20,"9,62","0,37",8,"14,79",18,"0,17",47,"0,13",47,"0,17",44,"0,13",38,"-0,06",37,"0,90","0,44",16,"20,98",23
BASCO SUEZ YESQUERO 1253TE,215880,2017,,V,PO,4074,,1,44,"1,44","0,58",96,"6,60","0,55",29,"-1,36","0,16",87,1,"0,27",13,"0,28",14,"0,24",16,"0,15",32,"-0,03",44,,22,1,19,"3,77","0,37",45,"10,36",36,"0,25",23,"0,26",16,"0,22",28,"0,20",23,"-0,07",34,"1,43","0,33",3,"20,96",23
RAML RANGEFINDER 7536 RANGEFINDER,IA1981,2017,,P,IA,23492,A,2,25,"0,12","0,49",43,"8,42","0,47",15,,,,,"0,21",26,"0,13",47,"0,17",36,"0,26",12,"-0,26",1,,17,2,18,"6,62","0,33",22,"15,03",18,"0,27",19,"0,16",37,"0,24",25,"0,28",12,"-0,24",3,"-0,31","0,34",91,"20,93",23
CANTÃO,425258,2018,,P,PC,20397,,1,42,"0,41","0,61",60,"8,38","0,60",16,"0,67","0,39",45,2,"0,23",20,"0,16",39,"0,13",49,"0,29",9,"-0,09",24,,16,1,30,"4,35","0,52",40,"12,73",25,"0,22",30,"0,14",43,"0,13",56,"0,29",11,"-0,08",31,"0,82","0,53",20,"20,82",23
CONNEALY LEGENDARY 644L,IA1922,2016,,P,IA,22305,M,18,210,"-0,56","0,74",11,"8,10","0,72",18,"0,70","0,19",44,41,"0,20",30,"0,22",26,"0,12",54,"0,30",8,"-0,15",11,,19,13,144,"5,57","0,57",29,"13,66",22,"0,21",32,"0,22",24,"0,11",62,"0,21",22,"-0,13",17,"0,67","0,63",28,"20,80",23
MC CUMBER STEADFAST 635 STEADFAST,IA2094,2016,,P,IA,22390,K,6,25,"0,58","0,42",69,"8,19","0,43",17,,,,,"0,19",35,"0,30",10,"0,19",30,"0,10",47,"0,05",79,,20,4,15,"6,91","0,30",20,"15,11",17,"0,25",23,"0,30",10,"0,24",24,"0,16",33,"0,05",77,"-0,26","0,36",88,"20,49",23
LEACHMAN FIELD DAY A614N,IA814,2003,,V,IA,23805,M,30,449,"0,04","0,74",37,"8,09","0,81",18,"-0,39","0,54",73,282,"0,22",24,"0,12",50,"0,18",32,"0,21",19,"-0,05",40,,18,25,279,"4,85","0,70",36,"12,94",25,"0,25",24,"0,14",44,"0,19",37,"0,21",22,"-0,04",46,"0,47","0,75",42,"20,39",24
CIA.AZUL TE4066 RESOURCE QUEBRACHO CAPITÃO,222258,2017,,P,PO,8538,P,4,169,"-0,41","0,71",16,"7,95","0,71",19,"-2,15","0,30",94,8,"0,27",12,"0,22",24,"0,22",23,"0,24",14,"-0,11",17,,15,3,75,"3,20","0,56",51,"11,15",33,"0,28",17,"0,13",46,"0,21",33,"0,17",29,"-0,14",16,"0,69","0,56",27,"20,34",24
SAV SEEDSTOCK 4838,IA1313,2014,,P,IA,22588,,2,28,"0,80","0,57",81,"8,41","0,56",16,"1,22","0,30",32,17,"0,23",20,"0,17",35,"0,16",42,"0,22",17,"-0,08",27,,15,2,20,"4,95","0,47",35,"13,36",23,"0,24",26,"0,16",36,"0,15",51,"0,26",15,"-0,13",17,"0,22","0,49",62,"20,33",24
SAV ANGUS VALLEY 1867,IA1372,2011,,P,IA,22588,,46,569,"-0,62","0,83",10,"4,45","0,83",48,"2,52","0,53",11,382,"0,13",54,"0,10",58,"0,07",71,"0,14",36,"-0,12",16,,50,38,408,"8,72","0,74",12,"13,17",24,"0,20",34,"0,15",40,"0,12",59,"0,21",22,"-0,12",20,"0,99","0,80",12,"20,30",24
LARSON SUN KING 016,IA1345,2010,,V,IA,14435,M,9,67,"-1,29","0,49",3,"4,98","0,56",43,"-0,91","0,17",81,41,"0,10",64,"0,04",76,"0,03",81,"0,26",12,"0,05",80,,49,8,36,"10,43","0,38",6,"15,41",16,"0,15",52,"0,08",64,"0,10",65,"0,26",14,"0,10",89,"0,50","0,46",41,"20,24",24
PAMPEANO 1971 LUCIDO DON QUIXOTE 668 PREDOMINANT,216315,2016,,P,PO,23219,R,7,157,"0,34","0,72",56,"6,49","0,71",30,"-1,15","0,17",84,12,"0,30",9,"0,35",5,"0,32",6,"-0,02",81,"0,06",82,,20,6,108,"5,25","0,55",32,"11,74",30,"0,25",23,"0,33",7,"0,34",8,"-0,03",83,"0,08",84,"0,23","0,57",61,"20,09",25
WORTHINGTON ALL PROFIT 576,IA1924,2015,,P,IA,23232,M,2,20,"0,21","0,45",48,"8,00","0,44",18,"1,76","0,15",22,4,"0,06",75,"0,01",83,"0,02",82,"0,19",23,"-0,07",30,,32,2,17,"9,26","0,34",10,"17,26",12,"0,08",71,"0,05",72,"0,03",83,"0,23",19,"-0,11",22,"0,47","0,35",43,"20,08",25
SANTA JOANA 0130,231044,2019,,P,PO,15398,,1,34,"0,68","0,55",75,"6,88","0,53",27,"4,33","0,19",2,2,"0,14",51,"0,18",33,"0,09",64,"0,21",19,"-0,20",5,,32,1,21,"7,34","0,41",18,"14,22",20,"0,24",25,"0,26",16,"0,16",49,"0,31",9,"-0,23",4,"0,27","0,43",58,"20,06",25
SAV REAL PERFORMANCE 4876,IA1726,2014,,P,IA,10379,,12,133,"0,90","0,70",85,"5,08","0,70",42,"-0,35","0,33",72,76,"0,25",17,"0,06",71,"0,05",76,"0,13",39,"0,06",82,,33,12,106,"5,56","0,58",29,"10,64",35,"0,30",13,"0,16",38,"0,11",61,"0,11",44,"0,05",76,"0,59","0,63",33,"19,98",25
SOLDERA 6019 BISMARK,195499,2016,,P,PO,15061,,1,34,"-0,29","0,48",20,"8,86","0,51",13,"0,49","0,18",49,2,"0,15",46,"0,16",40,"0,16",41,"0,08",52,"0,05",79,,19,1,16,"4,43","0,37",39,"13,29",23,"0,17",47,"0,11",54,"0,16",48,"0,08",51,"0,07",82,"1,15","0,41",7,"19,91",25
S2 PREDESTINED 1430 GREAT DIVIDE,177948,2014,,P,PO,6667,,1,32,"1,26","0,43",94,"9,85","0,56",9,"0,67","0,19",45,11,"0,27",13,"0,18",34,"0,26",12,"0,30",8,"-0,10",21,,9,1,18,"2,57","0,41",58,"12,42",26,"0,22",30,"0,10",56,"0,21",32,"0,33",7,"-0,11",21,"0,43","0,45",46,"19,90",25
CIA.AZUL 4152 WOLF GAITEIRO,209334,2017,,P,PO,8538,,1,55,"-0,37","0,58",16,"9,62","0,57",10,"0,51","0,15",48,2,"0,24",19,"0,05",73,"0,18",35,"0,21",19,"-0,10",19,,11,1,42,"2,67","0,43",57,"12,29",27,"0,20",36,"0,03",77,"0,18",42,"0,13",40,"-0,21",5,"0,83","0,48",19,"19,84",26
GAP D061,331573,2011,,V,PC,2555,,2,215,"1,02","0,78",89,"4,94","0,76",43,"-0,06","0,41",61,86,"0,31",8,"0,22",24,"0,13",52,,,"-0,11",17,,28,2,158,"5,71","0,63",28,"10,65",35,"0,35",7,"0,22",23,"0,15",52,,,"-0,15",12,"-0,23","0,68",87,"19,81",26
TRADIÇÃO T68 PALANQUE,190734,2015,,P,PO,3638,R,15,268,"1,17","0,77",93,"7,12","0,77",26,"0,72","0,42",43,31,"0,28",11,"0,24",21,"0,35",3,"0,12",39,"0,10",92,,18,13,181,"2,49","0,66",59,"9,60",40,"0,25",22,"0,22",24,"0,37",5,"0,12",41,"0,14",94,"1,20","0,71",6,"19,77",26
GAP 6639,228559,2019,,P,PO,23388,,1,38,"-0,42","0,60",15,"3,15","0,57",61,,,,,"0,22",23,"0,32",8,"0,20",26,"0,01",74,"-0,24",2,,49,1,11,"7,10","0,40",19,"10,25",37,"0,23",29,"0,32",8,"0,23",27,"0,01",73,"-0,17",9,"1,25","0,43",6,"19,75",26
SAV 707 RITO 9969,IA1249,2009,,P,IA,23805,,11,62,"1,06","0,63",90,"3,53","0,62",58,"1,29","0,29",31,85,"0,21",25,"0,17",35,"0,25",15,"0,09",48,"-0,05",39,,47,10,46,"8,27","0,50",14,"11,80",29,"0,25",24,"0,19",31,"0,29",14,"0,06",59,"-0,08",32,"0,47","0,51",43,"19,75",26
GAP T001/17,415498,2017,,P,PC,2555,,1,29,"-0,03","0,56",33,"5,24","0,53",40,"2,03","0,18",17,2,"0,19",32,"0,18",35,"0,17",37,"0,24",14,"-0,10",21,,38,1,10,"8,86","0,38",11,"14,10",21,"0,25",23,"0,17",36,"0,18",40,"0,25",16,"-0,15",14,"-0,34","0,46",92,"19,72",26
SÃO XAVIER 2442 NOSTRADAMUS TE,213246,2017,,P,PO,508,,1,36,"0,78","0,52",81,"7,27","0,57",24,"0,79","0,19",42,4,"0,35",4,"0,39",3,"0,37",3,"0,16",29,"-0,04",44,,13,1,27,"2,30","0,44",61,"9,57",40,"0,32",11,"0,27",14,"0,37",6,"0,11",45,"-0,03",47,"0,31","0,50",55,"19,67",26
BASCO MULBERRY 1283,212509,2017,,V,PO,4074,,1,40,"1,13","0,56",92,"6,66","0,53",29,,,,,"0,25",17,"0,35",5,"0,31",7,"0,07",56,"0,02",67,,23,1,10,"4,83","0,33",36,"11,48",31,"0,26",21,"0,34",6,"0,34",8,"0,05",61,"0,02",69,"0,45","0,39",44,"19,59",27
NET WORTH DE CANTAGALO 3845 MASTER,169670,2013,,P,PO,275,P,3,58,"0,87","0,41",84,"5,48","0,54",38,"2,21","0,26",15,22,"0,19",33,"0,23",23,"0,12",53,"0,16",30,"-0,05",39,,36,3,52,"5,87","0,45",27,"11,36",31,"0,25",24,"0,29",12,"0,18",42,"0,17",29,"-0,07",34,"0,90","0,52",16,"19,58",27
INDIO NUEVO 411 ATORRANTE 28 TE ATORRANTE,IA2142,2016,,P,IA,23718,K,5,23,"1,49","0,52",96,"6,23","0,50",32,,,,,"0,28",12,"0,32",9,"0,25",14,"-0,07",91,"0,04",77,,23,3,11,"3,03","0,40",53,"9,26",42,"0,29",16,"0,31",10,"0,27",17,"-0,10",94,"0,05",78,"0,99","0,45",12,"19,44",27
BROWN JYJ REDEMPTION Y1334 Redemption,IA1420,2011,,V,IA,16477,G,40,561,"-1,59","0,83",2,"2,90","0,82",64,"1,30","0,44",31,210,"0,09",67,"0,14",45,"0,09",66,"-0,02",81,"0,03",71,,65,35,413,"10,68","0,72",6,"13,58",23,"0,23",27,"0,28",13,"0,23",26,"0,02",70,"0,07",82,"0,41","0,78",47,"19,42",27
SAV TECHNIQUE 5120,IA1973,2015,,P,IA,22588,T,3,34,"0,67","0,59",74,"8,11","0,58",18,"0,48","0,18",49,6,"0,15",45,"0,02",79,"0,13",50,"0,18",26,"-0,08",27,,23,3,21,"5,32","0,44",31,"13,44",23,"0,18",40,"0,02",79,"0,11",63,"0,17",29,"-0,07",35,"0,69","0,46",27,"19,40",27
RRA ONE AND ONLY 733,IA2097,2017,,V,IA,26075,,8,115,"-0,43","0,64",15,"3,26","0,65",60,,,,,"0,21",28,"0,15",42,"0,19",31,"0,03",68,"0,01",63,,50,7,92,"8,68","0,51",12,"11,94",29,"0,24",26,"0,20",28,"0,25",23,"0,08",53,"-0,01",57,"0,31","0,58",54,"19,33",28
TRES MARIAS 9935 CURRENCY 6764 TE NAVAJO,IA1843,2013,,P,IA,5150,K,5,56,"0,01","0,57",35,"7,43","0,55",23,"-1,55","0,25",89,6,"0,22",22,"-0,01",86,"0,15",42,"0,28",10,"0,03",72,,22,4,40,"4,52","0,44",38,"11,96",28,"0,21",31,"-0,07",94,"0,14",54,"0,32",8,"0,07",84,"0,63","0,50",31,"19,32",28
TÓLIO TE422 FARAÓ FARAÓ,192097,2015,,P,PO,14838,P,4,63,"-0,36","0,66",17,"2,99","0,63",63,"1,24","0,19",32,3,"0,13",55,"0,13",49,"0,14",47,"0,09",49,"-0,08",30,,60,3,43,"9,32","0,49",9,"12,30",27,"0,21",31,"0,13",47,"0,19",38,"0,13",38,"-0,10",23,"0,79","0,52",21,"19,17",28
BIGUÁ 6463 DENSITY TE,184691,2014,,P,PO,18474,,2,261,"-0,28","0,62",20,"7,69","0,59",21,"0,83","0,28",41,38,"0,32",7,"0,33",7,"0,41",1,"0,22",18,"-0,08",27,,13,1,185,"0,83","0,44",74,"8,52",46,"0,31",12,"0,30",11,"0,42",3,"0,22",20,"-0,12",21,"0,85","0,45",18,"19,01",28
CASAMU 7824 LIHUEN ROLLIZO ARECUTRÁN,IA1752,2008,,V,IA,22230,,7,42,"0,58","0,48",69,"4,59","0,53",46,"1,92","0,12",19,10,"0,26",16,"0,28",12,"0,32",6,"0,06",57,"-0,09",24,,35,5,33,"4,85","0,40",36,"9,44",41,"0,31",12,"0,33",8,"0,34",8,"0,12",41,"-0,11",23,"0,50","0,44",40,"18,72",29
REDBAR GRETZKY G395 V64 LODI PRINCE GANADOR,221666,2017,,V,PO,9271,L,4,63,"0,89","0,62",84,"10,37","0,60",8,"1,35","0,08",30,1,"0,28",12,"0,11",55,"0,00",85,"0,50",1,"-0,04",43,,8,4,59,"2,04","0,47",64,"12,41",26,"0,25",22,"0,05",72,"0,00",87,"0,45",2,"-0,07",35,"-0,28","0,57",89,"18,60",29
QUIRI A55,432799,2018,,P,PC,92,,2,37,"0,52","0,51",66,"4,30","0,51",50,,,,,"0,19",35,"0,16",38,"0,22",23,"0,07",56,"-0,03",46,,45,2,27,"8,03","0,39",15,"12,34",27,"0,22",29,"0,15",40,"0,23",28,"0,08",54,"-0,09",27,"0,10","0,46",69,"18,48",29
NICHOLS EXTRA K205,IA1334,2000,,P,IA,17737,,4,22,"1,08","0,15",91,"7,59","0,38",22,"0,82","0,04",41,6,"0,16",42,"0,15",42,"0,21",26,"0,34",5,"-0,09",26,,26,3,8,"5,20","0,21",33,"12,79",25,"0,19",38,"0,15",39,"0,24",25,"0,34",7,"-0,10",24,"0,48","0,13",42,"18,47",29
SAV DUKE 6313,IA1057,2006,,P,IA,23805,,5,33,"-0,11","0,53",28,"7,10","0,52",26,"1,99","0,16",18,76,"0,30",9,"0,20",29,"0,23",19,"0,32",6,"-0,01",54,,17,3,20,"2,23","0,39",62,"9,33",42,"0,30",13,"0,19",30,"0,24",26,"0,28",12,"0,01",62,"0,40","0,48",47,"18,46",29
SAV TEXTBOOK 5115,IA1862,2015,,P,IA,22588,,7,120,"0,65","0,68",73,"7,04","0,66",26,"0,32","0,19",53,18,"0,17",42,"0,08",66,"0,13",52,"0,16",29,"-0,10",20,,29,4,64,"4,74","0,49",37,"11,78",29,"0,18",41,"0,07",66,"0,11",61,"0,14",36,"-0,10",24,"0,93","0,58",14,"18,43",29
Performance Qualidade de carne Adaptação GAP 3867,144521,2010,,P,PO,2555,,2,42,"0,47","0,61",63,"2,37","0,59",68,"0,98","0,29",38,63,"0,14",51,"0,20",30,"0,16",41,"0,19",24,"-0,05",38,,63,2,28,"7,80","0,46",16,"10,17",37,"0,25",25,"0,23",20,"0,26",20,"0,21",21,"-0,13",18,"1,15","0,47",7,"18,42",29
BC CLASSIC 385-7,IA1213,2007,,P,IA,27153,M,9,42,"0,51","0,57",66,"7,59","0,54",22,"1,24","0,16",32,27,"0,26",15,"0,27",15,"0,25",14,"0,08",54,"-0,02",52,,17,7,29,"3,61","0,39",47,"11,20",32,"0,22",31,"0,31",10,"0,22",29,"0,04",64,"-0,06",37,"0,32","0,46",54,"18,30",30
WOODHILL AUGUSTA,IA2024,2018,,P,IA,23642,,21,352,"-0,07","0,77",31,"7,10","0,77",26,"-1,87","0,17",92,21,"0,19",34,"0,09",60,"0,06",73,"0,16",29,"-0,01",55,,26,15,240,"4,01","0,63",43,"11,10",33,"0,24",26,"0,04",74,"0,09",70,"0,23",18,"-0,04",44,"0,67","0,70",28,"18,29",30
SANTA JOANA 2214,398949,2015,,P,PC,15398,,1,35,"1,64","0,52",97,"8,42","0,50",15,"0,55","0,19",47,21,"0,05",77,"0,12",52,"0,06",72,,,"-0,11",18,,31,1,29,"7,00","0,39",20,"15,41",16,"0,06",77,"0,13",48,"0,12",59,,,"-0,12",21,"0,87","0,43",17,"18,24",30
SANTA JOANA 2553,419852,2017,,P,PC,15398,,1,27,"0,19","0,51",47,"6,75","0,49",28,"0,76","0,11",42,8,"0,12",57,"0,14",44,"0,12",54,"0,02",71,"-0,28",1,,35,1,22,"7,77","0,35",16,"14,53",19,"0,12",61,"0,13",47,"0,15",50,"0,03",66,"-0,27",2,"0,26","0,44",59,"18,20",30
WHITESTONE ARMANDO A074,IA1380,2011,,P,IA,16477,,3,35,"1,22","0,43",94,"6,39","0,47",30,"0,87","0,18",40,25,"0,21",26,"0,20",30,"0,16",40,"0,06",61,"-0,10",19,,28,3,27,"3,35","0,36",50,"9,74",39,"0,18",41,"0,19",31,"0,19",37,"0,03",66,"-0,13",18,"1,37","0,38",4,"18,12",30
STEVENSON TURNING POINT,IA1877,2016,,P,IA,22839,,12,133,"-0,99","0,71",4,"10,18","0,69",8,"-0,03","0,18",60,1,"0,20",30,"0,14",43,"0,13",48,"0,13",39,"-0,12",16,,11,8,71,"2,59","0,51",58,"12,77",25,"0,17",47,"0,09",60,"0,15",52,"0,05",60,"-0,13",18,"0,42","0,56",47,"18,11",30
CANTÃO,417101,2017,,V,PC,20397,,1,23,"0,66","0,55",74,"7,29","0,54",24,,,,,"0,15",48,"0,22",26,"0,23",19,"0,19",24,"-0,08",27,,29,1,18,"5,09","0,48",34,"12,37",27,"0,17",46,"0,25",18,"0,25",23,"0,17",31,"-0,08",33,"0,75","0,48",23,"18,10",30
SILVEIRAS MISSION NEXUS 1378,IA1625,2011,,V,IA,17737,,10,60,"-0,72","0,58",8,"4,61","0,59",46,"-0,23","0,20",64,21,"0,21",26,"0,21",27,"0,21",24,"0,17",26,"0,17",98,,40,10,55,"5,70","0,47",28,"10,31",36,"0,26",21,"0,23",20,"0,27",17,"0,15",33,"0,20",99,"0,48","0,52",42,"18,02",31
AGRONEMITZ TE689 MITO,216225,2018,,P,PO,18898,K,1,35,"0,63","0,53",72,"5,94","0,51",34,,,,,"0,26",14,"0,25",18,"0,23",18,"0,09",49,"-0,02",53,,26,1,14,"4,03","0,43",43,"9,96",38,"0,28",17,"0,26",17,"0,26",20,"0,13",39,"-0,02",53,"0,18","0,48",65,"17,89",31
SAV 8180 TRAVELER 004,IA804,2000,,P,IA,23805,,78,1090,"0,51","0,88",65,"5,39","0,88",39,"3,01","0,70",7,1382,"0,17",40,"0,04",75,"0,04",78,"0,28",10,"0,01",63,,39,66,842,"5,81","0,82",27,"11,20",32,"0,18",42,"0,02",79,"0,03",82,"0,29",12,"-0,03",48,"0,82","0,84",20,"17,87",31
SAV HERITAGE 6295 HERITAGE,IA1036,2006,,P,IA,23805,,16,75,"1,34","0,66",95,"5,37","0,66",39,"-0,50","0,28",74,34,"0,22",23,"-0,08",95,"0,10",60,"0,25",14,"0,04",76,,34,13,45,"5,93","0,52",26,"11,30",32,"0,25",23,"-0,04",91,"0,11",61,"0,25",16,"0,05",78,"-0,01","0,57",76,"17,84",31
BARRAGEM TE255 - UPWARD - 808,193117,2015,,P,PO,2251,,1,20,"0,21","0,44",48,"4,54","0,46",47,"0,90","0,13",39,8,"0,12",58,"0,10",57,"0,03",81,"0,00",76,"-0,03",47,,51,1,16,"7,86","0,35",16,"12,39",27,"0,19",39,"0,12",50,"0,10",66,"0,01",75,"-0,05",42,"0,52","0,42",39,"17,82",32
TRES MARIAS A689 GARDEL,IA2369,2015,,P,IA,5150,K,9,56,"0,12","0,61",43,"5,26","0,58",40,"-2,55","0,18",96,3,"0,25",17,"0,27",14,"0,23",18,"0,02",71,"0,09",90,,31,3,10,"5,24","0,38",32,"10,51",35,"0,29",15,"0,20",29,"0,25",22,"0,07",55,"0,15",95,"-0,12","0,44",83,"17,81",32
REDBAR FINAL ANSWER E331 VIGOR,202780,2015,,P,PO,9271,,1,28,"0,08","0,55",40,"6,81","0,53",28,"0,87","0,32",40,23,"0,16",43,"0,13",46,"0,12",56,"0,30",8,"-0,12",17,,30,1,27,"4,81","0,47",36,"11,62",30,"0,15",50,"0,10",58,"0,07",73,"0,30",10,"-0,14",14,"0,92","0,54",15,"17,76",32
TRADIÇÃO T120 GUAPO,221988,2018,,P,PO,3638,P,3,33,"0,79","0,54",81,"6,38","0,56",31,,,,,"0,26",15,"0,12",51,"0,15",42,"0,10",46,"0,08",89,,24,2,15,"2,19","0,42",63,"8,56",46,"0,25",22,"0,12",51,"0,21",32,"0,13",39,"0,04",74,"0,96","0,50",13,"17,70",32
KCF BENNETT TOTAL,IA854,1999,,P,IA,23805,,13,119,"-0,33","0,70",18,"5,60","0,68",37,"3,52","0,32",4,127,"0,11",60,"0,10",59,"0,01",84,"0,16",31,"-0,04",41,,43,11,79,"6,30","0,53",24,"11,90",29,"0,17",45,"0,14",43,"0,14",54,"0,15",35,"-0,09",27,"0,91","0,58",15,"17,67",32
FSL H AVIS TE526,128807,2008,,P,PO,14320,T,4,144,"0,19","0,67",47,"2,31","0,65",68,"0,27","0,22",54,9,"0,13",52,"-0,01",86,"0,03",82,"0,17",26,"0,00",61,,64,4,109,"7,39","0,54",18,"9,70",39,"0,22",30,"0,02",81,"0,14",54,"0,29",12,"-0,04",44,"1,26","0,65",5,"17,66",32
REDBAR BAR EXT V23 VAQUERO,139467,2008,,P,PO,9271,,1,87,"1,08","0,69",91,"5,13","0,67",41,"1,19","0,33",33,69,"0,27",14,"0,30",10,"0,20",27,"0,13",38,"-0,11",18,,31,1,79,"3,14","0,57",52,"8,26",48,"0,34",8,"0,37",5,"0,24",25,"0,12",41,"-0,09",29,"0,42","0,60",47,"17,64",32
REDBAR R48 GRAND CANYON U80,297255,2007,,V,PC,9271,,1,39,"1,02","0,58",89,"2,31","0,55",68,"-0,82","0,18",79,21,"0,14",49,"0,22",25,"0,12",55,"0,18",24,"-0,01",56,,63,1,34,"9,11","0,44",10,"11,41",31,"0,26",20,"0,35",6,"0,24",23,"0,30",9,"-0,02",51,"0,11","0,50",68,"17,63",33
MAR RESPOND 1734,IA1073,2014,,P,IA,16477,,5,34,"0,80","0,49",81,"4,99","0,49",43,"-0,44","0,18",73,15,"0,22",24,"0,10",59,"0,08",68,"0,23",16,"-0,09",24,,37,4,29,"5,31","0,38",32,"10,30",37,"0,27",19,"0,09",60,"0,07",73,"0,24",17,"-0,10",26,"0,25","0,37",60,"17,60",33
CONSENSUS 3002 TELLECHEA,211134,2017,,P,PO,18551,,1,31,"-1,47","0,55",2,"8,50","0,53",15,,,,,"0,19",33,"0,35",6,"0,19",32,"0,12",41,"-0,08",26,,18,1,14,"3,56","0,39",48,"12,05",28,"0,18",43,"0,30",11,"0,15",50,"0,08",52,"-0,07",34,"0,43","0,40",45,"17,60",33
RED RRAR PALERMO 20Y,IA1573,2011,,V,IA,16783,,2,39,"-0,08","0,55",30,"-1,91","0,51",93,"0,80","0,15",42,38,"0,20",31,"0,18",35,"0,13",52,"-0,06",90,"-0,07",31,,83,2,31,"9,86","0,36",8,"7,95",49,"0,29",15,"0,21",24,"0,22",30,"-0,02",79,"-0,07",35,"0,83","0,40",20,"17,49",33
SANTA CECÍLIA 3216,408598,2015,,P,PC,10,,2,42,"0,01","0,60",35,"2,79","0,58",65,"4,46","0,20",2,2,"0,11",61,"0,04",74,"-0,01",88,"0,23",16,"-0,13",13,,64,2,26,"8,56","0,45",13,"11,35",31,"0,25",23,"0,18",32,"0,09",69,"0,34",6,"-0,16",11,"0,42","0,52",47,"17,45",33
ALBARDÃO 471 YESQUERO BRIGADIER HOBO,385011,2014,,V,PC,436,,1,62,"0,07","0,38",39,"5,73","0,54",36,"-1,46","0,24",88,28,"0,27",13,"0,29",12,"0,30",8,"0,19",24,"0,11",93,,27,1,54,"3,37","0,44",50,"9,09",43,"0,27",19,"0,22",22,"0,27",17,"0,17",30,"0,13",93,"0,43","0,52",46,"17,44",33
GAP 5729,198739,2016,,V,PO,2555,,1,27,"0,66","0,52",74,"5,12","0,50",42,"2,11","0,21",16,11,"0,14",51,"0,17",37,"0,14",45,,,"-0,02",51,,44,1,16,"6,86","0,38",21,"11,98",28,"0,17",45,"0,26",16,"0,26",21,,,"-0,01",56,"0,51","0,34",40,"17,30",33
MCPHEE TROPHY 36,IA1817,2013,,V,IA,22574,,3,33,"0,95","0,35",87,"5,57","0,42",37,"1,33","0,14",30,13,"0,16",42,"-0,03",89,"0,06",73,"-0,03",84,"-0,06",36,,38,3,27,"6,51","0,31",22,"12,08",28,"0,19",37,"-0,02",87,"0,08",71,"-0,01",77,"-0,05",41,"0,17","0,39",65,"17,25",33
BIGUÁ 6679 HEAVY HITTER TE,187081,2015,,P,PO,18474,,3,118,"1,21","0,69",93,"5,75","0,69",35,"-3,50","0,35",99,43,"0,22",25,"0,01",83,"0,10",60,"0,00",76,"0,16",98,,31,3,113,"2,43","0,59",60,"8,18",48,"0,23",28,"-0,01",86,"0,15",51,"0,03",66,"0,15",96,"1,34","0,65",4,"17,20",34
CONNEALY IN FOCUS 4925,IA1155,2006,,P,IA,23805,,2,22,"0,45","0,36",62,"4,66","0,43",46,"1,67","0,11",24,12,"0,21",26,"0,21",27,"0,13",52,"0,23",16,"-0,11",18,,40,2,20,"5,31","0,34",31,"9,97",38,"0,18",41,"0,19",29,"0,11",63,"0,21",22,"-0,14",14,"0,76","0,35",22,"17,15",34
SAV FINAL ANSWER 0035,IA872,2000,,P,IA,23805,,65,744,"-0,29","0,86",20,"5,92","0,86",34,"2,88","0,63",8,574,"0,18",38,"0,15",43,"0,12",54,"0,21",19,"-0,09",26,,34,53,489,"3,81","0,78",45,"9,73",39,"0,17",47,"0,06",69,"0,08",72,"0,18",28,"-0,12",19,"1,22","0,81",6,"17,00",34
QUIRI R0118,390085,2013,,V,PC,92,,1,67,"0,06","0,64",38,"7,47","0,62",23,"0,40","0,21",51,29,"0,29",10,"0,35",6,"0,26",12,"0,18",25,"-0,04",42,,16,1,46,"2,62","0,46",58,"10,09",37,"0,28",17,"0,30",11,"0,24",24,"0,14",37,"-0,00",58,"-0,32","0,55",91,"16,95",34
CONNEALY CONFIDENCE PLUS,IA1729,2013,,P,IA,16477,,11,114,"-0,08","0,68",30,"5,22","0,67",41,"0,84","0,18",41,40,"0,26",14,"0,29",12,"0,27",12,"0,13",37,"-0,13",13,,31,9,60,"5,51","0,49",30,"10,73",34,"0,26",20,"0,32",9,"0,28",16,"0,02",70,"-0,10",24,"-0,49","0,59",96,"16,86",35
SANTA EULÁLIA NET WORTH TE1352 MANDRAKE,204162,2016,,P,PO,95,P,3,52,"0,78","0,45",80,"6,92","0,53",27,,,,,"0,20",30,"0,15",41,"0,28",10,"0,08",52,"0,01",64,,26,2,48,"4,07","0,44",43,"10,99",33,"0,20",34,"0,15",41,"0,31",11,"0,06",58,"0,02",68,"0,30","0,43",56,"16,86",35
ANGUS VALLEY TE 2354 TELLECHEA,181086,2014,,P,PO,18551,,2,67,"-0,36","0,63",17,"3,99","0,61",53,"2,32","0,28",13,32,"0,15",47,"0,08",64,"0,10",61,"0,15",34,"-0,07",32,,52,2,55,"4,77","0,50",36,"8,76",45,"0,20",35,"0,14",43,"0,19",38,"0,15",35,"-0,07",33,"1,51","0,52",2,"16,86",35
S2 BANDO 9074 11063 GAR YIELD GRADE,147099,2011,,P,PO,6667,M,6,25,"-0,14","0,45",26,"5,92","0,52",34,"2,30","0,20",14,10,"0,23",19,"0,21",27,"0,12",56,"0,01",75,"-0,24",2,,29,5,18,"2,92","0,41",55,"8,84",44,"0,26",21,"0,18",33,"0,11",63,"0,04",64,"-0,23",3,"0,62","0,48",31,"16,83",35
SAV TEN SPEED 3022,IA1688,2013,,P,IA,16477,,35,291,"0,40","0,76",59,"4,95","0,77",43,"-0,24","0,27",65,46,"0,07",72,"0,04",76,"0,11",59,"0,07",57,"0,02",67,,53,32,192,"8,13","0,63",14,"13,08",24,"0,15",51,"0,05",73,"0,09",69,"0,14",36,"-0,01",54,"0,39","0,71",49,"16,83",35
SÃO XAVIER 2640 TOUR OF DUTY,223785,2018,,P,PO,508,,1,49,"-0,15","0,58",26,"4,95","0,57",43,,,,,"0,23",21,"0,12",50,"0,19",30,"0,06",59,"-0,12",16,,36,1,34,"4,30","0,43",41,"9,25",42,"0,22",30,"0,09",61,"0,17",44,"0,06",57,"-0,12",19,"0,56","0,51",36,"16,68",35
EXAR RESISTOL 3710BB,IA1642,2013,,P,IA,15614,,4,39,"-0,16","0,56",25,"5,27","0,56",40,"2,67","0,15",9,6,"0,07",72,"-0,07",94,"0,00",86,"0,12",41,"0,02",69,,50,3,25,"4,33","0,44",40,"9,60",40,"0,10",68,"-0,05",92,"-0,01",90,"0,16",31,"0,03",70,"2,26","0,47",1,"16,57",35
FSL I BERRIEL 721 TE,134706,2009,,P,PO,14320,,2,23,"0,12","0,47",42,"5,70","0,46",36,"0,18","0,15",56,2,"0,22",24,"0,24",19,"0,15",43,"0,25",13,"-0,06",36,,32,2,22,"3,83","0,37",44,"9,53",40,"0,27",18,"0,26",16,"0,19",36,"0,26",15,"-0,05",42,"0,21","0,48",62,"16,56",35
REDBAR NET WORTH E327 BRIGADIER,202781,2015,,P,PO,9271,,1,23,"0,74","0,54",77,"5,59","0,54",37,"0,50","0,35",48,11,"0,23",20,"0,12",51,"0,20",29,"0,14",36,"0,02",66,,31,1,23,"2,33","0,48",61,"7,91",49,"0,24",26,"0,11",54,"0,21",32,"0,15",34,"0,03",71,"1,02","0,52",12,"16,56",36
QUIRI R0168,390377,2013,,V,PC,92,,1,53,"-0,03","0,60",33,"8,44","0,59",15,"-0,84","0,18",80,18,"0,21",26,"0,16",38,"0,17",37,"0,15",33,"0,02",68,,17,1,37,"2,95","0,44",54,"11,39",31,"0,20",36,"0,17",36,"0,20",36,"0,12",41,"0,07",82,"-0,06","0,52",79,"16,36",36
SANTA JOANA 5545,260518,2006,,P,PC,15398,,6,55,"0,64","0,63",73,"5,90","0,62",34,"-0,49","0,29",74,66,"0,12",58,"0,02",80,"0,12",56,"0,18",24,"-0,02",52,,41,4,38,"4,47","0,49",39,"10,37",36,"0,22",30,"0,10",56,"0,18",41,"0,21",22,"-0,05",41,"0,75","0,53",23,"16,27",37
BYERGO BLACK MAGIC 3348 BLACK MAGIC,IA1985,2013,,P,IA,23499,A,6,25,"0,84","0,47",82,"6,67","0,46",29,,,,,"0,07",74,"-0,25",99,"0,02",84,"0,30",8,"0,03",73,,41,6,21,"4,44","0,33",39,"11,12",33,"0,04",80,"-0,29",99,"-0,01",90,"0,34",6,"0,04",74,"1,88","0,37",1,"16,24",37
KCF BENNETT THEROCK A473 THEROCK,IA1670,2013,,P,IA,10379,,5,42,"0,76","0,46",79,"8,22","0,52",17,"1,86","0,10",20,12,"0,10",66,"-0,01",87,"-0,00",87,"0,27",11,"-0,02",49,,28,3,15,"4,74","0,33",37,"12,96",25,"0,12",62,"0,02",81,"0,03",82,"0,29",11,"-0,03",47,"0,47","0,32",42,"16,23",37
GAR GRID MAKER,IA729,1998,,P,IA,23805,M,15,178,"0,88","0,70",84,"6,97","0,73",26,"1,08","0,40",36,142,"0,21",26,"0,12",52,"0,22",21,"0,14",34,"-0,02",50,,25,14,136,"2,68","0,62",57,"9,65",40,"0,24",25,"0,10",56,"0,24",25,"0,16",32,"-0,05",40,"0,30","0,68",56,"16,22",37
SANTA JOANA 2262 NADAL,398965,2015,,V,PC,15398,F,3,83,"-0,20","0,47",24,"4,75","0,59",45,"3,95","0,14",3,4,"0,11",60,"0,07",69,"0,07",69,"0,09",48,"-0,03",45,,49,3,55,"7,56","0,43",17,"12,31",27,"0,13",58,"0,14",44,"0,12",58,"0,10",46,"-0,04",46,"0,32","0,46",54,"16,20",37
UMBU 2678 RADIANCE,185679,2015,,P,PO,99,,1,24,"0,48","0,52",64,"4,07","0,50",52,"0,93","0,19",39,6,"0,17",40,"0,15",42,"0,17",38,"0,10",47,"-0,04",41,,48,1,9,"5,94","0,38",26,"10,01",38,"0,19",38,"0,13",48,"0,19",36,"0,13",40,"-0,03",50,"0,52","0,43",38,"16,12",37
RED NORTHLINE BREAKER 28S BREAKER,IA1164,2006,,V,IA,23805,,5,113,"0,85","0,71",82,"6,80","0,68",28,"2,70","0,33",9,129,"0,20",30,"0,16",38,"0,18",33,"0,21",20,"0,09",89,,27,2,89,"1,92","0,55",65,"8,72",45,"0,16",48,"0,07",67,"0,16",47,"0,23",19,"0,06",80,"1,28","0,62",5,"16,10",37
BF ITANHOMI DA BRASIL FLORESTAL TE653,204013,2016,,P,PO,18640,,1,57,"1,19","0,58",93,"3,70","0,56",57,"-0,28","0,25",70,5,"0,27",12,"0,27",15,"0,23",17,"0,16",31,"0,03",71,,40,1,36,"3,55","0,43",48,"7,25",53,"0,25",22,"0,23",21,"0,24",26,"0,16",31,"0,01",63,"0,66","0,47",29,"16,09",37
Performance Qualidade de carne Adaptação SOLÉ 1314 IRON MOUNTAIN,201647,2016,,P,PO,11430,,1,70,,,,"8,40","0,53",16,"1,96","0,19",18,13,"0,17",39,"0,20",29,"0,19",32,"0,15",32,"-0,00",60,,20,1,66,"2,64","0,42",57,"11,04",33,"0,13",59,"0,13",45,"0,16",48,"0,15",34,"-0,04",44,"0,70","0,48",26,"16,08",37
S2 REGIS 20041 PATHFINDER,239366,2020,,P,PO,6667,,1,25,"-1,23","0,44",3,"1,80","0,39",73,,,,,"0,19",35,"-0,01",87,"0,07",70,"0,02",71,"-0,27",1,,63,,0,"7,54","0,14",17,"9,34",41,"0,29",15,"0,14",44,"0,15",50,"0,10",46,"-0,31",1,"-0,06","0,24",80,"16,05",38
BENJAMIN 1547 ZORZAL LIDER CONDOR,IA1106,2005,,P,IA,26294,,6,87,"0,28","0,65",52,"6,48","0,67",30,"-3,05","0,41",98,147,"0,22",24,"0,24",19,"0,21",25,"0,06",57,"0,17",98,,27,6,77,"3,33","0,57",50,"9,81",39,"0,15",52,"0,18",32,"0,16",47,"0,05",63,"0,15",96,"0,69","0,61",27,"16,05",38
CRA BEXTOR 872-5205-608,IA727,1998,,P,IA,23805,M,13,142,"0,59","0,72",70,"4,77","0,71",45,"3,33","0,37",5,115,"0,15",45,"0,06",72,"0,06",73,"0,17",28,"-0,07",31,,45,11,108,"5,44","0,60",30,"10,21",37,"0,19",38,"0,05",71,"0,05",79,"0,19",26,"-0,12",20,"0,58","0,63",34,"16,03",38
ESPINILHO RECORD HARVEST TE256,211878,2015,,P,PO,14550,,1,34,"1,73","0,52",98,"6,64","0,52",29,"-0,71","0,19",77,2,"0,21",25,"0,16",38,"0,33",5,"0,14",37,"-0,04",41,,27,1,17,"3,13","0,38",52,"9,78",39,"0,15",53,"0,12",51,"0,28",16,"0,09",49,"-0,05",40,"0,73","0,41",24,"16,01",38
JINDRA ACCLAIM,IA2028,2014,,P,IA,23247,,3,28,"0,12","0,34",42,"6,82","0,36",27,,,,,"0,13",53,"-0,06",93,"-0,01",88,"0,24",15,"0,10",92,,33,1,7,"5,21","0,22",33,"12,03",28,"0,15",52,"-0,08",96,"-0,08",97,"0,27",13,"0,12",93,"0,22","0,28",62,"15,89",38
SAV PIONEER 7301 PIONEER,IA1040,2007,,P,IA,23805,,47,334,"0,20","0,79",48,"6,92","0,79",27,"3,02","0,50",7,368,"0,23",21,"0,18",33,"0,17",38,"0,22",18,"-0,06",37,,24,41,235,"2,41","0,69",60,"9,32",42,"0,15",52,"0,08",63,"0,12",60,"0,17",30,"-0,08",30,"0,82","0,75",20,"15,89",38
RED FINE LINE MULBERRY 26P,IA1069,2004,,V,IA,14890,,8,53,"0,27","0,62",52,"3,96","0,60",54,"2,21","0,24",15,95,"0,09",68,"-0,05",92,"0,07",69,"0,03",68,"-0,02",52,,58,4,30,"7,68","0,47",16,"11,64",30,"0,16",48,"0,05",72,"0,15",52,"0,08",52,"-0,02",53,"0,39","0,49",48,"15,86",38
PA SAFEGUARD 021,204579,2010,,P,PO,22302,,3,239,"0,12","0,73",42,"0,50","0,71",83,"2,66","0,14",10,11,"-0,02",90,"-0,03",90,"-0,10",97,"0,08",53,"-0,16",8,,87,3,203,"11,03","0,58",5,"11,53",30,"0,16",49,"0,09",60,"0,06",75,"0,26",14,"-0,26",2,"1,00","0,72",12,"15,84",38
JUQUIRY RED 8038 9026,387509,2014,,V,PC,18553,,1,38,"0,78","0,48",81,"6,99","0,50",26,"-0,71","0,13",77,8,"0,19",32,"0,20",30,"0,21",26,"0,12",40,"0,06",81,,26,1,33,"1,56","0,39",68,"8,55",46,"0,18",42,"0,15",41,"0,20",36,"0,12",41,"0,07",82,"1,19","0,37",6,"15,83",39
TERRA COSTA TE18 BARBA ZORZAL 1501,149545,2011,,P,PO,16872,,1,59,"-0,23","0,57",23,"6,52","0,54",30,"-3,07","0,28",98,60,"0,18",38,"0,20",29,"0,10",61,"0,05",62,"-0,06",34,,31,1,43,"4,59","0,42",38,"11,11",33,"0,18",43,"0,25",17,"0,07",74,"0,05",60,"-0,07",33,"0,09","0,40",69,"15,79",39
SANTA JOANA 0141,242345,2020,,P,PO,15398,,1,29,"0,90","0,56",85,"3,12","0,53",62,,,,,"0,20",30,"0,15",42,"0,12",55,"0,17",26,"-0,09",24,,52,,0,"4,68","0,37",37,"7,81",50,"0,23",28,"0,17",35,"0,15",51,"0,18",27,"-0,06",37,"0,88","0,42",17,"15,71",39
CONNEALY CONSENSUS 7229,IA1430,2009,,P,IA,16783,,12,157,"0,27","0,72",51,"6,37","0,72",31,"-0,91","0,32",81,78,"0,22",22,"0,23",22,"0,21",25,"0,12",40,"-0,09",23,,27,8,110,"2,79","0,59",56,"9,16",42,"0,21",34,"0,14",45,"0,18",41,"0,08",54,"-0,14",16,"0,43","0,67",46,"15,67",39
SAV PUREBRED 4896,IA1653,2014,,P,IA,22588,,9,96,"0,13","0,64",43,"4,41","0,63",49,"3,37","0,27",5,22,"0,30",9,"0,16",39,"0,22",21,"0,08",52,"-0,07",30,,32,7,43,"1,83","0,47",66,"6,24",58,"0,22",30,"0,09",61,"0,18",41,"0,04",64,"-0,12",21,"1,03","0,50",11,"15,67",39
BC MATRIX 4132,IA867,2002,,P,IA,27153,,23,228,"0,41","0,75",60,"7,17","0,76",25,"2,98","0,50",7,308,"0,15",47,"0,15",42,"0,07",72,"0,20",21,"-0,25",1,,29,22,170,"4,38","0,66",40,"11,55",30,"0,14",55,"0,13",48,"0,03",83,"0,25",16,"-0,24",3,"0,30","0,71",55,"15,64",39
CONNEALY FINAL SOLUTION,IA1610,2009,,P,IA,13096,,2,32,,,,"7,06","0,37",26,"0,98","0,12",38,15,"0,13",52,"0,03",76,"0,09",65,"0,19",24,"-0,02",50,,31,1,19,"4,19","0,26",42,"11,26",32,"0,15",53,"0,03",77,"0,04",81,"0,22",20,,,"0,44","0,33",45,"15,53",40
RECONQUISTA TE2344 VAMP CANDELERO M.BEEF,181404,2014,,P,PO,155,,2,41,"0,18","0,48",46,"5,24","0,51",40,"-0,08","0,34",61,12,"0,10",65,"0,10",58,"0,17",37,"0,03",68,"0,07",85,,47,1,25,"6,24","0,44",24,"11,49",31,"0,13",59,"0,10",56,"0,20",35,"0,09",50,"0,06",81,"0,55","0,44",36,"15,47",40
DON MIGUEL DESAFIO 2135 NW TE DESAFIO,IA1349,2010,,P,IA,10379,,3,37,"-0,02","0,36",33,"4,82","0,46",45,"2,25","0,22",15,10,"0,26",14,"0,27",15,"0,25",15,"0,08",51,"0,02",67,,33,3,27,"1,98","0,36",64,"6,81",56,"0,27",18,"0,24",20,"0,27",18,"0,08",53,"0,02",68,"0,65","0,44",29,"15,46",40
CANTÃO,425314,2018,,P,PC,20397,,1,72,"0,15","0,66",44,"6,11","0,65",32,,,,,"0,20",28,"0,13",50,"0,16",40,"0,21",19,"-0,06",37,,30,1,50,"3,03","0,58",53,"9,14",42,"0,20",35,"0,13",47,"0,20",35,"0,19",25,"-0,03",49,"0,47","0,57",43,"15,40",40
ANDRAS NEW DIRECTION R240 New Direction,IA1503,2011,,V,IA,16477,G,61,1098,"-0,62","0,87",10,"3,76","0,87",56,"1,32","0,54",31,346,"0,13",54,"0,12",52,"0,03",82,"0,10",45,"0,03",72,,56,54,659,"5,31","0,77",32,"9,07",43,"0,21",32,"0,25",18,"0,21",33,"0,11",45,"0,05",76,"0,81","0,82",20,"15,39",40
BIG MAC TRAVELER 2033 TELLECHEA BIG RED,191492,2015,,V,PO,18551,R,6,68,"1,24","0,61",94,"-2,96","0,58",96,,,,,"0,32",7,"0,32",9,"0,31",7,"0,21",20,"0,17",98,,78,5,34,"7,18","0,39",19,"4,22",68,"0,39",5,"0,36",5,"0,44",2,"0,22",19,"0,14",95,"0,09","0,40",70,"15,38",40
UMBU 3496 RESOURCE,221805,2018,,P,PO,99,,1,122,"-0,79","0,70",7,"1,89","0,67",72,,,,,"0,14",50,"0,11",55,"0,16",41,"-0,01",80,"-0,02",53,,67,1,64,"7,98","0,50",15,"9,87",38,"0,23",28,"0,21",26,"0,27",19,"0,03",67,"0,03",70,"0,11","0,54",69,"15,33",40
ESPINILHO FIV154,169330,2013,,P,PO,14550,,1,33,"-0,27","0,43",21,"8,12","0,57",17,"1,81","0,25",21,9,"0,13",52,"0,07",69,"0,11",59,"0,13",37,"-0,01",57,,25,1,21,"4,18","0,44",42,"12,30",27,"0,13",59,"0,02",80,"0,10",66,"0,11",43,"0,03",69,"0,08","0,42",71,"15,32",40
SANTA JOANA 714,192751,2001,,P,PC,15398,,10,215,"1,19","0,74",93,"3,99","0,74",53,"0,98","0,46",38,351,"0,31",8,"0,26",16,"0,37",2,"0,22",17,"-0,19",5,,34,10,182,"4,46","0,65",39,"8,45",47,"0,22",31,"0,26",17,"0,34",8,"0,29",12,"-0,18",9,"-0,20","0,68",86,"15,31",40
SÃO XAVIER 2215 MARADONA TE,206128,2016,,P,PO,508,,2,41,"1,76","0,58",98,"4,67","0,58",45,"0,60","0,22",46,5,"0,20",29,"0,25",18,"0,18",35,"0,03",66,"-0,06",37,,41,1,34,"4,74","0,46",37,"9,41",41,"0,19",39,"0,15",40,"0,20",36,"0,00",76,"-0,04",43,"0,32","0,54",54,"15,28",40
COCKBURN RIBEYE 308U,IA1304,2008,,V,IA,17737,,5,75,"0,65","0,59",73,"6,70","0,60",28,"-1,31","0,19",86,51,"0,15",48,"-0,28",99,"0,09",64,"0,38",3,"0,31",99,,33,5,62,"2,09","0,47",63,"8,79",44,"0,19",40,"-0,31",99,"0,17",46,"0,40",4,"0,26",99,"1,12","0,48",8,"15,27",40
GAP 6691,228535,2019,,P,PO,23388,,1,68,"1,45","0,64",96,"1,51","0,61",76,,,,,"0,23",21,"0,14",46,"0,36",3,"0,09",50,"-0,07",32,,60,,0,"4,80","0,35",36,"6,31",58,"0,19",37,"0,15",41,"0,39",4,"0,06",59,"-0,03",47,"1,29","0,41",5,"15,25",40
SOLÉ 1474 NACHO LIDER,216365,2018,,P,PO,11430,,1,27,,,,"5,25","0,43",40,,,,,"0,22",24,"0,26",16,"0,24",16,"0,16",31,"-0,18",6,,35,1,20,"2,39","0,32",60,"7,63",51,"0,24",25,"0,27",15,"0,31",11,"0,15",33,"-0,18",9,"0,68","0,39",27,"15,20",41
TAMANDUÁ TE11 CARRASCO LIDER TE37,146375,2010,,P,PO,16005,,1,21,"0,10","0,40",41,"7,47","0,41",23,"0,26","0,19",54,9,"0,25",17,"0,31",9,"0,29",9,"-0,01",80,"0,01",66,,19,1,1,"1,46","0,28",69,"8,93",43,"0,20",35,"0,31",10,"0,31",11,"-0,02",81,"0,04",74,"0,24","0,33",61,"15,15",41
SAV BEST INTEREST 0136,IA1538,2010,,P,IA,16477,,13,143,"1,18","0,71",93,"7,05","0,71",26,"1,57","0,30",26,65,"0,15",45,"0,08",66,"0,15",44,"0,25",14,"-0,01",54,,30,10,95,"3,37","0,57",50,"10,41",36,"0,13",57,"0,08",65,"0,18",40,"0,17",29,"-0,00",58,"0,62","0,66",31,"15,13",41
TRÊS MENINAS 414 SIERRA CUT 847,208188,2017,,P,PO,16507,,1,22,"-0,13","0,30",27,"4,51","0,42",47,"1,41","0,11",29,1,"0,15",45,"0,17",36,"0,02",83,"0,20",21,"-0,02",51,,47,1,15,"5,54","0,31",29,"10,04",37,"0,19",38,"0,20",29,"0,03",82,"0,20",23,"-0,04",43,"0,24","0,38",61,"15,08",41
SÃO XAVIER 1389 FOGÓN TE,155596,2011,,P,PO,508,,1,67,"-0,75","0,54",7,"7,89","0,60",19,"-1,29","0,25",85,27,"0,09",68,"0,05",73,"0,08",69,"0,08",52,"0,11",93,,30,1,45,"4,88","0,44",35,"12,76",25,"0,11",64,"0,05",73,"0,09",70,"0,14",36,"0,16",96,"0,14","0,53",67,"15,02",41
CIA.AZUL 1118 F.ANSWER ZORZAL WOLF,138031,2009,,P,PO,8538,P,10,340,"-0,26","0,79",21,"4,40","0,79",49,"2,71","0,45",9,170,"0,18",38,"0,16",38,"0,18",34,"0,08",52,"-0,10",22,,45,9,254,"2,69","0,68",56,"7,09",55,"0,14",56,"0,13",47,"0,19",39,"0,03",69,"-0,14",15,"1,70","0,72",1,"14,96",41
QHF WEST COAST SGR C403 WEST COAST,IA1915,2015,,P,IA,22520,A,4,36,"-0,42","0,54",16,"4,58","0,52",46,"2,88","0,07",8,1,"0,13",54,"-0,04",90,"0,07",71,"0,18",25,"0,00",61,,49,4,21,"3,65","0,37",47,"8,23",48,"0,17",45,"-0,06",93,"0,08",71,"0,20",23,"0,01",62,"1,32","0,38",5,"14,92",42
SANTA JOANA NET WORTH,166648,2012,,P,PO,15398,,3,61,"1,90","0,61",99,"5,32","0,59",39,"1,38","0,30",29,47,"0,12",59,"0,12",52,"0,12",54,"0,03",66,"0,09",90,,45,2,46,"5,23","0,47",32,"10,55",35,"0,14",56,"0,15",39,"0,18",43,"0,06",58,"0,09",87,"0,57","0,53",35,"14,84",42
CANTÃO 1005,434770,2019,,P,PC,20397,,1,41,"0,22","0,57",49,"6,96","0,55",26,,,,,"0,09",69,"0,18",35,"0,15",45,"0,07",57,"0,05",80,,37,1,18,"5,44","0,40",30,"12,40",26,"0,09",70,"0,20",28,"0,16",49,"0,07",54,"0,09",88,"0,34","0,42",53,"14,82",42
SAV BRUISER 9164,IA1195,2009,,P,IA,23805,,11,120,"-0,45","0,70",14,"5,29","0,69",40,"0,11","0,37",57,85,"0,21",27,"0,22",24,"0,17",37,"0,05",62,"-0,05",38,,35,9,82,"3,05","0,57",53,"8,34",47,"0,25",23,"0,23",22,"0,23",26,"0,05",61,"-0,10",25,"0,21","0,62",63,"14,81",42
CIA. AZUL F550 TOUAREG,255935,2006,,P,PC,8538,P,21,407,"-0,25","0,82",22,"4,54","0,81",47,"-0,00","0,53",59,349,"0,15",47,"0,30",10,"0,26",13,"-0,00",77,"-0,08",28,,47,17,289,"6,62","0,70",22,"11,15",32,"0,18",43,"0,42",2,"0,36",6,"0,00",75,"-0,17",10,"-0,27","0,73",89,"14,78",42
SANTA AMÉLIA 6944 TRADIÇÃO 2028,407532,2016,,P,PC,33,,1,24,"1,14","0,44",92,"5,09","0,50",42,"2,08","0,19",17,1,"-0,02",91,"-0,07",94,"-0,01",87,"0,15",31,"-0,06",36,,62,1,23,"9,29","0,41",10,"14,38",20,"0,01",85,"0,06",69,"-0,00",88,"0,20",24,"-0,06",38,"0,51","0,48",39,"14,77",42
COLEMAN VENTURE VENTURE,IA1791,2014,,P,IA,22488,,7,58,"-0,36","0,61",17,"5,85","0,59",34,"0,29","0,21",54,29,"0,17",41,"0,27",15,"0,16",39,"-0,04",86,"-0,04",42,,36,4,37,"3,89","0,43",44,"9,73",39,"0,12",62,"0,24",20,"0,15",50,"-0,09",93,"-0,09",28,"0,69","0,47",27,"14,72",42
MANÁ DO CARUMBÉ 1860,142871,2010,,P,PO,18551,,1,140,"-0,24","0,71",22,"9,59","0,69",10,"-4,90","0,35",99,84,"0,35",4,"0,32",8,"0,33",5,"0,08",53,"0,20",99,,7,1,107,"-3,01","0,56",95,"6,58",57,"0,26",19,"0,23",22,"0,31",11,"0,03",67,"0,23",99,"0,22","0,61",62,"14,71",42
EPV RED WATCH 1701 CHIVAS,181703,2014,,V,PO,10791,P,7,101,"0,96","0,66",88,"4,58","0,68",46,"-1,84","0,21",92,18,"0,17",40,"0,28",14,"0,23",19,"0,08",53,"-0,04",42,,44,4,60,"4,76","0,51",36,"9,34",41,"0,16",48,"0,26",16,"0,24",24,"0,07",54,"-0,04",45,"0,48","0,55",42,"14,71",42
SAV RECORD HARVEST 2186,IA1426,2012,,P,IA,16477,,18,80,"2,40","0,63",99,"6,76","0,65",28,"-1,00","0,30",82,45,"0,21",25,"-0,04",91,"0,25",15,"0,22",18,"0,12",94,,26,15,60,"1,51","0,53",69,"8,28",47,"0,15",53,"-0,06",93,"0,21",32,"0,14",37,"0,12",93,"0,91","0,62",15,"14,70",42
TRAVELER DO CARUMBÉ TE1608,129646,2008,,P,PO,269,,6,70,"0,57","0,61",69,"2,11","0,61",70,"4,11","0,29",2,44,"0,18",37,"0,15",42,"0,16",40,"0,10",45,"0,01",62,,61,5,56,"6,66","0,48",22,"8,77",45,"0,19",39,"0,15",39,"0,23",28,"0,11",45,"-0,02",51,"0,34","0,52",52,"14,69",42
JUQUIRY BLACK J07 GENERAL TEIC8,171405,2012,,P,PO,18553,,2,71,"0,77","0,48",80,"5,89","0,58",34,"-3,80","0,17",99,21,"0,18",36,"0,25",18,"0,18",32,"0,12",41,"-0,12",17,,34,2,62,"3,35","0,46",50,"9,25",42,"0,18",41,"0,26",16,"0,23",28,"0,08",51,"-0,13",17,"0,36","0,50",51,"14,65",43
VOLCAN ZELDA 5433 TE BOLT,IA1974,2015,,P,IA,19908,,4,35,"-0,22","0,39",23,"4,71","0,47",45,"3,02","0,18",7,1,"0,20",29,"0,24",19,"0,23",20,"0,14",35,"0,02",67,,40,4,32,"2,60","0,38",58,"7,31",53,"0,24",25,"0,23",21,"0,26",19,"0,19",25,"-0,00",59,"0,66","0,40",29,"14,64",43
PASTORIZA 1548 TRUENO TE,IA1952,2014,,V,IA,22742,,10,108,"1,02","0,59",89,"0,54","0,66",83,"-1,50","0,22",88,4,"0,27",14,"0,35",5,"0,35",4,"0,04",65,"0,13",95,,63,7,77,"3,65","0,52",47,"4,18",69,"0,35",7,"0,39",3,"0,46",1,"0,08",51,"0,15",95,"0,68","0,56",27,"14,60",43
QUIRÍ G31,264652,2005,,P,PC,92,,4,113,"1,04","0,73",90,"3,90","0,71",54,"2,00","0,38",18,95,"0,19",33,"0,26",17,"0,23",19,"-0,02",83,"-0,02",49,,47,4,85,"4,25","0,60",41,"8,15",48,"0,19",39,"0,32",8,"0,20",35,"-0,04",84,"-0,06",38,"0,59","0,67",33,"14,48",43
CIA.AZUL 5264 ABSOLUTO HALCON,233442,2019,,P,PO,8538,,1,21,"0,47","0,56",63,"4,29","0,54",50,,,,,"0,15",45,"0,05",72,"0,14",48,"0,08",52,"-0,09",24,,48,,0,"4,52","0,39",38,"8,81",44,"0,21",32,"0,09",61,"0,17",44,"0,07",55,"-0,10",24,"0,42","0,47",46,"14,46",43
Performance Qualidade de carne Adaptação QUIRÍ N18,73396,1994,,V,PC,92,,10,328,"1,35","0,80",95,"2,30","0,80",68,"1,39","0,56",29,327,"0,12",58,"0,09",61,"0,18",35,"0,10",45,"0,13",95,,66,8,217,"7,45","0,70",17,"9,75",39,"0,17",45,"0,18",31,"0,29",14,"0,10",47,"0,13",94,"0,34","0,72",53,"14,43",43
QUIRI X90P,213418,2017,,P,PO,92,,2,21,"0,99","0,56",88,"5,12","0,54",42,,,,,"0,19",34,"0,27",14,"0,29",10,"0,09",50,"-0,05",40,,39,2,20,"2,06","0,45",64,"7,18",54,"0,18",43,"0,27",14,"0,31",10,"0,00",75,"-0,06",37,"1,13","0,53",8,"14,26",44
SAV NET WORTH 4200,IA911,2004,,P,IA,23805,,112,3006,"0,81","0,91",81,"4,74","0,91",45,"1,60","0,79",25,3070,"0,22",24,"0,14",43,"0,23",18,"0,16",30,"0,03",74,,38,99,2351,"2,80","0,87",55,"7,54",51,"0,21",33,"0,10",58,"0,24",23,"0,15",34,"0,05",78,"0,53","0,89",37,"14,24",44
REDBAR RED LABEL A134 DOSE DUPLA,348547,2011,,V,PC,9271,A,3,54,"0,02","0,58",36,"4,46","0,56",48,"1,38","0,20",29,36,"0,16",42,"0,25",17,"0,23",18,"0,17",27,"-0,14",12,,46,2,53,"5,43","0,45",30,"9,89",38,"0,17",46,"0,25",18,"0,29",13,"0,18",27,"-0,13",17,"0,01","0,48",75,"14,20",44
CONNEALY CONFIDENCE 0100 CONNEALY,IA1374,2010,,P,IA,4568,M,3,20,"-0,68","0,50",9,"4,88","0,50",44,"3,46","0,18",4,8,"0,30",8,"0,21",27,"0,29",9,"0,09",48,"-0,15",10,,29,2,17,"2,88","0,40",55,"7,76",50,"0,27",18,"0,20",28,"0,28",15,"0,01",74,"-0,13",17,"-0,65","0,46",97,"14,11",44
TRADIÇÃO 1928,353394,2012,,P,PC,3638,,2,145,"0,59","0,68",70,"7,62","0,68",21,"0,46","0,38",50,127,"0,24",19,"-0,07",94,"0,09",65,"0,34",6,"-0,05",39,,19,2,135,"1,92","0,58",65,"9,54",40,"0,24",27,"-0,01",85,"0,11",63,"0,24",17,"-0,04",44,"-0,58","0,52",97,"14,06",44
POSS ACHIEVEMENT ACHIEVEMENT,IA2153,2016,,P,IA,26240,A,3,23,"-1,67","0,46",1,"6,51","0,44",30,,,,,"0,03",83,"0,10",57,"-0,07",95,"0,04",65,"-0,03",44,,46,3,20,"4,19","0,33",42,"10,70",34,"0,07",74,"0,13",47,"-0,05",94,"0,01",73,"-0,05",41,"1,30","0,37",5,"14,02",45
QUALKER HILL CHECKMATE 9U23,IA2322,2019,,P,IA,22520,X,2,34,"-0,47","0,45",14,"5,74","0,40",35,,,,,"0,07",74,"0,13",48,"0,07",71,"0,08",53,"0,07",87,,47,1,5,"5,60","0,16",28,"11,34",31,"0,09",68,"0,14",41,"0,09",70,"0,10",46,"0,06",80,"0,51","0,14",39,"14,01",45
TELLECHEA 3508 TURNING POINT,229982,2019,,P,PO,18551,,1,47,"-0,63","0,58",9,"5,77","0,55",35,,,,,"0,14",51,"0,14",43,"0,14",46,"0,05",63,"-0,02",49,,40,1,33,"3,06","0,41",53,"8,83",44,"0,16",49,"0,20",27,"0,20",35,"-0,02",79,"-0,06",36,"0,77","0,46",22,"14,01",45
RINCON TE2625 COMPADRON DEL SARANDY,196229,2014,,V,PO,7287,,1,52,"0,87","0,60",84,"5,40","0,59",39,"-3,08","0,18",98,22,"0,20",29,"0,13",48,"0,17",37,"0,11",43,"0,07",85,,35,1,44,"3,61","0,45",47,"9,01",43,"0,24",26,"0,10",57,"0,22",30,"0,11",43,"0,08",86,"-0,33","0,52",91,"13,91",45
SÃO XAVIER 1825 JAGÜEL TE,184890,2014,,P,PO,508,,1,21,"1,50","0,51",97,"2,61","0,54",66,"0,22","0,23",55,1,"0,08",71,"-0,06",93,"0,05",75,"0,20",21,"0,00",62,,68,1,16,"8,13","0,43",14,"10,74",34,"0,11",64,"-0,03",90,"0,08",72,"0,22",19,"0,00",60,"0,32","0,52",54,"13,88",45
KCF BENNETT FORTRESS,IA1532,2011,,P,IA,4568,,2,32,"0,40","0,43",60,"1,97","0,49",72,"0,53","0,11",47,2,"0,13",53,"-0,01",87,"0,11",58,"0,10",45,"0,06",83,,67,2,26,"7,51","0,37",17,"9,48",41,"0,18",42,"0,02",80,"0,12",60,"0,12",41,"-0,02",52,"0,05","0,41",73,"13,86",45
RAVEN VAQUERO F95,IA2208,2018,,P,IA,26139,,3,24,"0,03","0,48",37,"6,97","0,47",26,,,,,"0,21",25,"0,22",25,"0,18",34,"0,23",16,"-0,10",20,,24,2,20,"2,61","0,38",58,"9,57",40,"0,17",45,"0,16",36,"0,15",52,"0,22",20,"-0,14",16,"-0,18","0,39",85,"13,84",45
PAMPEANO 1877 GAME DAY 1570 DON PANCHO,216317,2016,,P,PO,23219,R,7,49,"0,57","0,55",68,"5,07","0,53",42,"1,57","0,07",26,5,"0,27",13,"0,22",26,"0,35",4,"0,06",60,"0,11",93,,30,6,17,"1,69","0,32",67,"6,76",56,"0,30",14,"0,17",35,"0,35",7,"0,05",63,"0,15",96,"-0,20","0,27",86,"13,84",45
DAMERON C-5 AMERICAN CLASSIC CLASSIC,IA1612,2012,,P,IA,16477,,17,86,"0,15","0,62",45,"4,35","0,63",50,"2,81","0,19",8,37,"0,11",62,"0,13",47,"0,17",38,"0,09",48,"0,07",87,,54,16,63,"5,79","0,48",27,"10,14",37,"0,12",61,"0,13",46,"0,23",27,"0,12",43,"0,04",75,"0,43","0,54",46,"13,78",45
SAV 004 DENSITY 4336 DENSITY,IA982,2004,,P,IA,23805,,60,1080,"0,91","0,87",86,"3,89","0,87",54,"-0,80","0,65",79,1028,"0,19",33,"0,12",51,"0,19",29,"0,09",49,"-0,05",39,,47,52,815,"3,94","0,80",44,"7,84",50,"0,20",34,"0,14",42,"0,21",34,"0,11",43,"-0,07",34,"0,31","0,84",55,"13,64",46
RINCON CRAQUE 1373 DEL SARANDY,127588,2008,,V,PO,7287,,4,69,"0,71","0,62",77,"3,55","0,61",58,"-1,68","0,28",90,32,"0,16",44,"0,02",80,"0,20",26,"0,13",38,"0,01",63,,54,4,52,"4,95","0,49",35,"8,50",46,"0,22",29,"0,04",76,"0,27",18,"0,17",29,"-0,00",58,"0,08","0,54",70,"13,61",46
REDBAR BISMARCK G360 FINAL ANSWER,214355,2017,,P,PO,9271,,1,20,"-0,03","0,52",33,"4,37","0,50",49,"1,09","0,22",35,2,"0,13",53,"-0,02",88,"0,18",33,"0,03",68,"0,12",94,,50,1,18,"4,74","0,42",37,"9,11",43,"0,11",64,"-0,00",85,"0,24",24,"-0,01",78,"0,09",87,"0,72","0,48",25,"13,60",46
SANTA SERGIA LUQUENSE MISTER 3256,196600,2013,,V,PO,19692,,4,117,"0,12","0,64",43,"5,62","0,63",36,"-0,81","0,04",79,2,"0,33",6,"0,47",1,"0,38",2,"0,05",61,"0,04",76,,22,4,42,"-1,97","0,39",92,"3,65",71,"0,26",19,"0,33",7,"0,28",17,"-0,02",81,"0,04",73,"0,96","0,50",13,"13,56",46
LEACHMAN MAJOR LEAGUE A502M,IA762,2002,,V,IA,23805,,25,382,"-0,16","0,80",26,"6,36","0,80",31,"-0,03","0,53",60,256,"0,08",71,"0,07",67,"0,05",76,"0,12",40,"-0,01",55,,42,20,271,"5,03","0,70",34,"11,39",31,"0,15",52,"0,06",68,"0,10",67,"0,18",28,"-0,02",52,"-0,08","0,71",81,"13,56",46
DOS TAPES BW306,182595,2014,,P,PO,5949,,1,42,"0,03","0,35",36,"5,18","0,49",41,"1,44","0,18",28,15,"0,25",17,"0,11",54,"0,20",27,"0,07",55,"-0,05",40,,32,1,40,"1,66","0,39",67,"6,84",55,"0,25",23,"0,07",67,"0,18",43,"0,05",62,"-0,02",51,"0,11","0,46",69,"13,52",46
BT RIGHT TIME 24J,IA886,1999,,P,IA,23805,,7,128,"0,22","0,59",49,"2,71","0,67",66,"1,03","0,29",37,73,"0,13",55,"0,07",67,"0,09",64,"0,12",39,"-0,05",40,,63,7,95,"4,22","0,54",41,"6,93",55,"0,20",35,"0,09",62,"0,10",66,"0,17",29,"-0,08",33,"0,98","0,47",13,"13,33",47
RECONQUISTA TEI2473 ZELOSO HARVESTOR PRO,191672,2015,,P,PO,155,R,10,304,"1,09","0,70",91,"4,77","0,73",45,"-1,32","0,38",86,57,"0,22",22,"0,15",42,"0,23",19,"0,06",60,"0,02",69,,37,10,209,"1,65","0,62",67,"6,41",58,"0,19",38,"0,09",59,"0,21",33,"0,02",72,"0,07",82,"0,74","0,67",24,"13,31",47
MYTTY IN FOCUS,IA882,2001,,P,IA,23805,,11,184,"-0,11","0,72",28,"5,38","0,73",39,"2,41","0,43",12,185,"0,06",76,"0,06",71,"-0,04",93,"0,11",42,"-0,13",14,,51,11,153,"4,18","0,63",42,"9,56",40,"0,04",81,"0,07",66,"-0,10",98,"0,11",45,"-0,18",8,"1,37","0,63",4,"13,25",47
PVF INSIGHT 0129,IA1496,2010,,P,IA,16477,,29,316,"0,32","0,77",55,"4,89","0,78",44,"4,11","0,40",3,141,"0,20",28,"0,15",42,"0,15",44,"0,09",51,"-0,03",45,,39,25,213,"2,36","0,64",60,"7,25",53,"0,18",40,"0,05",72,"0,19",39,"0,12",42,"0,00",60,"0,49","0,71",42,"13,20",47
ELLINGSON ROUGHRIDER 4202,IA1943,2014,,P,IA,22161,,13,86,"-0,02","0,67",34,"4,22","0,64",51,,,,,"0,19",35,"0,18",35,"0,17",35,"0,06",60,"0,04",77,,45,7,37,"2,77","0,44",56,"6,99",55,"0,19",38,"0,21",25,"0,13",56,"0,08",51,"-0,01",55,"0,62","0,50",31,"13,12",47
SAV BRILLIANCE 8077,IA1222,2008,,P,IA,23805,,39,564,"-0,13","0,84",27,"6,55","0,84",29,"3,68","0,57",4,430,"0,20",30,"0,15",41,"0,17",35,"0,11",42,"-0,08",26,,28,32,449,"-0,17","0,76",82,"6,38",58,"0,19",38,"0,04",74,"0,15",52,"0,08",53,"-0,08",32,"0,91","0,81",15,"13,04",48
SAV MANDAN 5664,IA975,2005,,P,IA,23805,M,7,21,"0,58","0,52",69,"4,50","0,51",47,"2,84","0,25",8,8,"0,17",41,"0,08",63,"0,03",81,"0,26",13,"-0,16",9,,45,4,12,"2,63","0,42",57,"7,12",54,"0,13",59,"0,06",71,"-0,01",89,"0,19",26,"-0,18",9,"1,04","0,45",11,"13,01",48
CIA.AZUL 0474-C0134 PANHANDLE,110164,2005,,V,PO,8538,,4,213,"0,98","0,78",88,"3,28","0,76",60,"-5,57","0,47",99,202,"0,07",72,"0,22",25,"0,33",5,"-0,03",84,"-0,00",58,,64,3,147,"7,39","0,65",18,"10,67",35,"0,17",46,"0,34",6,"0,51",1,"0,06",58,"-0,03",48,"-0,27","0,68",89,"13,00",48
GAP 5391,189030,2015,,P,PO,2555,,1,23,"0,94","0,52",86,"5,67","0,50",36,"1,61","0,12",25,1,"0,18",38,"0,25",18,"0,18",33,,,"0,06",82,,36,1,13,"0,87","0,37",74,"6,54",57,"0,16",49,"0,16",38,"0,14",54,,,"0,08",84,"1,11","0,43",8,"12,98",48
LAS LILAS 1931 LIDER MAX ARAFAT,IA1143,2008,,P,IA,23805,,6,83,"0,33","0,66",55,"4,42","0,66",48,"1,36","0,28",30,51,"0,18",37,"0,30",10,"0,10",62,"0,06",57,"0,04",75,,45,5,74,"3,61","0,54",47,"8,03",49,"0,20",35,"0,30",11,"0,14",54,"0,07",55,"-0,02",53,"0,08","0,60",71,"12,98",48
UMBU 2516 TRAVELER,181257,2014,,P,PO,99,,1,121,"0,12","0,72",43,"0,72","0,69",81,"0,82","0,29",42,38,"0,10",64,"0,13",49,"0,09",65,"-0,03",85,"-0,01",55,,77,1,78,"6,55","0,54",22,"7,27",53,"0,23",28,"0,18",32,"0,17",46,"-0,02",78,"0,01",62,"0,54","0,60",37,"12,96",48
GAP 5385,189082,2015,,P,PO,2555,,3,28,"-0,74","0,57",7,"6,81","0,54",28,"1,59","0,21",26,20,"0,11",62,"0,22",24,"0,22",22,"-0,06",89,"0,00",61,,35,3,19,"2,85","0,42",55,"9,65",40,"0,09",70,"0,17",36,"0,23",27,"-0,09",93,"0,02",66,"0,67","0,47",28,"12,93",48
RINCON CHIMARRÃO TE2059 DEL SARANDY,160403,2012,,P,PO,7287,,1,23,"0,43","0,50",61,"5,42","0,49",38,"-1,23","0,17",85,4,"0,08",71,"0,09",61,"0,15",43,"0,01",75,"-0,01",53,,48,1,21,"5,52","0,39",30,"10,95",33,"0,03",82,"0,07",68,"0,17",44,"0,01",72,"-0,02",52,"0,53","0,39",38,"12,93",48
ROY ROGERS 5604 ROY ROGERS,IA1000,2005,,V,IA,23805,,15,72,"0,55","0,53",67,"7,35","0,60",24,"-0,07","0,18",61,35,"0,18",37,"0,09",63,"0,13",49,"0,25",13,"0,02",70,,25,12,48,"1,28","0,43",71,"8,63",45,"0,18",41,"0,05",73,"0,16",47,"0,23",18,"0,04",75,"0,07","0,45",72,"12,92",48
CASAMU 280 ARECUTRAN JEWLIAN CHAITUN,IA1850,2011,,V,IA,22230,,2,30,"-1,10","0,50",3,"5,62","0,48",37,"1,04","0,07",36,7,"0,14",50,"0,17",36,"0,26",13,"-0,00",78,"-0,06",34,,40,2,25,"3,61","0,34",47,"9,23",42,"0,15",53,"0,16",38,"0,26",19,"0,02",69,"-0,06",39,"0,17","0,34",65,"12,86",48
GRAN EXAR 2844 TELLECHEA,199996,2016,,P,PO,18551,,2,122,"0,87","0,70",83,"4,80","0,67",45,,,,,"0,20",31,"0,17",37,"0,17",36,"0,07",55,"0,05",79,,40,2,87,"0,70","0,53",75,"5,50",63,"0,17",45,"0,10",56,"0,13",56,"0,06",56,"0,05",77,"1,28","0,56",5,"12,84",49
RITO 9FB3 OF 5H11 FULLBACK,IA368,1989,,P,IA,23805,M,21,214,"1,23","0,71",94,"4,27","0,74",50,"1,65","0,50",24,351,"0,23",20,"0,19",30,"0,25",14,"0,12",41,"-0,10",21,,40,19,166,"3,63","0,65",47,"7,89",49,"0,11",65,"0,09",60,"0,20",35,"0,10",46,"-0,10",25,"0,29","0,68",57,"12,82",49
SANTA JOANA 49,185560,2014,,P,PO,15398,,2,93,"0,68","0,66",75,"9,08","0,64",12,"2,44","0,24",12,20,"-0,01",88,"0,17",36,"-0,04",92,"-0,02",82,"-0,20",4,,31,2,85,"3,82","0,53",45,"12,90",25,"0,01",86,"0,12",51,"-0,06",95,"0,04",64,"-0,20",6,"0,52","0,62",38,"12,75",49
ELLINGSON VERIFIED VERIFIED,IA2157,2019,,P,IA,22161,G,5,24,"0,49","0,32",64,"6,41","0,39",30,,,,,"0,18",36,"0,02",81,"0,14",45,"0,23",15,"-0,04",43,,31,4,17,"2,33","0,25",61,"8,74",45,"0,21",33,"-0,01",86,"0,15",51,"0,24",17,"-0,04",44,"-0,27","0,34",89,"12,74",49
SAV IRON MOUNTAIN 8066,IA1250,2008,,P,IA,23805,,27,381,"0,95","0,78",87,"5,22","0,80",41,"0,18","0,49",56,235,"0,19",34,"0,13",49,"0,13",51,"0,25",14,"0,08",87,,38,22,236,"1,76","0,68",66,"6,98",55,"0,17",44,"0,05",72,"0,09",69,"0,19",26,"0,07",84,"0,62","0,73",31,"12,74",49
INHANDUÍ 1763,276560,2007,,V,PC,8386,,12,353,"0,09","0,79",40,"4,11","0,79",52,"0,41","0,39",50,136,"0,21",26,"0,25",17,"0,21",25,"0,10",47,"-0,19",5,,43,10,284,"3,99","0,68",43,"8,11",49,"0,26",21,"0,23",21,"0,26",20,"0,14",36,"-0,20",6,"-0,68","0,74",98,"12,68",49
BUFFALO CREEK VAQUERO 1626,IA351,1988,,V,IA,23805,,43,784,"0,55","0,86",68,"3,38","0,86",59,"-1,10","0,70",83,909,"0,12",58,"0,13",47,"0,17",37,"0,07",56,"0,02",68,,59,39,569,"5,54","0,80",29,"8,92",44,"0,20",35,"0,21",24,"0,26",21,"0,10",46,"-0,02",53,"-0,11","0,77",82,"12,66",49
FLORIPANA CAMPECHE TEI72 YESQUERO,196689,2015,,V,PO,21117,,2,22,"1,31","0,51",95,"2,93","0,50",63,"-2,14","0,19",94,3,"0,13",54,"0,09",62,"0,16",41,"0,02",72,"0,03",74,,61,2,17,"4,43","0,39",39,"7,37",52,"0,16",49,"0,08",63,"0,18",41,"0,08",54,"0,01",65,"0,73","0,42",24,"12,57",50
RITO 12E7 OF 5F56 RITO 5M2,IA1630,2011,,P,IA,16477,,2,166,"0,20","0,69",47,"10,21","0,67",8,"-0,42","0,19",73,19,"0,17",39,"0,24",21,"0,15",44,"0,14",36,"-0,18",7,,13,2,96,"-0,94","0,51",86,"9,28",42,"0,07",74,"0,09",59,"0,02",85,"0,10",46,"-0,24",3,"0,56","0,60",35,"12,54",50
LEACHMAN SHARPSHOOTER 1369,90492,1998,,V,PO,7992,,28,335,"0,01","0,77",35,"7,84","0,79",20,"0,48","0,56",49,445,"0,14",52,"0,17",37,"0,10",62,"0,15",34,"-0,02",52,,27,23,246,"1,75","0,70",66,"9,60",40,"0,14",56,"0,16",38,"0,11",64,"0,16",33,"-0,04",43,"0,10","0,72",69,"12,52",50
SAV BRAVE 8320,IA1119,2008,,P,IA,23805,,9,132,"1,09","0,69",91,"3,24","0,70",60,"2,84","0,38",8,139,"0,18",36,"0,22",25,"0,18",32,"0,11",44,"-0,24",2,,53,9,119,"3,36","0,60",50,"6,60",57,"0,17",46,"0,20",28,"0,19",39,"0,05",60,"-0,25",2,"0,63","0,61",30,"12,51",50
GAP 3981,145903,2010,,P,PO,2555,,1,88,"0,01","0,68",35,"3,82","0,66",55,"-1,10","0,27",83,54,"0,15",46,"0,08",65,"-0,11",99,,,"-0,00",60,,52,1,53,"4,83","0,49",36,"8,65",45,"0,15",53,"0,03",76,"-0,14",99,,,"-0,00",59,"0,09","0,53",69,"12,50",50
Performance Qualidade de carne Adaptação CIA.AZUL 2648 F ANSWER CREDITO,181398,2014,,P,PO,8538,,1,42,"-0,45","0,60",14,"4,91","0,58",44,"0,61","0,26",46,11,"0,14",51,"0,04",75,"0,02",84,"0,15",33,"-0,05",40,,46,1,20,"2,18","0,43",63,"7,09",55,"0,18",43,"0,03",77,"-0,00",88,"0,15",34,"-0,09",27,"0,78","0,43",22,"12,47",50
SAV INTERNATIONAL 2020,IA1669,2012,,P,IA,21143,,19,158,"1,20","0,71",93,"2,62","0,71",66,"1,92","0,30",19,89,"0,18",39,"-0,03",89,"0,10",62,"0,08",52,"0,16",97,,58,17,118,"4,06","0,58",43,"6,68",56,"0,17",46,"-0,01",85,"0,12",59,"0,08",51,"0,17",97,"0,58","0,68",34,"12,44",50
TRADIÇÃO AZUL MAXI 7552,192156,2015,,P,PO,13339,,1,45,"1,80","0,41",99,"7,59","0,43",22,"1,01","0,15",37,3,"0,20",31,"0,29",11,"0,22",21,"0,12",42,"0,05",78,,23,1,19,"0,06","0,33",80,"7,65",51,"0,19",39,"0,24",20,"0,25",23,"0,10",46,"0,08",85,"0,19","0,40",63,"12,42",50
EARLEY DATELINE 2M,IA812,2002,,P,IA,23805,,7,81,"0,64","0,65",73,"4,30","0,65",50,"1,16","0,29",34,55,"0,06",75,"-0,08",95,"0,07",70,"0,21",20,"-0,07",30,,59,7,66,"5,08","0,53",34,"9,38",41,"0,16",48,"-0,05",92,"0,12",60,"0,18",27,"-0,11",23,"0,29","0,60",56,"12,42",50
UMBU 2962 1296 HEADLINER,196732,2016,,P,PO,99,,1,30,"-0,37","0,55",17,"4,73","0,52",45,"3,40","0,15",4,2,"0,17",39,"0,17",37,"0,22",21,"0,16",30,"-0,01",57,,43,1,15,"3,82","0,37",45,"8,55",46,"0,17",45,"0,22",24,"0,25",22,"0,16",33,"-0,02",53,"-0,17","0,40",85,"12,39",50
TRADIÇÃO 2450 XAVANTE,418278,2017,,P,PC,3638,P,3,27,"0,72","0,50",77,"0,60","0,54",82,,,,,"0,12",59,"0,20",28,"0,11",60,"-0,11",95,"-0,01",57,,76,3,27,"5,47","0,43",30,"6,08",59,"0,22",29,"0,29",11,"0,18",42,"-0,13",96,"-0,03",47,"0,76","0,48",23,"12,36",50
S A V RENOVATION 6822,IA2037,2016,,P,IA,22588,,7,142,"0,48","0,70",64,"2,88","0,69",64,"-1,38","0,23",87,38,"0,21",27,"0,10",56,"0,24",17,"0,01",75,"-0,04",44,,53,4,98,"2,45","0,55",60,"5,32",64,"0,23",28,"0,15",40,"0,26",20,"-0,04",84,"-0,09",29,"0,55","0,63",36,"12,35",50
SAV RADIANCE 0801,IA1438,2010,,P,IA,16783,,6,51,"-0,05","0,59",32,"5,83","0,58",35,"1,33","0,30",30,45,"0,16",42,"0,11",55,"0,12",53,"0,19",23,"0,03",73,,37,5,30,"2,06","0,46",64,"7,89",49,"0,15",51,"0,02",79,"0,09",67,"0,16",32,"0,06",79,"0,39","0,48",49,"12,30",51
QUIRÍ Q091P,173294,2012,,P,PO,92,,2,47,"0,60","0,56",71,"6,56","0,55",29,"1,74","0,21",22,10,"0,01",84,"0,11",56,"0,07",70,"0,04",65,"0,03",72,,47,2,42,"4,79","0,44",36,"11,35",31,"0,03",83,"0,10",56,"0,09",70,"0,05",61,"0,03",71,"0,66","0,52",29,"12,27",51
CIA.AZUL TE3068 MAXI WINDSPREAD,190097,2015,,P,PO,8538,,1,24,"0,84","0,54",82,"5,54","0,55",38,"-1,95","0,22",93,8,"0,21",25,"0,24",19,"0,23",20,"0,04",65,"0,01",64,,33,1,14,"1,30","0,42",70,"6,84",56,"0,18",41,"0,26",17,"0,26",21,"0,01",73,"0,02",68,"0,24","0,47",61,"12,18",51
CASTELO TE08,152617,2010,,P,PO,16656,,1,150,"-0,53","0,64",12,"7,13","0,70",26,"-0,28","0,36",70,93,"0,13",56,"0,13",48,"0,14",48,"0,14",35,"-0,04",43,,31,1,96,"3,80","0,56",45,"10,93",34,"0,10",65,"0,08",63,"0,09",70,"0,14",38,"-0,06",39,"-0,42","0,64",94,"12,18",51
SÃO XAVIER 2729 LAPACHO,224630,2019,,V,PO,508,T,1,56,"-1,41","0,61",2,"5,71","0,59",36,,,,,"0,22",24,"0,43",2,"0,28",10,"0,09",48,"-0,08",29,,31,1,22,"1,77","0,40",66,"7,48",52,"0,20",35,"0,37",4,"0,32",9,"0,04",65,"-0,13",17,"-0,25","0,46",88,"11,96",51
TRADIÇÃO 2028 RETRUCO,372896,2013,,P,PC,3638,P,14,241,"0,60","0,76",70,"1,51","0,77",76,"2,39","0,38",13,94,"0,08",71,"0,05",74,"0,12",53,"0,03",66,"-0,03",44,,74,13,175,"5,77","0,65",27,"7,27",53,"0,15",50,"0,21",26,"0,21",33,"0,02",71,"-0,04",45,"0,81","0,72",21,"11,95",52
RINCON MAFIOSO 2387 DEL SARANDY,171739,2013,,P,PO,7287,,1,24,"0,63","0,51",72,"6,28","0,50",31,"-2,67","0,28",97,6,"0,14",49,"0,21",26,"0,23",19,"0,02",69,"0,14",96,,35,1,21,"1,85","0,42",65,"8,13",48,"0,12",60,"0,17",35,"0,22",29,"-0,05",86,"0,16",97,"0,46","0,44",44,"11,94",52
LEACHMAN CHEYENNE B221L,IA781,2001,,V,IA,23805,,34,686,"-0,30","0,78",19,"5,25","0,83",40,"-0,27","0,54",65,290,"0,12",57,"0,06",72,"-0,04",93,"0,11",42,"-0,06",36,,45,32,432,"3,42","0,74",49,"8,67",45,"0,10",67,"0,01",81,"-0,06",95,"0,10",48,"-0,05",42,"0,46","0,75",44,"11,93",52
BR NEW DAY 454,IA1028,2004,,P,IA,23805,M,3,61,"0,75","0,63",79,"6,40","0,61",30,"2,30","0,22",14,47,"0,19",32,"0,09",63,"0,12",55,"0,20",21,"-0,17",7,,30,3,56,"1,35","0,48",70,"7,75",50,"0,12",62,"0,01",81,"0,07",73,"0,14",36,"-0,17",11,"0,34","0,56",53,"11,91",52
RED SIX MILE CUSTOM MADE 505C,IA1907,2015,,V,IA,11155,,3,27,"0,62","0,46",72,"1,71","0,44",74,,,,,"0,08",70,"0,17",36,"0,11",59,"0,03",68,"-0,04",42,,73,2,20,"8,05","0,29",14,"9,77",39,"0,14",55,"0,23",21,"0,24",25,"0,07",55,"-0,01",56,"-0,29","0,24",90,"11,88",52
BT JUNCO BRIGADIER 1151,185336,2014,,V,PO,21499,,2,31,,,,"5,95","0,39",34,"-2,73","0,18",97,2,"0,11",62,"0,19",32,"0,14",46,"0,15",33,"0,01",64,,42,2,23,"2,95","0,31",54,"8,90",44,"0,12",60,"0,18",32,"0,17",44,"0,12",43,"0,01",65,"0,30","0,28",55,"11,83",52
SOLÉ 1602 CURÚ,226356,2019,,P,PO,11430,,1,33,"0,61","0,26",71,"4,92","0,43",43,,,,,"0,28",11,"0,23",22,"0,23",19,"0,23",16,"-0,10",22,,30,1,30,"-1,30","0,33",88,"3,62",71,"0,21",33,"0,11",53,"0,17",45,"0,13",40,"-0,07",33,"0,88","0,39",17,"11,76",52
LEACHMAN GRAND CANYON 1244G,IA576,1997,,V,IA,23805,,26,234,"0,08","0,78",40,"6,39","0,78",30,"-0,07","0,56",61,306,"0,10",64,"0,07",68,"0,07",70,"0,10",45,"0,05",81,,39,22,156,"3,38","0,69",50,"9,77",39,"0,13",57,"0,02",80,"0,15",52,"0,13",41,"0,15",96,"-0,10","0,72",82,"11,76",52
EF PRESIDIO 9001,IA1327,2009,,P,IA,17737,,3,21,"-0,79","0,37",7,"3,65","0,41",57,"0,70","0,04",44,5,"0,24",18,"0,15",41,"0,19",29,"0,11",44,"-0,13",13,,43,3,21,"2,16","0,30",63,"5,81",61,"0,24",25,"0,18",33,"0,20",36,"0,12",42,"-0,16",11,"-0,18","0,36",85,"11,70",53
QUIRÍ M008,344171,2010,,P,PC,92,,1,45,"0,11","0,57",42,"5,66","0,55",36,"1,47","0,30",28,81,"0,19",35,"0,35",6,"0,36",3,"0,02",72,"0,00",61,,35,1,40,"1,06","0,46",73,"6,72",56,"0,21",31,"0,36",6,"0,43",2,"-0,02",81,"-0,02",52,"0,12","0,45",68,"11,70",53
SANTO ANTÃO DON LEO 703,156967,2012,,P,PO,14982,,1,40,"0,33","0,40",55,"4,48","0,59",47,"0,11","0,24",57,12,"0,12",57,"0,25",19,"0,12",57,"-0,01",80,"-0,07",33,,51,1,32,"2,75","0,48",56,"7,24",54,"0,13",57,"0,24",19,"0,16",49,"-0,00",76,"-0,05",42,"0,75","0,55",23,"11,65",53
RUBETA 3910 GRINGO TE GRINGO,IA1005,2003,,P,IA,23805,,13,284,"1,18","0,78",93,"3,76","0,76",56,"-1,23","0,48",85,271,"0,13",53,"0,19",31,"0,16",40,"0,19",23,"-0,04",41,,55,11,229,"3,77","0,67",45,"7,54",51,"0,14",56,"0,13",46,"0,19",38,"0,21",23,"-0,06",38,"0,44","0,73",45,"11,65",53
BASCO MULBERRY 1287,212510,2017,,V,PO,4074,,1,58,"0,41","0,61",60,"2,95","0,58",63,"-1,20","0,14",84,1,"0,17",42,"0,13",48,"0,12",54,"-0,00",78,"0,04",76,,57,1,27,"3,85","0,41",44,"6,81",56,"0,15",53,"0,11",53,"0,11",64,"-0,03",83,"0,11",90,"0,44","0,46",45,"11,62",53
TRES MARIAS 6927 PUCARA TE PUCARÁ,IA929,2003,,V,IA,23805,K,48,472,"1,47","0,80",96,"1,36","0,82",77,"-2,19","0,54",94,340,"0,14",49,"0,09",61,"0,23",17,"0,11",43,"-0,02",50,,70,38,343,"4,86","0,73",36,"6,21",58,"0,19",39,"0,13",47,"0,30",12,"0,11",44,"-0,04",46,"0,49","0,75",41,"11,60",53
TRADIÇÃO T 56,181917,2014,,P,PO,3638,,2,51,"0,85","0,52",82,"6,33","0,54",31,,,,,"0,21",27,"0,11",56,"0,21",25,"0,07",54,"0,08",89,,29,2,39,"0,44","0,40",77,"6,77",56,"0,16",48,"0,04",74,"0,15",52,"0,02",70,"0,08",85,"0,26","0,49",59,"11,59",53
ERRE TE 27 FACON GENERAL,IA1280,2006,,P,IA,17375,,9,66,"0,92","0,60",86,"4,93","0,63",43,"-3,73","0,27",99,91,"0,16",44,"0,20",29,"0,16",39,"0,15",32,"0,01",65,,44,9,54,"3,01","0,51",54,"7,95",49,"0,10",68,"0,19",30,"0,17",45,"0,12",42,"0,01",65,"0,40","0,55",48,"11,59",53
SANTA JOANA 1023 GRAN LIDER,279582,2007,,P,PC,15398,L,3,87,"-0,04","0,70",32,"3,30","0,67",59,"-0,11","0,38",62,138,"0,28",11,"0,53",1,"0,41",1,"0,05",62,"0,04",77,,42,3,63,"2,82","0,55",55,"6,12",59,"0,29",14,"0,53",1,"0,48",1,"0,02",70,"0,08",84,"-0,98","0,58",99,"11,56",53
MANDAN BLACK 2582 TELLECHEA,190401,2015,,P,PO,18551,,2,51,"-0,02","0,60",33,"0,59","0,58",82,"1,85","0,11",20,1,"0,21",26,"0,14",44,"0,12",57,"0,14",36,"-0,16",9,,68,2,35,"2,12","0,42",63,"2,71",76,"0,22",29,"0,16",36,"0,14",52,"0,08",51,"-0,18",8,"1,27","0,46",5,"11,43",54
UMBU 1296 HEADLINER,122521,2007,,P,PO,99,,3,236,"-0,19","0,79",24,"4,25","0,77",50,"3,52","0,44",4,175,"0,21",27,"0,20",30,"0,26",13,"0,06",61,"0,03",74,,43,2,162,"2,99","0,65",54,"7,24",54,"0,21",32,"0,21",25,"0,31",11,"0,03",67,"0,05",76,"-0,46","0,71",95,"11,40",54
ESPINILHO FIV157,184021,2013,,P,PO,14550,,1,23,"0,47","0,46",63,"4,21","0,55",51,"2,63","0,26",10,9,"0,18",36,"0,05",73,"0,15",44,"0,19",23,"0,02",67,,46,1,14,"0,77","0,44",75,"4,98",65,"0,16",48,"0,01",83,"0,16",49,"0,16",33,"0,03",71,"1,02","0,48",12,"11,33",54
TRADIÇÃO 1933,372893,2012,,P,PC,3638,,1,70,"0,36","0,51",57,"0,40","0,62",84,"0,49","0,22",49,16,"0,21",26,"0,08",63,"0,23",18,,,"-0,03",47,,69,1,68,"4,23","0,51",41,"4,64",66,"0,19",40,"0,00",83,"0,18",42,,,"-0,01",56,"0,55","0,58",36,"11,31",54
RINCON 2583 CANDELERO DEL SARANDY,188265,2014,,P,PO,7287,,1,23,"1,01","0,56",89,"5,56","0,55",37,"-0,97","0,25",82,12,"0,18",39,"0,22",25,"0,20",26,"0,04",64,"0,05",80,,37,1,18,"1,84","0,45",65,"7,40",52,"0,13",59,"0,14",43,"0,23",28,"0,04",63,"0,07",82,"0,24","0,50",61,"11,26",55
BASCO QUATI LUCKY 1007 TE,195259,2015,,P,PO,4074,,2,56,"0,04","0,53",38,"2,16","0,56",70,"-0,27","0,17",65,10,"0,11",60,"0,07",67,"0,10",61,"0,01",73,"-0,08",29,,68,1,31,"6,44","0,41",23,"8,60",46,"0,18",42,"0,10",57,"0,17",46,"0,08",52,"-0,08",31,"-0,43","0,42",94,"11,25",55
GAP 6131,211020,2017,,V,PO,2555,M,1,24,"0,92","0,55",86,"3,23","0,52",60,,,,,"0,10",65,"0,20",29,"0,05",76,"0,03",66,"0,21",99,,61,1,4,"4,46","0,37",39,"7,69",50,"0,10",68,"0,19",29,"0,09",68,"-0,01",77,"0,23",99,"0,66","0,44",29,"11,23",55
TRES MARIAS 9849 CACHAFAS 7238 TE SULTAN,IA1844,2013,,P,IA,5150,K,8,86,"-0,71","0,62",8,"4,42","0,63",48,"-1,85","0,16",92,14,"0,10",65,"0,23",21,"0,21",25,"-0,09",94,"-0,01",54,,54,7,38,"3,88","0,42",44,"8,30",47,"0,09",70,"0,20",28,"0,21",33,"-0,05",87,"-0,03",50,"0,50","0,46",40,"11,21",55
MAUFER FALSARIO 0177FIV FLORICE ZORZAL,165397,2013,,P,PO,17034,,2,20,"0,88","0,43",84,"4,12","0,42",52,"-3,02","0,20",98,5,"0,17",39,"-0,02",88,"0,06",72,"0,09",51,"-0,00",60,,47,1,13,"2,45","0,32",60,"6,57",57,"0,18",43,"-0,03",90,"0,06",76,"0,06",57,"-0,01",56,"0,21","0,34",62,"11,21",55
CARUMBÉ RED GRINGO 1315,142834,2010,,V,PO,18551,,1,52,"1,43","0,44",96,"4,53","0,58",47,"1,18","0,27",33,54,"0,14",52,"0,13",46,"0,15",44,"0,08",53,"-0,03",45,,49,1,48,"3,48","0,46",49,"8,01",49,"0,18",43,"0,10",57,"0,17",44,"0,12",43,"-0,00",59,"-0,18","0,51",85,"11,16",55
SANTO ANTÃO PENDLETON 692,156957,2012,,P,PO,14982,,1,39,"-0,79","0,41",7,"6,36","0,59",31,"1,09","0,23",35,13,"0,33",6,"0,24",19,"0,43",1,"0,08",53,"0,09",90,,18,1,32,"-2,76","0,47",94,"3,61",71,"0,23",28,"0,05",73,"0,38",4,"-0,00",77,"0,06",80,"0,22","0,54",62,"11,11",55
CIA.AZUL 1282 NET WORTH WIDESPREAD,149256,2010,,P,PO,8538,T,2,62,"0,30","0,64",54,"4,32","0,63",50,"-0,18","0,37",63,66,"0,11",61,"-0,07",94,"0,05",77,"0,17",28,"0,01",66,,54,2,45,"3,52","0,53",48,"7,84",50,"0,14",55,"-0,07",94,"0,05",79,"0,19",25,"-0,01",55,"0,25","0,55",60,"11,08",55
TARRÃ TE121 CAMBIAÇO PERFORMA HAYMOUNT,153329,2012,,P,PO,14838,,2,124,"1,40","0,62",96,"8,32","0,60",16,"-1,42","0,14",88,12,"0,02",83,"0,05",72,"0,04",77,"0,10",46,"0,02",67,,35,1,45,"2,61","0,41",58,"10,93",33,"-0,04",92,"-0,02",88,"-0,01",90,"0,01",72,"0,01",63,"0,88","0,53",17,"11,06",55
GAP TE 4041 GRINGO 2048,148763,2011,,P,PO,2555,,2,54,"0,53","0,64",67,"1,51","0,62",76,"0,77","0,28",42,52,"0,06",75,"-0,01",86,"0,04",78,"0,07",54,"-0,05",38,,76,2,36,"6,82","0,47",21,"8,33",47,"0,13",59,"0,06",69,"0,12",58,"0,08",53,"-0,11",21,"0,22","0,50",62,"11,02",55
TRANQUERAS 289 BRIG BRUTAL TE BRUTAL,IA2009,2011,,V,IA,22957,K,8,31,"0,20","0,47",47,"3,13","0,50",62,"-2,64","0,21",97,4,"0,13",52,"0,14",45,"0,13",50,"0,03",67,"-0,04",43,,59,7,23,"2,31","0,39",61,"5,44",63,"0,16",49,"0,14",44,"0,12",58,"0,04",64,"-0,01",55,"0,95","0,44",13,"10,97",55
SÃO BIBIANO 7351 VERDADERO,165840,2013,,P,PO,110,,1,21,,,,"3,80","0,46",55,"2,14","0,16",16,14,"0,17",41,"0,20",30,"0,17",37,"0,09",50,"-0,14",12,,51,1,19,"3,35","0,34",50,"7,15",54,"0,19",40,"0,15",39,"0,15",51,"0,10",48,"-0,15",14,"-0,19","0,42",86,"10,96",55
SÃO BIBIANO HEADLINER 6509,113333,2006,,P,PO,110,,5,81,"0,19","0,59",46,"4,46","0,65",48,"-1,84","0,32",91,61,"0,19",32,"0,22",25,"0,24",16,"-0,05",87,"-0,11",19,,43,2,35,"2,65","0,49",57,"7,10",54,"0,18",42,"0,22",22,"0,26",21,"-0,10",94,"-0,05",42,"-0,27","0,52",89,"10,96",55
JUQUIRY RED 9616 NACHO,429021,2018,,V,PC,18553,,1,59,"0,18","0,51",46,"5,41","0,48",38,,,,,"0,15",48,"0,25",18,"0,17",38,"0,14",35,"-0,03",45,,42,1,47,"0,41","0,38",78,"5,82",61,"0,16",50,"0,24",19,"0,19",38,"0,12",42,"0,00",59,"0,84","0,38",19,"10,92",56
QUIRI R065,389313,2013,,V,PC,92,,2,53,"-0,12","0,62",27,"5,82","0,59",35,"-2,91","0,21",98,15,"0,26",14,"0,23",24,"0,24",16,"0,12",41,"0,01",66,,27,2,23,"-0,48","0,42",83,"5,34",63,"0,25",23,"0,19",31,"0,24",24,"0,07",55,"0,05",77,"-0,34","0,52",92,"10,84",56
Performance Qualidade de carne Adaptação LEACHMAN NONE BETTER 9604,73526,1991,,V,PO,6317,,46,776,"-0,03","0,82",33,"5,20","0,84",41,"-1,44","0,68",88,933,"0,02",83,"0,08",66,"0,03",80,"-0,03",84,"0,01",66,,57,39,597,"5,30","0,78",32,"10,50",36,"0,05",79,"0,09",59,"0,07",74,"0,06",58,"0,00",61,"0,19","0,71",63,"10,80",56
CIA.AZUL 3118 RESOURCE PAYADOR,188328,2015,,P,PO,8538,,1,45,"-0,08","0,61",30,"5,25","0,60",40,"0,13","0,21",57,14,"0,12",56,"0,14",45,"0,22",21,"0,03",67,"-0,07",33,,45,1,26,"2,65","0,44",57,"7,89",49,"0,15",53,"0,10",58,"0,21",32,"-0,01",77,"-0,07",36,"0,04","0,50",74,"10,78",56
SAV PRIORITY 7283 PRIORITY,IA1352,2007,,P,IA,16477,,61,968,"0,37","0,86",57,"5,60","0,86",37,"2,35","0,59",13,526,"0,15",45,"0,11",53,"0,12",56,"0,17",27,"-0,11",18,,39,53,638,"0,20","0,77",79,"5,81",61,"0,17",44,"0,04",75,"0,10",65,"0,13",40,"-0,17",10,"0,63","0,82",30,"10,76",56
PIRAY 893 RED BRIGADIER JACOBO TE,IA1317,2009,,V,IA,13096,,6,112,"-0,46","0,66",14,"2,11","0,67",70,"-1,95","0,30",93,68,"0,17",41,"0,05",74,"0,18",34,"0,06",60,"0,06",84,,63,5,97,"4,39","0,54",40,"6,50",57,"0,11",64,"0,03",76,"0,22",30,"0,04",64,"0,09",87,"0,40","0,61",48,"10,75",56
GAP 6807,228286,2019,,V,PO,23388,,1,32,"0,69","0,53",76,"5,16","0,50",41,,,,,"0,04",79,"0,21",28,"0,17",35,,,"-0,09",24,,55,1,14,"4,58","0,33",38,"9,74",39,"0,05",79,"0,26",16,"0,24",26,,,"-0,11",22,"0,36","0,38",51,"10,73",56
RED TER RON PARKER 34A,IA1889,2013,,P,IA,22965,,3,91,"1,72","0,66",98,"5,78","0,64",35,"-0,01","0,10",60,12,"0,24",19,"0,24",19,"0,23",18,"0,04",65,"0,20",99,,29,3,67,"-2,74","0,48",94,"3,05",74,"0,21",32,"0,16",37,"0,24",26,"0,02",69,"0,21",99,"1,05","0,55",11,"10,71",56
UMBU 2666 CLASSIC HEADLINER,185670,2015,,P,PO,99,,1,25,"0,76","0,56",80,"1,85","0,54",73,"1,35","0,20",30,8,"0,12",59,"0,10",58,"0,14",48,"-0,02",83,"-0,01",58,,70,1,12,"3,83","0,40",44,"5,68",62,"0,14",57,"0,11",55,"0,17",43,"0,00",75,"0,03",71,"0,92","0,44",15,"10,68",57
BASCO COMPADRON 1257,212879,2017,,V,PO,4074,,1,55,"1,09","0,60",91,"3,15","0,57",61,"-2,94","0,10",98,1,"0,12",57,"0,23",23,"0,20",27,"0,05",63,"-0,03",49,,60,1,28,"3,71","0,39",46,"6,86",55,"0,17",44,"0,18",32,"0,25",22,"0,08",53,"-0,01",54,"0,16","0,49",65,"10,66",57
SAV CINCH 1248,IA1370,2011,,P,IA,22588,,11,95,"0,49","0,66",65,"4,08","0,69",52,"0,52","0,33",48,132,"0,22",22,"0,09",60,"0,21",24,"0,15",32,"0,12",94,,42,10,69,"0,55","0,56",77,"4,63",66,"0,24",25,"0,12",52,"0,29",15,"0,14",35,"0,12",93,"0,07","0,65",72,"10,58",57
SANTA AMÉLIA 7032 SAV RADIANCE 0801,412669,2017,,P,PC,33,,1,29,"0,32","0,41",55,"2,77","0,42",65,"0,93","0,17",39,3,"0,17",40,"0,25",19,"0,22",22,"-0,01",80,"0,09",91,,58,1,30,"3,02","0,34",53,"5,79",61,"0,21",33,"0,23",21,"0,26",21,"-0,02",79,"0,11",91,"0,05","0,43",73,"10,58",57
GAP 3123 QUEBRACHO BARTO,121417,2007,,V,PO,2555,,3,496,"1,00","0,85",89,"2,85","0,83",64,"-0,59","0,58",76,469,"0,19",34,"0,09",62,"0,19",31,"0,26",13,"-0,06",36,,56,3,348,"2,12","0,73",63,"4,97",65,"0,15",53,"0,11",55,"0,25",21,"0,30",10,"0,02",66,"0,69","0,77",27,"10,56",57
RECONQUISTA 1301 NACO CACHAFAZ FENOMENA,122718,2007,,V,PO,155,,13,77,"0,92","0,63",86,"5,83","0,63",34,"-3,37","0,39",99,119,"0,14",50,"0,19",31,"0,21",26,"0,08",52,"0,07",85,,39,10,31,"2,58","0,51",58,"8,42",47,"0,11",63,"0,22",23,"0,17",46,"0,10",47,"0,09",88,"-0,17","0,55",85,"10,55",57
BASCO BRAND NAME ONIX 525TE,161627,2012,,P,PO,4074,,1,39,"0,33","0,52",55,"3,78","0,53",56,"-1,22","0,22",85,16,"0,20",29,"0,08",66,"0,16",40,"0,05",62,"0,10",92,,47,1,31,"-0,03","0,42",81,"3,74",71,"0,17",45,"0,01",82,"0,16",48,"-0,00",76,"0,13",94,"1,01","0,46",12,"10,43",57
GAP 4613,168627,2013,,P,PO,2555,,3,282,"0,03","0,79",37,"4,34","0,77",50,"1,71","0,41",23,144,"0,14",49,"0,50",1,"0,39",1,"-0,21",99,"-0,15",10,,49,3,217,"1,96","0,65",64,"6,29",58,"0,09",70,"0,48",1,"0,37",6,"-0,18",97,"-0,10",25,"0,83","0,71",20,"10,42",57
BASCO NET WORTH 529,175845,2012,,P,PO,4074,,1,38,"0,32","0,57",54,"4,94","0,56",43,"0,81","0,25",42,22,"-0,00",87,"0,13",47,"0,22",21,"0,10",45,"0,01",66,,60,1,23,"3,68","0,42",47,"8,61",46,"-0,01",88,"0,13",47,"0,26",19,"0,09",49,"-0,02",51,"1,37","0,36",4,"10,33",57
LT 598 BANDO 9074,IA831,1999,,P,IA,23805,,22,343,"-0,82","0,80",7,"3,83","0,79",55,"0,69","0,50",44,347,"0,02",83,"0,03",78,"-0,02",90,"0,04",65,"-0,25",2,,66,20,260,"5,39","0,68",31,"9,22",42,"0,05",79,"0,05",74,"-0,01",91,"0,07",55,"-0,25",2,"0,44","0,71",44,"10,27",57
HALL BIG TOP 840,IA2151,2018,,P,IA,26238,,1,27,"0,91","0,48",85,"4,46","0,45",48,,,,,"0,20",30,"0,17",37,"0,10",61,"0,06",59,"-0,04",42,,42,1,14,"0,52","0,30",77,"4,98",65,"0,13",58,"0,07",68,"0,08",71,"0,09",50,"-0,01",54,"0,64","0,24",29,"10,15",58
JUQUIRY RED 9544 8712TQ,418530,2017,,V,PC,18553,,1,29,"0,07","0,44",39,"6,52","0,42",29,,,,,"0,13",55,"0,22",26,"0,12",56,"0,06",59,"0,01",65,,36,1,21,"0,87","0,31",74,"7,40",52,"0,11",65,"0,13",48,"0,12",60,"0,04",65,"0,04",72,"0,30","0,33",56,"10,10",58
BUFORD PATHFINDER C304,IA1865,2014,,P,IA,22812,,16,240,"-0,33","0,72",18,"3,80","0,73",55,"0,35","0,30",52,24,"0,10",65,"0,09",60,"0,07",70,"0,03",67,"0,02",68,,58,13,166,"3,73","0,60",46,"7,52",51,"0,16",50,"0,13",47,"0,11",62,"0,01",72,"0,04",75,"-0,07","0,67",80,"10,05",58
BF KUÃ DA BRASIL FLORESTAL MN816,221962,2018,,V,PO,18640,,1,36,"0,38","0,51",58,"3,19","0,48",61,,,,,"0,21",28,"0,06",70,"0,20",29,"0,05",63,"-0,01",57,,51,1,13,"1,28","0,32",71,"4,47",67,"0,19",38,"0,04",75,"0,22",30,"0,03",67,"-0,01",57,"0,29","0,34",56,"9,96",58
S A V CUTTING EDGE 4857,IA1959,2014,,P,IA,16783,,4,29,"1,62","0,50",97,"5,52","0,50",38,,,,,"0,10",66,"0,03",79,"0,09",66,"0,10",46,"-0,08",27,,46,2,16,"2,24","0,39",62,"7,76",50,"0,04",82,"0,04",76,"0,06",77,"0,05",60,"-0,11",23,"0,65","0,41",29,"9,91",59
OSU CLARITY 1152 CLARITY,IA1736,2011,,P,IA,18583,,2,64,"0,80","0,56",81,"5,04","0,56",42,"3,92","0,18",3,16,"0,17",39,"0,07",68,"0,11",58,"0,17",26,"-0,18",6,,41,2,40,"1,41","0,42",70,"6,45",57,"0,14",54,"-0,04",90,"0,06",76,"0,18",27,"-0,22",4,"0,01","0,51",75,"9,91",59
CIA.AZUL 5370 CIA.3678 KODAK,236856,2019,,P,PO,8538,,1,22,"1,05","0,54",90,"1,40","0,50",77,,,,,"0,03",82,"-0,01",86,"-0,01",88,"0,01",74,"-0,02",53,,79,,0,"5,34","0,32",31,"6,74",56,"0,15",52,"0,13",47,"0,11",63,"0,09",48,"0,01",62,"0,58","0,40",34,"9,85",59
INDIO NUEVO 419 DIFERENTE 28 T/E,IA2045,2016,,P,IA,23718,,9,103,"0,87","0,67",83,"3,85","0,66",55,"0,04","0,16",58,1,"0,12",58,"0,21",28,"0,18",34,"-0,03",83,"-0,00",59,,56,7,65,"0,58","0,49",76,"4,43",67,"0,12",60,"0,18",31,"0,19",40,"-0,06",88,"0,06",79,"1,31","0,57",5,"9,79",59
LUQUENSE 1911 ENTRADOR TE ENTRADOR,IA1975,2015,,V,IA,23488,,7,88,"-0,24","0,66",22,"-0,60","0,64",88,"-1,82","0,14",91,6,"0,04",80,"0,00",85,"0,09",65,"-0,05",88,"0,23",99,,88,6,50,"6,38","0,46",23,"5,77",61,"0,07",73,"0,08",63,"0,14",53,"-0,03",83,"0,26",99,"1,25","0,51",5,"9,69",59
CONNEALY CAPITALIST 028,IA1265,2010,,P,IA,4568,M,20,111,"-0,37","0,72",16,"3,95","0,70",54,"-0,63","0,36",76,74,"0,11",62,"0,27",15,"0,13",52,"-0,04",87,"-0,12",15,,57,19,85,"1,70","0,59",67,"5,64",62,"0,07",74,"0,13",49,"0,05",78,"-0,07",89,"-0,15",13,"1,11","0,65",8,"9,63",59
ESPINILHO 1324,168497,2013,,V,PO,14550,,1,21,"-0,46","0,30",14,"5,03","0,44",42,"-2,03","0,17",93,5,"0,11",62,"0,13",48,"0,21",25,"-0,03",83,"-0,00",60,,48,1,16,"2,85","0,33",55,"7,88",50,"0,10",66,"0,12",49,"0,25",23,"-0,06",89,"0,02",66,"-0,04","0,25",78,"9,61",60
BON VIEW NEW DESIGN 878,IA721,1998,,P,IA,23805,M,21,301,"0,50","0,78",65,"2,25","0,78",69,"5,55","0,53",1,388,"0,08",69,"0,07",67,"0,03",80,"0,31",7,"-0,14",12,,70,19,240,"5,14","0,69",33,"7,40",52,"0,09",70,"0,09",60,"0,01",86,"0,35",5,"-0,22",4,"0,24","0,69",60,"9,59",60
TÓLIO TE402 BRAND NAME TRAVELER ECLIPSE,181338,2014,,P,PO,14838,,4,44,"0,13","0,61",43,"2,82","0,60",65,"2,15","0,21",16,3,"0,22",24,"0,17",38,"0,16",41,"0,15",33,"0,08",88,,52,4,32,"0,34","0,48",78,"3,16",73,"0,16",49,"0,09",59,"0,16",49,"0,16",32,"0,11",91,"0,85","0,55",19,"9,59",60
GAP 3893,144563,2010,,V,PO,2555,,1,60,"0,32","0,54",55,"3,68","0,50",57,"-0,25","0,27",65,46,"0,14",51,"0,05",72,"0,11",58,"0,10",46,"-0,01",56,,55,1,13,"2,05","0,33",64,"5,74",61,"0,17",45,"0,04",74,"0,15",51,"0,11",44,"-0,02",53,"0,17","0,35",65,"9,53",60
GAP FIV5065,185323,2014,,P,PO,2555,,2,87,"0,71","0,68",76,"3,15","0,65",61,"-1,63","0,29",90,61,"0,14",51,"0,07",68,"0,03",80,"0,32",6,"-0,19",5,,58,2,67,"3,35","0,51",50,"6,50",57,"0,18",44,"-0,01",86,"0,01",86,"0,41",3,"-0,19",7,"-0,27","0,55",89,"9,49",60
VOLCAN BLOCKANA 4259 TE TANQUE,IA1297,2009,,V,IA,10379,,28,484,"0,75","0,81",78,"5,07","0,82",42,"-2,09","0,50",93,270,"0,20",31,"0,25",17,"0,26",12,"0,06",58,"0,15",97,,38,24,379,"0,84","0,73",74,"5,91",60,"0,17",45,"0,21",25,"0,30",12,"0,02",71,"0,19",98,"-0,27","0,77",89,"9,47",60
S A V GEOGRAPHIC 5318,IA2072,2015,,P,IA,22588,,1,47,,,,"3,94","0,39",54,,,,,"0,10",64,"-0,09",96,"0,00",86,"0,19",23,"0,04",77,,57,1,17,"2,35","0,23",61,"6,29",58,"0,09",69,"-0,05",92,"0,00",88,"0,19",26,"0,05",76,"0,64","0,20",30,"9,41",60
SÃO XAVIER 1957 JOHNNIE RED TE,193509,2014,,V,PO,508,,1,32,"0,68","0,52",75,"2,12","0,53",70,"0,26","0,26",54,8,"0,18",36,"0,12",51,"0,13",51,"0,15",32,"-0,08",30,,60,1,21,"2,91","0,42",55,"5,02",65,"0,21",34,"0,10",57,"0,12",59,"0,16",33,"-0,06",38,"-0,18","0,47",85,"9,41",60
INHANDUÍ 1125 BRILLIANCE PREDOMINANT,170345,2013,,P,PO,8386,,1,54,"0,60","0,54",71,"2,75","0,50",65,"1,98","0,23",18,30,"0,20",30,"0,15",41,"0,23",20,"0,00",76,"-0,12",15,,56,1,10,"0,33","0,34",78,"3,08",73,"0,19",39,"0,12",50,"0,21",33,"-0,04",84,"-0,15",14,"0,75","0,40",23,"9,40",61
PAYMA MR PIONNER 3672 MAC ANGUS,IA2248,2017,,P,IA,26601,K,3,20,"-0,04","0,44",32,"4,49","0,41",47,,,,,"0,16",44,"0,31",9,"0,19",32,"-0,01",81,"-0,03",45,,46,1,2,"0,31","0,28",78,"4,80",66,"0,14",54,"0,27",15,"0,16",47,"-0,05",86,"-0,07",35,"0,61","0,28",32,"9,36",61
MAUFER 038TEI APAM96 ZORZAL DISPARO,152927,2011,,P,PO,17034,,1,31,"-0,48","0,40",13,"4,14","0,43",51,"-3,19","0,25",98,54,"0,19",32,"0,11",54,"0,19",29,"-0,04",86,,,,45,1,29,"0,23","0,35",79,"4,37",67,"0,19",40,"0,03",76,"0,15",51,"-0,07",89,,,"0,26","0,38",59,"9,29",61
RECALADA TE18 CAPITÁN RESOURCE TE1638,215276,2017,,P,PO,21701,,1,62,"0,32","0,53",55,"3,58","0,61",57,,,,,"0,14",52,"0,19",32,"0,19",30,"-0,07",92,"-0,00",59,,56,1,56,"2,00","0,50",64,"5,58",62,"0,13",57,"0,11",53,"0,21",33,"-0,06",88,"0,00",60,"0,38","0,56",50,"9,29",61
CIA.AZUL 3090 RESOURCE TRAVELER 004,188317,2015,,P,PO,8538,,1,67,"0,18","0,67",46,"2,93","0,65",63,"0,77","0,26",42,14,"0,08",70,"0,11",56,"0,13",52,"-0,00",77,"0,03",73,,66,1,40,"4,34","0,50",40,"7,27",53,"0,12",60,"0,07",67,"0,14",55,"0,03",68,"0,07",84,"-0,01","0,53",77,"9,26",61
TIMBAÚVA 7100 MISSION BRIGADIER,417108,2017,,V,PC,14168,,1,44,"-0,04","0,56",32,"1,75","0,51",74,,,,,"0,13",53,"0,28",12,"0,16",40,"0,10",47,"0,04",76,,69,1,15,"2,42","0,33",60,"4,17",69,"0,14",55,"0,24",19,"0,19",37,"0,07",56,"0,07",81,"0,85","0,34",19,"9,21",61
RED SODER CANYON 126M,IA823,2002,,V,IA,23805,,3,25,"0,33","0,46",55,"4,12","0,43",52,"-1,80","0,15",91,22,"-0,02",90,"-0,02",88,"-0,01",88,"0,09",50,"0,09",91,,68,2,14,"4,45","0,31",39,"8,57",46,"0,01",86,"-0,02",87,"0,02",85,"0,08",53,"0,07",83,"0,86","0,36",18,"9,20",61
MAYA 97 ELEUTÉRIO BRIGADIER CAMÉLIA,128233,2008,,V,PO,15958,,4,27,"0,37","0,48",58,"4,37","0,47",49,"-3,15","0,22",98,22,"0,15",47,"0,16",38,"0,23",19,"0,14",37,"0,07",85,,49,3,19,"0,53","0,37",77,"4,90",65,"0,12",62,"0,17",35,"0,25",22,"0,10",47,"0,07",83,"0,62","0,44",31,"8,93",62
SANTO ANTÃO PUCARÁ 1156,207713,2017,,V,PO,14982,,1,35,"0,47","0,46",63,"0,52","0,47",83,,,,,"0,12",57,"0,18",33,"0,13",49,"0,12",41,"0,01",62,,76,1,16,"3,37","0,35",50,"3,90",70,"0,16",50,"0,22",22,"0,17",44,"0,14",37,"-0,00",59,"0,78","0,41",21,"8,91",62
ERRE TE679 LUCIDO PEREZOSO TE ELEGIDO,IA1559,2011,,P,IA,10379,,3,65,"0,21","0,62",48,"2,71","0,60",65,"-0,95","0,22",81,35,"0,14",49,"0,27",15,"0,19",30,"-0,03",83,"0,16",98,,60,2,55,"1,67","0,46",67,"4,39",67,"0,07",73,"0,21",25,"0,19",39,"-0,08",91,"0,18",98,"1,02","0,53",11,"8,87",62
LA LEGUA CANYON 8279 TE CANONAZO,IA1267,2002,,V,IA,17375,,2,60,"0,74","0,60",78,"6,23","0,58",32,"-2,09","0,23",93,23,"0,13",54,"0,00",84,"0,10",63,"0,19",24,"0,01",65,,37,2,58,"-0,24","0,48",82,"5,99",60,"0,19",38,"-0,02",88,"0,14",53,"0,14",37,"0,03",70,"-0,12","0,54",83,"8,82",62
TRES MARIAS 6301 ZORZAL TE ZORZAL,IA850,2001,,P,IA,23805,K,68,1088,"0,77","0,88",80,"4,85","0,87",44,"-4,96","0,71",99,1912,"0,14",51,"0,14",45,"0,13",52,"0,01",74,"0,09",89,,46,55,694,"1,16","0,81",71,"6,01",60,"0,09",69,"0,05",71,"0,07",73,"-0,05",87,"0,09",88,"0,30","0,84",55,"8,75",62
6 MILE FULL THROTTLE 171T,IA1350,2007,,V,IA,16477,,10,119,"0,14","0,64",44,"1,96","0,65",72,"-0,99","0,23",82,62,"0,12",57,"0,02",81,"0,05",77,"0,06",58,"0,37",99,,69,8,98,"4,65","0,50",37,"6,61",57,"0,14",55,"0,11",53,"0,08",71,"0,16",32,"0,39",99,"-0,34","0,57",92,"8,75",62
BADLANDS ALL BEEF 114J,IA803,2001,,V,IA,23805,,9,111,"0,68","0,64",75,"4,60","0,66",46,"1,82","0,30",21,71,"0,16",43,"0,09",63,"0,24",16,"0,01",75,"0,04",75,,45,8,84,"2,59","0,53",58,"7,19",54,"0,15",51,"0,06",68,"0,22",30,"0,02",71,"0,03",71,"-0,80","0,45",99,"8,73",63
Performance Qualidade de carne Adaptação BLACK PRINCE 11999 DON LEO DON LEO,IA1125,2006,,P,IA,27159,,27,519,"0,09","0,80",41,"1,93","0,82",72,"0,04","0,51",58,433,"0,06",75,"0,09",60,"0,06",73,"0,09",48,"-0,07",31,,74,22,387,"3,82","0,73",45,"5,75",61,"0,07",74,"0,11",54,"0,08",71,"0,16",33,"-0,08",33,"0,87","0,77",17,"8,70",63
SAV EXPERTISE 7028,IA2013,2017,,P,IA,22588,,6,30,"0,87","0,55",83,"2,26","0,53",69,"1,07","0,19",36,2,"0,06",76,"-0,14",99,"-0,09",97,"-0,03",85,"-0,01",57,,72,4,20,"6,14","0,42",25,"8,40",47,"0,10",66,"-0,02",87,"-0,01",90,"-0,02",78,"-0,07",34,"-0,55","0,46",96,"8,57",63
SAC CONVERSATION,IA1660,2013,,P,IA,4568,M,6,46,"-0,55","0,56",11,"4,41","0,55",49,"2,92","0,15",7,12,"0,19",35,"0,15",42,"0,24",17,"0,11",43,"-0,05",37,,44,5,34,"-0,92","0,41",86,"3,49",71,"0,19",37,"0,16",38,"0,27",18,"0,10",46,"-0,10",25,"0,40","0,44",48,"8,54",63
CAPANE 23 CHUMBO B.NAME TE195,160536,2012,,P,PO,17732,,6,91,"1,02","0,58",89,"3,17","0,61",61,"1,21","0,20",33,19,"0,30",9,"0,47",1,"0,37",2,"-0,05",87,"-0,16",9,,41,6,54,"-1,37","0,45",89,"1,80",79,"0,25",24,"0,43",2,"0,37",5,"-0,08",91,"-0,14",15,"-0,07","0,48",80,"8,45",63
HSAF BANDO 1961,IA1014,2001,,P,IA,23805,,8,72,"-0,21","0,60",24,"2,28","0,60",69,"1,30","0,21",31,40,"0,24",18,"0,11",53,"0,10",63,"0,32",6,"-0,13",14,,54,7,56,"0,46","0,47",77,"2,74",76,"0,24",26,"0,12",52,"0,09",70,"0,36",5,"-0,16",11,"-0,14","0,48",83,"8,44",63
INHANDUÍ 1187 TEJAS QUEBRANTADOR,170366,2013,,V,PO,8386,,3,55,"0,96","0,62",87,"4,69","0,60",45,"-0,59","0,21",76,18,"0,04",80,"0,13",48,"0,11",60,"0,14",35,"0,08",89,,59,3,34,"2,60","0,45",58,"7,29",53,"0,04",81,"0,19",29,"0,17",45,"0,11",45,"0,10",89,"0,63","0,47",30,"8,44",63
FSL 953 IMPÉRIO,153578,2010,,P,PO,18583,,2,159,"0,91","0,68",85,"0,79","0,66",81,"1,71","0,20",23,8,"0,03",82,"-0,00",85,"0,00",86,"0,05",62,"-0,10",21,,82,2,138,"5,69","0,54",28,"6,48",57,"0,07",74,"0,02",79,"0,10",65,"0,04",65,"-0,09",28,"0,56","0,67",35,"8,43",63
TRES MARIAS 4809 LESTER TE,75375,1995,,P,PO,5150,,26,559,"0,56","0,78",68,"1,66","0,83",75,"-0,58","0,57",76,535,"0,08",71,"0,04",76,"0,06",72,"0,06",57,"-0,10",20,,74,22,336,"4,06","0,72",43,"5,72",61,"0,17",47,"0,08",65,"0,12",60,"0,13",39,"-0,06",38,"0,02","0,73",75,"8,38",63
RED NORTHLINE ROCK STAR 911U ROCK,IA1358,2008,,V,IA,16477,,7,95,"0,07","0,54",39,"3,57","0,62",58,"-0,42","0,20",73,39,"0,12",57,"0,17",37,"0,19",30,"0,02",69,"0,05",79,,58,7,62,"2,96","0,46",54,"6,53",57,"0,09",68,"0,15",40,"0,20",35,"-0,00",77,"0,09",87,"-0,07","0,48",80,"8,37",63
UMBU 2776 REDEMPTION,191304,2015,,V,PO,99,,1,54,"0,62","0,63",71,"-2,04","0,60",94,"1,47","0,18",28,5,"0,14",50,"0,08",65,"0,12",56,"0,02",72,"0,09",90,,88,1,32,"3,60","0,45",47,"1,56",80,"0,22",31,"0,14",44,"0,20",36,"0,02",72,"0,14",94,"0,94","0,47",14,"8,35",63
CONNEALY ARSENAL 2174 ARSENAL,IA1515,2012,,P,IA,10379,,3,35,"0,12","0,46",43,"1,50","0,46",76,"2,39","0,06",12,8,"0,07",72,"-0,01",87,"-0,05",93,"0,26",13,"0,04",76,,75,2,19,"3,84","0,29",44,"5,34",63,"0,10",67,"-0,06",93,"-0,08",96,"0,30",10,"0,02",66,"0,59","0,34",33,"8,25",63
UMBU 6266,352343,2012,,V,PC,99,,1,34,"0,29","0,51",53,"5,74","0,48",35,"-1,41","0,11",88,7,"0,13",53,"0,14",44,"0,16",41,"0,16",31,"0,10",92,,41,1,31,"0,31","0,36",78,"6,05",59,"0,13",58,"0,15",39,"0,17",46,"0,14",37,"0,14",95,"-0,06","0,33",80,"8,23",64
TRADIÇÃO T69,190735,2015,,P,PO,3638,,1,65,"1,00","0,61",89,"6,23","0,63",32,"1,69","0,31",23,2,"0,10",65,"0,17",35,"0,13",49,,,"0,07",85,,41,1,61,"2,01","0,54",64,"8,24",48,"0,02",84,"0,04",75,"0,05",79,,,"0,09",87,"-0,14","0,61",83,"8,23",64
RED CHAMPLAIN SERENADE 25123P,IA994,2004,,V,IA,27155,,9,114,"-0,87","0,68",6,"2,08","0,67",71,"3,63","0,28",4,83,"-0,00",88,"0,07",67,"0,04",79,"0,01",74,"0,01",66,,78,8,71,"4,00","0,51",43,"6,08",59,"0,09",68,"0,14",43,"0,10",67,"0,02",71,"0,02",68,"0,84","0,58",19,"8,18",64
EATHINGTON SUB-ZERO,IA1481,2012,,P,IA,16477,,6,41,"-0,34","0,56",17,"3,85","0,58",55,"2,42","0,23",12,38,"0,09",68,"0,02",81,"0,08",67,"0,12",40,"-0,01",57,,59,6,32,"2,29","0,45",62,"6,13",59,"0,06",77,"-0,09",96,"0,02",84,"0,17",30,"-0,00",59,"0,52","0,51",38,"8,16",64
ALIANÇA EDE YH1564,188436,2015,,P,PO,16258,,1,22,"0,09","0,45",40,"4,88","0,42",44,,,,,"0,16",44,"0,08",65,"0,16",39,"0,26",12,"-0,07",32,,44,1,20,"-0,90","0,32",86,"3,98",69,"0,15",53,"0,09",61,"0,14",53,"0,30",10,"-0,07",36,"0,50","0,34",41,"8,13",64
GAP 5857,198547,2016,,P,PO,2555,,1,44,"0,16","0,57",45,"1,87","0,54",72,"-0,24","0,12",64,1,"0,09",68,"0,35",6,"0,23",19,"-0,05",88,"-0,01",55,,72,1,23,"3,51","0,38",49,"5,37",63,"0,15",53,"0,40",3,"0,29",14,"-0,02",81,"-0,07",33,"0,08","0,41",70,"8,02",64
TRADIÇÃO 2307 MARAGATO,407965,2016,,V,PC,3638,P,3,44,"0,98","0,56",88,"3,05","0,58",62,"-1,15","0,24",84,2,"0,23",20,"0,20",28,"0,21",25,"0,00",76,"-0,02",53,,48,2,42,"0,86","0,49",74,"3,91",70,"0,24",26,"0,19",30,"0,26",20,"-0,03",83,"-0,03",49,"-0,75","0,57",99,"8,00",65
LEACHMAN SAUGAHATCHEE 3000C,IA494,1993,,P,IA,23805,,17,127,"-0,29","0,69",20,"3,72","0,71",56,"2,30","0,44",14,242,"0,18",36,"0,14",45,"0,14",47,"0,16",29,"0,05",81,,49,17,86,"-0,02","0,59",81,"3,70",71,"0,15",52,"0,03",76,"0,12",60,"0,08",52,"0,09",86,"0,26","0,54",59,"7,86",65
HW85 GOLIAS BAMBA 15 DE FIELD DAY,149812,2010,,V,PO,18650,,1,70,"-0,07","0,64",30,"4,55","0,62",47,"1,07","0,23",36,32,"0,11",61,"0,02",82,"0,06",73,"0,09",50,"0,04",76,,52,1,33,"-2,05","0,44",92,"2,50",77,"0,14",54,"0,00",83,"0,02",84,"0,11",44,"0,07",83,"1,40","0,41",3,"7,83",65
TRES MARIAS 8561 SALVAJE 7630-T/E,A.779131,2009,,P,,E 5150,,11,38,"0,96","0,58",88,"1,82","0,57",73,"1,47","0,28",28,45,"0,17",41,"0,00",84,"0,09",65,"0,11",42,"0,03",72,,64,8,22,"1,00","0,45",73,"2,82",75,"0,16",47,"0,00",84,"0,09",68,"0,08",51,"0,03",70,"0,55","0,51",37,"7,83",65
SAV ABUNDANCE 6117,IA1887,2016,,P,IA,22588,,2,52,"-0,21","0,52",23,"1,24","0,51",78,,,,,"0,23",21,"0,23",22,"0,31",6,"-0,02",82,"0,02",66,,61,1,47,"0,95","0,41",73,"2,19",78,"0,22",30,"0,21",25,"0,31",10,"-0,02",81,"-0,01",55,"-0,00","0,44",76,"7,81",65
RITO SAV 2282 TELLECHEA,171138,2013,,P,PO,18551,,3,42,"1,05","0,56",90,"3,46","0,56",59,"-0,35","0,19",72,12,"0,17",41,"0,25",18,"0,16",39,"0,20",21,"-0,09",25,,53,3,22,"0,77","0,39",75,"4,23",68,"0,15",52,"0,22",23,"0,14",53,"0,14",36,"-0,11",23,"0,10","0,43",69,"7,80",65
LJC MISSION STATEMENT P27,IA869,2004,,V,IA,23805,,20,588,"0,23","0,80",49,"-0,47","0,82",88,"1,98","0,54",18,357,"-0,03",91,"-0,12",97,"-0,10",98,"0,10",46,"0,15",97,,90,16,420,"6,14","0,72",25,"5,67",62,"0,12",63,"-0,01",85,"0,03",83,"0,13",39,"0,20",99,"0,74","0,73",24,"7,78",65
UMBU 2132 DATELINE,159371,2012,,P,PO,99,,2,26,"1,38","0,52",95,"0,42","0,50",84,"2,43","0,15",12,5,"0,08",71,"0,02",82,"0,07",71,"0,08",52,"-0,01",58,,80,1,17,"4,55","0,37",38,"4,97",65,"0,09",69,"0,05",72,"0,09",69,"0,10",46,"-0,01",57,"0,52","0,42",38,"7,73",65
OCC HEADLINER 661H LIDER,IA679,1998,,P,IA,23805,,43,781,"-0,10","0,86",28,"3,43","0,86",59,"0,93","0,69",39,1094,"0,24",18,"0,36",5,"0,33",5,"-0,01",80,"-0,03",46,,45,36,602,"-0,85","0,80",86,"2,58",77,"0,19",37,"0,38",4,"0,35",7,"-0,05",85,"-0,00",57,"-0,00","0,82",76,"7,68",66
TROTTERS STRONGHOLD 156,IA1483,2011,,V,IA,16477,,41,809,"1,28","0,85",94,"5,73","0,85",36,"-0,80","0,52",79,395,"0,17",40,"0,10",57,"0,07",70,"0,28",10,"0,05",81,,36,35,643,"1,55","0,76",68,"7,28",53,"0,08",71,"-0,02",88,"0,04",81,"0,20",23,"0,07",83,"-0,85","0,81",99,"7,67",66
FSL 1827 DIAMANTE NEGRO FIV,194549,2014,,P,PO,18583,,1,31,"0,50","0,49",65,"3,73","0,47",56,"0,90","0,12",40,3,"0,16",42,"0,10",58,"0,03",81,"0,04",66,"-0,08",29,,52,1,25,"1,20","0,37",71,"4,92",65,"0,13",57,"0,06",69,"0,08",73,"-0,02",81,"-0,06",37,"-0,21","0,47",87,"7,53",66
44 ENVISION,IA1603,2013,,P,IA,16477,,4,52,"-0,92","0,59",5,"3,34","0,57",59,"2,01","0,16",18,6,"0,05",78,"0,05",72,"0,06",74,"0,13",38,"-0,15",11,,67,4,32,"3,34","0,43",50,"6,68",56,"0,07",73,"0,12",53,"0,06",75,"0,14",37,"-0,18",9,"0,08","0,47",71,"7,37",66
INHANDUÍ 1349 DON LEO DENSITY,170423,2013,,P,PO,8386,,1,40,"0,27","0,53",52,"0,79","0,49",81,"-0,95","0,22",81,32,"0,13",55,"0,04",76,"0,07",71,"0,13",38,"-0,15",10,,74,1,12,"2,09","0,34",63,"2,88",75,"0,18",42,"0,06",70,"0,11",61,"0,20",24,"-0,19",7,"0,45","0,40",44,"7,37",66
BR NEW FRONTIER 095,IA819,2000,,P,IA,23805,,16,137,"0,54","0,71",67,"2,70","0,71",66,"3,91","0,38",3,150,"0,06",74,"0,02",81,"-0,06",95,"0,16",31,"0,05",79,,69,11,106,"2,51","0,59",59,"5,21",64,"0,04",81,"-0,07",95,"-0,08",97,"0,17",29,"0,04",73,"0,82","0,60",20,"7,37",66
WESTWIND RITO 8503-DJH-019,IA367,1990,,P,IA,23805,M,23,95,"0,02","0,69",35,"3,18","0,71",61,"4,45","0,53",2,312,"0,10",65,"0,09",61,"0,09",64,"0,09",51,"-0,08",28,,62,18,57,"2,90","0,62",55,"6,08",59,"0,10",66,"0,13",48,"0,09",68,"0,06",58,"-0,08",29,"-0,18","0,58",85,"7,36",66
RED BJR AH BRANDED BEEF L107,IA861,2001,,V,IA,14890,,12,176,"-0,85","0,68",6,"2,34","0,70",68,"0,40","0,41",50,170,"0,06",76,"-0,02",88,"0,06",74,"0,27",12,"0,09",90,,72,9,145,"4,77","0,58",36,"7,11",54,"0,05",78,"-0,06",92,"0,04",81,"0,29",11,"0,15",95,"-0,14","0,65",83,"7,32",66
CIA.AZUL 3650 CIA 0474 PANDEIRO,198712,2016,,V,PO,8538,,1,21,"-0,53","0,52",12,"0,57","0,50",82,"-1,97","0,21",93,12,"0,02",83,"0,01",84,"0,06",74,"-0,10",94,"-0,00",59,,84,1,13,"5,14","0,38",33,"5,71",61,"0,12",61,"0,12",52,"0,22",31,"0,00",75,"0,00",60,"0,22","0,42",62,"7,32",66
CONNEALY COMRADE 1385,IA1432,2011,,P,IA,4568,M,9,131,"-0,86","0,68",6,"4,47","0,69",47,"-0,12","0,26",62,53,"0,14",50,"0,23",23,"0,16",39,"-0,03",84,"-0,04",43,,48,8,104,"0,30","0,56",79,"4,77",66,"0,09",69,"0,22",22,"0,12",60,"-0,08",91,"-0,07",36,"0,24","0,66",61,"7,29",67
SANTA AUGUSTA 1008 ROY ROGERS,347942,2011,,V,PC,16076,,2,32,"0,09","0,47",41,"4,33","0,45",50,"-1,37","0,17",87,34,"0,05",77,"0,03",78,"0,10",61,"0,02",71,"0,08",89,,59,2,17,"1,98","0,32",64,"6,30",58,"0,04",82,"-0,02",87,"0,12",61,"-0,02",79,"0,10",89,"0,47","0,28",43,"7,22",67
REDBAR NET WORTH F427 MATRIX,209475,2016,,P,PO,9271,,1,30,"-0,89","0,57",5,"3,08","0,55",62,"0,83","0,24",41,7,"0,21",27,"0,25",17,"0,22",22,"-0,00",77,"-0,06",33,,52,1,29,"-0,47","0,46",83,"2,61",76,"0,18",41,"0,18",31,"0,22",29,"-0,02",80,"-0,05",41,"0,07","0,52",72,"7,22",67
QUIRI T0217,409454,2015,,P,PC,92,,2,33,"0,48","0,43",64,"-1,83","0,50",93,"1,79","0,17",21,10,"0,11",62,"0,07",69,"0,17",38,"-0,09",93,"0,02",70,,89,1,26,"3,75","0,39",46,"1,92",79,"0,16",50,"0,14",43,"0,27",18,"-0,03",81,"-0,01",55,"0,94","0,48",14,"7,21",67
QUIRI S094P,190524,2014,,V,PO,92,,1,95,"-0,26","0,66",21,"1,37","0,65",77,"1,43","0,15",28,19,"0,15",48,"0,12",51,"0,16",39,"-0,03",83,"0,02",67,,70,1,62,"1,46","0,48",69,"2,83",75,"0,16",49,"0,12",50,"0,21",32,"-0,03",83,"0,01",63,"0,44","0,56",45,"7,21",67
TRÊS LAGOAS TE146,184230,2014,,P,PO,18898,,1,21,"0,23","0,41",50,"1,41","0,47",77,,,,,"0,08",70,"0,03",78,"0,04",79,"0,01",73,"0,02",70,,75,1,13,"3,12","0,36",52,"4,54",67,"0,10",68,"0,07",68,"0,05",79,"0,10",48,"0,02",68,"0,47","0,41",43,"7,14",67
GAP 4591,168584,2013,,V,PO,2555,,2,138,"0,63","0,74",73,"5,96","0,72",33,"-1,21","0,41",84,75,"0,20",30,"0,20",28,"0,17",36,,,"0,07",86,,32,2,97,"-2,59","0,60",94,"3,36",72,"0,14",54,"0,08",63,"0,18",42,,,"0,07",83,"0,20","0,62",63,"7,13",67
FAS FORTE 565,191091,2015,,P,PO,17720,,1,26,"2,40","0,40",99,"4,56","0,39",46,,,,,"0,14",51,"0,01",83,"0,09",63,"0,15",32,"-0,07",31,,48,1,13,"-0,60","0,29",84,"3,96",70,"0,16",50,"0,01",81,"0,09",68,"0,17",31,"-0,06",39,"0,14","0,37",67,"7,08",67
UMBU 3508 STRONGHOLD,221810,2018,,V,PO,99,,1,90,"0,93","0,67",86,"4,23","0,64",51,,,,,"0,16",44,"0,26",16,"0,12",56,"0,16",30,"-0,03",49,,48,1,33,"0,05","0,44",80,"4,28",68,"0,09",68,"0,17",34,"0,11",63,"0,09",50,"-0,00",58,"0,23","0,49",61,"7,02",68
TRADIÇÃO 2013,372374,2013,,P,PC,3638,,1,80,"0,46","0,63",63,"5,17","0,63",41,"-0,96","0,38",81,53,"0,09",68,"0,18",34,"0,20",28,"0,11",43,"-0,04",44,,49,1,75,"0,98","0,55",73,"6,16",59,"0,06",75,"0,17",34,"0,21",32,"0,05",62,"-0,03",48,"0,05","0,50",73,"6,98",68
GAP M157/15,393336,2015,,P,PC,2555,,1,94,"-0,35","0,69",17,"1,08","0,67",79,"-0,38","0,34",72,45,"0,14",51,"0,18",34,"0,10",63,,,"0,03",73,,72,1,68,"3,17","0,54",52,"4,25",68,"0,13",57,"0,13",48,"0,10",65,,,"-0,00",58,"-0,11","0,61",82,"6,96",68
HART ROLL CALL 7086,IA2141,2017,,P,IA,22829,,3,49,"-0,31","0,52",19,"4,02","0,53",53,,,,,"0,02",83,"0,00",84,"-0,02",89,"0,12",42,"-0,16",9,,65,3,41,"3,97","0,39",43,"7,99",49,"-0,04",92,"-0,09",96,"-0,07",96,"0,08",51,"-0,18",8,"0,28","0,44",57,"6,96",68
RECONQUISTA 1738 REDOBRADO PUC G. CANYON,144236,2010,,V,PO,155,,2,46,"0,56","0,44",68,"-0,69","0,47",89,"0,39","0,35",51,4,"0,11",62,"-0,02",88,"0,09",66,"0,06",59,"0,05",79,,84,2,41,"3,55","0,43",48,"2,86",75,"0,14",54,"0,01",81,"0,13",57,"0,09",48,"0,04",73,"0,55","0,44",36,"6,93",68
BRAVE 2108 TELLECHEA,160131,2012,,P,PO,18551,,1,27,"0,11","0,52",42,"1,05","0,52",79,"0,72","0,21",43,21,"0,31",8,"0,40",2,"0,33",5,"0,03",68,"-0,17",7,,55,1,20,"-2,97","0,40",95,"-1,92",90,"0,30",13,"0,31",10,"0,33",9,"-0,03",83,"-0,12",19,"0,45","0,42",44,"6,93",68
CEHDROS HECTOR CACIQUE H01P,207798,2017,,P,PO,17029,,1,38,"0,96","0,54",87,"0,52","0,53",83,,,,,"0,15",45,"0,16",39,"0,10",62,"0,05",63,"-0,01",55,,74,1,20,"1,59","0,44",67,"2,11",78,"0,15",50,"0,15",40,"0,14",55,"0,06",59,"-0,02",53,"0,58","0,49",34,"6,91",68
Performance Qualidade de carne Adaptação SAV HARVESTOR 0338 HARVESTOR,IA1528,2010,,P,IA,16783,,12,158,"1,01","0,70",89,"3,11","0,72",62,"0,97","0,30",38,47,"0,11",62,"-0,08",95,"0,10",62,"0,09",50,"0,05",78,,62,9,124,"1,25","0,61",71,"4,35",68,"0,04",81,"-0,06",93,"0,06",76,"0,01",74,"0,07",81,"0,73","0,69",24,"6,90",68
JF PIRATINIZINHO 194 TANQUE,390358,2015,,V,PC,18778,,1,37,"2,00","0,55",99,"3,93","0,52",54,"-3,39","0,19",99,19,"0,14",50,"0,07",69,"0,18",33,"0,12",41,"0,21",99,,53,1,28,"0,24","0,40",79,"4,17",69,"0,17",45,"0,09",62,"0,23",26,"0,14",37,"0,20",99,"-0,17","0,44",85,"6,89",68
LEACHMAN LADIES MAN 1144B,75929,1992,,V,PO,6315,,47,654,"0,16","0,81",45,"1,24","0,84",78,"1,02","0,67",37,812,"0,02",83,"0,02",81,"-0,02",89,"0,07",57,"-0,06",33,,80,43,465,"4,45","0,77",39,"5,68",62,"0,02",85,"0,05",73,"-0,05",93,"0,05",62,"-0,08",31,"0,72","0,76",25,"6,89",68
HXC JACKHAMMER 8800U,IA1229,2008,,V,IA,23805,,3,39,"-0,10","0,51",29,"3,59","0,52",57,"-1,51","0,09",89,17,"0,03",81,"0,16",39,"0,09",64,"0,02",70,"0,06",83,,66,3,29,"4,74","0,36",37,"8,33",47,"0,05",78,"0,13",46,"0,15",51,"0,06",59,"0,05",78,"-0,64","0,32",97,"6,83",68
GAP 5085,178561,2014,,V,PO,2555,,2,29,"1,74","0,55",98,"1,66","0,52",75,"-0,10","0,20",62,13,"0,04",79,"0,23",22,"0,14",48,,,"-0,08",28,,76,2,18,"4,02","0,38",43,"5,69",62,"0,04",80,"0,26",16,"0,18",41,,,"0,00",61,"0,43","0,43",46,"6,83",69
CMC TAINÁ DO CEDRO C5TE ZORZAL,162880,2012,,P,PO,17029,,2,64,"0,13","0,59",44,"3,54","0,58",58,"-0,92","0,25",81,33,"0,05",78,"0,22",25,"0,18",34,"-0,04",87,"-0,07",32,,65,2,54,"3,68","0,45",46,"7,23",54,"0,04",82,"0,21",25,"0,21",33,"-0,09",93,"-0,06",37,"-0,16","0,49",84,"6,79",69
QUIRÍ Q051 IDEAL,372531,2012,,P,PC,92,P,7,159,"0,27","0,71",52,"4,95","0,72",43,"0,98","0,32",38,70,"0,25",17,"0,18",33,"0,24",16,"0,15",34,"0,06",81,,33,6,107,"-4,03","0,58",97,"0,92",83,"0,16",50,"0,11",55,"0,15",52,"0,06",60,"0,05",78,"0,66","0,65",28,"6,77",69
SANTA EULÁLIA NET WORTH TE1354,204164,2016,,P,PO,95,,1,23,"-0,18","0,51",25,"1,44","0,50",76,"-0,13","0,22",63,3,"0,07",72,"0,06",70,"0,03",80,"-0,04",86,,,,75,1,22,"3,06","0,41",53,"4,50",67,"0,12",62,"0,06",70,"0,09",69,"-0,01",78,"-0,01",55,"0,27","0,47",58,"6,74",69
BASCO PAGARÉ 1419,221051,2018,,P,PO,4074,,1,28,"0,42","0,42",60,"3,64","0,52",57,,,,,"0,18",37,"0,12",50,"0,19",30,"0,14",35,"-0,02",51,,50,1,18,"-1,23","0,40",88,"2,40",77,"0,13",57,"0,04",75,"0,17",45,"0,10",47,"-0,02",53,"0,51","0,45",40,"6,70",69
GAP 5409,189084,2015,,P,PO,2555,,1,23,"-0,10","0,52",29,"4,48","0,50",47,"-0,16","0,16",63,5,"0,09",67,"0,23",22,"0,22",22,"0,00",76,"0,07",86,,54,1,10,"0,36","0,36",78,"4,84",66,"0,04",80,"0,14",42,"0,12",58,"-0,05",85,"0,11",90,"0,60","0,43",32,"6,66",69
RECONQUISTA MG 622 REDOBRADO CANDOMBE,221412,2018,,P,PO,17573,,1,20,"0,33","0,56",55,"0,86","0,57",80,,,,,"0,12",57,"0,08",65,"0,15",45,"0,09",51,"-0,04",43,,74,,0,"2,21","0,54",62,"3,08",74,"0,15",51,"0,11",55,"0,19",40,"0,11",45,"-0,05",43,"0,28","0,56",57,"6,64",69
TRES MARIAS 9989 ZORZALIT 8958 TE ZORZALITO,IA1841,2013,,P,IA,5150,K,28,326,"0,18","0,79",46,"2,65","0,78",66,"-4,53","0,35",99,71,"0,17",39,"0,23",23,"0,22",23,"-0,01",80,"0,09",91,,58,22,242,"0,89","0,66",74,"3,54",71,"0,13",59,"0,08",64,"0,14",55,"-0,03",83,"0,14",94,"-0,04","0,73",78,"6,63",69
WHITESTONE WIDESPREAD MB,IA603,1995,,P,IA,23805,,23,357,"0,40","0,77",59,"2,49","0,80",67,"0,92","0,60",39,746,"0,07",72,"0,08",63,"0,08",68,"0,05",64,"-0,01",57,,70,22,265,"3,16","0,72",52,"5,65",62,"0,07",73,"0,08",65,"0,06",75,"0,08",52,"-0,06",38,"-0,00","0,76",76,"6,54",69
QUIRI S059P,189468,2014,,V,PO,92,,1,76,"0,71","0,66",76,"1,20","0,63",78,"0,60","0,15",46,16,"0,11",59,"0,13",49,"0,15",42,"0,01",73,"0,00",62,,73,1,48,"1,85","0,44",65,"3,05",74,"0,18",43,"0,20",27,"0,22",29,"0,01",72,"-0,03",50,"0,15","0,47",66,"6,50",69
SANTA SÉRGIA LUQUE PAGARE 3248,183517,2013,,V,PO,19692,,1,32,"0,24","0,49",50,"3,55","0,49",58,"-0,32","0,12",71,11,"0,15",46,"0,11",53,"0,20",28,"0,02",69,"-0,07",31,,55,1,25,"-0,52","0,35",83,"3,02",74,"0,13",59,"0,08",64,"0,19",37,"0,03",66,"-0,08",31,"0,36","0,36",51,"6,48",69
RED SIX MILE SAKIC 832S,IA1124,2006,,V,IA,23805,,39,318,"0,62","0,77",72,"3,72","0,78",56,"0,71","0,43",43,227,"0,19",32,"0,18",35,"0,20",27,"0,06",57,"0,03",72,,48,27,214,"-0,91","0,65",86,"2,80",75,"0,17",46,"0,12",49,"0,19",37,"-0,00",77,"0,04",73,"-0,10","0,69",81,"6,48",70
SAV TEN PERCENT 3085,IA1583,2013,,P,IA,10379,T,6,37,"-0,08","0,54",30,"1,00","0,57",80,"3,20","0,19",5,18,"0,11",61,"-0,12",97,"-0,05",94,"0,09",48,"0,03",71,,74,5,23,"2,25","0,42",62,"3,25",73,"0,13",59,"-0,07",95,"-0,07",95,"0,12",41,"-0,01",55,"0,37","0,44",51,"6,46",70
SOO LINE MOMENTUM 7051,IA1251,2007,,V,IA,23805,,14,196,"0,63","0,70",72,"1,80","0,74",73,"2,04","0,32",17,97,"0,10",65,"-0,01",87,"0,06",75,"0,15",32,"0,14",96,,71,11,125,"0,79","0,59",75,"2,59",76,"0,10",66,"-0,03",90,"0,06",76,"0,17",30,"0,14",95,"0,94","0,64",14,"6,41",70
SÃO XAVIER 2000 LAPACHO,192397,2015,,V,PO,508,,1,55,"-1,23","0,60",3,"3,13","0,60",61,"-1,63","0,18",90,8,"0,05",78,"0,15",42,"0,14",47,"-0,09",94,"-0,01",54,,68,1,43,"4,10","0,46",43,"7,23",54,"0,05",77,"0,12",50,"0,18",43,"-0,05",85,"-0,06",36,"-0,44","0,54",95,"6,41",70
TRÊS MARIAS 4971 MAN EXT TE,74324,1996,,P,PO,5150,,2,244,"-1,97","0,79",1,"1,17","0,77",78,"4,11","0,42",2,160,"-0,03",92,"-0,07",94,"-0,07",96,"0,02",72,"-0,00",59,,86,2,186,"4,98","0,66",35,"6,15",59,"0,06",76,"0,02",80,"-0,05",94,"0,10",48,"0,01",63,"0,39","0,66",49,"6,26",70
BLACK PRINCE/CAMBÁ-PYTÁ 8706 ARGENTINO 2,164830,2010,,P,PO,17491,,1,83,"1,31","0,64",95,"1,22","0,61",78,"1,43","0,12",28,24,"0,15",48,"-0,02",88,"-0,05",94,"0,17",28,"-0,03",48,,71,1,23,"1,42","0,33",69,"2,65",76,"0,13",59,"-0,12",98,"-0,10",98,"0,18",27,"-0,04",44,"0,34","0,20",53,"6,24",70
TRES MARIAS 8189 YESQUERO TE YESQUERO,IA1151,2008,,V,IA,23805,K,31,361,"-0,66","0,80",9,"1,44","0,81",76,"-2,56","0,49",96,243,"0,14",48,"0,05",73,"0,14",47,"0,09",51,"0,14",96,,69,26,260,"1,52","0,71",69,"2,97",74,"0,14",54,"0,04",74,"0,13",57,"0,10",48,"0,13",93,"0,08","0,75",71,"6,18",70
SAV SENSATION 5615,IA1910,2015,,P,IA,22588,,3,20,"0,23","0,47",49,"3,33","0,47",59,"-0,20","0,21",63,2,"0,03",82,"-0,03",90,"-0,05",94,"0,10",46,"-0,04",41,,68,3,18,"2,52","0,39",59,"5,86",60,"0,04",80,"-0,04",90,"-0,07",95,"0,14",37,"-0,03",47,"0,28","0,43",57,"6,17",70
SANTA JOANA DAKOTA 68,193402,2015,,P,PO,15398,,1,40,"1,82","0,48",99,"4,44","0,46",48,"1,17","0,19",34,24,"0,19",35,"0,29",11,"0,19",29,,,"-0,03",48,,44,1,31,"-0,27","0,36",82,"4,18",69,"0,14",57,"0,24",19,"0,21",32,,,"0,03",70,"-0,53","0,41",96,"6,15",71
CONNEALY COURAGE 25L,IA1534,2012,,P,IA,4568,M,24,243,"-0,54","0,77",12,"3,27","0,76",60,"3,06","0,33",6,121,"0,14",52,"0,11",54,"0,17",36,"0,02",71,"-0,07",30,,58,18,189,"0,73","0,63",75,"4,00",69,"0,11",65,"0,11",54,"0,19",38,"-0,06",88,"-0,03",48,"-0,03","0,71",77,"6,11",71
HW 79 GUAPO BARTIRA 20 DE FIELD DAY,140985,2010,,V,PO,8349,,1,84,"-0,00","0,67",34,"3,15","0,65",61,"-1,35","0,27",87,48,"0,10",65,"0,12",50,"0,07",69,"0,16",29,"0,02",70,,62,1,49,"1,04","0,49",73,"4,19",69,"0,10",66,"0,10",57,"0,09",68,"0,13",38,"0,03",71,"0,17","0,52",65,"6,10",71
HW109 HILÁRIO DE TEI21 COVENANT,149801,2011,,V,PO,18650,,1,71,"-0,24","0,64",22,"-0,17","0,62",86,"0,33","0,18",53,32,"0,10",66,"0,01",83,"0,08",67,"-0,04",86,"0,14",96,,82,1,52,"3,99","0,45",43,"3,82",70,"0,12",61,"0,05",73,"0,16",49,"-0,00",76,"0,12",92,"0,02","0,53",75,"6,10",71
GAP 2937 BRIGADIER DISCUTIDO,114934,2006,,P,PO,2555,,3,367,"-0,20","0,83",24,"2,92","0,81",64,"-4,15","0,52",99,259,"0,07",72,"0,07",68,"0,08",67,"0,07",56,"-0,02",51,,67,3,258,"0,70","0,71",76,"3,62",71,"0,11",63,"0,11",54,"0,15",50,"0,07",56,"-0,03",48,"0,53","0,74",38,"6,09",71
PAINEIRAS LUCKY ZORZAL TE5294,136796,2009,,P,PO,14028,,4,192,"0,43","0,67",61,"3,10","0,72",62,"-1,34","0,39",87,117,"0,05",78,"0,01",83,"0,06",75,"0,05",61,"-0,06",33,,68,4,159,"2,77","0,61",56,"5,88",60,"0,06",77,"-0,01",86,"0,06",76,"0,06",59,"-0,06",39,"0,02","0,66",75,"6,04",71
TRES MARIAS 5839 QUEBRACHO TE QUEBRACHO,IA755,1999,,V,IA,23805,K,57,837,"0,70","0,85",76,"0,45","0,86",83,"-3,20","0,70",98,1107,"0,09",68,"0,05",72,"0,16",39,"0,07",56,"0,01",66,,79,50,546,"2,80","0,80",56,"3,24",73,"0,12",63,"0,09",61,"0,22",30,"0,09",49,"-0,00",59,"0,36","0,81",52,"5,97",71
RUBETA 4444 QUEBRANTADOR QUEBRANTADOR,IA1116,2005,,V,IA,23805,K,56,830,"0,96","0,86",87,"1,60","0,86",75,"-3,51","0,61",99,574,"0,21",28,"0,17",37,"0,26",13,"0,05",63,"0,08",88,,62,51,654,"0,01","0,79",80,"1,61",80,"0,18",41,"0,14",45,"0,27",17,"0,01",74,"0,12",92,"-0,09","0,82",81,"5,87",71
SAO DIONISIO 249 QUEBRANTADOR H.HITTER,216451,2017,,P,PO,20442,,1,28,"-0,01","0,35",34,"1,99","0,37",71,,,,,"0,15",45,"-0,04",91,"0,05",76,"0,21",20,,,,65,1,25,"0,43","0,28",77,"2,41",77,"0,17",45,"-0,08",96,"0,07",73,"0,25",16,"0,10",90,"-0,01","0,31",76,"5,86",71
OTTONO B1777 TE HERDEIRO,111950,2005,,V,PO,35,,23,622,"0,90","0,83",85,"4,47","0,84",47,"0,39","0,58",51,417,"0,12",56,"0,16",39,"0,14",48,"0,00",76,"0,13",95,,50,21,476,"-0,15","0,76",81,"4,32",68,"0,12",60,"0,12",52,"0,17",44,"0,03",67,"0,09",88,"-0,24","0,78",88,"5,79",71
TRES MARIAS 9257 FEDERAL TE FEDERAL,IA1459,2011,,P,IA,16982,K,37,463,"0,73","0,81",77,"4,89","0,81",44,"-1,79","0,44",91,208,"0,16",42,"0,06",71,"0,13",51,"0,12",40,"0,16",98,,43,34,344,"-1,56","0,71",90,"3,33",72,"0,12",61,"0,03",76,"0,09",68,"0,09",49,"0,19",98,"0,01","0,77",75,"5,79",71
LAJUANITA EURO 313 TE DON CARLO,216316,2016,,P,PO,23219,R,6,156,"0,75","0,72",78,"3,51","0,71",58,"-0,64","0,15",77,5,"0,15",45,"0,04",75,"0,07",72,"-0,13",96,"0,09",90,,55,5,80,"-0,58","0,52",84,"2,92",75,"0,08",72,"0,03",76,"0,03",82,"-0,13",96,"0,07",83,"0,39","0,60",49,"5,78",72
SANTA EULÁLIA BRILLIANCE 01053,173375,2013,,P,PO,95,,1,34,"-0,00","0,48",34,"5,28","0,46",40,"-1,78","0,22",91,22,"0,14",50,"0,15",42,"0,24",15,"-0,04",86,,,,43,1,34,"-0,93","0,38",86,"4,35",68,"0,09",70,"-0,01",85,"0,19",37,"-0,09",93,,,"-0,19","0,41",86,"5,48",72
ASD 530 BRIGADIER PANDERO PANDERO,116014,2006,,V,PO,15780,,22,408,"-0,48","0,82",13,"1,58","0,81",75,"-2,74","0,53",97,310,"0,06",75,"0,04",76,"0,08",68,"-0,07",91,"0,06",83,,75,15,263,"1,11","0,70",72,"2,70",76,"0,10",67,"0,02",78,"0,13",56,"-0,02",81,"0,07",82,"0,78","0,73",22,"5,48",72
CHARLES G617 BRILLANCE 3 WILLY,IA1849,2014,,P,IA,22741,,2,52,"-0,32","0,53",19,"3,76","0,57",56,"2,28","0,22",14,7,"-0,00",87,"0,00",84,"-0,02",90,"0,09",48,"-0,05",39,,69,2,32,"2,16","0,43",63,"5,92",60,"0,04",81,"0,02",81,"-0,03",92,"0,11",44,"-0,09",27,"0,28","0,40",57,"5,47",72
HW 90 GAJO DIADEMA 21 DE FIELD DAY,140994,2010,,V,PO,8349,,1,71,"0,23","0,64",50,"-2,62","0,62",95,"-0,57","0,25",76,44,"0,07",74,"-0,04",92,"0,04",78,"0,02",70,"0,03",73,,92,1,53,"5,56","0,47",29,"2,93",75,"0,13",58,"0,05",71,"0,09",68,"0,08",52,"0,02",66,"0,16","0,49",66,"5,45",72
BIGUÁ 6255 BISMARCK TE,174103,2013,,P,PO,18474,,2,74,"-1,02","0,47",4,"2,01","0,45",71,"0,11","0,18",57,7,"0,11",60,"0,10",59,"0,11",57,"-0,07",91,"0,02",70,,69,2,49,"0,79","0,33",75,"2,81",75,"0,04",80,"0,08",65,"0,07",74,"-0,08",91,"-0,01",55,"0,70","0,34",26,"5,33",73
CONSENSUS TE 2352 TELLECHEA,181085,2014,,P,PO,18551,,2,155,"0,28","0,73",53,"2,92","0,71",64,"-0,79","0,30",79,45,"0,18",38,"0,13",49,"0,18",35,"0,09",48,"0,02",69,,57,2,116,"-1,57","0,58",90,"1,35",81,"0,14",57,"0,04",75,"0,13",57,"0,05",62,"0,02",66,"0,39","0,59",48,"5,29",73
QUIRÍ F43,234942,2004,,P,PC,92,,1,78,"-0,19","0,67",24,"2,34","0,66",68,"1,11","0,26",35,33,"0,09",68,"0,21",27,"0,26",13,"0,00",75,"-0,00",59,,69,1,63,"1,96","0,54",64,"4,30",68,"0,07",75,"0,23",22,"0,24",24,"-0,05",87,"0,02",69,"-0,03","0,63",77,"5,18",73
TRES MARIAS 8311 TRAPICHE TE TRAPICHE,IA1152,2008,,V,IA,23805,K,15,132,"0,40","0,72",59,"0,24","0,70",85,"1,12","0,41",34,139,"0,11",61,"0,02",79,"0,14",48,"0,05",63,"0,08",87,,78,13,81,"2,42","0,57",60,"2,66",76,"0,14",55,"-0,02",87,"0,21",34,"0,06",58,"0,08",85,"-0,01","0,63",77,"5,16",73
HUACA CURU 7210 ZORZAL 5795TE CURU,IA1855,2013,,P,IA,21230,,14,213,"1,33","0,73",95,"2,81","0,74",65,"-4,31","0,33",99,43,"0,21",28,"0,19",31,"0,23",20,"0,01",74,"0,13",96,,54,10,142,"-0,08","0,61",81,"2,73",76,"0,11",64,"0,08",65,"0,16",49,"-0,03",83,"0,17",97,"-0,36","0,64",92,"5,16",73
SAV BEACON 0008,IA1295,2010,,P,IA,22588,M,3,21,"-0,62","0,46",10,"2,96","0,44",63,"-0,75","0,19",78,14,"0,02",83,"0,04",74,"-0,01",88,"0,08",53,"0,09",89,,72,3,16,"2,51","0,33",59,"5,47",63,"0,01",87,"0,08",65,"0,02",85,"0,07",55,"0,08",85,"0,33","0,37",53,"5,06",73
TRES MARIAS 9087 MULBERRY 8280 TE HALCON,IA1458,2011,,V,IA,16982,K,20,150,"0,66","0,71",74,"0,88","0,72",80,"-0,54","0,39",75,102,"0,07",73,"0,07",68,"0,13",49,"0,00",77,"-0,00",60,,78,18,111,"2,07","0,60",63,"2,95",74,"0,07",74,"0,08",64,"0,17",46,"0,00",75,"0,01",62,"0,56","0,65",35,"5,01",73
GAR PREDESTINED,IA750,1999,,P,IA,23805,M,22,325,"0,40","0,78",59,"2,68","0,79",66,"3,03","0,50",6,339,"0,08",70,"0,06",70,"0,00",86,"0,11",44,"-0,18",6,,68,20,245,"1,68","0,69",67,"4,36",67,"0,03",82,"0,03",76,"-0,10",98,"0,12",42,"-0,21",5,"0,17","0,70",65,"5,01",73
BJR PAY DAY 1528 PAY DAY,IA643,1998,,V,IA,23805,,10,465,"-0,65","0,60",9,"0,42","0,74",84,"-1,51","0,46",88,274,"0,09",68,"0,04",75,"-0,01",89,"0,09",49,"-0,02",51,,79,10,336,"2,43","0,63",60,"2,85",75,"0,08",72,"0,02",80,"0,01",86,"0,13",40,"-0,07",34,"0,35","0,66",52,"4,98",74
Performance Qualidade de carne Adaptação PARINGA IRON ORE E27,IA1409,2009,,V,IA,15614,,10,347,"-0,33","0,73",18,"-0,12","0,76",86,"1,72","0,24",23,68,"0,24",18,"0,07",67,"-0,01",88,"0,12",40,"-0,09",24,,70,10,187,"-1,61","0,57",90,"-1,73",90,"0,20",34,"0,01",82,"-0,08",97,"0,23",19,"-0,11",21,"0,49","0,67",42,"4,77",74
MAYA CAT 300 IMPÁVIDO ELEUTÉRIO LANA,159542,2012,,V,PO,16424,,5,33,"0,55","0,50",68,"3,97","0,48",53,"-2,61","0,11",96,1,"0,10",65,"-0,10",96,"0,01",85,"0,15",33,"0,05",81,,57,5,14,"-0,76","0,30",85,"3,20",73,"0,06",75,"-0,13",98,"-0,03",92,"0,12",42,"0,06",80,"0,37","0,37",51,"4,72",74
RANCHO GRANDE 5494 DOBLE ANCHO IA1 1997 P IAPC,23805,,,,,,,4,110,"0,75","0,70",78,"2,28","0,69",69,"-1,69","0,41",90,85,"0,08",70,"0,11",55,"0,10",61,"0,07",56,"-0,06",34,,70,4,92,"-0,19","0,58",82,"2,09",78,"0,03",82,"0,08",64,"0,12",59,"0,05",62,"-0,07",33,"1,07","0,59",10,"4,66",74
SAV REGISTRY 2831 REGISTRY,IA1563,2012,,P,IA,13096,,10,92,"0,68","0,64",75,"2,88","0,66",64,"-1,18","0,34",84,66,"0,12",56,"0,11",55,"0,12",56,"0,06",61,"-0,03",46,,61,9,67,"-0,69","0,54",85,"2,19",78,"0,11",65,"0,07",66,"0,08",72,"0,04",65,"-0,06",37,"0,29","0,58",56,"4,64",74
BJR MONU 4X-303,IA627,1995,,V,IA,27158,,9,171,"1,05","0,52",90,"4,11","0,70",52,"-2,37","0,37",95,149,"0,03",82,"0,03",78,"0,02",83,"0,12",39,"-0,02",50,,63,6,118,"-0,42","0,55",83,"3,69",71,"0,06",77,"0,02",79,"0,07",74,"0,14",36,"-0,04",44,"0,61","0,52",32,"4,53",74
SAV BISMARCK 5682,IA1188,2005,,P,IA,23805,,84,1421,"-0,67","0,89",9,"2,82","0,89",65,"1,00","0,70",37,1103,"0,14",51,"0,03",78,"0,11",57,"0,05",62,"0,05",78,,60,73,1077,"-1,37","0,83",89,"1,46",81,"0,08",71,"-0,00",84,"0,11",64,"-0,02",80,"0,06",79,"0,64","0,86",30,"4,52",75
TRADIÇÃO 2514,426845,2018,,P,PC,3638,,1,39,"0,90","0,55",85,"-0,41","0,53",87,,,,,"0,12",56,"0,06",70,"0,12",56,"0,17",28,"0,14",96,,81,1,37,"1,25","0,42",71,"0,84",83,"0,08",71,"-0,02",88,"0,11",64,"0,21",23,"0,15",96,"0,76","0,49",23,"4,44",75
SAV HEAVY HITTER 6347,IA1056,2006,,P,IA,23805,,11,61,"0,89","0,72",84,"3,45","0,71",59,"-0,30","0,43",71,352,"0,04",81,"-0,05",92,"-0,08",96,"0,15",34,"0,12",94,,67,10,41,"-0,09","0,62",81,"3,36",72,"0,03",83,"-0,04",91,"-0,06",95,"0,16",32,"0,14",94,"0,82","0,68",20,"4,44",75
3F EMBLAZON 3652,IA885,2003,,P,IA,27147,,10,104,"0,12","0,60",42,"1,49","0,67",76,"2,23","0,33",15,73,"0,16",44,"0,15",42,"0,11",57,"-0,10",94,"-0,13",14,,68,9,78,"1,23","0,55",71,"2,71",76,"0,08",73,"0,16",36,"0,09",68,"-0,05",85,"-0,14",14,"-0,18","0,54",86,"4,43",75
JR SUPREMO PROSPERITY 139 DA SANTA THERE,157333,2012,,P,PO,3108,,2,78,"-0,88","0,64",6,"4,18","0,61",51,"-0,47","0,14",74,21,"0,00",87,"0,01",82,"0,04",78,"0,00",75,"-0,03",45,,66,2,48,"-0,20","0,42",82,"3,98",70,"-0,02",89,"-0,08",95,"-0,05",94,"0,06",58,"-0,02",53,"1,06","0,43",10,"4,32",75
BIEBER CL ENERGIZE F121,IA2316,2018,,V,IA,15256,A,7,62,"-1,15","0,62",3,"1,03","0,59",79,,,,,"-0,04",93,"0,01",82,"-0,10",98,"-0,18",98,"0,05",80,,86,4,29,"5,04","0,38",34,"6,06",59,"0,00",87,"0,05",71,"-0,05",94,"-0,20",98,"0,08",85,"0,08","0,44",71,"4,32",75
GAP 5429,189056,2015,,V,PO,2555,,1,23,"-0,11","0,55",28,"0,30","0,52",84,"-0,86","0,22",80,10,"0,09",69,"0,12",51,"0,20",27,"-0,11",95,"-0,03",45,,80,1,20,"2,94","0,42",54,"3,24",73,"0,11",63,"0,13",46,"0,17",45,"-0,13",96,"-0,03",50,"-0,31","0,41",91,"4,24",75
CATANDUVA TE213 NOSTRADAMUS K.ROB TE12,99045,2003,,V,PO,16417,,30,410,"0,43","0,78",61,"1,24","0,81",78,"-2,84","0,51",97,271,"0,17",40,"0,07",67,"0,21",24,"0,11",44,"0,03",74,,68,22,332,"1,34","0,72",70,"2,58",77,"0,16",48,"0,02",79,"0,23",28,"0,14",36,"0,04",74,"-0,88","0,77",99,"4,16",76
KCF BENNETT ABSOLUTE ABSOLUTE,IA1698,2009,,P,IA,15614,A,5,54,"-0,44","0,63",15,"3,70","0,61",56,"2,42","0,24",12,25,"0,05",77,"-0,13",98,"-0,16",99,"-0,04",86,"-0,12",16,,63,5,43,"1,14","0,48",72,"4,84",66,"-0,02",90,"-0,25",99,"-0,23",99,"-0,11",95,"-0,14",15,"0,19","0,54",64,"4,13",76
JUQUIRY RED 8038 8908,387528,2014,,V,PC,18553,,1,42,"0,47","0,53",63,"0,15","0,54",85,"-1,69","0,17",90,8,"0,10",64,"0,16",38,"0,18",33,"0,04",66,"0,03",71,,80,1,34,"1,86","0,42",65,"2,01",79,"0,13",57,"0,20",29,"0,21",31,"0,03",68,"0,04",74,"-0,05","0,43",79,"4,09",76
LAS LILAS 2003 MAX CACIQUE MANDINGA,IA1252,2008,,P,IA,23805,,2,32,"0,75","0,30",78,"-0,87","0,42",90,"0,65","0,12",45,1,"0,07",73,"0,10",59,"-0,02",90,"0,09",49,"0,02",67,,87,2,18,"3,32","0,29",51,"2,46",77,"0,10",67,"0,11",55,"0,03",82,"0,13",38,"0,02",67,"0,09","0,26",70,"4,03",76
CONFIDENCE 2372 TELLECHEA,181111,2014,,P,PO,18551,,1,44,"0,77","0,56",80,"-0,17","0,54",86,"3,12","0,14",6,14,"0,17",40,"0,07",67,"0,15",43,"0,07",56,"-0,21",3,,76,1,37,"0,92","0,39",74,"0,75",83,"0,17",46,"0,09",62,"0,18",43,"0,03",68,"-0,20",6,"-0,25","0,43",88,"3,95",76
GAP 5377,188991,2015,,P,PO,2555,,1,28,"0,01","0,54",35,"2,07","0,52",71,"-0,01","0,19",59,1,"0,05",77,"0,05",73,"0,19",31,"-0,03",85,"-0,04",41,,74,1,15,"1,04","0,40",73,"3,11",73,"0,08",72,"-0,02",88,"0,20",35,"-0,07",89,"-0,05",43,"0,19","0,45",64,"3,90",76
SÃO BIBIANO LIDER TE7327,170506,2013,,P,PO,110,,1,26,"0,05","0,44",38,"-0,91","0,49",90,"-0,45","0,23",74,7,"0,21",27,"0,22",25,"0,27",11,"-0,09",94,"-0,02",51,,77,1,22,"0,53","0,40",77,"-0,38",86,"0,20",35,"0,21",25,"0,27",18,"-0,09",93,"-0,01",56,"-0,27","0,45",89,"3,90",76
CONSENSUS TE 2366 TELLECHEA,184206,2014,,P,PO,18551,,2,69,"0,71","0,63",76,"1,25","0,61",78,"-1,04","0,20",82,18,"0,19",35,"0,13",49,"0,19",31,"0,06",59,"0,12",94,,67,2,53,"-0,01","0,48",80,"1,24",81,"0,14",55,"0,03",77,"0,16",48,"0,05",60,"0,09",87,"-0,33","0,50",91,"3,88",76
BASCO YESQUERO 1221,212574,2017,,V,PO,4074,,1,41,"1,12","0,57",92,"2,26","0,54",69,,,,,"0,10",64,"0,16",40,"0,19",29,"-0,09",93,"0,05",79,,68,1,23,"-0,44","0,39",83,"1,82",79,"0,11",65,"0,13",48,"0,22",30,"-0,03",82,"0,04",75,"0,27","0,46",58,"3,86",76
GRAN LIDER TE 2548 TELLECHEA,196970,2015,,P,PO,18551,,2,20,"0,37","0,46",58,"1,01","0,46",80,"2,15","0,17",16,1,"0,21",27,"0,32",8,"0,19",30,"0,01",73,"-0,07",31,,65,2,14,"-0,83","0,34",86,"0,18",85,"0,18",41,"0,31",10,"0,21",33,"-0,02",81,"-0,05",42,"-0,33","0,32",92,"3,81",77
CARUMBÉ RED BRIGADIER 1115,122252,2007,,V,PO,269,,5,269,"0,18","0,74",46,"-3,22","0,77",97,"0,51","0,50",48,241,"0,12",58,"0,08",65,"0,12",56,"-0,05",88,"-0,12",16,,92,5,220,"4,35","0,67",40,"1,13",82,"0,18",40,"0,17",34,"0,22",30,"-0,02",79,"-0,12",19,"-0,44","0,66",94,"3,73",77
GUE-GLEN SUR CHILDE TE SOBERBIO,IA1638,2012,,P,IA,10379,,7,93,"0,16","0,47",45,"1,98","0,62",71,"-0,62","0,21",76,27,"0,07",73,"0,07",68,"0,15",44,"-0,01",80,"0,07",85,,73,7,58,"1,68","0,47",67,"3,66",71,"0,05",79,"0,06",69,"0,19",39,"-0,04",84,"0,07",83,"-0,09","0,53",81,"3,68",77
ARAPAN 393 STRONGHOLD 916,190606,2015,,V,PO,17045,,1,21,"-0,69","0,45",9,"3,90","0,42",54,,,,,"0,12",58,"0,05",73,"0,11",59,"0,09",48,"-0,02",52,,56,,0,"0,60","0,28",76,"4,50",67,"0,09",70,"0,00",84,"0,11",64,"0,07",56,"-0,01",54,"-0,96","0,34",99,"3,60",77
RED DKF RAZOR 55C,IA1939,2015,,P,IA,23272,,4,63,"0,19","0,57",46,"3,45","0,58",59,"-0,30","0,03",71,2,"0,01",86,"-0,02",89,"-0,09",97,"0,09",49,"-0,11",18,,70,4,43,"2,51","0,40",59,"5,96",60,"0,01",85,"-0,02",87,"-0,12",98,"0,09",48,"-0,09",29,"-0,45","0,45",95,"3,56",77
SUMMITCREST FOCUS 2U66,IA1391,2008,,P,IA,17737,,4,104,"0,23","0,65",49,"4,04","0,63",53,"4,25","0,20",2,21,"0,05",77,"0,28",13,"0,01",84,"0,06",59,"-0,01",56,,61,4,89,"-1,14","0,50",87,"2,90",75,"-0,01",89,"0,26",16,"-0,04",93,"0,01",73,"0,01",64,"0,83","0,62",20,"3,52",77
MVF VRD DATELINE 913P,IA922,2004,,P,IA,23805,,17,154,"1,74","0,68",98,"0,24","0,71",85,"5,08","0,36",1,140,"0,04",80,"-0,14",99,"-0,02",89,"0,16",30,"0,06",84,,85,13,122,"2,13","0,60",63,"2,37",77,"0,06",76,"-0,08",95,"-0,01",89,"0,18",27,"0,09",88,"0,44","0,66",45,"3,46",77
SOLÉ 1184 794,202052,2015,,P,PO,11430,,1,20,,,,"-0,19","0,40",86,"2,39","0,09",13,1,"0,07",74,"0,13",48,"0,09",65,"0,06",61,"0,01",65,,85,1,17,"-0,06","0,28",81,"-0,24",86,"0,09",70,"0,12",49,"0,12",59,"0,03",67,"0,01",62,"1,25","0,41",6,"3,41",77
BIEBER STORMER Z433 STORMER,IA1766,2012,,V,IA,15256,,2,21,"-1,75","0,42",1,"5,40","0,39",38,"0,33","0,04",53,6,"-0,05",94,"-0,06",93,"-0,01",88,"0,18",25,"0,09",91,,63,2,15,"1,80","0,25",66,"7,20",54,"-0,04",92,"-0,08",95,"-0,04",93,"0,19",27,"0,08",86,"-0,23","0,29",88,"3,31",77
RECONQUISTA TE2234 UNITÁRIO CANDELERO,172050,2013,,P,PO,155,,2,38,"0,25","0,53",51,"3,94","0,54",54,"-0,08","0,33",61,20,"0,10",66,"0,14",46,"0,20",27,"-0,06",90,"0,02",66,,58,2,29,"-0,96","0,46",86,"2,98",74,"0,09",69,"0,08",63,"0,20",36,"-0,05",87,"0,01",65,"-0,29","0,48",90,"3,22",77
TELLECHEA BRAVE 2375,217511,2018,,V,PO,18551,,1,50,"0,63","0,57",72,"0,32","0,55",84,,,,,"0,31",8,"0,30",11,"0,25",14,"0,09",48,"0,22",99,,59,1,33,"-4,02","0,39",97,"-3,70",94,"0,27",18,"0,21",25,"0,26",21,"0,06",58,"0,30",99,"-0,17","0,45",85,"3,02",78
WOLF CREEK PLAINSMAN,IA1400,2009,,P,IA,15614,,2,38,"-0,79","0,45",7,"2,90","0,42",64,"2,17","0,09",16,21,"0,04",80,"0,30",10,"0,20",29,"0,11",45,"0,03",70,,71,2,23,"0,47","0,27",77,"3,37",72,"0,06",77,"0,21",25,"0,20",35,"0,11",45,"0,02",69,"-0,00","0,36",76,"2,99",78
SOSSEGO 05PFIV,215637,2016,,P,PO,14764,,1,30,"0,05","0,37",38,"1,20","0,38",78,,,,,"-0,02",90,"0,04",76,"-0,01",89,"-0,10",95,"-0,04",44,,84,1,18,"1,51","0,31",69,"2,71",76,"-0,04",92,"0,01",82,"-0,02",91,"-0,09",92,"-0,05",43,"1,19","0,36",6,"2,98",78
CATANDUVA JOÃO ALANO GRAMÁTICO 1195,88680,2001,,V,PO,16417,,11,186,"0,48","0,62",64,"1,67","0,72",75,"-2,52","0,36",96,97,"0,03",81,"-0,11",97,"0,07",71,"0,03",67,"0,01",62,,77,10,156,"1,44","0,62",69,"3,11",73,"0,05",78,"-0,05",92,"0,07",75,"0,04",65,"0,02",68,"0,08","0,63",71,"2,96",78
BRUNS THUNDERBOLT 963,IA1550,2013,,P,IA,4568,M,1,25,,,,"2,41","0,28",68,"-0,65","0,05",77,4,"0,03",81,"0,13",46,"-0,05",94,"0,13",37,"-0,06",37,,73,1,9,"0,79","0,15",75,"3,20",73,"0,05",79,"0,10",58,"-0,10",98,"0,15",35,"-0,04",43,"0,11","0,19",68,"2,96",78
BASCO QUEROSENE YESQUERO 923,194594,2015,,V,PO,4074,,2,38,"-0,05","0,42",32,"-1,22","0,53",91,"-3,85","0,18",99,1,"0,13",52,"0,21",28,"0,19",31,"-0,04",87,"0,15",97,,85,1,20,"1,84","0,40",65,"0,61",83,"0,10",68,"0,19",30,"0,19",38,"-0,05",85,"0,12",92,"0,04","0,44",74,"2,93",78
QUIRÍ M161,343174,2010,,P,PC,92,,1,120,"0,48","0,67",64,"1,26","0,66",78,"1,20","0,43",33,127,"-0,01",89,"0,00",85,"0,12",57,"-0,08",93,"0,03",72,,83,1,102,"3,33","0,58",50,"4,59",66,"0,01",87,"0,08",65,"0,20",34,"-0,10",94,"0,05",77,"-0,06","0,54",79,"2,92",78
RED PRINCESS 14603 FERRARI-T/E-,IA2102,2016,,V,IA,11673,,15,206,"0,80","0,75",81,"-0,69","0,74",89,"-3,99","0,11",99,3,"0,21",26,"0,14",43,"0,32",5,"-0,02",82,"0,03",73,,75,12,122,"-1,69","0,56",90,"-2,38",91,"0,19",40,"0,13",49,"0,37",5,"-0,07",90,"0,12",91,"0,34","0,64",53,"2,92",78
CONNEALY HARMONY 0171,IA1293,2010,,P,IA,10379,,1,31,"0,31","0,49",54,"2,42","0,48",67,"0,40","0,09",50,9,"0,06",76,"0,01",83,"0,12",57,"0,21",20,"-0,15",10,,71,1,27,"-0,80","0,35",85,"1,62",80,"-0,02",90,"-0,12",98,"-0,02",92,"0,13",39,"-0,18",8,"1,07","0,42",10,"2,91",78
PASTORIZA 565 BRIGADIER TE BRIGADIER,IA796,2001,,V,IA,23805,,134,4199,"0,16","0,92",45,"1,22","0,92",78,"-3,45","0,82",99,3864,"0,10",63,"0,10",57,"0,18",33,"-0,04",86,"-0,02",52,,74,113,2988,"-0,65","0,89",84,"0,57",83,"0,10",66,"0,10",57,"0,22",30,"-0,07",90,"-0,02",51,"0,37","0,89",50,"2,86",78
ZORZAL TE 2044 TELLECHEA,160590,2012,,P,PO,18551,,1,28,"0,73","0,50",77,"3,36","0,51",59,"-1,55","0,21",89,10,"0,12",58,"0,10",59,"0,09",65,"0,07",55,"-0,01",57,,59,1,18,"-2,09","0,37",92,"1,26",81,"0,09",69,"0,02",81,"0,03",83,"0,02",71,"-0,02",53,"0,14","0,35",67,"2,78",79
SÃO XAVIER 1804 JUNIOR TE,192525,2014,,P,PO,508,,1,49,"-0,45","0,59",15,"2,18","0,60",70,"0,23","0,27",55,18,"0,15",48,"0,06",71,"0,13",49,"0,01",73,"0,11",92,,64,1,40,"-2,47","0,48",93,"-0,29",86,"0,13",59,"0,04",74,"0,10",65,"0,00",76,"0,10",89,"0,36","0,56",52,"2,77",79
BECKTON EPIC R397 K,IA1323,2005,,V,IA,17737,,6,294,"0,01","0,57",35,"0,28","0,71",84,"-0,93","0,18",81,43,"-0,09",97,"-0,03",89,"-0,08",96,"-0,01",80,"0,21",99,,90,5,178,"3,81","0,54",45,"4,09",69,"0,00",88,"0,06",70,"0,04",80,"-0,00",77,"0,28",99,"0,56","0,57",36,"2,59",79
TRÊS MARIAS 8795 TITAN TE TITAN,IA1407,2010,,P,IA,16982,K,17,92,"-0,29","0,67",20,"4,18","0,66",51,"-2,17","0,30",94,61,"0,07",74,"-0,02",88,"0,07",71,"0,09",50,"0,21",99,,59,12,51,"-2,40","0,51",93,"1,78",80,"0,04",81,"-0,05",92,"0,04",81,"0,13",39,"0,26",99,"0,56","0,57",35,"2,56",79
MESSMER PACKER S008,IA1053,2006,,V,IA,23805,,5,186,"-0,71","0,52",8,"1,68","0,67",75,"0,53","0,29",48,85,"0,07",74,"0,09",62,"0,08",69,"0,37",3,"0,04",75,,74,5,126,"0,27","0,51",79,"1,95",79,"0,06",77,"0,01",81,"0,07",75,"0,34",7,"0,04",75,"0,14","0,57",67,"2,45",79
BASIN RAINMAKER 654X,IA344,1988,,P,IA,22579,,4,304,"-1,47","0,79",2,"1,79","0,77",74,"1,97","0,48",18,132,"0,01",84,"-0,09",96,"0,04",79,"0,02",71,"-0,05",37,,78,3,174,"1,14","0,65",72,"2,94",75,"0,03",83,"-0,04",91,"0,04",81,"0,02",70,"-0,06",37,"0,26","0,65",59,"2,43",79
LSF BRA NO WORRIES 4657B,IA1811,2014,,V,IA,22559,A,20,175,"-0,81","0,74",7,"-1,27","0,73",91,"2,32","0,28",14,54,"0,13",54,"0,19",33,"0,16",40,"-0,02",82,"0,08",89,,85,18,130,"2,73","0,59",56,"1,46",81,"0,12",62,"0,26",16,"0,19",40,"-0,02",80,"0,08",86,"-0,68","0,64",98,"2,40",79
Performance Qualidade de carne Adaptação SÃO BIBIANO INSIGHT 7811,211629,2017,,P,PO,110,,2,70,"-0,82","0,58",7,"-0,31","0,57",87,"2,01","0,15",18,4,"0,10",64,"0,19",32,"0,13",52,"0,03",68,"-0,07",33,,82,2,50,"1,50","0,43",69,"1,19",82,"0,07",73,"0,19",30,"0,16",49,"0,03",68,"-0,07",35,"0,00","0,46",75,"2,38",80
CIA.AZUL 3180 RESOURCE GAITERO,188351,2015,,P,PO,8538,,1,83,"-0,43","0,68",15,"1,29","0,66",77,"-2,09","0,26",93,22,"-0,08",97,"0,05",74,"-0,02",89,"-0,23",99,"-0,14",13,,88,1,30,"4,26","0,48",41,"5,54",63,"-0,02",90,"0,12",52,"0,05",77,"-0,19",98,"-0,14",16,"-0,03","0,53",78,"2,38",80
CACHAFAZ 2382 TELLECHEA,181029,2014,,P,PO,18551,,2,32,"0,57","0,54",69,"-2,82","0,52",96,"-0,54","0,10",75,4,"0,25",17,"0,28",13,"0,22",22,"0,05",64,"-0,14",12,,84,2,24,"-1,46","0,38",89,"-4,28",95,"0,28",16,"0,28",13,"0,24",25,"0,00",75,"-0,17",11,"-0,03","0,40",78,"2,34",80
BASCO YESQUERO 568TE,176341,2012,,V,PO,4074,,1,39,"-0,84","0,51",6,"-1,44","0,55",92,"-1,29","0,22",85,5,"0,05",78,"-0,09",96,"-0,08",96,"0,12",41,"0,09",91,,90,1,25,"2,68","0,43",57,"1,25",81,"0,07",74,"-0,03",89,"-0,07",96,"0,19",26,"0,09",88,"0,27","0,47",58,"2,33",80
TRADIÇÃO 1406,277074,2007,,P,PC,3638,,2,231,"0,23","0,63",49,"-0,07","0,73",86,"1,23","0,42",32,208,"0,20",29,"0,07",67,"0,23",20,"0,16",29,"0,06",84,,73,2,196,"-1,07","0,64",87,"-1,13",89,"0,12",61,"0,00",84,"0,15",50,"0,15",33,"0,13",93,"0,06","0,69",73,"2,31",80
HW104 HÉLIO DE 16 FIELD DAY,151600,2011,,V,PO,18650,,1,96,"0,03","0,69",37,"-0,09","0,66",86,"0,51","0,28",48,56,"0,09",69,"0,06",70,"0,02",82,"-0,07",92,"0,15",97,,82,1,70,"1,14","0,52",72,"1,05",82,"0,05",78,"0,03",78,"0,02",85,"-0,04",84,"0,15",96,"0,25","0,54",60,"2,28",80
OSU CURRENCY 8173,IA1224,2008,,P,IA,23805,,7,38,"-0,05","0,49",32,"2,65","0,52",66,"0,87","0,11",40,17,"0,09",67,"-0,03",90,"0,03",80,"0,13",37,"0,09",91,,67,6,23,"-1,26","0,37",88,"1,39",81,"0,03",83,"-0,13",98,"-0,00",88,"0,12",41,"0,16",97,"0,38","0,37",50,"2,24",80
JINDRA DOUBLE VISION DOUBLE VISION,IA1480,2010,,P,IA,16477,G,7,78,"-0,94","0,54",5,"4,40","0,61",49,"2,54","0,18",11,23,"-0,05",93,"-0,29",99,"-0,17",99,"0,22",18,"0,05",79,,69,7,65,"2,72","0,47",56,"7,11",54,"-0,05",93,"-0,34",99,"-0,27",99,"0,22",20,"0,02",69,"-0,69","0,53",98,"2,24",80
PASTORIZA 853 NICANOR TE NICANOR,IA1486,2006,,V,IA,10379,,6,73,"-0,10","0,56",28,"-7,03","0,62",99,"0,32","0,26",53,51,"0,16",43,"0,07",69,"0,17",36,"0,08",53,"-0,01",58,,98,5,57,"2,38","0,50",60,"-4,65",95,"0,18",41,"0,08",64,"0,23",28,"0,06",57,"-0,00",58,"1,08","0,55",9,"2,21",80
SINCLAIR NET PRESENT VALUE,IA893,2002,,P,IA,23805,,9,128,"-2,32","0,65",1,"1,73","0,68",74,"3,74","0,26",3,47,"-0,04",93,"0,06",72,"-0,09",97,"0,01",73,"-0,06",35,,83,8,108,"4,69","0,56",37,"6,42",58,"-0,02",90,"0,15",41,"-0,14",99,"0,01",74,"-0,09",27,"-0,75","0,61",99,"2,19",80
RITO 6I6 OF 4B20-6807,IA596,1996,,P,IA,23805,M,8,56,"0,10","0,64",41,"0,46","0,63",83,"3,31","0,41",5,173,"-0,01",88,"0,02",81,"-0,03",91,"0,04",65,"-0,10",20,,87,8,48,"2,38","0,55",60,"2,84",75,"-0,01",89,"0,02",79,"-0,04",93,"0,01",73,"-0,09",28,"0,52","0,53",39,"2,19",80
QUIRÍ A164,164858,2000,,V,PC,92,,2,73,"0,62","0,41",72,"-0,52","0,60",88,"0,94","0,25",38,35,"0,04",80,"0,04",74,"-0,02",90,"0,03",67,"0,04",76,,88,2,39,"2,47","0,45",59,"1,95",79,"0,03",82,"0,05",72,"0,04",80,"0,01",74,"0,02",69,"0,25","0,38",60,"2,17",80
RODEIO DO RINCÃO 241 CHANDOCA BRAND TE74,162086,2012,,P,PO,14672,,1,50,"0,13","0,48",43,"0,67","0,61",82,"0,69","0,24",44,13,"0,06",77,"0,12",51,"0,06",75,"-0,02",82,"-0,07",31,,81,1,36,"1,09","0,48",72,"1,76",80,"0,05",79,"0,12",52,"0,06",77,"-0,04",84,"-0,07",36,"0,18","0,50",65,"2,13",80
CIA.AZUL TE2150,172424,2013,,P,PO,8538,,2,82,"-0,61","0,68",10,"3,51","0,66",58,"0,23","0,35",55,64,"0,08",70,"0,26",17,"0,21",24,"-0,04",86,"0,01",65,,62,2,50,"-0,75","0,52",85,"2,76",75,"0,00",87,"0,21",25,"0,23",28,"-0,10",94,"0,04",74,"-0,01","0,53",77,"2,10",80
VISION UNANIMOUS 1418 UNANIMOUS,IA1520,2011,,P,IA,16783,,7,127,"-0,00","0,68",34,"1,89","0,67",72,"-3,82","0,20",99,44,"0,05",78,"-0,04",91,"-0,04",93,"-0,00",77,"0,13",95,,75,6,104,"1,29","0,53",70,"3,18",73,"0,02",83,"-0,06",93,"-0,06",95,"-0,03",83,"0,14",94,"-0,31","0,60",91,"1,86",81
GAP 4753,169098,2013,,P,PO,2555,,3,63,"0,88","0,65",84,"0,59","0,63",82,"1,50","0,24",27,32,"0,04",80,"0,13",48,"0,24",16,"-0,09",93,"-0,00",59,,82,3,47,"1,65","0,49",67,"2,23",78,"0,02",85,"0,10",56,"0,26",21,"-0,06",88,"0,02",68,"0,13","0,56",68,"1,83",81
TAMANDUÁ TEI249 HOBY FEDERAL T. M 8180,205117,2015,,P,PO,16005,,1,26,"-0,99","0,37",4,"1,49","0,34",76,,,,,"0,12",57,"-0,02",89,"0,01",85,"0,06",58,"0,05",80,,71,1,1,"-1,67","0,20",90,"-0,18",86,"0,09",70,"-0,06",93,"-0,03",92,"0,05",61,"0,09",88,"0,28","0,20",57,"1,78",81
SINCLAIR RITO LEGACY 3R9,IA1088,2003,,P,IA,23805,,6,32,"0,17","0,55",45,"1,01","0,53",80,"2,63","0,23",10,27,"0,19",32,"0,39",3,"0,21",25,"0,07",55,"-0,12",15,,67,6,25,"-1,54","0,42",90,"-0,53",87,"0,15",51,"0,33",7,"0,14",56,"0,03",67,"-0,17",10,"-0,51","0,48",96,"1,77",81
TRES MARIAS 9549 MAXIMO 7858 TE MAXIMO,IA1527,2012,,P,IA,16982,K,17,415,"2,45","0,80",99,"5,15","0,79",41,"-3,69","0,44",99,93,"0,20",31,"0,21",26,"0,23",18,"0,09",50,"0,07",85,,38,15,297,"-4,78","0,68",99,"0,37",84,"0,09",69,"0,07",67,"0,15",51,"0,02",72,"0,10",89,"-0,32","0,74",91,"1,71",81
MODELO CARDENAL/3031 CARDENAL,IA2299,2015,,V,IA,17490,K,5,27,"-0,31","0,51",19,"2,02","0,49",71,,,,,"0,12",59,"0,22",25,"0,23",18,"-0,10",95,"0,01",64,,68,2,12,"-2,63","0,35",94,"-0,61",87,"0,13",59,"0,17",33,"0,25",23,"-0,11",94,"0,05",76,"0,21","0,41",62,"1,60",81
N BAR EMULATION EXT,IA390,1986,,P,IA,23805,,33,294,"0,04","0,81",37,"1,30","0,81",77,"3,39","0,62",4,526,"0,04",81,"-0,09",96,"-0,08",97,"0,16",29,"-0,02",53,,79,24,203,"0,67","0,74",76,"1,97",79,"0,03",82,"-0,01",85,"-0,15",99,"0,17",30,"-0,08",30,"0,13","0,73",68,"1,54",82
UMBU 1922 BRIGADIER UMBU,150819,2011,,V,PO,99,P,24,917,"-0,04","0,86",33,"4,46","0,85",48,"-4,34","0,52",99,263,"0,16",44,"0,19",31,"0,20",29,"0,05",63,"-0,00",59,,46,20,572,"-4,35","0,76",98,"0,11",85,"0,08",73,"0,09",62,"0,13",56,"-0,05",86,"0,00",59,"0,02","0,79",75,"1,51",82
RED RUST REDEEM 201C,IA1883,2015,,V,IA,22904,,3,52,"-0,70","0,25",8,"-0,64","0,42",88,,,,,"-0,08",97,"0,06",71,"-0,05",94,"0,07",54,"0,01",64,,93,2,6,"3,69","0,19",46,"3,05",74,"-0,04",92,"0,11",54,"0,01",87,"0,06",59,"0,04",75,"0,71","0,15",25,"1,42",82
S A V SUPERCHARGER 6813,IA2057,2016,,P,IA,22588,M,4,32,"0,58","0,48",69,"0,35","0,46",84,"0,01","0,12",59,2,"0,03",82,"0,02",80,"0,11",58,"-0,06",90,"-0,08",27,,85,3,20,"0,02","0,33",80,"0,37",84,"0,04",80,"-0,00",85,"0,08",73,"-0,07",89,"-0,09",27,"0,70","0,34",25,"1,39",82
CANDELERO TRES MARIAS 8155 CANDELERO (ROSENDO),IA1148,2008,,P,IA,23805,K,56,1388,"0,35","0,88",57,"0,31","0,88",84,"-3,53","0,65",99,1273,"0,09",67,"0,06",71,"0,13",50,"0,02",71,"0,11",93,,80,48,981,"-0,83","0,81",86,"-0,52",87,"0,05",78,"0,04",75,"0,11",61,"0,06",58,"0,11",90,"0,58","0,85",34,"1,33",82
DON PANCHO 53 BARTOLOMÉ TE BARTOLOMÉ 53,75372,1993,,V,PO,5150,,76,3466,"0,44","0,89",62,"0,22","0,91",85,"-0,73","0,80",78,2858,"0,01",85,"-0,07",94,"0,01",84,"0,06",61,"-0,04",41,,86,66,2479,"2,76","0,86",56,"2,98",74,"0,03",82,"-0,03",89,"0,02",85,"0,08",51,"-0,02",51,"-0,32","0,85",91,"1,30",82
QUIRI S001,402759,2014,,V,PC,92,,1,98,"0,08","0,67",40,"0,93","0,65",80,"-2,33","0,18",95,24,"0,07",73,"0,15",40,"0,08",67,"-0,14",97,"0,06",83,,78,1,77,"0,00","0,51",80,"0,94",82,"0,05",78,"0,16",37,"0,11",64,"-0,16",96,"0,06",80,"0,07","0,54",71,"1,18",82
FSL TE1068 FENÔMENO,144233,2010,,P,PO,18583,,5,71,"-0,13","0,59",27,"2,73","0,60",65,"-2,58","0,18",96,1,"-0,02",90,"0,06",72,"-0,02",90,"-0,12",96,"-0,09",23,,76,4,54,"1,14","0,47",72,"3,87",70,"-0,01",88,"0,01",81,"0,04",81,"-0,08",91,"-0,08",30,"-0,19","0,60",86,"1,18",82
CIA.AZUL GAITEIRO 0620 ZORZAL GORDO,121151,2007,,P,PO,8538,,6,151,"0,36","0,74",57,"2,25","0,73",69,"-3,75","0,44",99,193,"0,08",70,"0,03",78,"0,08",67,"0,05",62,"0,06",84,,70,3,108,"-1,19","0,61",88,"1,06",82,"0,02",84,"0,01",82,"0,01",86,"-0,05",86,"0,04",73,"0,18","0,63",64,"1,14",82
DON JOSE 1717 REMIXADO 6234 T/E REMIXADO,IA2247,2015,,P,IA,23285,K,10,78,"-1,63","0,63",2,"0,96","0,62",80,,,,,"0,18",37,"0,18",33,"0,19",29,"0,01",75,"-0,06",35,,69,3,41,"-1,41","0,43",89,"-0,46",87,"0,13",58,"0,18",32,"0,18",41,"0,03",68,"-0,06",39,"-0,60","0,48",97,"1,12",82
CIA.AZUL 3190 CIA 0474 CIA 0146,188354,2015,,V,PO,8538,,1,52,"0,76","0,52",79,"-4,18","0,56",98,"-2,57","0,19",96,9,"0,08",70,"0,05",72,"0,15",42,"-0,02",81,"0,07",86,,95,1,36,"3,95","0,42",44,"-0,23",86,"0,14",54,"0,13",46,"0,28",16,"0,04",65,"0,04",73,"-0,44","0,46",95,"1,06",82
SÃO XAVIER 1976 LIBRES,192383,2015,,P,PO,508,,1,30,"1,10","0,52",91,"2,27","0,54",69,"-0,49","0,19",74,6,"0,14",51,"0,28",13,"0,25",14,"0,16",29,"0,13",95,,64,1,26,"-2,99","0,41",95,"-0,73",88,"0,13",58,"0,22",24,"0,24",24,"0,10",46,"0,15",95,"-0,10","0,48",82,"1,05",82
LAS LILAS 2445 MEJICANO SENSATION CHAMACO,IA1675,2010,,V,IA,13096,,5,61,"0,10","0,40",41,"1,76","0,55",74,"0,60","0,13",46,12,"0,07",72,"-0,07",94,"0,03",80,"0,21",20,"0,17",98,,73,5,37,"-1,44","0,39",89,"0,32",85,"0,06",77,"-0,10",97,"-0,00",88,"0,20",23,"0,17",97,"0,27","0,43",58,"1,03",82
LAS LILAS 1405 ALAMO COOPER ROB MEXICANO,IA1187,2005,,V,IA,23805,,20,402,"0,43","0,77",61,"1,46","0,79",76,"-0,74","0,38",78,137,"0,11",62,"0,06",70,"0,08",67,"0,11",43,"0,08",87,,72,16,252,"-0,42","0,66",83,"1,04",82,"0,06",75,"0,03",76,"0,06",76,"0,08",53,"0,08",85,"-0,35","0,65",92,"1,02",83
VOLCAN BLACKCAP 4665 TE AMBICIOSO,IA1624,2011,,P,IA,10379,,3,30,"0,82","0,44",82,"1,27","0,44",77,"-0,17","0,13",63,7,"0,06",76,"-0,04",91,"-0,03",91,"0,03",66,"-0,02",50,,77,3,26,"0,37","0,32",78,"1,64",80,"0,02",85,"-0,04",90,"-0,01",90,"0,04",65,"-0,03",49,"-0,01","0,33",77,"0,98",83
CATANDUVA GRAMÁTICO STRYKER 4128-TE15,75476,1998,,V,PO,16417,,17,247,"0,87","0,76",83,"-1,23","0,77",91,"-1,33","0,49",86,205,"0,06",75,"0,04",75,"0,15",43,"0,02",70,"0,05",80,,89,14,166,"0,85","0,66",74,"-0,38",86,"0,08",72,"0,04",74,"0,16",47,"-0,01",78,"0,11",90,"0,29","0,69",56,"0,95",83
CV4712 HORNERO NET WORTH,174437,2013,,P,PO,1949,,1,34,"0,39","0,49",58,"2,71","0,47",65,"-2,03","0,20",93,13,"0,05",77,"0,11",56,"0,09",66,"0,00",76,"-0,00",59,,70,1,23,"-0,96","0,36",86,"1,75",80,"0,01",86,"0,06",69,"0,06",76,"-0,04",85,"0,02",68,"0,08","0,35",70,"0,94",83
UMBU 2290 ZORZAL,170820,2013,,P,PO,99,,2,208,"-1,72","0,76",1,"0,31","0,74",84,"-0,49","0,35",74,73,"0,07",73,"0,08",65,"0,09",64,"-0,00",77,"0,02",69,,81,1,134,"2,23","0,60",62,"2,54",77,"0,04",81,"0,10",58,"0,09",70,"-0,02",80,"0,02",68,"-0,75","0,63",99,"0,93",83
BASCO CREDITO 921,190955,2015,,P,PO,4074,,1,26,"0,73","0,56",77,"1,32","0,55",77,"-0,12","0,24",62,16,"0,08",72,"-0,07",94,"0,10",63,"0,15",33,"0,02",68,,76,1,22,"-2,43","0,45",93,"-1,11",89,"0,02",85,"-0,11",97,"0,07",74,"0,09",48,"0,03",71,"1,09","0,50",9,"0,88",83
RUBETA 4980 BOMBARDERO TE BOMBAZO,IA1331,2007,,P,IA,17375,,2,34,"-0,20","0,52",24,"-0,72","0,47",89,"2,30","0,28",14,85,"0,21",28,"0,17",35,"0,18",34,"0,05",64,"0,07",86,,76,2,34,"-2,44","0,41",93,"-3,15",93,"0,19",39,"0,17",34,"0,21",32,"0,02",69,"0,11",90,"-0,10","0,46",82,"0,87",83
SANTA AUGUSTA 152 BISMARCK,157169,2011,,P,PO,16076,,1,53,"0,74","0,51",78,"0,97","0,48",80,"2,81","0,23",8,31,"0,08",69,"-0,01",86,"0,01",85,"0,05",64,"0,01",63,,77,1,22,"-0,40","0,36",83,"0,57",83,"0,07",74,"-0,02",87,"0,01",86,"0,04",65,"0,01",61,"-0,11","0,34",83,"0,81",83
TRÊS LAGOAS TEI54,164901,2013,,P,PO,18898,,3,20,"0,84","0,32",82,"-0,88","0,48",90,"-0,64","0,18",77,14,"0,08",72,"0,03",77,"0,05",77,"-0,00",77,"0,12",94,,87,3,13,"0,25","0,37",79,"-0,63",87,"0,09",69,"0,05",74,"0,08",71,"-0,02",81,"0,13",93,"0,15","0,43",66,"0,64",83
CIA.AZUL 3260 A.VALLEY G.7372,194433,2015,,P,PO,8538,,1,29,"-0,48","0,54",13,"-3,96","0,51",98,"3,88","0,22",3,14,"-0,01",89,"0,03",77,"-0,07",96,"-0,06",89,"-0,08",26,,97,1,4,"3,66","0,36",47,"-0,30",86,"0,06",76,"0,10",57,"0,02",84,"0,01",72,"-0,06",37,"0,50","0,43",41,"0,41",84
RED ROCK STAR 1749 TELLECHEA,176955,2014,,V,PO,18551,,2,80,"-0,34","0,65",18,"-5,50","0,63",99,"-0,36","0,18",72,26,"0,10",64,"0,16",38,"0,15",43,"-0,05",88,"0,12",94,,97,2,60,"2,50","0,47",59,"-3,00",92,"0,10",67,"0,17",36,"0,19",38,"-0,07",89,"0,12",92,"0,60","0,51",33,"0,35",84
JUQUIRY BLACK 9134 J07 GENERAL,405559,2015,,P,PC,18553,,1,25,"0,25","0,43",50,"2,69","0,45",66,"-1,63","0,08",90,1,"-0,02",90,"0,15",42,"0,06",73,"0,09",51,"-0,09",25,,76,1,23,"0,90","0,35",74,"3,59",71,"-0,03",91,"0,13",48,"0,09",69,"0,07",55,"-0,14",16,"-0,25","0,34",88,"0,32",84
AML 6083 LL MAX 930C IA479,199758,2016,,P,PO,2117,,1,51,"-0,14","0,42",26,"2,76","0,50",65,"1,26","0,14",32,3,"-0,00",87,"0,17",36,"0,11",58,"-0,01",79,"0,06",82,,74,1,29,"-0,99","0,36",87,"1,77",80,"-0,04",92,"0,07",67,"0,07",74,"-0,05",85,"0,04",76,"0,51","0,29",39,"0,22",85
MLK CREEK CUB 722,IA832,1997,,V,IA,23805,,7,143,"-0,92","0,70",5,"7,26","0,68",24,"0,95","0,40",38,147,"-0,02",91,"-0,10",97,"-0,02",90,"0,23",16,"0,07",87,,46,6,132,"-2,15","0,58",92,"5,11",65,"-0,08",96,"-0,18",99,"-0,10",98,"0,20",24,"0,12",92,"-0,35","0,42",92,"0,21",85
Performance Qualidade de carne Adaptação AB 273 HORNERO TE,188051,2014,,P,PO,2873,,2,33,"0,20","0,59",47,"1,79","0,58",73,"-2,06","0,46",93,7,"0,06",77,"-0,12",98,"0,05",75,"-0,02",81,"0,08",89,,75,2,28,"-0,58","0,54",84,"1,22",81,"0,03",83,"-0,15",99,"0,04",81,"-0,04",85,"0,11",90,"-0,21","0,54",87,"0,05",85
OTTONO B444 TEI DON PANCHO,67758,1995,,V,PO,35,,84,2857,"0,48","0,89",64,"0,18","0,91",85,"0,11","0,79",57,2606,"0,04",80,"0,00",85,"0,04",78,"0,05",62,"0,02",69,,85,75,2156,"0,67","0,87",76,"0,85",83,"0,05",79,"0,03",77,"0,05",78,"0,03",67,"0,04",74,"-0,19","0,86",86,"-0,05",85
OCC GREAT PLAINS 943G,IA923,1997,,P,IA,23805,,5,34,"-0,90","0,54",5,"1,07","0,54",79,"2,12","0,24",16,42,"0,04",79,"0,02",80,"0,01",85,"0,03",69,"0,03",74,,80,4,32,"0,96","0,44",73,"2,02",79,"-0,01",89,"0,05",71,"-0,08",96,"-0,02",80,"0,04",75,"-0,35","0,50",92,"-0,12",85
RINCON TORNADO TE2618 DEL SARANDY,182024,2014,,P,PO,7287,,2,39,"0,09","0,59",41,"1,72","0,57",74,"-0,77","0,30",79,2,"0,05",78,"0,17",36,"0,16",40,"-0,10",95,"0,24",99,,76,1,28,"-0,94","0,48",86,"0,78",83,"-0,02",89,"0,11",55,"0,16",46,"-0,12",95,"0,26",99,"0,23","0,52",61,"-0,12",85
PA FORTITUDE 2500,IA1499,2011,,P,IA,16477,,7,97,"-0,14","0,65",26,"4,74","0,65",45,"0,37","0,15",52,19,"0,03",81,"-0,01",87,"-0,04",93,"0,08",52,"-0,10",20,,59,5,87,"-1,68","0,52",90,"3,06",74,"-0,09",98,"-0,09",97,"-0,11",98,"0,01",73,"-0,11",23,"-0,05","0,62",79,"-0,23",86
SANTA SERGIA AMIGO MANDARIN 2884 AUGUSTO,IA1718,2011,,V,IA,10379,,4,32,"-0,49","0,39",13,"0,74","0,48",81,"-0,71","0,09",77,8,"0,12",59,"0,35",5,"0,18",34,"-0,02",83,"0,10",92,,75,4,21,"-2,93","0,32",95,"-2,19",91,"0,14",55,"0,30",10,"0,19",36,"-0,03",83,"0,13",93,"-0,06","0,35",80,"-0,46",86
WEBR DOC HOLLIDAY 2N,IA835,2003,,V,IA,23805,,23,365,"-0,43","0,79",15,"2,22","0,79",69,"1,66","0,57",24,431,"0,02",84,"-0,07",94,"-0,00",87,"0,13",37,"0,17",99,,76,19,230,"-1,25","0,70",88,"0,97",82,"0,03",82,"-0,08",95,"0,01",87,"0,09",49,"0,15",96,"-0,11","0,70",82,"-0,65",86
ESPINILHO 1326,168500,2013,,V,PO,14550,,1,25,"-0,16","0,32",26,"1,59","0,50",75,"0,62","0,16",46,5,"0,05",77,"0,07",67,"0,16",41,"-0,03",84,"0,08",88,,76,1,15,"-1,04","0,36",87,"0,55",84,"0,02",85,"0,00",84,"0,16",48,"-0,06",88,"0,10",89,"-0,17","0,39",85,"-0,76",86
BIGUÁ 5711 BISMARCK 5682 TEI,149475,2011,,P,PO,18474,,4,51,"0,57","0,54",69,"1,69","0,55",75,"-0,75","0,27",78,34,"-0,04",93,"-0,02",88,"0,00",86,"0,17",28,"0,06",82,,83,4,46,"-0,16","0,46",81,"1,53",81,"-0,12",98,"-0,12",97,"-0,10",98,"0,12",42,"0,07",83,"0,85","0,51",18,"-0,82",87
EF COMMANDO 1366,IA1730,2011,,P,IA,16477,,7,40,"-0,54","0,54",11,"-3,23","0,54",97,,,,,"0,02",84,"-0,09",96,"-0,08",96,"0,00",75,"0,02",66,,95,7,35,"2,36","0,43",61,"-0,88",88,"0,08",71,"0,00",84,"-0,01",90,"0,05",62,"-0,02",52,"-0,01","0,51",76,"-0,82",87
AGROMELU 2894 BRUJO TE BRUJO,IA934,2003,,V,IA,23805,,18,290,"0,89","0,75",84,"0,93","0,79",80,"-0,17","0,49",63,284,"0,06",75,"0,16",40,"0,06",73,"-0,01",78,"0,04",78,,79,15,237,"-1,57","0,69",90,"-0,64",87,"0,03",82,"0,07",68,"0,03",83,"-0,02",81,"0,06",81,"0,12","0,73",68,"-0,88",87
CONNEALY PILGRIM PILGRIM,IA1744,2014,,P,IA,22155,,2,35,"-1,78","0,53",1,"0,29","0,51",84,"0,33","0,12",53,9,"-0,10",98,"0,02",79,"-0,04",92,"-0,10",95,"-0,08",30,,91,2,22,"1,66","0,36",67,"1,95",79,"-0,11",98,"0,01",83,"-0,09",97,"-0,13",96,"-0,11",22,"0,95","0,35",14,"-0,91",87
GAR RETAIL PRODUCT,IA749,1999,,P,IA,23805,M,5,68,"-0,33","0,66",18,"-1,75","0,64",93,"3,96","0,28",3,63,"0,05",77,"0,06",71,"0,01",85,"0,16",29,"-0,12",16,,90,4,59,"0,19","0,53",79,"-1,56",90,"0,02",84,"0,03",76,"-0,01",89,"0,11",45,"-0,13",19,"0,47","0,60",42,"-0,93",87
BARRAGEM CHATELLE TE105 NETWORTH 512,159638,2012,,P,PO,2251,,1,38,"0,51","0,48",65,"-0,34","0,50",87,,,,,"0,04",80,"0,03",77,"0,05",76,"-0,06",90,"0,02",69,,87,1,23,"0,20","0,36",79,"-0,14",86,"0,04",81,"0,03",76,"0,07",74,"-0,08",91,"0,02",67,"-0,08","0,35",81,"-0,96",87
BT JUNCO MAGNO 1161,185338,2014,,P,PO,21499,,2,34,"-0,05","0,20",31,"0,23","0,37",85,"1,15","0,05",34,1,"0,05",78,"-0,04",90,"0,05",76,"0,02",69,"0,02",70,,84,2,23,"-1,04","0,25",87,"-0,81",88,"0,00",87,"-0,09",96,"0,02",85,"0,04",65,"0,02",68,"0,38","0,22",50,"-1,09",87
TIMBAÚVA 22 AGAMENON NACO MR BEEF 805,163388,2012,,V,PO,14168,,1,28,"0,76","0,50",79,"0,49","0,47",83,"-1,72","0,22",91,29,"-0,02",90,"-0,01",86,"0,10",62,"-0,08",92,"0,09",90,,88,1,21,"0,97","0,36",73,"1,45",81,"-0,02",90,"0,05",73,"0,07",74,"-0,02",81,"0,09",87,"-0,04","0,32",78,"-1,13",87
PFFR CONVOY 9Z,IA1644,2012,,V,IA,16477,,8,93,"0,64","0,49",73,"1,72","0,63",74,"1,36","0,18",29,25,"0,05",79,"0,09",59,"0,00",86,"0,08",54,"-0,01",54,,76,7,70,"-2,94","0,48",95,"-1,23",89,"0,05",78,"0,14",45,"0,07",75,"0,06",57,"0,02",69,"0,36","0,55",52,"-1,14",87
BAYUCUA,205191,2015,,P,PO,17254,,1,42,"0,93","0,50",86,"1,09","0,53",79,"-0,64","0,12",77,6,"-0,00",87,"-0,04",90,"-0,08",96,"-0,03",85,"0,08",88,,83,1,26,"-2,52","0,37",94,"-1,43",89,"-0,00",88,"0,02",81,"-0,01",90,"-0,02",79,"0,08",86,"1,03","0,38",11,"-1,20",88
BIEBER RREDS TAKEOUT 305A,IA1554,2013,,V,IA,4568,M,5,27,"-1,41","0,37",2,"-2,13","0,43",94,"0,69","0,04",44,2,"0,00",86,"0,08",65,"-0,09",97,"0,02",71,"-0,03",48,,93,4,22,"1,64","0,31",67,"-0,49",87,"0,02",84,"0,13",45,"-0,02",91,"-0,00",77,"-0,03",49,"0,11","0,38",68,"-1,41",88
RINCON PENETRA 1642 DEL SARANDY,141996,2010,,P,PO,7287,,5,107,"0,95","0,69",87,"-0,97","0,67",90,"-2,67","0,33",97,45,"0,04",79,"0,19",31,"0,16",39,"-0,10",94,"0,11",93,,89,4,85,"-0,12","0,56",81,"-1,08",88,"-0,01",88,"0,07",67,"0,12",59,"-0,11",95,"0,12",92,"0,39","0,62",49,"-1,43",88
ASD 623TE PAYADOR CARRASCO,120767,2007,,V,PO,73,,27,409,"0,46","0,81",62,"-0,93","0,81",90,"-2,89","0,48",98,229,"0,15",47,"0,05",73,"0,15",43,"-0,02",82,"0,07",86,,82,20,268,"-0,51","0,69",83,"-1,44",90,"0,11",63,"0,03",78,"0,14",54,"0,00",76,"0,10",89,"-0,98","0,72",99,"-1,46",88
LA LEGUA SAKIC 781 TE,IA1880,2011,,V,IA,17610,,2,60,"0,72","0,56",77,"2,17","0,54",70,"-0,02","0,12",60,7,"0,09",67,"0,01",83,"0,11",59,"0,02",70,"0,24",99,,70,2,51,"-4,18","0,41",98,"-2,01",90,"-0,00",88,"-0,10",97,"-0,01",88,"-0,10",94,"0,28",99,"0,56","0,50",35,"-1,59",88
HW99 HERALDO DE 04 FIELD DAY,149792,2011,,V,PO,18650,,1,54,"-0,44","0,61",15,"1,93","0,59",72,"-0,71","0,21",77,17,"-0,01",89,"-0,14",98,"-0,09",97,"0,06",61,"0,11",93,,79,1,31,"-0,78","0,41",85,"1,15",82,"-0,04",92,"-0,10",97,"-0,13",99,"0,06",58,"0,13",93,"0,06","0,34",73,"-1,62",88
FEDDES BIG SKY R9,IA930,2005,,V,IA,23805,,8,173,"-2,14","0,73",1,"0,49","0,72",83,"0,56","0,33",47,106,"-0,08",96,"-0,10",96,"-0,06",95,"0,03",67,"0,13",95,,90,8,110,"3,25","0,57",51,"3,74",71,"-0,07",95,"-0,13",98,"-0,05",94,"0,06",56,"0,13",93,"-0,59","0,61",97,"-1,65",88
GARUPÁ TE8488 ZORZAL BODACIOUS,152101,2011,,P,PO,57,,2,41,"0,44","0,35",62,"2,34","0,51",68,"-1,95","0,26",93,32,"0,07",73,"0,05",73,"0,08",69,"-0,04",85,"0,04",77,,71,1,32,"-1,79","0,41",91,"0,55",84,"0,02",85,"-0,01",85,"0,04",80,"-0,10",94,"0,04",72,"-0,66","0,46",98,"-1,85",88
RED LAZY MC BENELLI 102B,IA1769,2014,,V,IA,22342,,6,78,"-0,05","0,54",32,"2,13","0,55",70,"-1,24","0,03",85,5,"0,13",55,"0,16",39,"0,12",55,"0,07",55,"0,07",84,,67,4,27,"-3,09","0,33",95,"-0,96",88,"0,08",72,"0,07",68,"0,07",75,"-0,04",85,"0,05",78,"-0,80","0,35",99,"-1,90",88
GUE GLEN NORTE ARITZ T/E CARLONCHO,IA1010,2004,,V,IA,23805,,22,442,"-0,45","0,79",15,"-1,51","0,81",92,"-1,53","0,50",89,284,"0,11",62,"0,30",10,"0,16",40,"-0,20",99,"0,08",87,,88,21,329,"0,20","0,71",79,"-1,31",89,"0,13",59,"0,27",14,"0,23",28,"-0,20",98,"0,07",82,"-1,08","0,75",99,"-2,00",89
RINCON MALANDRO 2937 DEL SARANDY,192583,2015,,P,PO,7287,,3,26,"0,54","0,55",67,"1,22","0,53",78,"-0,59","0,32",76,2,"0,11",63,"0,10",57,"0,12",53,"-0,02",82,"0,08",89,,74,2,23,"-4,75","0,46",99,"-3,53",94,"0,09",70,"-0,00",84,"0,11",63,"-0,08",92,"0,12",91,"0,35","0,48",52,"-2,08",89
GV FAUSTO TE110 CANDELERO,196284,2015,,P,PO,14117,,1,30,"0,13","0,51",44,"-1,42","0,51",92,"-1,74","0,18",91,5,"0,01",86,"-0,10",96,"-0,04",92,"-0,07",92,"0,01",64,,91,1,14,"0,75","0,34",75,"-0,67",87,"0,00",87,"-0,07",94,"-0,04",93,"-0,05",86,"0,02",66,"0,07","0,29",72,"-2,09",89
TRIARA SLAM DUNK ET 357Y SLAM DUNK,IA1770,2011,,P,IA,22376,,1,33,"-0,30","0,50",20,"-1,57","0,48",93,"1,36","0,10",30,10,"0,10",63,"0,01",83,"0,02",83,"0,22",17,"0,09",90,,88,1,28,"-3,91","0,36",97,"-5,48",96,"0,09",69,"-0,05",92,"-0,04",93,"0,20",24,"0,08",85,"0,96","0,49",13,"-2,33",89
FILOMENA 193 MAXI 16 TE VISTOSO,IA1455,2010,,P,IA,10379,,14,331,"0,14","0,76",44,"0,25","0,79",84,"-0,20","0,48",63,141,"0,07",74,"0,03",78,"0,13",50,"-0,01",80,"0,16",98,,82,14,256,"-1,80","0,69",91,"-1,55",90,"0,02",84,"-0,01",86,"0,13",57,"-0,08",91,"0,20",99,"-0,06","0,75",80,"-2,40",89
TRES MARIAS 5181 JÚNIOR TE,IA713,1997,,P,IA,23805,,15,80,"0,29","0,63",53,"-1,14","0,64",91,"0,79","0,25",42,45,"-0,08",96,"-0,19",99,"-0,06",95,"0,09",48,"0,07",85,,93,11,48,"3,08","0,47",53,"1,94",79,"-0,06",94,"-0,17",99,"-0,04",93,"0,10",46,"0,10",89,"-0,29","0,55",90,"-2,41",89
LELAND MARKSMAN 6629 Marksman,IA1969,2016,,V,IA,23392,G,8,80,"-1,61","0,61",2,"3,19","0,60",60,"1,17","0,08",33,1,"0,02",83,"0,10",57,"0,04",78,"0,19",23,"0,08",88,,70,3,38,"-1,13","0,39",87,"2,06",78,"-0,01",89,"0,05",73,"0,04",82,"0,09",50,"0,17",97,"-1,04","0,46",99,"-2,46",90
OTTONO B600 TE DADDY PANCHO NEGRO,73032,1997,,P,PO,35,,58,1341,"1,02","0,87",89,"-0,90","0,88",90,"2,30","0,71",14,1196,"0,06",75,"0,02",81,"0,09",66,"-0,01",80,"0,08",88,,88,50,806,"-0,24","0,81",82,"-1,14",89,"0,07",74,"-0,01",86,"0,09",67,"-0,04",85,"0,12",92,"-0,74","0,81",99,"-2,74",90
MOHNEN PULSE 533,IA1911,2013,,P,IA,22840,,1,32,"-1,53","0,51",2,"-1,15","0,49",91,"1,48","0,10",27,13,"-0,04",93,"-0,05",92,"0,01",84,"0,05",64,"-0,02",53,,92,1,20,"1,10","0,32",72,"-0,05",85,"-0,03",91,"-0,04",91,"0,03",82,"0,06",57,"-0,04",46,"0,08","0,30",71,"-2,77",90
SANTO ANTÃO ZORZAL MAGNO 762,167493,2013,,P,PO,14982,,1,44,"-0,19","0,50",25,"-1,56","0,58",92,"-1,05","0,15",82,4,"0,04",80,"0,22",25,"0,09",64,"-0,05",88,"0,02",68,,90,1,27,"-1,67","0,43",90,"-3,22",93,"0,02",83,"0,15",41,"0,06",77,"-0,12",95,"-0,01",56,"0,59","0,46",33,"-2,85",90
DOBLEHACHE 293 BIGUA TE TEHUELCHE,IA1410,2008,,P,IA,15614,,13,132,"-0,34","0,68",18,"-1,58","0,70",93,"-0,52","0,39",75,131,"0,16",43,"0,34",6,"0,26",13,"-0,14",96,"-0,02",50,,85,12,103,"-2,35","0,59",93,"-3,93",94,"0,16",48,"0,32",8,"0,29",15,"-0,18",97,"-0,01",56,"-0,82","0,63",99,"-2,87",90
ERRE TE 383 CONDOR EURO TE EURO,IA1886,2011,,P,IA,21177,K,21,158,"-0,16","0,72",25,"-0,05","0,71",86,"-2,22","0,25",94,48,"0,09",68,"0,13",47,"0,10",62,"-0,06",89,"0,12",95,,82,15,113,"-3,15","0,58",95,"-3,20",93,"0,01",86,"0,06",70,"0,04",81,"-0,11",94,"0,12",92,"0,26","0,65",59,"-3,14",90
ANGUS GUARITA 244TEI TOMAHAWK TOMAHAWK,195003,2015,,P,PO,20983,R,26,401,"0,67","0,80",75,"-1,05","0,80",90,"-3,05","0,23",98,19,"0,01",86,"0,16",39,"0,19",30,"-0,21",99,"0,11",92,,90,23,262,"-1,28","0,66",88,"-2,33",91,"0,01",87,"0,11",56,"0,22",29,"-0,24",99,"0,09",88,"0,38","0,72",49,"-3,25",90
RINCON LAPACHO 860 DEL SARANDY,104073,2004,,V,PO,7287,,15,870,"0,40","0,87",59,"-1,26","0,86",91,"-6,70","0,64",99,763,"0,19",35,"-0,00",86,"0,33",5,"0,04",65,"0,03",72,,81,13,655,"-3,66","0,78",96,"-4,92",96,"0,15",52,"-0,07",95,"0,25",22,"-0,02",80,"0,05",77,"-0,61","0,82",97,"-3,31",91
JUQUIRY RED 8038 8910,387529,2014,,V,PC,18553,,1,29,"-0,07","0,45",30,"-1,09","0,48",91,"-1,55","0,14",89,9,"-0,05",95,"0,08",65,"0,01",85,"-0,01",79,"0,01",65,,93,1,26,"1,41","0,37",70,"0,32",84,"-0,06",94,"0,08",63,"0,00",87,"-0,03",82,"-0,03",47,"-0,05","0,41",79,"-3,33",91
DON JOSE 176 MAXI TE MAXI,IA1149,2005,,P,IA,23805,K,38,402,"0,47","0,82",63,"1,94","0,82",72,"-2,85","0,58",98,421,"0,10",64,"0,10",58,"0,17",36,"0,00",76,"0,11",93,,71,32,265,"-4,26","0,74",98,"-2,32",91,"0,03",82,"0,08",64,"0,19",39,"-0,08",91,"0,14",95,"-0,27","0,78",89,"-3,34",91
RIVERBEND NONE BETTER Y095,IA1465,2011,,P,IA,13096,,2,40,"0,25","0,30",51,"0,15","0,44",85,"0,60","0,14",46,21,"-0,01",89,"0,07",68,"0,00",86,"-0,03",84,"-0,05",38,,88,2,32,"0,08","0,31",80,"0,23",85,"-0,08",97,"-0,01",86,"-0,04",93,"-0,08",91,"-0,07",34,"-0,06","0,18",80,"-3,34",91
JUQUIRY BLACK J05 GENERAL TEIC22,171403,2012,,P,PO,18553,,2,42,"0,67","0,37",74,"0,62","0,51",82,"-2,53","0,18",96,24,"0,09",68,"0,08",65,"0,13",51,"0,09",49,"0,10",92,,78,2,39,"-3,58","0,40",96,"-2,96",92,"0,04",80,"0,04",74,"0,12",59,"0,03",69,"0,10",89,"-0,11","0,42",82,"-3,44",91
S2 EBV 6703-7136 TENIENTE,119550,2007,,V,PO,6667,,2,41,"-1,11","0,48",3,"2,25","0,47",69,"1,49","0,24",27,21,"-0,03",91,"0,04",75,"-0,00",87,"-0,09",93,"-0,04",44,,79,2,36,"-1,56","0,39",90,"0,68",83,"-0,08",97,"0,02",81,"-0,04",92,"-0,14",96,"-0,05",40,"-0,06","0,36",80,"-3,45",91
TRES MARIAS 8953 ZORZAL 7858 TE EMPERADOR,IA1457,2010,,P,IA,16982,K,4,36,"-0,61","0,54",10,"1,31","0,51",77,"-2,43","0,19",95,6,"0,03",81,"0,02",80,"0,00",86,"-0,19",98,"0,06",82,,79,4,12,"-2,83","0,35",94,"-1,52",90,"-0,02",91,"-0,03",89,"-0,05",94,"-0,25",99,"0,06",80,"-0,09","0,36",81,"-3,92",91
CIA.AZUL TE2624 CUMBIERO ZORZAL AVATAR,181092,2014,,P,PO,8538,P,2,39,"0,59","0,59",70,"1,13","0,60",79,"-3,21","0,26",99,17,"-0,02",90,"0,03",77,"0,03",81,"-0,11",95,"0,08",87,,85,2,29,"-1,20","0,47",88,"-0,07",85,"-0,06",94,"-0,06",93,"0,00",87,"-0,16",97,"0,08",85,"-0,28","0,53",90,"-4,12",91
DOBLEHACHE 33 ORIENTAL TE,IA674,1996,,V,IA,23805,,39,790,"0,73","0,83",77,"-1,00","0,85",90,"-1,74","0,65",91,710,"0,08",69,"0,06",70,"0,09",65,"-0,06",89,"0,02",69,,87,35,512,"-3,17","0,77",95,"-4,17",95,"0,02",85,"0,01",83,"0,05",78,"-0,08",92,"0,06",79,"0,24","0,80",60,"-4,21",92
Performance Qualidade de carne Adaptação SOLÉ 1493 PASTORIZA NACHO,220083,2018,,V,PO,11430,,1,26,,,,"-0,88","0,45",90,,,,,"-0,02",90,"-0,06",93,"0,03",80,"-0,05",88,"0,07",86,,91,1,14,"-1,52","0,31",90,"-2,40",91,"-0,03",91,"-0,04",91,"0,03",82,"-0,05",86,"0,11",90,"0,36","0,41",51,"-4,34",92
RITO 9M25 OF RITA 5F56 PRED,IA1501,2008,,P,IA,16477,,1,24,"-0,56","0,49",11,"1,27","0,48",77,"1,59","0,20",25,27,"-0,01",88,"-0,08",95,"-0,11",98,"0,12",39,"-0,03",45,,83,1,22,"-2,48","0,38",93,"-1,21",89,"-0,07",95,"-0,13",98,"-0,20",99,"0,11",45,"-0,06",39,"0,15","0,41",66,"-4,36",92
LSF COMBINATION A301M,IA978,2002,,V,IA,23805,,12,180,"1,40","0,63",95,"2,20","0,70",69,"-0,42","0,35",73,136,"-0,17",99,"-0,25",99,"-0,22",99,"0,14",35,"-0,04",42,,89,11,160,"1,15","0,59",71,"3,35",72,"-0,16",99,"-0,22",99,"-0,25",99,"0,11",45,"-0,08",32,"-0,19","0,56",86,"-4,40",92
GAP 6591,228329,2019,,P,PO,23388,,1,45,"-0,03","0,61",33,"-3,04","0,58",96,,,,,"-0,07",96,"0,38",4,"0,22",22,"-0,07",91,"0,12",95,,97,1,5,"2,70","0,37",56,"-0,34",86,"-0,06",94,"0,38",4,"0,28",16,"-0,06",88,"0,08",85,"-0,19","0,42",86,"-4,46",92
SOLDERA 7122 VISTOSO,207967,2017,,P,PO,15061,,1,35,"-1,99","0,53",1,"-2,31","0,53",94,"1,59","0,19",26,2,"-0,07",96,"0,04",74,"0,02",83,"-0,21",99,"0,00",62,,96,1,16,"0,89","0,40",74,"-1,42",89,"-0,08",97,"0,05",72,"0,05",78,"-0,26",99,"0,02",69,"0,49","0,46",41,"-4,53",92
RIB TEI05 YESQUERO QUEBRACHO KARÚ,186817,2014,,V,PO,21184,K,22,246,"-0,34","0,74",17,"-2,15","0,76",94,"-0,26","0,29",65,43,"0,04",80,"0,03",78,"0,12",55,"0,00",75,"0,08",89,,92,21,194,"-1,30","0,63",88,"-3,45",94,"-0,02",90,"-0,02",87,"0,11",63,"-0,03",82,"0,06",79,"0,21","0,70",62,"-4,64",92
LAS LILAS 2403 BOYD ON TARGUET MAX OBJETIVO,IA1677,2010,,P,IA,13096,,2,41,"-0,04","0,13",33,"-0,46","0,32",88,"-0,82","0,08",80,17,"-0,02",90,"-0,04",91,"0,04",77,"-0,05",88,"0,06",83,,90,2,20,"-1,77","0,19",91,"-2,23",91,"-0,05",93,"-0,06",94,"-0,01",89,"-0,06",89,"0,07",83,"0,29","0,16",56,"-4,80",93
TRES MARIAS A348 DON EMILIO DON EMILIO,IA1930,2015,,P,IA,5150,K,21,114,"0,58","0,66",69,"-3,89","0,66",97,"-0,96","0,19",81,16,"-0,06",95,"-0,04",90,"0,02",84,"-0,15",97,"0,22",99,,98,15,63,"1,49","0,49",69,"-2,40",91,"-0,08",96,"0,00",84,"0,03",83,"-0,16",97,"0,20",99,"0,58","0,56",34,"-4,84",93
LIMESTONE GREAT DIVIDE U254 DIVIDE,IA1118,2008,,P,IA,23805,M,10,130,"1,47","0,71",96,"0,88","0,69",80,"-0,81","0,31",79,91,"0,08",70,"-0,02",88,"0,14",47,"-0,03",84,"0,04",77,,78,8,96,"-4,47","0,55",98,"-3,59",94,"-0,01",88,"-0,11",97,"0,10",67,"-0,04",85,"0,04",75,"-0,01","0,62",76,"-4,88",93
TRÊS MARIAS 9265 CANDE 8328 TE CORONEL,IA1415,2011,,P,IA,16982,K,21,254,"0,56","0,75",68,"1,45","0,76",76,"-2,72","0,41",97,118,"0,04",79,"-0,01",86,"0,02",84,"0,08",54,"0,29",99,,78,19,162,"-3,81","0,63",97,"-2,37",91,"-0,04",92,"-0,16",99,"-0,07",96,"0,05",61,"0,34",99,"-0,10","0,70",81,"-4,92",93
CURA 4925 CLASSIC HEADLINER TE MANÁ,IA953,2005,,P,IA,23805,,30,561,"0,62","0,84",71,"1,01","0,84",79,"-2,32","0,60",95,767,"0,06",76,"0,08",66,"0,13",51,"-0,01",79,"0,12",95,,79,27,375,"-5,04","0,75",99,"-4,03",94,"-0,03",91,"0,00",83,"0,16",50,"-0,06",89,"0,19",99,"0,38","0,79",49,"-5,17",93
VAR RESERVE 1111 RESERVE,IA1709,2011,,P,IA,15614,,5,29,"-0,19","0,46",24,"0,56","0,44",82,"0,85","0,12",41,13,"-0,02",90,"-0,14",98,"-0,04",92,"0,06",58,"-0,00",60,,87,5,24,"-1,47","0,32",89,"-0,91",88,"-0,08",96,"-0,16",99,"-0,09",97,"-0,01",77,"0,01",62,"-0,36","0,38",93,"-5,46",93
PAINEIRAS ARPÃO GURI 4918,105921,2004,,P,PO,14028,,11,213,"-0,46","0,69",14,"-2,10","0,73",94,"-3,88","0,43",99,149,"0,06",76,"-0,04",91,"0,00",86,"-0,04",87,"0,01",63,,91,9,126,"-2,11","0,59",92,"-4,21",95,"0,04",80,"-0,08",96,"-0,02",91,"-0,01",78,"-0,02",51,"-0,39","0,52",93,"-5,66",94
RINCON AL CAPONE TE1523 DEL SARANDY,135696,2009,,P,PO,7287,,4,26,"1,20","0,49",93,"1,57","0,50",76,"0,34","0,22",53,8,"0,01",84,"-0,15",99,"0,07",72,"-0,03",84,"0,16",97,,79,5,21,"-4,27","0,40",98,"-2,70",92,"-0,06",94,"-0,25",99,"0,01",86,"-0,08",91,"0,20",99,"0,08","0,43",70,"-5,70",94
STRATUM 1333 CREDITO DISCOVERY TE CREDITO,IA1072,2000,,P,IA,23805,,23,320,"0,52","0,81",66,"-3,71","0,80",97,"1,73","0,47",22,309,"0,07",73,"0,04",76,"0,13",50,"-0,11",95,"0,11",93,,94,18,232,"-1,89","0,70",92,"-5,60",97,"0,01",87,"-0,04",91,"0,11",64,"-0,09",93,"0,13",93,"0,23","0,75",61,"-5,81",94
RED L83 MATADOR 43A MATADOR,IA1591,2013,,V,IA,16783,,2,34,"0,11","0,37",42,"0,85","0,47",80,"0,61","0,07",46,14,"-0,05",94,"0,12",52,"0,05",76,"-0,08",92,"0,02",70,,88,2,29,"-2,46","0,33",93,"-1,61",90,"-0,08",96,"0,10",57,"0,05",79,"-0,08",91,"0,03",71,"0,03","0,33",74,"-5,90",94
BC LOOKOUT 7024,IA1038,2004,,P,IA,27153,,12,132,"0,52","0,64",66,"-3,56","0,68",97,"0,65","0,25",45,86,"0,00",86,"0,01",83,"0,08",68,"-0,21",99,"0,09",89,,96,11,77,"-0,36","0,51",82,"-3,92",94,"-0,01",89,"0,05",72,"0,06",77,"-0,22",99,"0,08",86,"-0,01","0,55",76,"-5,97",94
TRIPLE J DESIGN OF FOXCROSS,IA891,2002,,P,IA,23805,,8,86,"-0,23","0,61",23,"-2,92","0,65",96,"1,46","0,30",28,82,"0,01",85,"0,11",54,"-0,03",91,"-0,06",89,"-0,00",60,,94,8,71,"-1,45","0,52",89,"-4,37",95,"-0,01",88,"0,02",80,"-0,07",96,"-0,06",89,"0,02",69,"0,16","0,55",66,"-5,98",94
PAINEIRAS STRYKER ROCK GARRINCHA 4948,106917,2004,,P,PO,14028,,4,85,"0,70","0,56",76,"-3,79","0,65",97,"1,21","0,36",33,78,"0,01",86,"-0,04",91,"0,01",84,"0,03",69,"0,04",77,,97,4,35,"-1,70","0,50",90,"-5,49",96,"0,01",86,"0,01",82,"0,05",79,"0,02",70,"0,04",74,"0,50","0,44",41,"-6,01",94
TRÊS MARIAS TRES MARIAS 8565 CUMBIERO 7832 TE CUMBIERO 8565,IA1198,2009,,P,IA,23805,K,51,492,"0,55","0,82",68,"0,11","0,82",85,"-0,40","0,52",73,438,"0,05",77,"-0,00",85,"0,11",58,"-0,04",86,"0,08",88,,85,40,310,"-4,24","0,72",98,"-4,13",95,"-0,01",88,"-0,07",95,"0,07",74,"-0,08",91,"0,08",85,"-0,05","0,76",79,"-6,04",94
SANTA SÉRGIA TOMY RUBIO TENIENTE,IA839,2000,,V,IA,23805,,56,1551,"0,08","0,87",40,"-1,25","0,88",91,"3,11","0,68",6,989,"0,02",83,"0,10",59,"0,06",72,"-0,05",88,"-0,10",20,,90,50,1056,"-3,66","0,82",96,"-4,91",96,"0,02",85,"0,08",63,"0,07",73,"-0,10",94,"-0,11",21,"0,16","0,84",65,"-6,24",94
UMBU 1416 BRIGADIER TE,129663,2008,,V,PO,99,,4,350,"-0,18","0,82",25,"-0,79","0,79",89,"-4,21","0,51",99,307,"0,05",77,"0,05",73,"0,12",56,"0,09",51,"0,00",62,,88,3,263,"-4,87","0,69",99,"-5,65",97,"0,05",79,"0,02",78,"0,16",47,"0,06",58,"0,01",62,"0,11","0,73",69,"-6,34",94
LA TRINDAD CAPITAN S CAPITAN PRECISION 1025 2T/E,IA1058,2005,,V,IA,23805,,20,530,"-0,40","0,77",16,"-2,43","0,81",95,"2,85","0,56",8,429,"-0,08",96,"-0,13",98,"-0,10",98,"0,07",57,"-0,03",48,,96,17,398,"0,90","0,71",74,"-1,53",90,"-0,08",96,"-0,14",99,"-0,07",96,"0,03",66,"0,01",65,"-0,34","0,74",92,"-6,65",94
SANTA CECÍLIA 3244,408633,2015,,P,PC,10,,1,24,"-0,84","0,52",6,"0,58","0,50",82,"2,65","0,13",10,2,"-0,02",90,"-0,03",90,"-0,05",94,"0,15",34,"0,04",76,,87,1,15,"-4,13","0,36",98,"-3,55",94,"-0,09",97,"-0,09",96,"-0,14",99,"0,13",39,"0,05",76,"0,33","0,44",53,"-6,99",95
BIGUÁ 6677 HEAVY HITTER TE,187083,2015,,P,PO,18474,,1,24,"0,58","0,39",70,"-1,29","0,42",92,"-2,48","0,17",96,7,"0,01",85,"-0,01",87,"-0,05",93,"-0,11",96,"0,14",96,,91,1,20,"-4,84","0,34",99,"-6,12",97,"-0,02",90,"-0,04",91,"-0,03",92,"-0,16",97,"0,15",95,"0,74","0,36",24,"-7,04",95
COLEMAN REGIS 904,IA1215,2009,,P,IA,23805,M,4,70,"-1,33","0,63",3,"-3,56","0,61",97,"4,58","0,30",2,88,"-0,08",97,"-0,08",95,"-0,03",91,"-0,07",90,"-0,03",46,,98,3,56,"1,37","0,49",70,"-2,19",91,"-0,13",99,"-0,02",88,"-0,09",97,"-0,11",94,"-0,04",45,"0,09","0,57",70,"-7,06",95
RUBETA 5897 SUPREMO SUPREMO,IA1932,2010,,V,IA,18480,K,10,82,"0,30","0,63",53,"-4,04","0,65",98,"-2,00","0,26",93,6,"0,03",82,"0,13",47,"0,12",53,"-0,16",98,"0,16",97,,96,10,62,"-1,70","0,52",91,"-5,74",97,"0,06",75,"0,20",27,"0,18",43,"-0,19",98,"0,12",92,"-0,31","0,59",91,"-7,06",95
GELADO DA RIO DA PAZ,102914,2004,,P,PO,13436,,3,141,"0,16","0,69",45,"-1,57","0,71",93,"0,63","0,36",46,158,"-0,06",95,"0,09",61,"0,17",38,"-0,22",99,"0,08",88,,94,2,106,"0,18","0,58",79,"-1,39",89,"-0,05",93,"0,08",64,"0,16",46,"-0,22",99,"0,09",88,"-0,84","0,66",99,"-7,10",95
CATANDUVA HIBERNAL STRYKER 4140 TE 37,79149,1999,,V,PO,16417,,2,181,"0,11","0,76",42,"-0,15","0,73",86,"-1,70","0,41",90,175,"-0,00",87,"-0,04",91,"0,06",72,"-0,03",85,"0,07",87,,89,2,142,"-3,81","0,62",97,"-3,97",94,"-0,02",89,"-0,07",94,"0,06",76,"-0,02",79,"0,08",86,"-0,14","0,66",84,"-7,12",95
BIEBER ROUSE SAMURAI X22,IA1431,2010,,V,IA,4568,M,4,28,"-1,33","0,29",3,"-0,77","0,47",89,"0,62","0,15",46,9,"-0,00",87,"-0,08",95,"-0,04",93,"-0,04",86,"0,15",97,,90,4,18,"-1,53","0,34",90,"-2,31",91,"-0,04",92,"-0,11",97,"-0,08",96,"-0,10",94,"0,17",97,"-0,84","0,36",99,"-7,16",95
CIA.AZUL TE2626 MAXI NET WORTH,194287,2014,,P,PO,8538,,1,51,"0,72","0,60",77,"0,54","0,59",83,"-0,22","0,19",64,3,"-0,06",95,"-0,00",86,"-0,04",92,"-0,08",93,"-0,05",38,,89,1,24,"-1,81","0,42",91,"-1,27",89,"-0,11",98,"0,01",82,"-0,03",92,"-0,13",96,"-0,02",53,"-0,38","0,44",93,"-7,17",95
REPECHO TEI534 HAYMOUNT DA TÓLIO´S FARM,132529,2009,,P,PO,14838,,2,194,"-0,15","0,62",26,"3,17","0,60",61,"3,26","0,20",5,32,"0,06",75,"0,11",54,"0,07",70,"-0,10",94,"0,08",89,,66,2,147,"-8,69","0,46",99,"-5,52",97,"-0,00",88,"-0,00",85,"-0,02",92,"-0,14",96,"0,14",94,"0,16","0,40",65,"-7,33",95
TRES MARIAS 5893 FALUCHO TE,IA1122,1999,,P,IA,23805,K,12,186,"0,21","0,69",48,"0,48","0,71",83,"-4,93","0,39",99,138,"0,03",82,"0,01",83,"0,06",75,"-0,01",80,"0,11",93,,84,11,142,"-3,57","0,57",96,"-3,09",92,"-0,04",93,"-0,05",92,"0,02",85,"-0,06",88,"0,12",93,"-0,68","0,63",98,"-7,40",95
FREYS OPPORTUNITY 148A,IA1673,2013,,P,IA,16783,,3,37,"-0,04","0,29",32,"-1,30","0,47",92,"-0,06","0,03",61,5,"0,03",82,"-0,03",90,"-0,06",95,"-0,08",93,"0,11",93,,90,3,21,"-3,99","0,28",97,"-5,29",96,"0,04",80,"-0,05",92,"-0,05",94,"-0,06",87,"0,12",91,"-0,44","0,26",95,"-7,64",96
SANTA JOANA FULLBACK 24TE,164313,2011,,P,PO,15398,,3,83,"1,40","0,64",96,"3,20","0,62",60,"1,14","0,28",34,60,"0,03",82,"0,31",9,"0,19",30,"-0,01",80,"-0,05",38,,70,3,69,"-6,32","0,49",99,"-3,13",93,"-0,14",99,"0,10",56,"0,13",57,"-0,09",93,"-0,02",53,"-0,00","0,54",76,"-7,72",96
PIEDRITA 731 ÑATO,IA1398,2010,,V,IA,4568,M,14,165,"-0,43","0,68",15,"0,78","0,71",81,"-1,46","0,30",88,57,"0,01",84,"0,13",46,"0,05",76,"-0,00",77,"-0,09",25,,83,14,122,"-4,61","0,58",98,"-3,83",94,"-0,00",88,"0,11",54,"-0,00",88,"-0,09",92,"-0,04",43,"-0,72","0,64",98,"-8,02",96
BASCO NET WORTH 506TE,176335,2012,,P,PO,4074,,1,33,"0,79","0,54",81,"-3,19","0,53",96,"-0,08","0,21",61,9,"-0,02",89,"-0,03",89,"0,12",56,"0,01",74,"0,00",61,,96,1,18,"-1,87","0,39",91,"-5,06",96,"-0,03",91,"-0,02",87,"0,12",60,"0,01",72,"0,01",64,"-0,08","0,38",81,"-8,20",96
LC VULCANICO TEIV312 CUMBIERO,163566,2012,,P,PO,4602,,1,20,"0,35","0,29",56,"-1,02","0,27",90,,,,,"0,04",81,"-0,01",87,"0,06",74,"-0,03",84,"0,08",87,,89,1,2,"-4,20","0,22",98,"-5,22",96,"-0,00",88,"-0,08",96,"0,03",82,"-0,07",89,"0,10",89,"-0,42","0,23",94,"-8,21",96
UMBU TE1784 HORNERO,165406,2010,,P,PO,99,,1,54,"-0,97","0,62",4,"-0,34","0,60",87,"-3,05","0,25",98,29,"-0,06",95,"-0,04",90,"0,03",82,"0,01",75,"0,07",86,,91,1,43,"-2,90","0,47",95,"-3,23",93,"-0,11",98,"-0,09",96,"-0,01",89,"-0,03",83,"0,08",86,"0,00","0,50",75,"-8,27",96
MAYA FIV431 KEVIN CANDELERO FOREMAN,181864,2014,,P,PO,15958,K,1,30,"0,65","0,48",73,"-4,30","0,46",98,,,,,"-0,01",88,"-0,03",89,"0,06",72,"0,01",73,"0,04",75,,98,1,11,"-1,92","0,31",92,"-6,22",97,"-0,03",91,"0,02",81,"0,06",76,"0,05",63,"0,04",74,"0,22","0,25",62,"-8,33",96
TRADIÇÃO 2003,372461,2013,,P,PC,3638,,1,53,"1,12","0,55",92,"-0,31","0,56",87,"1,40","0,21",29,6,"-0,05",94,"-0,13",98,"-0,02",89,"-0,24",99,"-0,02",50,,90,1,48,"-3,78","0,46",97,"-4,09",94,"-0,08",96,"-0,13",98,"-0,05",93,"-0,31",99,"0,00",60,"0,10","0,52",69,"-8,34",96
LAZY MC CC DETOUR 2W DETOUR,IA1365,2009,,V,IA,16783,,3,37,"-0,11","0,48",28,"-4,89","0,51",99,"-0,75","0,17",78,44,"0,03",81,"0,06",70,"0,08",67,"0,07",56,"0,12",94,,98,2,30,"-2,11","0,38",92,"-7,00",98,"0,01",86,"0,06",68,"0,08",72,"0,05",62,"0,14",94,"-0,01","0,36",77,"-8,42",96
BENJAMIN 5395 GENDARME HORNERO GALAN,IA2203,2014,,P,IA,26294,T,2,22,"0,49","0,43",64,"-0,88","0,43",90,,,,,"-0,01",89,"-0,03",90,"0,07",71,"-0,07",90,"0,27",99,,91,2,19,"-3,72","0,33",97,"-4,60",95,"-0,07",95,"-0,12",97,"0,02",84,"-0,09",93,"0,30",99,"-0,03","0,34",78,"-8,42",96
NORTHLINE FAT TONY 605U,IA1181,2008,,V,IA,23805,,7,147,"-0,02","0,62",33,"-2,89","0,69",96,"0,19","0,27",56,82,"-0,19",99,"-0,10",96,"-0,14",99,"-0,02",82,"0,02",68,,99,7,99,"1,89","0,54",65,"-1,00",88,"-0,17",99,"-0,04",91,"-0,12",98,"-0,01",78,"0,01",65,"0,06","0,48",73,"-8,49",96
CLM DON ALFREDO 0694 TE DON ALFREDO,IA1958,2012,,P,IA,10379,T,7,71,"-0,10","0,61",28,"2,53","0,59",67,"1,04","0,10",36,6,"0,12",58,"0,16",39,"0,14",47,"-0,14",96,"0,18",99,,65,6,44,"-10,74","0,40",99,"-8,20",99,"0,05",79,"0,02",78,"0,08",71,"-0,19",98,"0,19",98,"0,09","0,43",70,"-8,75",96
RECONQUISTA 273 DISCUTIDO COPPER ROB,77239,1999,,V,PO,155,,28,933,"0,31","0,76",54,"-3,95","0,81",98,"-0,48","0,54",74,341,"-0,01",89,"-0,05",92,"-0,01",87,"-0,05",87,"0,13",95,,97,25,622,"-1,63","0,70",90,"-5,58",97,"-0,03",91,"-0,07",95,"-0,06",94,"-0,05",86,"0,19",98,"-0,23","0,68",87,"-8,90",96
Performance Qualidade de carne Adaptação ENFATICO TEI123 DA 3 MARIAS TEI - FREE S,170732,2013,,P,PO,16965,,2,23,"0,31","0,39",54,"-4,68","0,36",99,"1,80","0,10",21,12,"-0,09",97,"-0,02",88,"-0,05",93,"-0,27",99,"-0,10",19,,99,1,14,"-1,79","0,23",91,"-6,47",98,"-0,10",98,"-0,02",88,"-0,04",93,"-0,28",99,"-0,10",25,"0,96","0,30",13,"-9,38",97
TRES MARIAS 8239 MALEVO TE,IA1200,2008,,V,IA,23805,,4,22,"0,19","0,48",46,"-2,44","0,46",95,"-2,60","0,17",96,20,"0,05",78,"-0,04",91,"0,09",65,"-0,09",93,"0,01",66,,92,3,16,"-5,23","0,34",99,"-7,67",99,"0,02",85,"-0,08",96,"0,05",79,"-0,07",90,"0,01",65,"-0,16","0,35",84,"-9,61",97
TRÊS MARIAS 7629 DAKTARY TE DAKTARY,IA1417,2006,,V,IA,16982,,9,42,"-0,53","0,56",12,"-5,23","0,54",99,"-0,68","0,22",77,13,"0,08",71,"0,19",31,"0,21",25,"-0,21",99,"0,15",97,,97,7,25,"-3,69","0,41",96,"-8,92",99,"0,11",64,"0,20",28,"0,26",19,"-0,23",99,"0,14",95,"-0,69","0,49",98,"-9,88",97
PREMIER VALEDICTORIAN,IA255,1985,,P,IA,23805,,4,28,"0,47","0,12",63,"-1,12","0,47",91,"0,08","0,10",58,11,"-0,08",97,"-0,13",98,"-0,11",98,"0,01",74,"0,00",62,,94,3,20,"-2,25","0,32",92,"-3,37",93,"-0,11",98,"-0,14",98,"-0,13",99,"0,02",70,"0,01",64,"-0,47","0,16",95,"-9,89",97
UMBU 2476 GREAT DIVIDE,181210,2014,,P,PO,99,,1,25,"1,14","0,52",92,"-0,78","0,50",89,"0,90","0,14",40,6,"0,02",83,"-0,04",91,"0,03",81,"-0,00",78,"0,02",68,,89,1,19,"-5,70","0,37",99,"-6,48",98,"-0,06",94,"-0,13",98,"-0,04",93,"-0,08",92,"0,02",66,"-0,12","0,35",83,"-9,94",97
NICHOLS GOOD AS GOLD Z103,IA1812,2012,,P,IA,19892,,1,70,"0,79","0,46",81,"-3,69","0,44",97,,,,,"-0,07",96,"-0,14",99,"-0,02",89,"-0,14",96,,,,98,1,68,"-1,46","0,33",89,"-5,15",96,"-0,07",95,"-0,10",97,"-0,03",92,"-0,19",98,,,"-0,19","0,39",86,"-9,95",97
74-51 CHANGING TIME 060,IA1470,2010,,P,IA,18583,,5,72,"0,53","0,59",67,"1,64","0,57",75,"-0,00","0,09",59,9,"-0,04",93,"-0,24",99,"-0,22",99,"0,34",5,"0,34",99,,84,4,57,"-5,08","0,43",99,"-3,44",93,"-0,11",98,"-0,27",99,"-0,28",99,"0,34",7,"0,35",99,"-0,56","0,57",96,"-10,02",97
CIA.AZUL 3298 MAXI WIDESPREAD HOLLYWOOD,191048,2015,,P,PO,8538,K,1,21,"0,65","0,49",73,"-0,86","0,45",89,"-1,09","0,17",83,1,"-0,02",90,"0,06",70,"0,06",74,"-0,22",99,"0,07",86,,91,1,5,"-4,69","0,30",99,"-5,55",97,"-0,09",97,"0,05",72,"0,04",80,"-0,26",99,"0,06",79,"-0,15","0,26",84,"-10,25",97
PAMPEANO 177 BLUE CUB 62 TINTO CABERNET,IA962,2004,,V,IA,23805,,15,237,"0,53","0,51",66,"-4,46","0,72",98,"0,28","0,27",54,82,"-0,08",97,"-0,11",97,"-0,00",87,"-0,09",93,"0,03",74,,99,11,121,"-1,89","0,53",92,"-6,35",97,"-0,06",95,"-0,04",91,"0,03",83,"-0,18",97,"0,04",75,"0,17","0,45",65,"-10,42",97
LUCQ 254 PESIFICADO TE PESIFICADO,IA2071,2014,,P,IA,25935,,6,44,"0,55","0,51",68,"-4,55","0,50",98,,,,,"0,12",57,"0,11",55,"0,06",75,"-0,12",96,"0,22",99,,94,5,32,"-4,93","0,36",99,"-9,48",99,"0,08",71,"0,07",66,"0,01",87,"-0,14",96,"0,29",99,"-0,74","0,34",99,"-10,45",97
CIA.AZUL TE3058 TRAPICHE C.0134,190093,2015,,V,PO,8538,,1,36,"0,19","0,58",46,"-1,61","0,56",93,"-0,74","0,23",78,12,"-0,07",96,"0,25",17,"0,31",6,"-0,30",99,"-0,03",48,,94,1,20,"-2,04","0,41",92,"-3,65",94,"-0,09",97,"0,21",24,"0,39",4,"-0,32",99,"-0,04",45,"-0,86","0,40",99,"-10,49",98
SANTA EULÁLIA 1141 QUEBRACHO ZORZALTE770,153836,2011,,P,PO,95,T,1,38,"-0,31","0,54",19,"-1,51","0,54",92,"-2,05","0,21",93,9,"-0,05",94,"0,01",83,"0,05",76,"-0,20",99,"-0,01",54,,93,1,28,"-3,44","0,41",96,"-4,95",96,"-0,12",99,"-0,05",92,"0,02",84,"-0,27",99,"-0,01",55,"-0,35","0,45",92,"-10,85",98
GLACIER MARIAS 548,IA501,1995,,V,IA,23805,,14,158,"0,65","0,66",73,"-0,05","0,73",86,"-1,06","0,48",82,149,"-0,01",89,"0,03",78,"0,04",80,"0,05",63,"0,12",95,,89,10,108,"-6,84","0,63",99,"-6,89",98,"-0,03",91,"-0,07",95,"0,01",87,"0,02",69,"0,13",94,"-0,18","0,53",85,"-10,88",98
MAC'ACHIN BISMARCK 4473 CAPO,IA1697,2012,,P,IA,21721,,1,51,,,,"-3,30","0,19",97,"-0,85","0,17",80,20,"-0,05",94,"0,00",84,"0,00",86,"-0,03",84,"0,04",75,,97,1,43,"-3,90","0,17",97,"-7,21",98,"-0,08",97,"-0,02",88,"-0,01",89,"-0,06",87,"0,05",77,"0,33","0,19",53,"-10,89",98
CIA.AZUL TE3574 MAXI P.MIND,191937,2015,,P,PO,8538,,1,69,"0,30","0,66",53,"-2,02","0,64",94,"-0,39","0,25",72,14,"-0,05",94,"0,03",78,"0,12",52,"-0,17",98,"0,13",95,,94,1,41,"-4,17","0,49",98,"-6,19",97,"-0,13",99,"-0,01",87,"0,10",66,"-0,23",99,"0,16",97,"0,20","0,48",63,"-11,00",98
FSL G VEZÚVIO TE G24,120681,2007,,P,PO,14320,,1,57,"0,36","0,57",57,"-1,25","0,55",91,,,,,"-0,00",88,"-0,04",92,"0,14",48,"-0,10",95,"0,08",89,,91,1,54,"-4,51","0,47",98,"-5,77",97,"-0,00",88,"-0,05",92,"0,19",37,"-0,16",96,"0,10",89,"-1,06","0,58",99,"-11,09",98
ISA TEI3170 CANDELERO DA ENCARNAÇÃO,195349,2013,,P,PO,15061,,2,28,"-1,16","0,42",3,"-3,22","0,52",97,"-2,26","0,23",94,7,"-0,01",88,"-0,03",89,"0,06",73,"-0,04",85,"0,10",92,,96,2,19,"-4,74","0,40",99,"-7,96",99,"-0,07",95,"-0,06",94,"-0,00",88,"-0,07",89,"0,13",93,"0,21","0,43",62,"-11,12",98
DON FLORENCIO 627 GUARANÖ 466 TE GUARANI,IA1931,2013,,V,IA,12657,K,8,49,"0,96","0,63",87,"-4,52","0,61",98,"-3,20","0,25",98,13,"0,06",74,"0,16",40,"0,12",54,"-0,15",97,"0,03",72,,96,5,30,"-3,65","0,47",96,"-8,17",99,"0,04",80,"0,17",35,"0,16",48,"-0,16",97,"0,05",77,"-0,98","0,52",99,"-11,15",98
RINCON TE3083 DEL SARANDY,204937,2016,,P,PO,7287,,1,21,"0,62","0,49",72,"-5,98","0,47",99,"-2,77","0,21",97,3,"0,01",86,,,,,,,"0,14",96,,99,1,13,"-3,62","0,37",96,"-9,60",99,"-0,06",95,"-0,03",89,"0,02",86,"-0,27",99,"0,15",96,"0,53","0,36",38,"-11,44",98
TRES MARIAS 5887 HORNERO TE HORNERO,IA849,1999,,P,IA,23805,K,62,736,"0,58","0,85",69,"1,85","0,86",73,"-7,13","0,67",99,1088,"-0,02",90,"-0,06",93,"0,04",79,"0,01",74,"0,12",94,,81,53,523,"-6,60","0,78",99,"-4,75",95,"-0,08",96,"-0,14",99,"-0,01",89,"-0,09",93,"0,15",96,"-1,02","0,81",99,"-11,73",98
COCKBURN ASSASSIN 624D,IA2319,2016,,V,IA,26894,T,2,25,"0,71","0,44",77,"-0,44","0,42",87,,,,,"-0,05",95,"-0,09",96,"-0,15",99,"-0,10",95,"0,17",98,,91,1,16,"-6,55","0,26",99,"-6,98",98,"-0,08",96,"-0,15",99,"-0,22",99,,,"0,23",99,"-0,04","0,23",78,"-12,14",99
RED BRUJO 1447 TELLECHEA MAGO,150550,2011,,V,PO,18551,P,4,77,"-0,63","0,64",9,"-7,87","0,63",99,"1,53","0,25",27,27,"0,06",77,"0,08",65,"0,09",65,"-0,06",90,"0,15",97,,99,4,62,"-2,77","0,50",94,"-10,64",99,"0,04",80,"0,06",69,"0,05",79,"-0,09",92,"0,17",97,"-0,56","0,49",96,"-12,51",99
CIA.AZUL NOBRE TE2306,172390,2013,,V,PO,8538,,1,36,"-0,39","0,56",16,"-0,98","0,54",90,"-1,47","0,22",88,27,"-0,20",99,"0,06",71,"0,15",42,"-0,31",99,"-0,00",60,,97,1,19,"-1,66","0,39",90,"-2,64",92,"-0,21",99,"0,02",79,"0,21",32,"-0,32",99,"0,01",62,"-0,56","0,40",96,"-12,90",99
PWM REI TECB1560 LIDER,175803,2014,,P,PO,14676,,3,31,"0,51","0,54",65,"-2,67","0,53",95,"-1,86","0,24",92,6,"0,06",75,"0,06",71,"0,11",58,"-0,00",78,"0,22",99,,92,2,17,"-7,47","0,42",99,"-10,14",99,"0,01",87,"0,05",72,"0,09",69,"-0,08",92,"0,23",99,"-0,45","0,48",95,"-13,03",99
UMBU 302 BARTOLOMÉ,78416,1999,,V,PO,99,,2,150,"2,80","0,75",99,"-2,38","0,72",95,"-4,67","0,39",99,118,"-0,06",95,"-0,01",86,"0,02",83,"0,06",58,"0,02",67,,96,2,113,"-5,21","0,60",99,"-7,59",99,"-0,09",97,"-0,05",92,"-0,01",89,"0,03",67,"0,01",63,"-0,32","0,65",91,"-13,44",99
SOLÉ 805 MACANUDO 436,162970,2012,,P,PO,11430,,1,44,"0,74","0,25",78,"-7,08","0,50",99,"3,25","0,17",5,23,"-0,07",96,"0,16",39,"-0,01",88,"-0,21",99,"0,03",75,,99,1,42,"-1,88","0,39",91,"-8,96",99,"-0,13",99,"0,04",75,"-0,10",98,"-0,27",99,"0,04",73,"0,28","0,46",57,"-13,50",99
DUFF TARGET 033,IA1335,2010,,P,IA,17737,,2,23,"0,34","0,48",56,"-3,88","0,48",97,"1,78","0,12",21,7,"-0,08",96,"0,25",18,"0,14",46,"-0,33",99,"-0,05",39,,98,2,22,"-4,76","0,37",99,"-8,64",99,"-0,07",96,"0,25",18,"0,19",39,"-0,38",99,"-0,07",34,"-0,03","0,41",78,"-13,73",99
BIGUÁ 6457 BISMARCK FIV,187111,2014,,P,PO,18474,M,5,27,"0,09","0,48",41,"-4,87","0,46",99,"-1,51","0,20",88,10,"0,08",71,"-0,07",94,"-0,03",90,"-0,14",97,"0,09",90,,97,4,25,"-7,63","0,38",99,"-12,50",99,"0,00",88,"-0,09",96,"-0,01",91,"-0,25",99,"0,09",88,"-0,01","0,43",77,"-14,08",99
TRES MARIAS 8235 METEJON TE METEJON,IA1150,2008,,P,IA,23805,,9,46,"0,31","0,60",54,"-3,49","0,59",97,"-1,31","0,27",86,78,"-0,04",93,"-0,09",96,"-0,12",99,"0,02",72,"0,06",83,,97,8,34,"-7,69","0,47",99,"-11,18",99,"-0,05",93,"-0,07",94,"-0,11",98,"0,04",65,"0,08",86,"0,46","0,49",44,"-14,39",99
RED ERIC,IA683,1989,,V,IA,27157,,32,756,"-0,55","0,77",11,"-4,68","0,81",99,"-1,40","0,56",87,444,"-0,04",92,"0,02",81,"0,04",80,"-0,28",99,"0,05",79,,98,27,530,"-6,02","0,71",99,"-10,70",99,"-0,07",96,"-0,07",94,"-0,02",91,"-0,29",99,"0,09",87,"0,17","0,69",65,"-14,76",99
PAMPEANO 1283 DAKTARY 594 BRUJO MELINCUE,IA1639,2012,,V,IA,10379,,3,34,"-0,24","0,26",22,"-7,80","0,48",99,"0,06","0,11",58,17,"-0,02",91,"0,15",41,"0,09",65,"-0,29",99,"0,19",99,,99,3,27,"-4,08","0,34",97,"-11,89",99,"-0,02",90,"0,16",37,"0,11",62,"-0,34",99,"0,19",98,"-0,91","0,34",99,"-17,24",99
ALICIA BEATRIZ 941 PASTOR TE REFERENTE,IA1399,2007,,V,IA,16477,,7,27,"-1,30","0,46",3,"-4,50","0,46",98,"-0,86","0,25",80,23,"-0,16",99,"-0,16",99,"-0,07",96,"-0,30",99,"0,17",98,,99,6,16,"-3,99","0,36",97,"-8,49",99,"-0,21",99,"-0,16",99,"-0,08",97,"-0,36",99,"0,19",98,"-0,40","0,37",94,"-18,04",99
DON APARICIO SERRUCHO 57 MAXI TE SERRUCHO,IA1891,2013,,P,IA,22984,K,30,346,"-0,07","0,78",31,"-4,68","0,79",99,"-3,37","0,30",99,41,"0,06",76,"-0,12",97,"0,08",68,"-0,20",99,"0,23",99,,97,24,273,"-13,87","0,67",99,"-18,54",99,"-0,08",96,"-0,18",99,"0,05",77,"-0,35",99,"0,26",99,"-0,24","0,76",88,"-23,12",99
