RG,NASC mês/ano,NOME,GEN,PAI,IPP DEP,IPP AC,IPP TOP,3P DEP,3P AC,3P TOP,STAY DEP,STAY AC,STAY TOP,MP120 DEP,MP120 AC,MP120 TOP,PE365 DEP,PE365 AC,PE365 TOP,NF 3P,NR 3P,MGTe VAL,MGTe AC,MGTe TOP,PAC DEP,PAC AC,PAC TOP,MP210 DEP,MP210 AC,MP210 TOP,P450 DEP,P450 AC,P450 TOP,NN 120,NRN 120,P120 DEP,P120 AC,P120 TOP,P210 DEP,P210 AC,P210 TOP,NF 210,NR 210,NF 450,NR 450,NF,PE365,NR,STAY,AOL DEP,AOL AC,AOL TOP,ACAB DEP,ACAB AC,ACAB TOP,US,MAR DEP,MAR AC,MAR TOP,MAR,ES DEP,ES AC,ES TOP,PS DEP,PS AC,PS TOP,MS DEP,MS AC,MS TOP,SAMS,CAR DEP,CAR AC,CAR TOP,IMS DEP,IMS AC,IMS TOP,IPM DEP,IPM AC,IPM TOP,MGTe_CR DEP,MGTe_CR AC,MGTe_CR TOP,MGTe_RE DEP,MGTe_RE AC,MGTe_RE TOP,MGTe_CO DEP,MGTe_CO AC,MGTe_CO TOP,MGTe_F1 DEP,MGTe_F1 AC,MGTe_F1 TOP,IPP,P365 DEP,P365 AC,P365 TOP
COL 24926,11/16,QUICKMAN FIV COL,G,REMC 5326,-1.82,55,0.1%,95.50,72,0.1%,87.70,66,7%,3.33,58,6%,1.82,83,1%,12,3,24.42,76,3%,,,,,,,,,,,,,,,,,,,,,,,,,,,,,,,,,,,,,,,,,,,,,,,,,,,,,,,,,,,,,,,,,,,,,,,
CSCC 5339,12/14,POKEMOM FIV DE NAVIRA,G,REMC 5326,-1.88,55,0.1%,94.13,68,0.5%,86.27,31,9%,2.36,61,16%,0.74,79,16%,110,9,16.46,65,15%,,,,,,,,,,,,,,,,,,,,,,,,,,,,,,,,,,,,,,,,,,,,,,,,,,,,,,,,,,,,,,,,,,,,,,,
COL A7027,10/07,GENETICO COL,,COL A4210,-1.69,38,0.5%,93.78,47,0.5%,76.21,49,24%,3.30,44,7%,0.52,65,24%,27,5,17.51,58,12%,,,,,,,,,,,,,,,,,,,,,,,,,,,,,,,,,,,,,,,,,,,,,,,,,,,,,,,,,,,,,,,,,,,,,,,
REM 9668,10/14,REM DONNO,G,REMP 245,-1.15,57,8%,93.37,71,0.5%,81.01,65,17%,1.29,59,38%,1.16,81,7%,12,7,21.60,73,5%,,,,,,,,,,,,,,,,,,,,,,,,,,,,,,,,,,,,,,,,,,,,,,,,,,,,,,,,,,,,,,,,,,,,,,,
XIKU 2789,05/15,2789,G,REMC 5326,-1.52,42,1%,93.07,59,0.5%,89.26,50,5%,2.29,44,17%,1.99,70,0.5%,12,1,24.04,60,3%,,,,,,,,,,,,,,,,,,,,,,,,,,,,,,,,,,,,,,,,,,,,,,,,,,,,,,,,,,,,,,,,,,,,,,,
REMC 9185,08/15,REM EL ESPANHOL,G,REMC 5326,-1.38,58,3%,92.92,73,1%,84.39,66,12%,2.77,60,11%,1.10,83,8%,37,7,25.41,76,2%,,,,,,,,,,,,,,,,,,,,,,,,,,,,,,,,,,,,,,,,,,,,,,,,,,,,,,,,,,,,,,,,,,,,,,,
RDM 5102,08/11,RUBAIAH MAT.,G,L4810,-1.48,67,2%,92.84,77,1%,87.77,69,7%,1.45,71,34%,0.84,85,13%,90,12,21.14,78,6%,,,,,,,,,,,,,,,,,,,,,,,,,,,,,,,,,,,,,,,,,,,,,,,,,,,,,,,,,,,,,,,,,,,,,,,
JRBT B6061,11/16,MANDAO JR TAR,G,REMC 5326,-1.18,71,7%,92.80,82,1%,94.32,79,0.5%,1.82,72,26%,1.72,88,2%,13,5,28.26,83,0.5%,,,,,,,,,,,,,,,,,,,,,,,,,,,,,,,,,,,,,,,,,,,,,,,,,,,,,,,,,,,,,,,,,,,,,,,
CSCN 16427,07/17,TARU DE NAVIRAI,G,CSCC 5200,-1.77,56,0.5%,92.33,72,1%,91.49,65,2%,0.97,58,46%,1.21,82,6%,26,2,16.65,73,14%,,,,,,,,,,,,,,,,,,,,,,,,,,,,,,,,,,,,,,,,,,,,,,,,,,,,,,,,,,,,,,,,,,,,,,,
RDM 4705,08/10,PACTO MAT.,,RDM 2861,-1.35,29,3%,92.25,43,1%,77.70,38,22%,2.94,36,9%,0.68,63,18%,21,2,19.01,51,9%,,,,,,,,,,,,,,,,,,,,,,,,,,,,,,,,,,,,,,,,,,,,,,,,,,,,,,,,,,,,,,,,,,,,,,,
REMC 7592,11/13,REM CAMPO GRANDE,,REM 5589,-1.74,67,0.5%,92.02,84,2%,94.19,20,0.5%,1.00,69,45%,0.40,39,30%,557,3,18.25,63,11%,,,,,,,,,,,,,,,,,,,,,,,,,,,,,,,,,,,,,,,,,,,,,,,,,,,,,,,,,,,,,,,,,,,,,,,
SOAL 3333,10/15,TAURUS DA 3A,G,REMC 5326,-1.41,70,2%,91.44,82,2%,78.23,79,21%,1.32,72,37%,0.82,88,14%,17,1,25.02,82,2%,,,,,,,,,,,,,,,,,,,,,,,,,,,,,,,,,,,,,,,,,,,,,,,,,,,,,,,,,,,,,,,,,,,,,,,
RDM A99,08/17,CORUMBÁ  MAT.,G,RDM 7698,-0.91,68,18%,91.13,79,2%,80.86,65,18%,4.66,66,2%,1.21,92,6%,153,21,20.88,82,6%,,,,,,,,,,,,,,,,,,,,,,,,,,,,,,,,,,,,,,,,,,,,,,,,,,,,,,,,,,,,,,,,,,,,,,,
REM 7121,10/11,REM ALLON,G,REM 3787,-1.10,72,10%,90.61,79,3%,83.27,76,14%,5.27,74,1%,0.05,88,56%,163,15,19.83,83,8%,,,,,,,,,,,,,,,,,,,,,,,,,,,,,,,,,,,,,,,,,,,,,,,,,,,,,,,,,,,,,,,,,,,,,,,
REMC A223,08/16,REM FORMOSO,G,REMC 5326,-1.18,70,7%,90.30,76,3%,87.53,66,7%,1.85,70,25%,1.39,87,4%,93,13,25.71,80,2%,,,,,,,,,,,,,,,,,,,,,,,,,,,,,,,,,,,,,,,,,,,,,,,,,,,,,,,,,,,,,,,,,,,,,,,
REM A159,09/15,REM EIXOO,G,REM 7121,-1.11,55,9%,90.25,72,3%,75.36,66,25%,4.15,57,3%,1.04,81,9%,15,2,22.69,73,4%,,,,,,,,,,,,,,,,,,,,,,,,,,,,,,,,,,,,,,,,,,,,,,,,,,,,,,,,,,,,,,,,,,,,,,,
REM A7,08/15,REM ESPIAO007,G,REMC 5809,-1.11,82,9%,90.23,86,3%,76.08,65,24%,2.51,82,14%,2.11,93,0.5%,565,38,24.97,86,2%,,,,,,,,,,,,,,,,,,,,,,,,,,,,,,,,,,,,,,,,,,,,,,,,,,,,,,,,,,,,,,,,,,,,,,,
KAPM 2140,08/11,HAXIXE KA,G,AAAP 1653,-1.14,58,8%,89.50,73,4%,79.04,70,20%,2.47,63,15%,1.45,83,3%,25,2,17.85,76,12%,,,,,,,,,,,,,,,,,,,,,,,,,,,,,,,,,,,,,,,,,,,,,,,,,,,,,,,,,,,,,,,,,,,,,,,
REM 5589,09/09,REM UPONIC,G,REM 4237,-1.40,78,2%,89.42,84,5%,84.42,83,12%,3.97,82,4%,1.30,91,5%,313,19,21.35,87,6%,,,,,,,,,,,,,,,,,,,,,,,,,,,,,,,,,,,,,,,,,,,,,,,,,,,,,,,,,,,,,,,,,,,,,,,
COL 20625,10/11,LAPIS COL,,COL A4210,-1.39,35,3%,89.33,48,5%,80.73,44,18%,1.44,40,34%,0.61,63,21%,29,4,20.83,55,6%,,,,,,,,,,,,,,,,,,,,,,,,,,,,,,,,,,,,,,,,,,,,,,,,,,,,,,,,,,,,,,,,,,,,,,,
COL 24742,09/16,QUAMAN FIV COL,G,REMC 5326,-1.36,37,3%,89.13,53,5%,91.06,43,3%,2.54,38,14%,0.65,71,19%,12,3,22.16,59,5%,,,,,,,,,,,,,,,,,,,,,,,,,,,,,,,,,,,,,,,,,,,,,,,,,,,,,,,,,,,,,,,,,,,,,,,
JHVM 11122,08/13,JHVM 11122 CAMP.(MARA,G,CVCV 5683,-1.36,59,3%,89.01,73,5%,72.05,69,30%,5.23,61,1%,0.38,82,31%,24,2,20.80,75,6%,,,,,,,,,,,,,,,,,,,,,,,,,,,,,,,,,,,,,,,,,,,,,,,,,,,,,,,,,,,,,,,,,,,,,,,
SFPO 1146,01/06,EDITO DA APA,,SFPO 438,-1.14,34,8%,88.96,48,5%,72.26,46,30%,2.72,41,11%,0.73,72,17%,29,2,15.28,58,18%,,,,,,,,,,,,,,,,,,,,,,,,,,,,,,,,,,,,,,,,,,,,,,,,,,,,,,,,,,,,,,,,,,,,,,,
FVC 12483,08/17,FURACAO FVC,G,REMC 8332,-1.02,71,13%,,,,,,,6.43,73,0.5%,,,,,,21.92,84,5%,10.56,73,7%,8.85,72,0.5%,18.25,89,12%,43,14,,,,,,,,,,,,,,,,,,,,,,,,,,,,,,,,,,,,,,,,,,,,,,,,,,,,,,,,,,,,
COL 23568,12/14,OPERARIO COL,G,REM 5531,-1.13,63,8%,,,,,,,5.92,62,0.5%,,,,,,24.11,79,3%,12.91,58,2%,7.90,61,0.5%,24.12,91,5%,88,20,,,,,,,,,,,,,,,,,,,,,,,,,,,,,,,,,,,,,,,,,,,,,,,,,,,,,,,,,,,,
LBMN D8484,08/13,RAI DA MN,G,LBMN D1484,-0.52,70,45%,,,,,,,5.71,70,0.5%,,,,,,15.64,79,17%,3.70,62,48%,6.94,69,1%,10.40,90,34%,307,34,,,,,,,,,,,,,,,,,,,,,,,,,,,,,,,,,,,,,,,,,,,,,,,,,,,,,,,,,,,,
REM A1811,09/17,REM GLADIADOR GEN ADT,G,REMC 8332,-1.05,69,12%,,,,,,,5.57,77,1%,,,,,,26.28,83,2%,10.69,57,7%,8.06,79,0.5%,27.87,93,2%,205,31,,,,,,,,,,,,,,,,,,,,,,,,,,,,,,,,,,,,,,,,,,,,,,,,,,,,,,,,,,,,
LBMN D1288,09/06,GENERAL DA MN,G,LBMN C8398,-0.67,79,34%,,,,,,,5.46,79,1%,,,,,,15.99,86,16%,7.18,69,24%,7.80,78,0.5%,5.63,93,54%,1025,88,,,,,,,,,,,,,,,,,,,,,,,,,,,,,,,,,,,,,,,,,,,,,,,,,,,,,,,,,,,,
A3396,10/06,LITIO AJ,,AJ378503,-0.35,63,59%,,,,,,,5.42,67,1%,,,,,,20.67,73,7%,7.34,51,23%,7.74,66,0.5%,22.53,89,6%,425,15,,,,,,,,,,,,,,,,,,,,,,,,,,,,,,,,,,,,,,,,,,,,,,,,,,,,,,,,,,,,
JHVM 12659,10/14,JHVM 12659 FIV(FENOME,G,LBMN D4685,-0.55,75,43%,,,,,,,5.35,76,1%,,,,,,14.79,85,19%,4.84,74,40%,6.61,75,2%,19.65,91,10%,234,31,,,,,,,,,,,,,,,,,,,,,,,,,,,,,,,,,,,,,,,,,,,,,,,,,,,,,,,,,,,,
KAPM 3304,10/12,IRIDIUM KA,G,THA 2538,-0.29,58,63%,,,,,,,5.34,61,1%,,,,,,17.49,74,12%,8.39,59,17%,6.87,60,1%,21.35,82,8%,85,3,,,,,,,,,,,,,,,,,,,,,,,,,,,,,,,,,,,,,,,,,,,,,,,,,,,,,,,,,,,,
REM A883,08/16,REM FANTASTICO,G,REM 6447,-1.16,61,8%,,,,,,,5.29,62,1%,,,,,,21.96,76,5%,5.78,58,33%,6.62,61,2%,19.26,85,11%,89,16,,,,,,,,,,,,,,,,,,,,,,,,,,,,,,,,,,,,,,,,,,,,,,,,,,,,,,,,,,,,
REM 7121,10/11,REM ALLON,G,REM 3787,-1.10,72,10%,,,,,,,5.27,74,1%,,,,,,19.83,83,8%,6.08,63,31%,7.20,73,1%,8.35,90,43%,604,41,,,,,,,,,,,,,,,,,,,,,,,,,,,,,,,,,,,,,,,,,,,,,,,,,,,,,,,,,,,,
LBMN D4685,09/09,D4685 DA MN (CAMPEÃO),G,LBMN D1484,-1.09,91,10%,,,,,,,5.25,92,1%,,,,,,17.96,94,11%,10.74,86,7%,6.40,91,2%,12.15,97,28%,7946,240,,,,,,,,,,,,,,,,,,,,,,,,,,,,,,,,,,,,,,,,,,,,,,,,,,,,,,,,,,,,
JHVM11122,08/13,JHVM 11122 CAMP.(MARA,G,CVCV 5683,-1.36,59,3%,,,,,,,5.23,61,1%,,,,,,20.80,75,6%,9.59,59,11%,7.38,60,1%,18.37,83,12%,74,3,,,,,,,,,,,,,,,,,,,,,,,,,,,,,,,,,,,,,,,,,,,,,,,,,,,,,,,,,,,,
CSCN 14654,08/15,NAVIRAI 14654-15,G,LBMN D4685,-0.86,36,21%,,,,,,,5.21,39,1%,,,,,,16.03,53,16%,5.52,32,35%,6.96,39,1%,13.63,67,23%,26,5,,,,,,,,,,,,,,,,,,,,,,,,,,,,,,,,,,,,,,,,,,,,,,,,,,,,,,,,,,,,
BRMG 2299,08/15,ZAPP BEABISA,G,REMC 5326,-0.91,79,18%,,,,,,,5.19,80,1%,,,,,,22.40,85,4%,5.57,63,34%,6.75,79,2%,16.48,94,16%,1021,57,,,,,,,,,,,,,,,,,,,,,,,,,,,,,,,,,,,,,,,,,,,,,,,,,,,,,,,,,,,,
A3377,08/09,PAINT PHANTON,,-0.76,30,27%,12.38,,,,,,,35,1%,7.04,,,,,,31,4%,,22,3%,5.16,34,1%,22.62,68,6%,74,4,22.95,,,,,,,,,,,,,,,,,,,,,,,,,,,,,,,,,,,,,,,,,,,,,,,,,,,,,,,,,,,,
EAO 3479,11/09,ORMON DA EAO,G,AAAP 1653,-1.04,73,12%,,,,,,,4.90,76,2%,,,,,,17.54,83,12%,9.17,59,13%,6.18,75,2%,14.92,91,20%,832,29,,,,,,,,,,,,,,,,,,,,,,,,,,,,,,,,,,,,,,,,,,,,,,,,,,,,,,,,,,,,
RDM A99,08/17,CORUMBÁ  MAT.,G,RDM 7698,-0.91,68,18%,,,,,,,4.66,66,2%,,,,,,20.88,82,6%,5.81,57,33%,6.08,64,2%,14.37,94,21%,154,35,,,,,,,,,,,,,,,,,,,,,,,,,,,,,,,,,,,,,,,,,,,,,,,,,,,,,,,,,,,,
REM A1553,08/17,REM GURU,G,REMC 8332,-0.76,62,27%,,,,,,,4.64,62,2%,,,,,,23.51,80,3%,7.70,57,21%,6.22,61,2%,22.10,93,7%,88,17,,,,,,,,,,,,,,,,,,,,,,,,,,,,,,,,,,,,,,,,,,,,,,,,,,,,,,,,,,,,
SAGA 2984,08/13,2984 SAGA,G,REM 5589,-1.11,47,9%,,,,,,,4.25,50,3%,,,,,,23.45,62,3%,13.28,40,2%,6.11,49,2%,20.92,81,8%,96,7,,,,,,,,,,,,,,,,,,,,,,,,,,,,,,,,,,,,,,,,,,,,,,,,,,,,,,,,,,,,
BONS 3023,11/15,POTOMAC BONS,G,REM 6447,-0.48,36,48%,,,,,,,4.24,39,3%,,,,,,20.58,55,7%,9.41,31,12%,5.01,38,4%,17.15,73,14%,32,7,,,,,,,,,,,,,,,,,,,,,,,,,,,,,,,,,,,,,,,,,,,,,,,,,,,,,,,,,,,,
MNS 3981,06/10,TRUCK DA ALO BRASIL,G,QUIL 7308,-1.02,89,13%,,,,,,,4.20,90,3%,,,,,,22.40,93,4%,9.91,81,10%,4.96,89,5%,19.56,97,10%,5250,172,,,,,,,,,,,,,,,,,,,,,,,,,,,,,,,,,,,,,,,,,,,,,,,,,,,,,,,,,,,,
KAPM 6393,07/16,MAXIMO KA,G,REMC 5326,-1.37,55,3%,,,,,,,4.13,58,3%,,,,,,27.56,72,1%,8.59,58,16%,5.36,57,4%,29.65,80,2%,17,3,,,,,,,,,,,,,,,,,,,,,,,,,,,,,,,,,,,,,,,,,,,,,,,,,,,,,,,,,,,,
FVC 10971,10/15,CIFRAO FVC,G,LBMN D4685,-0.92,59,18%,,,,,,,4.09,61,3%,,,,,,17.67,77,12%,6.98,58,25%,5.14,60,4%,14.41,88,21%,67,14,,,,,,,,,,,,,,,,,,,,,,,,,,,,,,,,,,,,,,,,,,,,,,,,,,,,,,,,,,,,
CLRP 1217,10/14,JANOS DA CLR,,REMC 3462,-0.80,28,25%,,,,,,,4.03,32,3%,,,,,,18.80,45,10%,7.76,24,21%,4.92,32,5%,20.98,66,8%,31,2,,,,,,,,,,,,,,,,,,,,,,,,,,,,,,,,,,,,,,,,,,,,,,,,,,,,,,,,,,,,
REM 5589,09/09,REM UPONIC,G,REM 4237,-1.40,78,2%,,,,,,,3.97,82,4%,,,,,,21.35,87,6%,9.53,73,11%,5.64,81,3%,16.17,92,17%,1481,64,,,,,,,,,,,,,,,,,,,,,,,,,,,,,,,,,,,,,,,,,,,,,,,,,,,,,,,,,,,,
EAO 8719,01/13,8719 FIV DA EAO,G,L4810,-0.76,45,27%,,,,,,,3.87,47,4%,,,,,,15.39,61,17%,6.75,46,27%,5.37,46,3%,16.57,70,16%,15,3,,,,,,,,,,,,,,,,,,,,,,,,,,,,,,,,,,,,,,,,,,,,,,,,,,,,,,,,,,,,
JHVM16291,08/17,GLOBO FIV CAMPARINO,G,REMC 5326,-0.63,58,37%,,,,,,,3.78,59,4%,,,,,,17.75,73,12%,5.56,58,35%,5.25,58,4%,18.88,81,11%,31,6,,,,,,,,,,,,,,,,,,,,,,,,,,,,,,,,,,,,,,,,,,,,,,,,,,,,,,,,,,,,
CVCV21545,09/17,DENVER DE CV,G,REMC 8332,-1.14,56,8%,,,,,,,3.78,58,4%,,,,,,20.62,74,7%,10.33,57,8%,5.50,57,3%,12.97,85,25%,27,3,,,,,,,,,,,,,,,,,,,,,,,,,,,,,,,,,,,,,,,,,,,,,,,,,,,,,,,,,,,,
CVCV19331,08/16,COMODORO DE CV,G,REMC 5326,-0.81,60,24%,,,,,,,3.74,62,4%,,,,,,23.31,77,3%,7.97,58,19%,5.11,61,4%,24.16,88,5%,88,2,,,,,,,,,,,,,,,,,,,,,,,,,,,,,,,,,,,,,,,,,,,,,,,,,,,,,,,,,,,,
REM 7177,11/11,REM ALTOASTRAL,G,REM 4339,-0.85,72,22%,,,,,,,3.54,75,5%,,,,,,23.33,84,3%,9.65,65,11%,5.03,74,4%,23.73,92,5%,602,54,,,,,,,,,,,,,,,,,,,,,,,,,,,,,,,,,,,,,,,,,,,,,,,,,,,,,,,,,,,,
REM 10447,11/18,REM HERCULES,G,REM 8933,,,,,,,,,,0.08,56,71%,1.69,79,2%,,,31.13,70,0.1%,,,,,,,38.16,78,0.1%,,,15.40,69,0.1%,25.01,71,0.1%,49,8,,,,,,,,,,,,,,,,,,,,,,,,,,,,,,,,,,,,,,,,,,,,,,,,,,,,
BRMG 3862,10/19,BRASIL DA BEABISA,G,FPO 2683,,,,,,,,,,1.42,56,35%,1.69,79,2%,,,32.46,71,0.1%,,,,,,,36.59,78,0.5%,,,13.86,74,0.1%,22.19,74,0.1%,50,10,,,,,,,,,,,,,,,,,,,,,,,,,,,,,,,,,,,,,,,,,,,,,,,,,,,,
EAO B1369,08/19,COMBO FIV DA EAO,G,REM 9449,,,,,,,,,,1.89,33,24%,1.57,56,2%,,,31.55,50,0.1%,,,,,,,34.44,61,0.5%,,,12.91,64,0.5%,21.69,65,0.1%,68,3,,,,,,,,,,,,,,,,,,,,,,,,,,,,,,,,,,,,,,,,,,,,,,,,,,,,
REMP 726,10/18,REM HUJALA FIV GEN AD,G,REM 8933,,,,,,,,,,3.09,56,8%,1.45,82,3%,,,27.89,74,0.5%,,,,,,,40.57,83,0.1%,,,13.13,78,0.5%,21.12,80,0.5%,236,17,,,,,,,,,,,,,,,,,,,,,,,,,,,,,,,,,,,,,,,,,,,,,,,,,,,,
KAPM 5886,10/15,LOGAN KA,G,KAPM 1905,,,,,,,,,,2.24,61,18%,0.95,82,11%,,,24.01,74,3%,,,,,,,31.91,83,1%,,,13.02,76,0.5%,20.46,78,0.5%,186,6,,,,,,,,,,,,,,,,,,,,,,,,,,,,,,,,,,,,,,,,,,,,,,,,,,,,
FANO 2762,01/20,DIPLOMATA DA AGRONOVA G,,REM A7,,,,,,,,,,3.49,56,6%,2.11,79,0.5%,,,32.60,74,0.1%,,,,,,,35.46,81,0.5%,,,11.84,85,0.5%,19.86,86,0.5%,487,32,,,,,,,,,,,,,,,,,,,,,,,,,,,,,,,,,,,,,,,,,,,,,,,,,,,,
SINO 1730,01/19,EL ZORRERO SINO,G,REM A7,,,,,,,,,,1.79,56,26%,1.31,89,5%,,,28.33,79,0.5%,,,,,,,35.92,92,0.5%,,,11.84,90,0.5%,19.72,91,0.5%,1846,82,,,,,,,,,,,,,,,,,,,,,,,,,,,,,,,,,,,,,,,,,,,,,,,,,,,,
REMP 602,09/18,REM HORUS GEN ADT,G,REM A149,,,,,,,,,,7.51,56,0.1%,3.17,85,0.1%,,,31.61,77,0.1%,,,,,,,32.07,88,1%,,,11.04,85,1%,19.31,86,0.5%,654,44,,,,,,,,,,,,,,,,,,,,,,,,,,,,,,,,,,,,,,,,,,,,,,,,,,,,
CSCR 1135,09/17,TAJ FIV DE NAVIRAI,G,CSCN 14076,,,,,,,,,,2.22,58,18%,1.33,82,4%,,,24.61,74,2%,,,,,,,33.38,83,0.5%,,,11.21,78,0.5%,19.28,79,0.5%,201,13,,,,,,,,,,,,,,,,,,,,,,,,,,,,,,,,,,,,,,,,,,,,,,,,,,,,
REM A1936,10/17,REM GARANTIDO,G,REM A7,,,,,,,,,,0.14,67,70%,2.32,91,0.5%,,,26.54,82,1%,,,,,,,28.44,94,2%,,,11.31,93,0.5%,19.17,94,0.5%,3515,114,,,,,,,,,,,,,,,,,,,,,,,,,,,,,,,,,,,,,,,,,,,,,,,,,,,,
FVC 13452,09/18,OURO NEGRO FVC,G,REM 8933,,,,,,,,,,2.94,56,9%,1.07,80,8%,,,27.97,71,0.5%,,,,,,,34.16,78,0.5%,,,11.98,70,0.5%,18.90,72,0.5%,63,9,,,,,,,,,,,,,,,,,,,,,,,,,,,,,,,,,,,,,,,,,,,,,,,,,,,,
KAPO 3320,08/19,POTENTE FIV KA,G,REMC 8332,,,,,,,,,,2.18,42,19%,1.43,68,3%,,,28.72,61,0.5%,,,,,,,31.17,71,1%,,,11.13,76,1%,18.86,76,0.5%,175,6,,,,,,,,,,,,,,,,,,,,,,,,,,,,,,,,,,,,,,,,,,,,,,,,,,,,
REM A2239,11/17,REM GRINGO GEN ADITIV,G,REM 9852,,,,,,,,,,2.41,57,15%,1.61,81,2%,,,29.69,73,0.5%,,,,,,,39.88,81,0.1%,,,9.98,73,2%,18.60,75,0.5%,117,7,,,,,,,,,,,,,,,,,,,,,,,,,,,,,,,,,,,,,,,,,,,,,,,,,,,,
MMVA 1270,09/16,CONVENCIDO FIV DA JAC,G,REMC 5326,,,,,,,,,,1.53,72,32%,0.84,87,13%,,,26.83,82,1%,,,,,,,29.01,86,2%,,,11.67,79,0.5%,18.33,81,1%,56,3,,,,,,,,,,,,,,,,,,,,,,,,,,,,,,,,,,,,,,,,,,,,,,,,,,,,
REM 8933,10/13,REM CALDONEGRO,G,REM 5589,,,,,,,,,,3.44,85,6%,0.91,92,12%,,,25.01,87,2%,,,,,,,31.97,95,1%,,,10.52,94,1%,18.28,94,1%,4894,147,,,,,,,,,,,,,,,,,,,,,,,,,,,,,,,,,,,,,,,,,,,,,,,,,,,,
KAPO 1981,11/17,NOBEL KA,G,KAPO 330,,,,,,,,,,1.08,56,43%,1.85,81,1%,,,27.12,73,1%,,,,,,,29.22,83,2%,,,11.37,79,0.5%,18.18,80,1%,262,5,,,,,,,,,,,,,,,,,,,,,,,,,,,,,,,,,,,,,,,,,,,,,,,,,,,,
REM A2332,11/17,REM GUAXUPE FIV,G,REMC 8332,,,,,,,,,,2.83,69,10%,0.35,86,33%,,,24.17,80,3%,,,,,,,28.98,85,2%,,,11.10,78,1%,17.96,80,1%,79,7,,,,,,,,,,,,,,,,,,,,,,,,,,,,,,,,,,,,,,,,,,,,,,,,,,,,
SINO 1871,05/19,EXTRA SINO,G,REM 8933,,,,,,,,,,6.38,56,0.5%,2.11,78,0.5%,,,29.96,70,0.5%,,,,,,,33.51,77,0.5%,,,10.92,70,1%,17.84,72,1%,50,8,,,,,,,,,,,,,,,,,,,,,,,,,,,,,,,,,,,,,,,,,,,,,,,,,,,,
REM A2065,10/17,REM GPS,G,REM 6447,,,,,,,,,,1.66,59,29%,0.96,83,10%,,,25.64,76,2%,,,,,,,30.85,85,1%,,,11.28,78,0.5%,17.70,80,1%,284,22,,,,,,,,,,,,,,,,,,,,,,,,,,,,,,,,,,,,,,,,,,,,,,,,,,,,
BONN 1954,08/16,QUILOMBO FIV BONS,G,REM 6447,,,,,,,,,,1.37,58,36%,1.72,81,2%,,,26.05,73,2%,,,,,,,34.25,82,0.5%,,,10.14,73,2%,17.64,75,1%,120,12,,,,,,,,,,,,,,,,,,,,,,,,,,,,,,,,,,,,,,,,,,,,,,,,,,,,
REMC A2943,09/19,REM INFINITO GEN. ADT,G,REM A7,,,,,,,,,,2.83,56,10%,1.72,79,2%,,,28.36,71,0.5%,,,,,,,33.02,78,0.5%,,,9.84,72,2%,17.45,74,1%,40,5,,,,,,,,,,,,,,,,,,,,,,,,,,,,,,,,,,,,,,,,,,,,,,,,,,,,
RDM A1575,09/18,DODGE MAT.,G,RDM 5049,,,,,,,,,,2.20,56,19%,0.28,84,38%,,,25.06,76,2%,,,,,,,29.68,87,2%,,,10.22,83,1%,17.40,84,1%,501,28,,,,,,,,,,,,,,,,,,,,,,,,,,,,,,,,,,,,,,,,,,,,,,,,,,,,
JHVM 17941,11/18,DON JUAN FIV CAMPARIN,G,JHVM 12659,,,,,,,,,,4.07,56,3%,1.02,79,9%,,,22.79,71,4%,,,,,,,30.57,78,1%,,,9.14,71,2%,17.15,73,1%,43,7,,,,,,,,,,,,,,,,,,,,,,,,,,,,,,,,,,,,,,,,,,,,,,,,,,,,
WKF 4,09/18,WKF4 ARABE,G,REMC 5326,,,,,,,,,,4.07,30,3%,1.20,72,6%,,,28.12,55,0.5%,,,,,,,30.27,78,2%,,,10.00,71,2%,17.06,72,1%,137,8,,,,,,,,,,,,,,,,,,,,,,,,,,,,,,,,,,,,,,,,,,,,,,,,,,,,
FANO 2560,12/19,DRUIDO DA AGRONOVA,G,FANO 1509,,,,,,,,,,0.92,55,48%,1.89,79,1%,,,28.61,71,0.5%,,,,,,,32.68,78,1%,,,8.97,75,3%,16.72,76,2%,84,10,,,,,,,,,,,,,,,,,,,,,,,,,,,,,,,,,,,,,,,,,,,,,,,,,,,,
FGP 9684,08/19,FABULOSO FIV GUADALUP,G,REMC 8053,,,,,,,,,,3.37,56,6%,1.55,79,3%,,,27.82,72,1%,,,,,,,31.57,79,1%,,,8.53,78,3%,16.66,78,2%,84,12,,,,,,,,,,,,,,,,,,,,,,,,,,,,,,,,,,,,,,,,,,,,,,,,,,,,
REM A1246,11/16,REM FIGURAO,G,REM 8933,,,,,,,,,,2.16,57,19%,1.30,80,5%,,,23.61,71,3%,,,,,,,23.75,80,5%,,,9.84,68,2%,16.63,71,2%,41,5,,,,,,,,,,,,,,,,,,,,,,,,,,,,,,,,,,,,,,,,,,,,,,,,,,,,
REM 10073,08/18,REM HOVER GEN ADT,G,REMC 9891,,,,,,,,,,5.19,37,1%,1.57,75,2%,,,27.25,61,1%,,,,,,,34.11,79,0.5%,,,8.88,72,3%,16.59,75,2%,206,18,,,,,,,,,,,,,,,,,,,,,,,,,,,,,,,,,,,,,,,,,,,,,,,,,,,,
REM 7177,11/11,REM ALTOASTRAL,G,REM 4339,,,,,,,,,,3.54,75,5%,0.72,90,17%,,,23.33,84,3%,,,,,,,23.73,92,5%,,,9.78,88,2%,16.47,89,2%,1253,60,,,,,,,,,,,,,,,,,,,,,,,,,,,,,,,,,,,,,,,,,,,,,,,,,,,,
REMC 8332,09/14,REM DULLDOG,G,REMC 5326,,,,,,,,,,1.77,80,27%,1.53,93,3%,,,24.41,86,3%,,,,,,,26.87,95,3%,,,10.53,94,1%,16.45,94,2%,5110,145,,,,,,,,,,,,,,,,,,,,,,,,,,,,,,,,,,,,,,,,,,,,,,,,,,,,
AZAN 2193,09/17,RAM DA BELA,G,BONS 2612,,,,,,,,,,1.45,57,34%,1.71,82,2%,,,26.90,75,1%,,,,,,,29.96,85,2%,,,9.96,81,2%,16.44,82,2%,285,30,,,,,,,,,,,,,,,,,,,,,,,,,,,,,,,,,,,,,,,,,,,,,,,,,,,,
FVCP 966,08/19,CAIRO FIV FVC,G,FVC 11452,,,,,,,,,,4.13,55,3%,0.63,79,20%,,,28.07,71,0.5%,,,,,,,35.70,78,0.5%,,,10.15,73,2%,16.40,74,2%,56,11,,,,,,,,,,,,,,,,,,,,,,,,,,,,,,,,,,,,,,,,,,,,,,,,,,,,
SOAL 5627,07/19,BRUTÃO FIV DA 3A,G,REMC 5326,,,,,,,,,,4.73,56,2%,1.43,79,3%,,,27.55,72,1%,,,,,,,33.13,79,0.5%,,,8.46,76,3%,16.36,77,2%,140,15,,,,,,,,,,,,,,,,,,,,,,,,,,,,,,,,,,,,,,,,,,,,,,,,,,,,
KAPM 6393,07/16,MAXIMO KA,G,REMC 5326,,,,,,,,,,4.13,58,3%,1.38,80,4%,,,27.56,72,1%,,,,,,,29.65,80,2%,,,8.18,71,4%,16.18,73,2%,77,5,,,,,,,,,,,,,,,,,,,,,,,,,,,,,,,,,,,,,,,,,,,,,,,,,,,,
RDM A3151,10/19,ESTANHO MAT.,G,RDM 7698,,,,,,,,,,4.94,56,2%,1.90,79,1%,,,30.51,72,0.5%,,,,,,,31.90,79,1%,,,8.65,77,3%,16.03,78,2%,137,15,,,,,,,,,,,,,,,,,,,,,,,,,,,,,,,,,,,,,,,,,,,,,,,,,,,,
KAT 3881,09/19,LUCK FIV KATISPERA,G,REMC 8053,,,,,,,,,,5.84,56,0.5%,1.53,79,3%,,,28.71,71,0.5%,,,,,,,34.84,79,0.5%,,,8.44,75,3%,15.90,76,2%,51,6,,,,,,,,,,,,,,,,,,,,,,,,,,,,,,,,,,,,,,,,,,,,,,,,,,,,
FSH B123,09/16,LIDER DP,G,1.00,,,,,,,,,,59,45%,8.58,85,14%,408,,,75,3%,,,,,,,,86,3%,0.82,,,81,3%,15.79,83,2%,26.82,4,23.41,,,,,,,,,,,,,,,,,,,,,,,,,,,,,,,,,,,,,,,,,,,,,,,,,,,,
RDM 9046,08/16,BANDOLEIRO MAT.,,RDM 7142,,,,,,,,,,1.18,20,41%,1.39,58,4%,,,24.59,41,2%,,,,,,,31.20,68,1%,,,9.41,59,2%,15.62,61,2%,87,4,,,,,,,,,,,,,,,,,,,,,,,,,,,,,,,,,,,,,,,,,,,,,,,,,,,,
BONS 2612,08/13,MARANHAO BONS,G,REM 4668,,,,,,,,,,1.37,61,36%,1.39,82,4%,,,19.31,75,9%,,,,,,,25.02,83,4%,,,10.12,76,2%,15.61,78,2%,191,18,,,,,,,,,,,,,,,,,,,,,,,,,,,,,,,,,,,,,,,,,,,,,,,,,,,,
FPO 2683,11/16,TNT,G,MNS 3981,,,,,,,,,,0.75,71,52%,1.39,90,4%,,,24.92,83,2%,,,,,,,27.52,93,2%,,,9.18,90,2%,15.50,91,2%,1969,56,,,,,,,,,,,,,,,,,,,,,,,,,,,,,,,,,,,,,,,,,,,,,,,,,,,,
REMP 726,10/18,REM HUJALA FIV GEN AD,G,REM 8933,,,,,,,,,,3.09,56,8%,1.45,82,3%,,,27.89,74,0.5%,,,,,,,40.57,83,0.1%,,,13.13,78,0.5%,21.12,80,0.5%,,,158,12,,,,,,,,,,,,,,,,,,,,,,,,,,,,,,,,,,,,,,,,,,,,,,,,,,
REM A2239,11/17,REM GRINGO GEN ADITIV,G,REM 9852,,,,,,,,,,2.41,57,15%,1.61,81,2%,,,29.69,73,0.5%,,,,,,,39.88,81,0.1%,,,9.98,73,2%,18.60,75,0.5%,,,100,7,,,,,,,,,,,,,,,,,,,,,,,,,,,,,,,,,,,,,,,,,,,,,,,,,,
SINO 1730,01/19,EL ZORRERO SINO,G,REM A7,,,,,,,,,,1.79,56,26%,1.31,89,5%,,,28.33,79,0.5%,,,,,,,35.92,92,0.5%,,,11.84,90,0.5%,19.72,91,0.5%,,,1406,72,,,,,,,,,,,,,,,,,,,,,,,,,,,,,,,,,,,,,,,,,,,,,,,,,,
BONN 1954,08/16,QUILOMBO FIV BONS,G,REM 6447,,,,,,,,,,1.37,58,36%,1.72,81,2%,,,26.05,73,2%,,,,,,,34.25,82,0.5%,,,10.14,73,2%,17.64,75,1%,,,135,12,,,,,,,,,,,,,,,,,,,,,,,,,,,,,,,,,,,,,,,,,,,,,,,,,,
REM 10073,08/18,REM HOVER GEN ADT,G,REMC 9891,,,,,,,,,,5.19,37,1%,1.57,75,2%,,,27.25,61,1%,,,,,,,34.11,79,0.5%,,,8.88,72,3%,16.59,75,2%,,,149,12,,,,,,,,,,,,,,,,,,,,,,,,,,,,,,,,,,,,,,,,,,,,,,,,,,
CSCR 1135,09/17,TAJ FIV DE NAVIRAI,G,CSCN 14076,,,,,,,,,,2.22,58,18%,1.33,82,4%,,,24.61,74,2%,,,,,,,33.38,83,0.5%,,,11.21,78,0.5%,19.28,79,0.5%,,,157,12,,,,,,,,,,,,,,,,,,,,,,,,,,,,,,,,,,,,,,,,,,,,,,,,,,
REMP 602,09/18,REM HORUS GEN ADT,G,REM A149,,,,,,,,,,7.51,56,0.1%,3.17,85,0.1%,,,31.61,77,0.1%,,,,,,,32.07,88,1%,,,11.04,85,1%,19.31,86,0.5%,,,438,32,,,,,,,,,,,,,,,,,,,,,,,,,,,,,,,,,,,,,,,,,,,,,,,,,,
REM 8933,10/13,REM CALDONEGRO,G,REM 5589,,,,,,,,,,3.44,85,6%,0.91,92,12%,,,25.01,87,2%,,,,,,,31.97,95,1%,,,10.52,94,1%,18.28,94,1%,,,3810,154,,,,,,,,,,,,,,,,,,,,,,,,,,,,,,,,,,,,,,,,,,,,,,,,,,
KAPM 5886,10/15,LOGAN KA,G,KAPM 1905,,,,,,,,,,2.24,61,18%,0.95,82,11%,,,24.01,74,3%,,,,,,,31.91,83,1%,,,13.02,76,0.5%,20.46,78,0.5%,,,177,6,,,,,,,,,,,,,,,,,,,,,,,,,,,,,,,,,,,,,,,,,,,,,,,,,,
RDM 9046,08/16,BANDOLEIRO MAT.,,RDM 7142,,,,,,,,,,1.18,20,41%,1.39,58,4%,,,24.59,41,2%,,,,,,,31.20,68,1%,,,9.41,59,2%,15.62,61,2%,,,70,3,,,,,,,,,,,,,,,,,,,,,,,,,,,,,,,,,,,,,,,,,,,,,,,,,,
REMC A2199,09/18,REM HARDROCK GEN ADT,G,REM A149,,,,,,,,,,3.66,56,5%,1.83,82,1%,,,27.63,73,1%,,,,,,,31.04,83,1%,,,7.97,77,4%,13.91,78,4%,,,136,12,,,,,,,,,,,,,,,,,,,,,,,,,,,,,,,,,,,,,,,,,,,,,,,,,,
REM A1576,08/17,REM GALO GENETICA ADI,G,REM A7,,,,,,,,,,1.52,63,32%,1.72,88,2%,,,27.11,79,1%,,,,,,,30.98,91,1%,,,7.77,88,5%,15.16,89,3%,,,833,45,,,,,,,,,,,,,,,,,,,,,,,,,,,,,,,,,,,,,,,,,,,,,,,,,,
AZAP 927,08/13,LEGAL DA BELA,G,ZAN 14,,,,,,,,,,2.58,72,13%,0.15,88,47%,,,21.29,82,6%,,,,,,,30.98,87,1%,,,8.47,81,3%,14.88,83,3%,,,151,10,,,,,,,,,,,,,,,,,,,,,,,,,,,,,,,,,,,,,,,,,,,,,,,,,,
REM A2065,10/17,REM GPS,G,REM 6447,,,,,,,,,,1.66,59,29%,0.96,83,10%,,,25.64,76,2%,,,,,,,30.85,85,1%,,,11.28,78,0.5%,17.70,80,1%,,,276,20,,,,,,,,,,,,,,,,,,,,,,,,,,,,,,,,,,,,,,,,,,,,,,,,,,
WKF 4,09/18,WKF4 ARABE,G,REMC 5326,,,,,,,,,,4.07,30,3%,1.20,72,6%,,,28.12,55,0.5%,,,,,,,30.27,78,2%,,,10.00,71,2%,17.06,72,1%,,,145,6,,,,,,,,,,,,,,,,,,,,,,,,,,,,,,,,,,,,,,,,,,,,,,,,,,
HORA 2920,07/17,GOLD DA HORA,G,REMC 5326,,,,,,,,,,3.79,57,4%,1.55,80,3%,,,27.33,73,1%,,,,,,,30.07,82,2%,,,7.81,76,4%,14.97,78,3%,,,111,6,,,,,,,,,,,,,,,,,,,,,,,,,,,,,,,,,,,,,,,,,,,,,,,,,,
RDM A1196,08/18,DON QUIXOTE MAT.,G,BRMG 2299,,,,,,,,,,1.74,56,27%,1.52,88,3%,,,24.96,78,2%,,,,,,,30.05,91,2%,,,8.91,91,3%,13.79,92,4%,,,735,33,,,,,,,,,,,,,,,,,,,,,,,,,,,,,,,,,,,,,,,,,,,,,,,,,,
AZAN 2193,09/17,RAM DA BELA,G,BONS 2612,,,,,,,,,,1.45,57,34%,1.71,82,2%,,,26.90,75,1%,,,,,,,29.96,85,2%,,,9.96,81,2%,16.44,82,2%,,,204,20,,,,,,,,,,,,,,,,,,,,,,,,,,,,,,,,,,,,,,,,,,,,,,,,,,
RDM A1575,09/18,DODGE MAT.,G,RDM 5049,,,,,,,,,,2.20,56,19%,0.28,84,38%,,,25.06,76,2%,,,,,,,29.68,87,2%,,,10.22,83,1%,17.40,84,1%,,,360,23,,,,,,,,,,,,,,,,,,,,,,,,,,,,,,,,,,,,,,,,,,,,,,,,,,
KAPM 6393,07/16,MAXIMO KA,G,REMC 5326,,,,,,,,,,4.13,58,3%,1.38,80,4%,,,27.56,72,1%,,,,,,,29.65,80,2%,,,8.18,71,4%,16.18,73,2%,,,64,4,,,,,,,,,,,,,,,,,,,,,,,,,,,,,,,,,,,,,,,,,,,,,,,,,,
REMP 816,10/18,REM HERMOSO FIV GEN A,G,REM A7,,,,,,,,,,1.97,57,23%,2.22,84,0.5%,,,27.23,78,1%,,,,,,,29.48,88,2%,,,6.41,90,8%,14.35,90,3%,,,317,39,,,,,,,,,,,,,,,,,,,,,,,,,,,,,,,,,,,,,,,,,,,,,,,,,,
KAPO 1981,11/17,NOBEL KA,G,KAPO 330,,,,,,,,,,1.08,56,43%,1.85,81,1%,,,27.12,73,1%,,,,,,,29.22,83,2%,,,11.37,79,0.5%,18.18,80,1%,,,148,5,,,,,,,,,,,,,,,,,,,,,,,,,,,,,,,,,,,,,,,,,,,,,,,,,,
ACNP 3146,07/17,BELO J MACHADO,G,REMC 5326,,,,,,,,,,1.51,82,32%,1.81,93,1%,,,26.33,85,2%,,,,,,,29.19,95,2%,,,7.34,94,5%,13.34,95,4%,,,3662,105,,,,,,,,,,,,,,,,,,,,,,,,,,,,,,,,,,,,,,,,,,,,,,,,,,
MMVA 1270,09/16,CONVENCIDO FIV DA JAC,G,REMC 5326,,,,,,,,,,1.53,72,32%,0.84,87,13%,,,26.83,82,1%,,,,,,,29.01,86,2%,,,11.67,79,0.5%,18.33,81,1%,,,47,3,,,,,,,,,,,,,,,,,,,,,,,,,,,,,,,,,,,,,,,,,,,,,,,,,,
CSCF 4553,12/17,4553 FIV DE NAV.,G,REMC 5326,,,,,,,,,,4.47,36,2%,1.47,67,3%,,,26.09,52,2%,,,,,,,29.00,67,2%,,,6.67,56,7%,11.82,59,7%,,,43,4,,,,,,,,,,,,,,,,,,,,,,,,,,,,,,,,,,,,,,,,,,,,,,,,,,
REM A2332,11/17,REM GUAXUPE FIV,G,REMC 8332,,,,,,,,,,2.83,69,10%,0.35,86,33%,,,24.17,80,3%,,,,,,,28.98,85,2%,,,11.10,78,1%,17.96,80,1%,,,51,5,,,,,,,,,,,,,,,,,,,,,,,,,,,,,,,,,,,,,,,,,,,,,,,,,,
ACNP 3165,07/17,BRUTHO J MACHADO,G,REMC 5326,,,,,,,,,,8.76,45,0.1%,1.72,74,2%,,,27.55,62,1%,,,,,,,28.78,74,2%,,,7.71,66,5%,11.92,68,6%,,,58,3,,,,,,,,,,,,,,,,,,,,,,,,,,,,,,,,,,,,,,,,,,,,,,,,,,
FVCP 551,08/16,LIDER FIV FVC,G,FVC 8596,,,,,,,,,,1.00,72,45%,1.70,88,2%,,,25.62,82,2%,,,,,,,28.53,87,2%,,,7.20,80,6%,15.13,82,3%,,,95,8,,,,,,,,,,,,,,,,,,,,,,,,,,,,,,,,,,,,,,,,,,,,,,,,,,
REM A1936,10/17,REM GARANTIDO,G,REM A7,,,,,,,,,,0.14,67,70%,2.32,91,0.5%,,,26.54,82,1%,,,,,,,28.44,94,2%,,,11.31,93,0.5%,19.17,94,0.5%,,,1806,83,,,,,,,,,,,,,,,,,,,,,,,,,,,,,,,,,,,,,,,,,,,,,,,,,,
HORA 3471,08/18,HERCULES DA HORA,G,RDM 7794,,,,,,,,,,3.17,56,7%,1.41,80,4%,,,25.92,72,2%,,,,,,,28.37,81,2%,,,6.95,76,7%,13.00,77,5%,,,81,7,,,,,,,,,,,,,,,,,,,,,,,,,,,,,,,,,,,,,,,,,,,,,,,,,,
FSH B722,11/17,METEORO DP,G,MGL 1714,,,,,,,,,,0.79,39,51%,1.71,71,2%,,,26.31,60,2%,,,,,,,28.23,73,2%,,,9.42,67,2%,15.38,69,2%,,,48,4,,,,,,,,,,,,,,,,,,,,,,,,,,,,,,,,,,,,,,,,,,,,,,,,,,
REMC A223,08/16,REM FORMOSO,G,REMC 5326,,,,,,,,,,1.85,70,25%,1.39,87,4%,,,25.71,80,2%,,,,,,,28.22,91,2%,,,8.10,91,4%,14.26,91,3%,,,749,40,,,,,,,,,,,,,,,,,,,,,,,,,,,,,,,,,,,,,,,,,,,,,,,,,,
REM A1811,09/17,REM GLADIADOR GEN ADT,G,REMC 8332,,,,,,,,,,5.57,77,1%,1.29,91,5%,,,26.28,83,2%,,,,,,,27.87,93,2%,,,6.31,91,9%,12.79,92,5%,,,2014,106,,,,,,,,,,,,,,,,,,,,,,,,,,,,,,,,,,,,,,,,,,,,,,,,,,
FVC 9681,08/14,MUTRECO FVC,G,MNS 3981,,,,,,,,,,2.54,70,14%,1.33,84,4%,,,23.71,81,3%,,,,,,,27.85,92,2%,,,9.50,90,2%,14.68,90,3%,,,1044,32,,,,,,,,,,,,,,,,,,,,,,,,,,,,,,,,,,,,,,,,,,,,,,,,,,
FSH A9922,11/15,KALYAN DP,G,REM 6447,,,,,,,,,,3.36,57,6%,0.97,81,10%,,,23.41,74,3%,,,,,,,27.81,83,2%,,,8.35,77,3%,14.87,79,3%,,,123,7,,,,,,,,,,,,,,,,,,,,,,,,,,,,,,,,,,,,,,,,,,,,,,,,,,
FPO 2683,11/16,TNT,G,MNS 3981,,,,,,,,,,0.75,71,52%,1.39,90,4%,,,24.92,83,2%,,,,,,,27.52,93,2%,,,9.18,90,2%,15.50,91,2%,,,1559,43,,,,,,,,,,,,,,,,,,,,,,,,,,,,,,,,,,,,,,,,,,,,,,,,,,
REMP 602,09/18,REM HORUS GEN ADT,G,REM A149,-1.17,53,7%,90.16,70,3%,,,,7.51,56,0.1%,3.17,85,0.1%,,,0.1%,,,,,,,,,32.07,88,1%,,,,,,,,,,,,,180,77,31.61,,,,,,,,,,,,,,,,,,,,,,,,,,,,,,,,,,,,,,,,,,,,,,,
REM A149,09/15,REM EMBAIXADOR,G,REMC 5326,-0.97,70,15%,88.70,79,6%,,,,1.97,68,23%,2.89,89,0.1%,,,3%,,,,,,,,,24.31,91,4%,,,,,,,,,,,,,435,81,23.36,,,,,,,,,,,,,,,,,,,,,,,,,,,,,,,,,,,,,,,,,,,,,,,
REM A1936,10/17,REM GARANTIDO,G,REM A7,-1.35,68,3%,90.62,78,3%,,,,0.14,67,70%,2.32,91,0.5%,,,1%,,,,,,,,,28.44,94,2%,,,,,,,,,,,,,747,82,26.54,,,,,,,,,,,,,,,,,,,,,,,,,,,,,,,,,,,,,,,,,,,,,,,
REMP 816,10/18,REM HERMOSO FIV GEN A,G,REM A7,-1.41,54,2%,88.41,71,6%,,,,1.97,57,23%,2.22,84,0.5%,,,1%,,,,,,,,,29.48,88,2%,,,,,,,,,,,,,146,78,27.23,,,,,,,,,,,,,,,,,,,,,,,,,,,,,,,,,,,,,,,,,,,,,,,
RDM A1335,08/18,DAMASCO MAT.,G,BRMG 2299,-0.96,53,16%,88.47,70,6%,,,,3.69,56,5%,2.14,88,0.5%,,,3%,,,,,,,,,21.51,91,7%,,,,,,,,,,,,,351,78,24.39,,,,,,,,,,,,,,,,,,,,,,,,,,,,,,,,,,,,,,,,,,,,,,,
REM A7,08/15,REM ESPIAO007,G,REMC 5809,-1.11,82,9%,90.23,86,3%,,,,2.51,82,14%,2.11,93,0.5%,,,2%,,,,,,,,,26.13,95,3%,,,,,,,,,,,,,1533,86,24.97,,,,,,,,,,,,,,,,,,,,,,,,,,,,,,,,,,,,,,,,,,,,,,,
BRMG 2299,08/15,ZAPP BEABISA,G,REMC 5326,-0.91,79,18%,85.63,85,14%,,,,5.19,80,1%,1.94,92,1%,,,4%,,,,,,,,,16.48,94,16%,,,,,,,,,,,,,1211,85,22.40,,,,,,,,,,,,,,,,,,,,,,,,,,,,,,,,,,,,,,,,,,,,,,,
REM A530,11/15,REM ETHIOS,G,REMC 5608,-0.67,55,34%,88.88,71,6%,,,,3.53,57,5%,1.84,82,1%,,,6%,,,,,,,,,24.33,81,4%,,,,,,,,,,,,,80,72,20.79,,,,,,,,,,,,,,,,,,,,,,,,,,,,,,,,,,,,,,,,,,,,,,,
REMC A2199,09/18,REM HARDROCK GEN ADT,G,REM A149,-0.95,53,16%,83.92,70,20%,,,,3.66,56,5%,1.83,82,1%,,,1%,,,,,,,,,31.04,83,1%,,,,,,,,,,,,,80,73,27.63,,,,,,,,,,,,,,,,,,,,,,,,,,,,,,,,,,,,,,,,,,,,,,,
COL 24926,11/16,QUICKMAN FIV COL,G,REMC 5326,-1.82,55,0.1%,95.50,72,0.1%,,,,3.33,58,6%,1.82,83,1%,,,3%,,,,,,,,,17.95,85,13%,,,,,,,,,,,,,109,76,24.42,,,,,,,,,,,,,,,,,,,,,,,,,,,,,,,,,,,,,,,,,,,,,,,
ACNP 3146,07/17,BELO J MACHADO,G,REMC 5326,-1.19,74,7%,83.24,81,22%,,,,1.51,82,32%,1.81,93,1%,,,2%,,,,,,,,,29.19,95,2%,,,,,,,,,,,,,1432,85,26.33,,,,,,,,,,,,,,,,,,,,,,,,,,,,,,,,,,,,,,,,,,,,,,,
BONS 3108,08/16,QUARUP BONS,G,REM 6447,-1.11,79,9%,85.76,84,13%,,,,3.17,77,7%,1.78,93,1%,,,5%,,,,,,,,,17.72,95,13%,,,,,,,,,,,,,1732,85,21.86,,,,,,,,,,,,,,,,,,,,,,,,,,,,,,,,,,,,,,,,,,,,,,,
REM A1072,10/16,REM FABULOSO,G,REMC 5326,-1.00,57,14%,86.49,72,11%,,,,2.99,59,9%,1.73,82,2%,,,4%,,,,,,,,,19.09,85,11%,,,,,,,,,,,,,61,75,22.67,,,,,,,,,,,,,,,,,,,,,,,,,,,,,,,,,,,,,,,,,,,,,,,
JRBT B6061,11/16,MANDAO JR TAR,G,REMC 5326,-1.18,71,7%,92.80,82,1%,,,,1.82,72,26%,1.72,88,2%,,,0.5%,,,,,,,,,25.31,88,4%,,,,,,,,,,,,,99,83,28.26,,,,,,,,,,,,,,,,,,,,,,,,,,,,,,,,,,,,,,,,,,,,,,,
REM A1576,08/17,REM GALO GENETICA ADI,G,REM A7,-1.24,63,5%,85.38,74,15%,,,,1.52,63,32%,1.72,88,2%,,,1%,,,,,,,,,30.98,91,1%,,,,,,,,,,,,,392,79,27.11,,,,,,,,,,,,,,,,,,,,,,,,,,,,,,,,,,,,,,,,,,,,,,,
BONN 1954,08/16,QUILOMBO FIV BONS,G,REM 6447,-0.87,56,21%,67.19,71,76%,,,,1.37,58,36%,1.72,81,2%,,,2%,,,,,,,,,34.25,82,0.5%,,,,,,,,,,,,,59,73,26.05,,,,,,,,,,,,,,,,,,,,,,,,,,,,,,,,,,,,,,,,,,,,,,,
AZAN 2193,09/17,RAM DA BELA,G,BONS 2612,-0.82,55,24%,78.42,71,41%,,,,1.45,57,34%,1.71,82,2%,,,1%,,,,,,,,,29.96,85,2%,,,,,,,,,,,,,86,75,26.90,,,,,,,,,,,,,,,,,,,,,,,,,,,,,,,,,,,,,,,,,,,,,,,
A3396,10/06,LITIO AJ,,AJ378503,-0.35,63,59%,86.28,71,12%,,,,5.42,67,1%,1.71,81,2%,,,7%,,,,,,,,,22.53,89,6%,,,,,,,,,,,,,196,73,20.67,,,,,,,,,,,,,,,,,,,,,,,,,,,,,,,,,,,,,,,,,,,,,,,
MNS 3981,06/10,TRUCK DA ALO BRASIL,G,QUIL 7308,-1.02,89,13%,82.43,91,25%,,,,4.20,90,3%,1.70,95,2%,,,4%,,,,,,,,,19.56,97,10%,,,,,,,,,,,,,3044,93,22.40,,,,,,,,,,,,,,,,,,,,,,,,,,,,,,,,,,,,,,,,,,,,,,,
AIA B4542,10/15,EQUADOR DA JANDAIA,,REMC 5326,-1.00,21,14%,82.41,20,25%,,,,3.09,21,8%,1.62,69,2%,,,4%,,,,,,,,,20.66,69,8%,,,,,,,,,,,,,71,42,22.71,,,,,,,,,,,,,,,,,,,,,,,,,,,,,,,,,,,,,,,,,,,,,,,
LBMN D1564,10/06,CORONEL DA MN,G,LBMN C8398,-0.85,82,22%,80.17,86,34%,,,,0.18,84,68%,1.61,93,2%,,,17%,,,,,,,,,13.58,94,24%,,,,,,,,,,,,,1203,87,15.54,,,,,,,,,,,,,,,,,,,,,,,,,,,,,,,,,,,,,,,,,,,,,,,
REM A1553,08/17,REM GURU,G,REMC 8332,-0.76,62,27%,77.63,74,44%,,,,4.64,62,2%,1.61,89,2%,,,3%,,,,,,,,,22.10,93,7%,,,,,,,,,,,,,463,80,23.51,,,,,,,,,,,,,,,,,,,,,,,,,,,,,,,,,,,,,,,,,,,,,,,
JHVM16277,08/17,GALATICO FIV CAMPARIN,G,REMC 5326,-0.62,56,37%,78.97,72,39%,,,,2.93,59,9%,1.58,81,2%,,,14%,,,,,,,,,13.31,81,24%,,,,,,,,,,,,,52,73,16.66,,,,,,,,,,,,,,,,,,,,,,,,,,,,,,,,,,,,,,,,,,,,,,,
RDM 6023,09/12,SHERLOCK  MAT.,G,RDM 4305,-0.53,89,44%,77.34,91,45%,,,,0.21,89,68%,1.57,95,2%,,,12%,,,,,,,,,18.54,96,12%,,,,,,,,,,,,,2407,92,17.72,,,,,,,,,,,,,,,,,,,,,,,,,,,,,,,,,,,,,,,,,,,,,,,
RGM 4737,04/17,JOCKER FIV RG,G,REMC 5326,-0.85,56,22%,84.68,72,17%,,,,2.17,58,19%,1.57,83,2%,,,6%,,,,,,,,,19.69,85,10%,,,,,,,,,,,,,97,76,20.89,,,,,,,,,,,,,,,,,,,,,,,,,,,,,,,,,,,,,,,,,,,,,,,
SAGA 2984,08/13,2984 SAGA,G,REM 5589,-1.11,47,9%,84.46,48,18%,,,,4.25,50,3%,1.57,78,2%,,,3%,,,,,,,,,20.92,81,8%,,,,,,,,,,,,,111,62,23.45,,,,,,,,,,,,,,,,,,,,,,,,,,,,,,,,,,,,,,,,,,,,,,,
REM 10073,08/18,REM HOVER GEN ADT,G,REMC 9891,-0.85,34,22%,85.33,54,15%,,,,5.19,37,1%,1.57,75,2%,,,1%,,,,,,,,,34.11,79,0.5%,,,,,,,,,,,,,62,61,27.25,,,,,,,,,,,,,,,,,,,,,,,,,,,,,,,,,,,,,,,,,,,,,,,
CSCC 6410,08/18,UTAR DE NAVIRAI,G,BRMG 2299,-1.05,36,12%,88.14,53,7%,,,,4.28,38,3%,1.56,73,2%,,,4%,FERTILIDADE,,,,,,,,18.03,77,13%,,,,,,,,,,,,,47,61,22.59,,,,,,,,,,,,,,,,,,,,,,,,,,,,,,,,,,,,,,,,,,,,,,,
REM 4668,10/07,REM SABIÁ,G,REMC 222,-0.99,76,14%,86.79,83,10%,91.82,82,2%,1.27,80,38%,,,,,,6%,,,,,,,,,18.15,92,12%,,,,,,,,,,,,,409,,20.93,86,,,,,,,,,,,,,,,,,,,,,,,,,,,,,,,,,,,,,,,,,,,,,,
LBMN D6829,10/11,EROS DA MN,G,LBMN D1564,-1.12,38,9%,83.19,32,22%,91.58,45,2%,2.61,42,13%,,,,,,9%,,,,,,,,,16.29,69,16%,,,,,,,,,,,,,26,,19.15,51,,,,,,,,,,,,,,,,,,,,,,,,,,,,,,,,,,,,,,,,,,,,,,
PAU 1272,09/10,JEPEANTE DA PAULETE,,L4810,-0.94,58,17%,83.79,65,20%,91.32,56,3%,2.92,61,10%,,,,,,14%,,,,,,,,,6.86,85,49%,,,,,,,,,,,,,68,,16.83,70,,,,,,,,,,,,,,,,,,,,,,,,,,,,,,,,,,,,,,,,,,,,,,
REMC 5326,08/11,REM ARMADOR,G,REMC 3462,-1.40,93,2%,88.10,94,7%,90.72,92,3%,2.52,94,14%,,,,,,3%,,,,,,,,,20.23,97,9%,,,,,,,,,,,,,3298,,24.52,95,,,,,,,,,,,,,,,,,,,,,,,,,,,,,,,,,,,,,,,,,,,,,,
OMEL 329,09/11,OMEL GALHO,G,REMC 3462,-0.86,45,21%,72.43,61,62%,89.58,55,4%,2.03,48,22%,,,,,,10%,,,,,,,,,19.71,75,10%,,,,,,,,,,,,,28,,18.56,64,,,,,,,,,,,,,,,,,,,,,,,,,,,,,,,,,,,,,,,,,,,,,,
AIA A8692,09/09,TIGRE DA JANDAIA,,CEN 3120,-1.17,57,7%,88.32,61,7%,89.12,55,5%,2.96,59,9%,,,,,,2%,,,,,,,,,25.26,88,4%,,,,,,,,,,,,,67,,25.68,69,,,,,,,,,,,,,,,,,,,,,,,,,,,,,,,,,,,,,,,,,,,,,,
CSCN 11455,08/10,NAVIRAI JUMBO,,CSCN 8028,-0.44,37,51%,56.04,52,91%,88.15,46,6%,2.58,44,13%,,,,,,12%,,,,,,,,,19.48,69,10%,,,,,,,,,,,,,36,,17.46,57,,,,,,,,,,,,,,,,,,,,,,,,,,,,,,,,,,,,,,,,,,,,,,
RDM 5102,08/11,RUBAIAH MAT.,G,L4810,-1.48,67,2%,92.84,77,1%,87.77,69,7%,1.45,71,34%,,,,,,6%,,,,,,,,,15.77,87,18%,,,,,,,,,,,,,37,,21.14,78,,,,,,,,,,,,,,,,,,,,,,,,,,,,,,,,,,,,,,,,,,,,,,
LBMN D4685,09/09,D4685 DA MN (CAMPEÃO),G,LBMN D1484,-1.09,91,10%,81.25,92,30%,86.96,91,8%,5.25,92,1%,,,,,,11%,,,,,,,,,12.15,97,28%,,,,,,,,,,,,,2455,,17.96,94,,,,,,,,,,,,,,,,,,,,,,,,,,,,,,,,,,,,,,,,,,,,,,
MNS 2389,06/07,ALIBI DA ALO BRASIL,,IZSN 3832,-0.91,34,18%,74.93,47,54%,86.57,42,9%,2.09,41,20%,,,,,,12%,,,,,,,,,16.75,71,15%,,,,,,,,,,,,,26,,17.91,56,,,,,,,,,,,,,,,,,,,,,,,,,,,,,,,,,,,,,,,,,,,,,,
CSCN 13782,12/13,NAVIRAI FIV 13782-13,,CSCF 1384,-1.16,53,8%,86.09,62,12%,86.18,47,9%,1.02,56,45%,,,,,,9%,,,,,,,,,19.83,83,10%,,,,,,,,,,,,,43,,19.40,68,,,,,,,,,,,,,,,,,,,,,,,,,,,,,,,,,,,,,,,,,,,,,,
REM 4788,10/07,REM SARWEO,,REMT 2839,-1.22,44,6%,83.43,48,21%,85.73,55,10%,3.37,54,6%,,,,,,7%,,,,,,,,,16.20,79,17%,,,,,,,,,,,,,71,,20.20,65,,,,,,,,,,,,,,,,,,,,,,,,,,,,,,,,,,,,,,,,,,,,,,
CSCN 12622,08/12,NAVIRAI MAGNUM,G,LBMN C8288,-0.85,70,22%,84.06,81,19%,85.60,75,10%,1.36,73,36%,,,,,,13%,,,,,,,,,13.58,89,24%,,,,,,,,,,,,,152,,17.43,82,,,,,,,,,,,,,,,,,,,,,,,,,,,,,,,,,,,,,,,,,,,,,,
MNS 3981,06/10,TRUCK DA ALO BRASIL,G,QUIL 7308,-1.02,89,13%,82.43,91,25%,85.45,87,10%,4.20,90,3%,,,,,,4%,,,,,,,,,19.56,97,10%,,,,,,,,,,,,,948,,22.40,93,,,,,,,,,,,,,,,,,,,,,,,,,,,,,,,,,,,,,,,,,,,,,,
LCCF 619,12/18,DAROZ DA ARZ,G,REM 9852,-1.22,52,6%,87.94,70,8%,,,,,,,,,,,,2%,,,,,,,,,25.08,81,4%,,,,,,,,,,,,,45,,25.82,,6.19,78,0.1%,0.31,76,21%,72,,,,,,,,,,,,,,,,,,,,,,,,,,,,,,,,,,,,,,,
REMC 9185,08/15,REM EL ESPANHOL,G,REMC 5326,-1.38,58,3%,92.92,73,1%,,,,,,,,,,,,2%,,,,,,,,,22.58,85,6%,,,,,,,,,,,,,175,,25.41,,6.18,83,0.1%,0.06,81,46%,76,,,,,,,,,,,,,,,,,,,,,,,,,,,,,,,,,,,,,,,
REM A2065,10/17,REM GPS,G,REM 6447,-0.42,57,53%,73.09,73,60%,,,,,,,,,,,,2%,,,,,,,,,30.85,85,1%,,,,,,,,,,,,,280,,25.64,,5.47,85,0.1%,0.24,83,26%,76,,,,,,,,,,,,,,,,,,,,,,,,,,,,,,,,,,,,,,,
API 3809,09/16,ARMADOR DO API,G,REMC 5326,-0.99,45,14%,73.73,63,58%,,,,,,,,,,,,2%,,,,,,,,,29.80,73,2%,,,,,,,,,,,,,33,,24.85,,5.35,73,0.5%,0.37,70,17%,64,,,,,,,,,,,,,,,,,,,,,,,,,,,,,,,,,,,,,,,
REM A1269,11/16,REM FRAGMENTO,G,REM 6447,-0.89,39,19%,73.40,55,59%,,,,,,,,,,,,6%,,,,,,,,,22.87,75,6%,,,,,,,,,,,,,32,,20.94,,5.30,68,0.5%,0.01,66,55%,61,,,,,,,,,,,,,,,,,,,,,,,,,,,,,,,,,,,,,,,
CSCQ 106,10/18,UJALA FIV DE NAVIRAI,G,CSCN 14945,-1.00,53,14%,76.95,70,46%,,,,,,,,,,,,2%,,,,,,,,,25.95,79,3%,,,,,,,,,,,,,27,,24.82,,5.29,77,0.5%,0.82,75,4%,71,,,,,,,,,,,,,,,,,,,,,,,,,,,,,,,,,,,,,,,
SINO 1730,01/19,EL ZORRERO SINO,G,REM A7,-1.33,54,3%,87.13,70,10%,,,,,,,,,,,,0.5%,,,,,,,,,35.92,92,0.5%,,,,,,,,,,,,,1688,,28.33,,4.91,92,0.5%,0.40,92,16%,79,,,,,,,,,,,,,,,,,,,,,,,,,,,,,,,,,,,,,,,
BONN 1954,08/16,QUILOMBO FIV BONS,G,REM 6447,-0.87,56,21%,67.19,71,76%,,,,,,,,,,,,2%,,,,,,,,,34.25,82,0.5%,,,,,,,,,,,,,44,,26.05,,4.79,78,0.5%,0.28,76,23%,73,,,,,,,,,,,,,,,,,,,,,,,,,,,,,,,,,,,,,,,
REMC 9356,09/15,REM ESTOCOLMO,G,REMC 3462,-0.71,36,31%,81.73,52,28%,,,,,,,,,,,,1%,,,,,,,,,34.00,65,0.5%,,,,,,,,,,,,,24,,26.76,,4.61,65,0.5%,0.30,62,21%,55,,,,,,,,,,,,,,,,,,,,,,,,,,,,,,,,,,,,,,,
HORA 3471,08/18,HERCULES DA HORA,G,RDM 7794,-0.71,53,31%,77.82,70,43%,,,,,,,,,,,,2%,,,,,,,,,28.37,81,2%,,,,,,,,,,,,,39,,25.92,,4.58,78,0.5%,0.00,76,57%,72,,,,,,,,,,,,,,,,,,,,,,,,,,,,,,,,,,,,,,,
REM A1553,08/17,REM GURU,G,REMC 8332,-0.76,62,27%,77.63,74,44%,,,,,,,,,,,,3%,,,,,,,,,22.10,93,7%,,,,,,,,,,,,,786,,23.51,,4.52,89,0.5%,0.39,89,16%,80,,,,,,,,,,,,,,,,,,,,,,,,,,,,,,,,,,,,,,,
REM 6447,10/10,REM VOKOLO,G,REM 4237,-0.69,87,32%,75.87,90,50%,,,,,,,,,,,,6%,,,,,,,,,21.12,96,8%,,,,,,,,,,,,,3420,,21.48,,4.39,95,0.5%,0.03,94,51%,91,,,,,,,,,,,,,,,,,,,,,,,,,,,,,,,,,,,,,,,
REM A2288,11/17,REM GOLEADOR GEN ADIT,G,IZSN A3043,-1.12,52,9%,81.92,69,27%,,,,,,,,,,,,6%,,,,,,,,,14.02,76,22%,,,,,,,,,,,,,25,,20.97,,4.23,76,1%,0.90,74,3%,69,,,,,,,,,,,,,,,,,,,,,,,,,,,,,,,,,,,,,,,
REM A2239,11/17,REM GRINGO GEN ADITIV,G,REM 9852,-0.92,55,18%,88.04,72,7%,,,,,,,,,,,,0.5%,,,,,,,,,39.88,81,0.1%,,,,,,,,,,,,,117,,29.69,,4.19,81,1%,0.32,79,20%,73,,,,,,,,,,,,,,,,,,,,,,,,,,,,,,,,,,,,,,,
AZAP 927,08/13,LEGAL DA BELA,G,ZAN 14,-0.39,70,55%,61.59,82,86%,,,,,,,,,,,,6%,,,,,,,,,30.98,87,1%,,,,,,,,,,,,,52,,21.29,,4.13,86,1%,0.21,85,28%,82,,,,,,,,,,,,,,,,,,,,,,,,,,,,,,,,,,,,,,,
REM A1576,08/17,REM GALO GENETICA ADI,G,REM A7,-1.24,63,5%,85.38,74,15%,,,,,,,,,,,,1%,,,,,,,,,30.98,91,1%,,,,,,,,,,,,,666,,27.11,,4.05,89,1%,0.93,88,2%,79,,,,,,,,,,,,,,,,,,,,,,,,,,,,,,,,,,,,,,,
SINO 1871,05/19,EXTRA SINO,G,REM 8933,-0.90,53,19%,76.73,70,47%,,,,,,,,,,,,0.5%,,,,,,,,,33.51,77,0.5%,,,,,,,,,,,,,26,,29.96,,4.05,77,1%,0.87,75,3%,70,,,,,,,,,,,,,,,,,,,,,,,,,,,,,,,,,,,,,,,
AZAN 2193,09/17,RAM DA BELA,G,BONS 2612,-0.82,55,24%,78.42,71,41%,,,,,,,,,,,,1%,,,,,,,,,29.96,85,2%,,,,,,,,,,,,,159,,26.90,,3.95,82,1%,0.96,81,2%,75,,,,,,,,,,,,,,,,,,,,,,,,,,,,,,,,,,,,,,,
REM A1758,09/17,REM GALEAO GEN ADITIV,G,REM 9852,-0.95,54,16%,83.29,72,22%,,,,,,,,,,,,6%,,,,,,,,,24.20,81,5%,,,,,,,,,,,,,92,,20.94,,3.89,80,1%,0.17,78,32%,73,,,,,,,,,,,,,,,,,,,,,,,,,,,,,,,,,,,,,,,
JHVM 18566,09/19,FAVORITO FIV CAMPARIN,G,REM 9449,-1.11,54,9%,76.98,71,46%,,,,,,,,,,,,2%,,,,,,,,,31.99,77,1%,,,,,,,,,,,,,85,,25.83,,3.84,80,1%,0.54,78,10%,71,,,,,,,,,,,,,,,,,,,,,,,,,,,,,,,,,,,,,,,
GRI B6777,07/17,B6777 DA S.NICE,G,REMC 5326,-1.26,54,5%,76.22,71,49%,,,,,,,,,,,,2%,,,,,,,,,24.48,84,4%,,,,,,,,,,,,,169,,25.78,,3.82,83,1%,0.36,81,18%,76,,,,,,,,,,,,,,,,,,,,,,,,,,,,,,,,,,,,,,,
FVC 12301,07/17,QLT-REVOLVER FIV FVC,G,REMC 5326,-1.35,43,3%,89.17,58,5%,,,,,,,,,,,,3%,,,,,,,,,20.60,75,8%,,,,,,,,,,,,,22,,23.67,,3.80,69,2%,0.28,66,23%,62,,,,,,,,,,,,,,,,,,,,,,,,,,,,,,,,,,,,,,,
AIA A8692,09/09,TIGRE DA JANDAIA,,CEN 3120,-1.17,57,7%,88.32,61,7%,,,,,,,,,,,,2%,,,,,,,,,25.26,88,4%,,,,,,,,,,,,,53,,25.68,,3.80,63,2%,0.33,60,19%,69,,,,,,,,,,,,,,,,,,,,,,,,,,,,,,,,,,,,,,,
REM 10018,08/18,REM HURACAN GEN ADT,G,REM 9852,-1.45,53,2%,88.22,70,7%,,,,,,,,,,,,7%,,,,,,,,,17.37,90,14%,,,,,,,,,,,,,605,,20.43,,3.77,88,2%,0.62,87,7%,77,,,,,,,,,,,,,,,,,,,,,,,,,,,,,,,,,,,,,,,
REMC A2199,09/18,REM HARDROCK GEN ADT,G,REM A149,-0.95,53,16%,83.92,70,20%,,,,,,,,,,,,1%,,,,,,,,,31.04,83,1%,,,,,,,,,,,,,129,,27.63,,3.62,81,2%,0.63,80,7%,73,,,,,,,,,,,,,,,,,,,,,,,,,,,,,,,,,,,,,,,
REM A530,11/15,REM ETHIOS,G,REMC 5608,-0.67,55,34%,88.88,71,6%,,,,,,,,,,,,6%,,,,,,,,,24.33,81,4%,,,,,,,,,,,,,49,,20.79,,3.58,79,2%,0.65,77,7%,72,,,,,,,,,,,,,,,,,,,,,,,,,,,,,,,,,,,,,,,
HORA 2920,07/17,GOLD DA HORA,G,REMC 5326,-1.03,54,12%,84.43,71,18%,,,,,,,,,,,,1%,,,,,,,,,30.07,82,2%,,,,,,,,,,,,,77,,27.33,,3.57,80,2%,0.49,78,12%,73,,,,,,,,,,,,,,,,,,,,,,,,,,,,,,,,,,,,,,,
FCCH 912,07/16,RUSSO DA CACHOEIRAO,,REMC 5326,-0.88,24,20%,85.11,29,16%,,,,,,,,,,,,2%,,,,,,,,,19.91,52,9%,,,,,,,,,,,,,23,,24.70,,3.55,50,2%,0.13,47,36%,39,,,,,,,,,,,,,,,,,,,,,,,,,,,,,,,,,,,,,,,
RDM A1335,08/18,DAMASCO MAT.,G,BRMG 2299,-0.96,53,16%,88.47,70,6%,,,,,,,,,,,,3%,,,,,,,,,21.51,91,7%,,,,,,,,,,,,,724,,24.39,,3.54,89,2%,0.48,88,12%,78,,,,,,,,,,,,,,,,,,,,,,,,,,,,,,,,,,,,,,,
RDM A3064,09/19,ESTORIL  MAT.,G,BONS 3108,-1.28,54,4%,87.38,71,9%,,,,,,,,,,,,1%,,,,,,,,,24.36,81,4%,,,,,,,,,,,,,61,,26.76,,3.53,79,2%,0.47,77,12%,74,,,,,,,,,,,,,,,,,,,,,,,,,,,,,,,,,,,,,,,
PAU 2753,10/14,2753 DA PAULETE,G,PAU 1717,-0.64,56,36%,78.16,70,42%,,,,,,,,,,,,5%,,,,,,,,,25.14,83,4%,,,,,,,,,,,,,134,,21.83,,3.52,82,2%,0.60,80,8%,73,,,,,,,,,,,,,,,,,,,,,,,,,,,,,,,,,,,,,,,
EAO A748,08/14,TRUNFO FIV DA EAO,G,IZSN A977,-0.51,57,46%,76.43,73,48%,,,,,,,,,,,,3%,,,,,,,,,23.09,81,6%,,,,,,,,,,,,,75,,23.37,,3.51,80,2%,0.52,78,10%,73,,,,,,,,,,,,,,,,,,,,,,,,,,,,,,,,,,,,,,,
REM A159,09/15,REM EIXOO,G,REM 7121,-1.11,55,9%,90.25,72,3%,,,,,,,,,,,,4%,,,,,,,,,19.30,81,10%,,,,,,,,,,,,,82,,22.69,,3.49,80,2%,0.17,78,32%,73,,,,,,,,,,,,,,,,,,,,,,,,,,,,,,,,,,,,,,,
JHR 3043,08/13,DESENHO DA JHR,G,MNS 3981,-0.72,43,30%,75.75,59,51%,,,,,,,,,,,,8%,,,,,,,,,17.74,73,13%,,,,,,,,,,,,,25,,19.96,,3.48,66,2%,0.12,63,38%,61,,,,,,,,,,,,,,,,,,,,,,,,,,,,,,,,,,,,,,,
CSCN 14945,09/15,NAVIRAI 14945-15,G,REMC 5326,-1.05,59,12%,85.31,74,15%,,,,,,,,,,,,5%,,,,,,,,,25.44,83,4%,,,,,,,,,,,,,48,,22.25,,3.44,79,2%,0.43,77,14%,74,,,,,,,,,,,,,,,,,,,,,,,,,,,,,,,,,,,,,,,
REMC 9121,08/15,REM EMPOLGADHO,G,REMC 5326,-1.28,55,4%,86.05,72,13%,,,,,,,,,,,,6%,,,,,,,,,11.05,79,32%,,,,,,,,,,,,,31,,21.48,,3.44,78,2%,0.53,76,10%,72,,,,,,,,,,,,,,,,,,,,,,,,,,,,,,,,,,,,,,,
JHVM 16277,08/17,GALATICO FIV CAMPARIN,G,REMC 5326,-0.62,56,37%,78.97,72,39%,,,,,,,,,,,,14%,,,,,,,,,13.31,81,24%,,,,,,,,,,,,,103,,16.66,,3.43,80,2%,0.40,79,16%,73,,,,,,,,,,,,,,,,,,,,,,,,,,,,,,,,,,,,,,,
HORA 2926,08/17,GATILHO DA HORA,G,REMC 5326,-1.09,57,10%,76.31,73,49%,,,,,,,,,,,,5%,,,,,,,,,19.46,85,10%,,,,,,,,,,,,,138,,21.97,,3.36,82,2%,0.50,80,11%,76,,,,,,,,,,,,,,,,,,,,,,,,,,,,,,,,,,,,,,,
REMC 8332,09/14,REM DULLDOG,G,REMC 5326,-0.91,81,18%,75.53,87,52%,,,,,,,,,,,,3%,,,,,,,,,26.87,95,3%,,,,,,,,,,,,,1768,,24.41,,3.35,93,2%,0.26,92,24%,86,,,,,,,,,,,,,,,,,,,,,,,,,,,,,,,,,,,,,,,
GRI B5823,08/16,B5823 FIV DA S.NICE,G,REM 6447,-0.89,51,19%,74.97,68,54%,,,,,,,,,,,,11%,,,,,,,,,13.80,77,23%,,,,,,,,,,,,,79,,18.04,,3.31,78,2%,0.11,76,39%,69,,,,,,,,,,,,,,,,,,,,,,,,,,,,,,,,,,,,,,,
REMP 816,10/18,REM HERMOSO FIV GEN A,G,REM A7,-1.41,54,2%,88.41,71,6%,,,,,,,,,,,,1%,,,,,,,,,29.48,88,2%,,,,,,,,,,,,,730,,27.23,,2.23,89,6%,1.92,88,0.1%,78,,,,,,,,,,,,,,,,,,,,,,,,,,,,,,,,,,,,,,,
CSCN 17431,07/18,UTAM DE NAVIRAI,G,BRMG 2299,-1.14,53,8%,89.27,71,5%,,,,,,,,,,,,9%,,,,,,,,,9.67,86,37%,,,,,,,,,,,,,295,,19.15,,0.91,85,17%,1.68,84,0.1%,76,,,,,,,,,,,,,,,,,,,,,,,,,,,,,,,,,,,,,,,
BRMG 2299,08/15,ZAPP BEABISA,G,REMC 5326,-0.91,79,18%,85.63,85,14%,,,,,,,,,,,,4%,,,,,,,,,16.48,94,16%,,,,,,,,,,,,,1400,,22.40,,1.52,92,11%,1.23,91,0.5%,85,,,,,,,,,,,,,,,,,,,,,,,,,,,,,,,,,,,,,,,
REM 5589,09/09,REM UPONIC,G,REM 4237,-1.40,78,2%,89.42,84,5%,,,,,,,,,,,,6%,,,,,,,,,16.17,92,17%,,,,,,,,,,,,,808,,21.35,,2.16,90,6%,1.21,90,0.5%,87,,,,,,,,,,,,,,,,,,,,,,,,,,,,,,,,,,,,,,,
ELGE 3910,08/15,3910 DA ELGE,,LBMN D1484,-0.51,34,46%,65.36,44,80%,,,,,,,,,,,,12%,,,,,,,,,17.08,68,15%,,,,,,,,,,,,,89,,17.67,,0.80,70,18%,1.16,68,1%,49,,,,,,,,,,,,,,,,,,,,,,,,,,,,,,,,,,,,,,,
FBFM 6505,09/15,MAP DO BATUQUE,G,REMC 5326,-1.06,71,11%,84.91,80,16%,,,,,,,,,,,,15%,,,,,,,,,7.95,91,44%,,,,,,,,,,,,,695,,16.57,,0.99,89,16%,1.14,88,1%,81,,,,,,,,,,,,,,,,,,,,,,,,,,,,,,,,,,,,,,,
REM A1936,10/17,REM GARANTIDO,G,REM A7,-1.35,68,3%,90.62,78,3%,,,,,,,,,,,,1%,,,,,,,,,28.44,94,2%,,,,,,,,,,,,,1275,,26.54,,3.12,91,3%,1.10,91,1%,82,,,,,,,,,,,,,,,,,,,,,,,,,,,,,,,,,,,,,,,
FVC 10971,10/15,CIFRAO FVC,G,LBMN D4685,-0.92,59,18%,79.36,72,37%,,,,,,,,,,,,12%,,,,,,,,,14.41,88,21%,,,,,,,,,,,,,194,,17.67,,1.09,83,15%,1.07,82,1%,77,,,,,,,,,,,,,,,,,,,,,,,,,,,,,,,,,,,,,,,
REM 10163,08/18,REM HOT GEN ADT,G,REM A7,-1.38,53,3%,94.71,70,0.1%,,,,,,,,,,,,5%,,,,,,,,,20.74,80,8%,,,,,,,,,,,,,68,,22.21,,2.58,79,4%,1.05,78,2%,72,,,,,,,,,,,,,,,,,,,,,,,,,,,,,,,,,,,,,,,
CSCC 6410,08/18,UTAR DE NAVIRAI,G,BRMG 2299,-1.05,36,12%,88.14,53,7%,,,,,,,,,,,,4%,,,,,,,,,18.03,77,13%,,,,,,,,,,,,,80,,22.59,,2.31,72,6%,1.01,70,2%,61,,,,,,,,,,,,,,,,,,,,,,,,,,,,,,,,,,,,,,,
REMC A1325,08/17,REM GOIAS,G,REM 9274,-1.24,66,5%,87.80,76,8%,,,,,,,,,,,,12%,,,,,,,,,17.16,93,14%,,,,,,,,,,,,,879,,17.84,,1.17,90,14%,1.00,89,2%,82,,,,,,,,,,,,,,,,,,,,,,,,,,,,,,,,,,,,,,,
RDM 9978,07/17,CACIQUE MAT.,G,REMC 5326,-1.11,71,9%,78.87,83,39%,,,,,,,,,,,,2%,,,,,,,,,23.18,88,5%,,,,,,,,,,,,,114,,25.26,,3.02,87,3%,0.99,86,2%,83,,,,,,,,,,,,,,,,,,,,,,,,,,,,,,,,,,,,,,,
CSCN 15658,08/16,NAVIRAI FIV SURREAL,G,REMC 5326,-1.27,60,5%,79.39,74,37%,,,,,,,,,,,,10%,,,,,,,,,16.30,86,16%,,,,,,,,,,,,,164,,18.68,,2.59,82,4%,0.97,81,2%,76,,,,,,,,,,,,,,,,,,,,,,,,,,,,,,,,,,,,,,,
EPCF 2954,09/18,2954 FIV DA TERRA BRA,G,REMC 9094,-1.74,53,0.5%,94.84,70,0.1%,,,,,,,,,,,,2%,,,,,,,,,16.82,77,15%,,,,,,,,,,,,,65,,24.66,,2.29,79,6%,0.97,77,2%,70,,,,,,,,,,,,,,,,,,,,,,,,,,,,,,,,,,,,,,,
AZAN 2193,09/17,RAM DA BELA,G,BONS 2612,-0.82,55,24%,78.42,71,41%,,,,,,,,,,,,1%,,,,,,,,,29.96,85,2%,,,,,,,,,,,,,159,,26.90,,3.95,82,1%,0.96,81,2%,75,,,,,,,,,,,,,,,,,,,,,,,,,,,,,,,,,,,,,,,
REM A2103,10/17,REM GUAPORE,G,REM 7259,-1.38,62,3%,89.58,76,4%,,,,,,,,,,,,6%,,,,,,,,,22.32,85,6%,,,,,,,,,,,,,208,,21.15,,0.32,85,26%,0.95,83,2%,77,,,,,,,,,,,,,,,,,,,,,,,,,,,,,,,,,,,,,,,
REM A1576,08/17,REM GALO GENETICA ADI,G,REM A7,-1.24,63,5%,85.38,74,15%,,,,,,,,,,,,1%,,,,,,,,,30.98,91,1%,,,,,,,,,,,,,666,,27.11,,4.05,89,1%,0.93,88,2%,79,,,,,,,,,,,,,,,,,,,,,,,,,,,,,,,,,,,,,,,
LCN 2887,08/18,ZAMBE ENGENHO 2,,REM 9274,-1.23,13,6%,85.74,15,13%,,,,,,,,,,,,2%,,,,,,,,,29.31,50,2%,,,,,,,,,,,,,36,,25.84,,3.30,55,2%,0.92,52,2%,32,,,,,,,,,,,,,,,,,,,,,,,,,,,,,,,,,,,,,,,
LBMN D4685,09/09,D4685 DA MN (CAMPEÃO),G,LBMN D1484,-1.09,91,10%,81.25,92,30%,,,,,,,,,,,,11%,,,,,,,,,12.15,97,28%,,,,,,,,,,,,,3362,,17.96,,0.02,95,34%,0.90,95,3%,94,,,,,,,,,,,,,,,,,,,,,,,,,,,,,,,,,,,,,,,
JHVM16405,09/17,GUERREIRO CAMPARINO,G,JHVM 12659,-0.43,58,52%,67.40,73,75%,,,,,,,,,,,,8%,,,,,,,,,26.09,78,3%,,,,,,,,,,,,,147,,19.67,,1.99,82,7%,0.90,80,3%,72,,,,,,,,,,,,,,,,,,,,,,,,,,,,,,,,,,,,,,,
REM A2288,11/17,REM GOLEADOR GEN ADIT,G,IZSN A3043,-1.12,52,9%,81.92,69,27%,,,,,,,,,,,,6%,,,,,,,,,14.02,76,22%,,,,,,,,,,,,,25,,20.97,,4.23,76,1%,0.90,74,3%,69,,,,,,,,,,,,,,,,,,,,,,,,,,,,,,,,,,,,,,,
REM A1246,11/16,REM FIGURAO,G,REM 8933,-1.13,55,8%,83.14,71,22%,,,,,,,,,,,,3%,,,,,,,,,23.75,80,5%,,,,,,,,,,,,,79,,23.61,,0.71,80,20%,0.88,78,3%,71,,,,,,,,,,,,,,,,,,,,,,,,,,,,,,,,,,,,,,,
SINO 1871,05/19,EXTRA SINO,G,REM 8933,-0.90,53,19%,76.73,70,47%,,,,,,,,,,,,0.5%,,,,,,,,,33.51,77,0.5%,,,,,,,,,,,,,26,,29.96,,4.05,77,1%,0.87,75,3%,70,,,,,,,,,,,,,,,,,,,,,,,,,,,,,,,,,,,,,,,
MMVA2724,09/18,ZURIQUE FIV DA JACAMI,G,REM 9449,-1.33,24,3%,82.84,33,24%,,,,,,,,,,,,5%,,,,,,,,,24.93,63,4%,,,,,,,,,,,,,76,,21.93,,1.23,69,13%,0.86,67,3%,46,,,,,,,,,,,,,,,,,,,,,,,,,,,,,,,,,,,,,,,
REM A7,08/15,REM ESPIAO007,G,REMC 5809,-1.11,82,9%,90.23,86,3%,,,,,,,,,,,,2%,,,,,,,,,26.13,95,3%,,,,,,,,,,,,,2720,,24.97,,1.73,94,9%,0.85,94,3%,86,,,,,,,,,,,,,,,,,,,,,,,,,,,,,,,,,,,,,,,
REM 8933,10/13,REM CALDONEGRO,G,REM 5589,-1.05,85,12%,78.19,90,42%,,,,,,,,,,,,2%,,,,,,,,,31.97,95,1%,,,,,,,,,,,,,1486,,25.01,,0.34,92,26%,0.84,92,3%,87,,,,,,,,,,,,,,,,,,,,,,,,,,,,,,,,,,,,,,,
FVC 12296,06/17,TORNADO FVC,G,FVC 9681,-1.01,61,13%,80.72,73,32%,,,,,,,,,,,,9%,,,,,,,,,16.35,92,16%,,,,,,,,,,,,,380,,18.96,,1.48,86,11%,0.84,85,3%,79,,,,,,,,,,,,,,,,,,,,,,,,,,,,,,,,,,,,,,,
RDM A1575,09/18,DODGE MAT.,G,RDM 5049,-0.94,54,17%,84.21,71,19%,,,,,,,,,,,,2%,,,,,,,,,29.68,87,2%,,,,,,,,,,,,,387,,25.06,,1.25,86,13%,0.83,85,3%,76,,,,,,,,,,,,,,,,,,,,,,,,,,,,,,,,,,,,,,,
FVC 13452,09/18,OURO NEGRO FVC,G,REM 8933,-1.09,53,10%,84.57,70,17%,,,,,,,,,,,,0.5%,,,,,,,,,34.16,78,0.5%,,,,,,,,,,,,,64,,27.97,,2.21,79,6%,0.83,77,3%,71,,,,,,,,,,,,,,,,,,,,,,,,,,,,,,,,,,,,,,,
REM 7121,10/11,REM ALLON,G,REM 3787,-1.10,72,10%,90.61,79,3%,,,,,,,,,,,,8%,,,,,,,,,8.35,90,43%,,,,,,,,,,,,,456,,19.83,,2.32,88,5%,0.82,87,4%,83,,,,,,,,,,,,,,,,,,,,,,,,,,,,,,,,,,,,,,,
EAO A6528,07/17,ALQUIMISTA DA EAO,G,REMC 5326,-1.05,56,12%,78.59,71,40%,,,,,,,,,,,,10%,,,,,,,,,12.32,89,28%,,,,,,,,,,,,,378,,18.80,,2.50,86,5%,0.82,85,4%,77,,,,,,,,,,,,,,,,,,,,,,,,,,,,,,,,,,,,,,,
CSCQ 106,10/18,UJALA FIV DE NAVIRAI,G,CSCN 14945,-1.00,53,14%,76.95,70,46%,,,,,,,,,,,,2%,,,,,,,,,25.95,79,3%,,,,,,,,,,,,,27,,24.82,,5.29,77,0.5%,0.82,75,4%,71,,,,,,,,,,,,,,,,,,,,,,,,,,,,,,,,,,,,,,,
CSCR 1135,09/17,TAJ FIV DE NAVIRAI,G,CSCN 14076,-0.75,57,28%,76.23,73,49%,,,,,,,,,,,,2%,,,,,,,,,33.38,83,0.5%,,,,,,,,,,,,,79,,24.61,,1.23,80,13%,0.80,78,4%,74,,,,,,,,,,,,,,,,,,,,,,,,,,,,,,,,,,,,,,,
KAPO 2715,10/18,OLIMPHO KA,G,KAPM 5872,-1.32,52,4%,86.55,70,11%,,,,,,,,,,,,5%,,,,,,,,,24.85,82,4%,,,,,,,,,,,,,41,,21.69,,0.06,78,32%,0.80,76,4%,73,,,,,,,,,,,,,,,,,,,,,,,,,,,,,,,,,,,,,,,
FVC 12839,11/17,CATAR FVC,G,FVCP 84,-1.51,56,1%,86.60,73,11%,,,,,,,,,,,,6%,,,,,,,,,25.70,79,3%,,,,,,,,,,,,,32,,21.30,,3.02,79,3%,0.78,77,4%,73,,,,,,,,,,,,,,,,,,,,,,,,,,,,,,,,,,,,,,,
CSCN 16427,07/17,TARU DE NAVIRAI,G,CSCC 5200,-1.77,56,0.5%,92.33,72,1%,,,,,,,,,,,,14%,,,,,,,,,5.23,84,56%,,,,,,,,,,,,,42,,16.65,,0.24,78,28%,0.78,76,4%,73,,,,,,,,,,,,,,,,,,,,,,,,,,,,,,,,,,,,,,,
CVCV 21268,08/17,DJANGO DE CV,G,CVCV 15258,-1.09,59,10%,87.57,74,8%,,,,,,,,,,,,11%,,,,,,,,,12.49,88,27%,,,,,,,,,,,,,103,,18.17,,3.10,80,3%,0.77,79,4%,77,,,,,,,,,,,,,,,,,,,,,,,,,,,,,,,,,,,,,,,
JATA 1037,09/14,JATA MAGNUM,G,COL A6879,-1.25,55,5%,81.94,70,27%,,,,,,,,,,,,5%,,,,,,,,,24.81,84,4%,,,,,,,,,,,,,77,,22.21,,2.57,80,4%,0.77,78,4%,74,,,,,,,,,,,,,,,,,,,,,,,,,,,,,,,,,,,,,,,
CSAF 1061,11/17,1061 DA SAF,G,LBMN D1484,-0.86,54,21%,74.39,71,56%,,,,,,,,,,,,11%,,,,,,,,,17.90,79,13%,,,,,,,,,,,,,53,,18.07,,0.43,79,24%,0.76,77,4%,72,,,,,,,,,,,,,,,,,,,,,,,,,,,,,,,,,,,,,,,
REM A192,09/15,REM ESTEIO,G,REM 7259,-1.28,57,4%,86.41,73,11%,,,,,,,,,,,,6%,ACABAMENTO DE CARCAÇA,,,,,,,,19.26,82,11%,,,,,,,,,,,,,144,,20.95,,2.00,82,7%,0.75,81,5%,74,,,,,,,,,,,,,,,,,,,,,,,,,,,,,,,,,,,,,,,
CSAF 1061,11/17,1061 DA SAF,G,LBMN D1484 -0.86,54,21% 74.39,71,56% 17.90,79,13%,,,,,,,,,,,,,,,,,,,,,0.43,79,24%,,,,,,,,,,,,,72,,,,0.76,77,4%,0.41,80,0.1%,,52,2,18.07,,,,,,,,,,,,,,,,,,,,,,,,,,,,,,,,,,,,
CSCF 4554,12/17,URCO FIV DE NAV.,G,REMC 5326 -1.08,54,10% 85.67,71,14% 21.75,92,7%,,,,,,,,,,,,,,,,,,,,,0.66,90,20%,,,,,,,,,,,,,79,,,,0.07,89,44%,0.31,84,1%,,225,9,19.78,,,,,,,,,,,,,,,,,,,,,,,,,,,,,,,,,,,,
GRI B5919,09/16,B5919 FIV DA S.NICE,G,REMC 5326 -0.46,31,50% 79.76,46,35% 20.40,56,9%,,,,,,,,,,,,,,,,,,,,,2.99,59,3%,,,,,,,,,,,,,48,,,,0.78,56,4%,0.30,60,1%,,10,1,21.02,,,,,,,,,,,,,,,,,,,,,,,,,,,,,,,,,,,,
HORA 3631,10/18,HULK TE DA HORA,G,REM 8747 -0.95,53,16% 83.79,70,20% 26.48,79,3%,,,,,,,,,,,,,,,,,,,,,3.84,77,1%,,,,,,,,,,,,,71,,,,0.96,75,2%,0.29,78,1%,,13,1,25.67,,,,,,,,,,,,,,,,,,,,,,,,,,,,,,,,,,,,
CEN 9434,08/14,CEN 9434 FISCAL TE,G,REM 5589 -1.12,56,9%,86.36,71,12% 12.41,86,,,,,,,,,,,,,,,,,,,,,27%,1.67,80,,,,,,,,,,,,,16.26,,15%,,9%,0.59,78,8%,0.28,80,,1%,51,3,,,,,,,,,,,,,,,,,,,,,,,,,,,,,,,,,,,,
CSCN 14735,08/15,NAVIRAI ROE FIV,G,REMC 5326 -1.22,62,6%,82.25,76,26% 13.30,85,,,,,,,,,,,,,,,,,,,,,24%,2.36,80,,,,,,,,,,,,,18.97,,9%,,5%,0.16,78,33%,0.27,81,,2%,70,2,,,,,,,,,,,,,,,,,,,,,,,,,,,,,,,,,,,,
ELGE 3910,08/15,3910 DA ELGE,,LBMN D1484 -0.51,34,46% 65.36,44,80% 17.08,68,15%,,,,,,,,,,,,,,,,,,,,,0.80,70,18%,,,,,,,,,,,,,49,,,,1.16,68,1%,0.27,68,2%,,69,3,17.67,,,,,,,,,,,,,,,,,,,,,,,,,,,,,,,,,,,,
REM A1269,11/16,REM FRAGMENTO,G,REM 6447 -0.89,39,19% 73.40,55,59% 22.87,75,6%,,,,,,,,,,,,,,,,,,,,,5.30,68,0.5%,,,,,,,,,,,,,61,,,,0.01,66,55%,0.27,67,2%,,22,1,20.94,,,,,,,,,,,,,,,,,,,,,,,,,,,,,,,,,,,,
FSH A9922,11/15,KALYAN DP,G,REM 6447 -0.80,54,25% 89.71,71,4%,27.81,83,,,,,,,,,,,,,,,,,,,,,2%,2.76,79,,,,,,,,,,,,,23.41,,3%,,4%,0.39,77,16%,0.26,79,,2%,28,1,,,,,,,,,,,,,,,,,,,,,,,,,,,,,,,,,,,,
GCL 4521,09/16,ECHELON FIV VARRELA,G,REMC 5326 -0.71,50,31% 75.84,67,50% 30.11,77,2%,,,,,,,,,,,,,,,,,,,,,2.67,76,4%,,,,,,,,,,,,,68,,,,0.39,74,16%,0.25,77,2%,,49,2,18.36,,,,,,,,,,,,,,,,,,,,,,,,,,,,,,,,,,,,
CSCN 13782,12/13,NAVIRAI FIV 13782-13,,CSCF 1384 -1.16,53,8%,86.09,62,12% 19.83,83,,,,,,,,,,,,,,,,,,,,,10%,0.14,79,,,,,,,,,,,,,19.40,,9%,,30%,0.23,78,26%,0.25,72,,2%,102,5,,,,,,,,,,,,,,,,,,,,,,,,,,,,,,,,,,,,
LCN 2887,08/18,ZAMBE ENGENHO 2,,REM 9274 -1.23,13,6%,85.74,15,13% 29.31,50,,,,,,,,,,,,,,,,,,,,,2%,3.30,55,,,,,,,,,,,,,25.84,,2%,,2%,0.92,52,2%,0.24,37,,2%,11,4,,,,,,,,,,,,,,,,,,,,,,,,,,,,,,,,,,,,
REM 5589,09/09,REM UPONIC,G,REM 4237 -1.40,78,2%,89.42,84,5%,16.17,,,,,,,,,,,,,,,,,,,,,92,17%,2.16,,,,,,,,,,,,,12,,87,,90,6%,1.21,90,0.5%,0.22,,85,3%,181,6%,,,,,,,,,,,,,,,,,,,,,,,,,,,,,,,,,,,
GRI B5372,11/15,B5372 FIV DA S.NICE,G,REM 6447 -0.51,31,46% 71.79,42,64% 20.83,56,8%,,,,,,,,,,,,,,,,,,,,,4.06,61,1%,,,,,,,,,,,,,46,,,,0.16,59,33%,0.21,62,4%,,27,1,22.22,,,,,,,,,,,,,,,,,,,,,,,,,,,,,,,,,,,,
RDM 9046,08/16,BANDOLEIRO MAT.,,RDM 7142 -0.53,20,44% 80.84,23,31% 31.20,68,1%,,,,,,,,,,,,,,,,,,,,,2.41,56,5%,,,,,,,,,,,,,41,,,,0.17,53,32%,0.21,50,4%,,20,2,24.59,,,,,,,,,,,,,,,,,,,,,,,,,,,,,,,,,,,,
REMC 8332,09/14,REM DULLDOG,G,REMC 5326 -0.91,81,18% 75.53,87,52% 26.87,95,3%,,,,,,,,,,,,,,,,,,,,,3.35,93,2%,,,,,,,,,,,,,86,,,,0.26,92,24%,0.20,88,4%,,469,37,24.41,,,,,,,,,,,,,,,,,,,,,,,,,,,,,,,,,,,,
IFC 16651,08/19,PROFESSOR DO IF,G,RGM 4014 -0.76,53,27% 78.51,70,40% 23.07,77,6%,,,,,,,,,,,,,,,,,,,,,3.69,78,2%,,,,,,,,,,,,,70,,,,1.02,76,2%,0.20,79,4%,,29,1,24.45,,,,,,,,,,,,,,,,,,,,,,,,,,,,,,,,,,,,
REMC 6927,08/13,REM COMPUTADOR,G,REM 4677 -0.21,32,70% 68.55,48,73% 22.15,64,7%,,,,,,,,,,,,,,,,,,,,,0.11,62,31%,,,,,,,,,,,,,52,,,,1.09,59,1%,0.20,61,4%,,12,2,15.82,,,,,,,,,,,,,,,,,,,,,,,,,,,,,,,,,,,,
ACNP 3146,07/17,BELO J MACHADO,G,REMC 5326 -1.19,74,7%,83.24,81,22% 29.19,95,,,,,,,,,,,,,,,,,,,,,2%,2.68,94,,,,,,,,,,,,,26.33,,2%,,4%,0.40,94,16%,0.19,92,,5%,1213,36,,,,,,,,,,,,,,,,,,,,,,,,,,,,,,,,,,,,
EAO A6528,07/17,ALQUIMISTA DA EAO,G,REMC 5326 -1.05,56,12% 78.59,71,40% 12.32,89,28%,,,,,,,,,,,,,,,,,,,,,2.50,86,5%,,,,,,,,,,,,,77,,,,0.82,85,4%,0.19,85,5%,,236,6,18.80,,,,,,,,,,,,,,,,,,,,,,,,,,,,,,,,,,,,
RDM 5102,08/11,RUBAIAH MAT.,G,L4810 -1.48,67,2%,92.84,77,1%,15.77,,,,,,,,,,,,,,,,,,,,,87,18%,1.43,,,,,,,,,,,,,4,,78,,81,11%,0.19,79,30%,0.19,,80,5%,40,6%,,,,,,,,,,,,,,,,,,,,,,,,,,,,,,,,,,,
GRI B8437,10/18,B8437 FIV DA S.NICE,G,REM A7 -1.47,54,2%,86.13,71,12% 30.70,76,,,,,,,,,,,,,,,,,,,,,1%,2.06,77,,,,,,,,,,,,,28.14,,0.5%,,7%,1.14,75,1%,0.19,78,,5%,14,1,,,,,,,,,,,,,,,,,,,,,,,,,,,,,,,,,,,,
REM 6447,10/10,REM VOKOLO,G,REM 4237 -0.69,87,32% 75.87,90,50% 21.12,96,8%,,,,,,,,,,,,,,,,,,,,,4.39,95,0.5%,,,,,,,,,,,,,91,,,,0.03,94,51%,0.18,91,6%,,961,70,21.48,,,,,,,,,,,,,,,,,,,,,,,,,,,,,,,,,,,,
REM A1811,09/17,REM GLADIADOR GEN ADT,G,REMC 8332 -1.05,69,12% 88.29,79,7%,27.87,93,,,,,,,,,,,,,,,,,,,,,2%,3.23,92,,,,,,,,,,,,,26.28,,2%,,2%,0.34,91,19%,0.18,87,,6%,409,30,,,,,,,,,,,,,,,,,,,,,,,,,,,,,,,,,,,,
REM A1117,10/16,REM FOX,G,REM 8747 -0.62,35,37% 77.14,48,46% 29.66,64,2%,,,,,,,,,,,,,,,,,,,,,2.42,64,5%,,,,,,,,,,,,,52,,,,0.30,61,21%,0.18,63,6%,,21,4,24.60,,,,,,,,,,,,,,,,,,,,,,,,,,,,,,,,,,,,
AWA 2453,11/16,2453 DA PACAEMBU,G,REMC 5326 -1.16,26,8%,80.51,35,33% 27.95,44,,,,,,,,,,,,,,,,,,,,,2%,1.16,52,,,,,,,,,,,,,24.46,,3%,,14%,0.53,49,10%,0.18,52,,6%,13,1,,,,,,,,,,,,,,,,,,,,,,,,,,,,,,,,,,,,
EPCF 1070,10/14,1070 DA TERRA BRAVA,G,TECO 105 -1.09,71,10% 88.91,79,5%,13.86,91,,,,,,,,,,,,,,,,,,,,,23%,2.76,88,,,,,,,,,,,,,17.46,,12%,,4%,0.01,87,55%,0.17,82,,7%,103,14,,,,,,,,,,,,,,,,,,,,,,,,,,,,,,,,,,,,
AZAN 2193,09/17,RAM DA BELA,G,BONS 2612 -0.82,55,24% 78.42,71,41% 29.96,85,2%,,,,,,,,,,,,,,,,,,,,,3.95,82,1%,,,,,,,,,,,,,75,,,,0.96,81,2%,0.17,81,7%,,88,7,26.90,,,,,,,,,,,,,,,,,,,,,,,,,,,,,,,,,,,,
REMC 9356,09/15,REM ESTOCOLMO,G,REMC 3462 -0.71,36,31% 81.73,52,28% 34.00,65,0.5%,,,,,,,,,,,,,,,,,,,,,4.61,65,0.5%,,,,,,,,,,,,,55,,,,0.30,62,21%,0.17,65,7%,,23,2,26.76,,,,,,,,,,,,,,,,,,,,,,,,,,,,,,,,,,,,
REM 7743,09/12,REM BLOCK,G,REM 4677 -0.61,73,38% 68.51,79,73% 17.50,91,14%,,,,,,,,,,,,,,,,,,,,,0.04,88,33%,,,,,,,,,,,,,83,,,,0.10,86,40%,0.16,81,8%,,85,12,14.81,,,,,,,,,,,,,,,,,,,,,,,,,,,,,,,,,,,,
EPCF 2954,09/18,2954 FIV DA TERRA BRA,G,REMC 9094 -1.74,53,0.5% 94.84,70,0.1% 16.82,77,15%,,,,,,,,,,,,,,,,,,,,,2.29,79,6%,,,,,,,,,,,,,70,,,,0.97,77,2%,0.16,80,8%,,59,2,24.66,,,,,,,,,,,,,,,,,,,,,,,,,,,,,,,,,,,,
REMP 816,10/18,REM HERMOSO FIV GEN A,G,REM A7 -1.41,54,2%,88.41,71,6%,29.48,,,,,,,,,,,,,,,,,,,,,88,2%,2.23,,,,,,,,,,,,,21,,78,,89,6%,1.92,88,0.1%,0.15,,86,9%,335,1%,,,,,,,,,,,,,,,,,,,,,,,,,,,,,,,,,,,
HORA 2920,07/17,GOLD DA HORA,G,REMC 5326 -1.03,54,12% 84.43,71,18% 30.07,82,2%,,,,,,,,,,,,,,,,,,,,,3.57,80,2%,,,,,,,,,,,,,73,,,,0.49,78,12%,0.15,79,9%,,41,3,27.33,,,,,,,,,,,,,,,,,,,,,,,,,,,,,,,,,,,,
GRI B8798,11/18,B8798 DA S.NICE,G,REM A7 -1.54,54,1%,91.80,71,2%,33.35,,,,,,,,,,,,,,,,,,,,,77,0.5%,2.80,,,,,,,,,,,,,1,,70,,78,4%,0.57,76,9%,0.15,,79,9%,33,0.5%,,,,,,,,,,,,,,,,,,,,,,,,,,,,,,,,,,,
FVC 12296,06/17,TORNADO FVC,G,FVC 9681 -1.01,61,13% 80.72,73,32% 16.35,92,16%,,,,,,,,,,,,,,,,,,,,,1.48,86,11%,,,,,,,,,,,,,79,,,,0.84,85,3%,0.14,85,10%,,232,10,18.96,,,,,,,,,,,,,,,,,,,,,,,,,,,,,,,,,,,,
FVC 9681,08/14,MUTRECO FVC,G,MNS 3981 -0.85,71,22% 81.09,85,30% 27.85,92,2%,,,,,,,,,,,,,,,,,,,,,2.42,82,5%,,,,,,,,,,,,,81,,,,0.20,81,29%,0.14,80,10%,,53,7,23.71,,,,,,,,,,,,,,,,,,,,,,,,,,,,,,,,,,,,
FVC 12839,11/17,CATAR FVC,G,FVCP 84 -1.51,56,1%,86.60,73,11% 25.70,79,,,,,,,,,,,,,,,,,,,,,3%,3.02,79,,,,,,,,,,,,,21.30,,6%,,3%,0.78,77,4%,0.14,80,,10%,25,1,,,,,,,,,,,,,,,,,,,,,,,,,,,,,,,,,,,,
ORON 1122,09/19,ALMIRANTE VALE OURO,G,LBMN D1288 -1.26,53,5%,85.62,70,14% 26.13,76,,,,,,,,,,,,,,,,,,,,,3%,3.78,76,,,,,,,,,,,,,26.94,,1%,,2%,0.63,74,7%,0.14,78,,10%,11,1,,,,,,,,,,,,,,,,,,,,,,,,,,,,,,,,,,,,
REM A517,11/15,REM ESMALTADO,G,REM 5531 -0.98,57,15% 80.39,71,33% 11.58,84,30%,,,,,,,,,,,,,,,,,,,,,0.48,80,23%,,,,,,,,,,,,,74,,,,0.46,78,13%,0.14,78,10%,,10,2,16.36,,,,,,,,,,,,,,,,,,,,,,,,,,,,,,,,,,,,
FSIM 1062,02/13,FSIM DIGNO,G,LBMN C8288 -1.11,38,9%,91.00,53,2%,23.79,,,,,,,,,,,,MARMOREIO,,,,,,,,,67,5%,1.19,,,,,,,,,,,,,2,,55,,65,14%,0.20,62,29%,0.14,,66,10%,33,4%,,,,,,,,,,,,,,,,,,,,,,,,,,,,,,,,,,,
KAPM 4747,09/14,KOSAK KA,G,COL A6879 -0.48,70,48% 80.74,82,32% 24.36,86,4%,,,,,,,,,,,,,,,,,,,,,74.04,87,4%,,,,,,,,,,,,,3%,,,,,,,,,,,,,,,74.94,89,0.5% 74.98,88,0.5%,14,2,23.55,81,,,,,,,,,,,,,,,,,,,,,,,,,,
FSH B722,11/17,METEORO DP,G,MGL 1714 -1.19,36,7%,87.54,55,8%,28.23,,,,,,,,,,,,,,,,,,,,,73,2%,74.96,,,,,,,,,,,,,26.31,,2%,,,,,,,,,,,,,71,0.5% 74.82,71,2%,74.97,71,0.5%,8,1,,,,,,,,,,,,,,,,,,,,,,,,,,
MGLP 592,10/16,BAETI 38 FIV DA BACUR,G,REMC 5326 -1.70,47,0.5% 92.25,65,1%,31.55,76,,,,,,,,,,,,,,,,,,,,,1%,74.56,77,,,,,,,,,,,,,27.80,,1%,,,,,,,,,,,,,2%,74.90,79,1%,74.94,78,1%,23,1,,,,,,,,,,,,,,,,,,,,,,,,,,
GREN B515,08/18,DIMITRI DA GREN.,G,COL 21517 -1.30,41,4%,87.88,59,8%,27.57,,,,,,,,,,,,,,,,,,,,,71,2%,74.52,,,,,,,,,,,,,1,,60,,,,,,,,,,,,,73,3%,74.54,76,3%,74.93,76,1%,32,0.5%,,,,,,,,,,,,,,,,,,,,,,,,,
REM A1811,09/17,REM GLADIADOR GEN ADT,G,REMC 8332 -1.05,69,12% 88.29,79,7%,27.87,93,,,,,,,,,,,,,,,,,,,,,2%,73.78,88,,,,,,,,,,,,,83,,,,,,,,,,,,,,,5%,74.94,88,0.5% 74.90,88,1%,296,7,26.28,,,,,,,,,,,,,,,,,,,,,,,,,,
AIA B5341,10/16,RIVALDO DA JANDAIA,G,REM 5531 -1.05,39,12% 84.92,56,16% 22.51,68,6%,,,,,,,,,,,,,,,,,,,,,64.35,73,23% 74.67,,,,,,,,,,,,,5%,,,,,,,,,,,,,,,76,2%,74.89,75,1%,38,1,22.24,58,,,,,,,,,,,,,,,,,,,,,,,,,,
BINO 7342,11/16,XMUW DO BINO,G,RDM 4153 -1.04,41,12% 86.93,58,10% 30.85,71,1%,,,,,,,,,,,,,,,,,,,,,74.97,72,0.5% 74.52,,,,,,,,,,,,,2%,,,,,,,,,,,,,,,74,3%,74.89,74,1%,13,1,25.12,61,,,,,,,,,,,,,,,,,,,,,,,,,,
AIA B6332,10/17,ATOMO DA JANDAIA,G,RDM 4153 -0.38,38,56% 79.34,56,37% 30.05,66,2%,,,,,,,,,,,,,,,,,,,,,74.43,69,3%,,,,,,,,,,,,,56,,,,,,,,,,,,,,,74.42,73,3%,74.89,72,1%,14,1,24.09,,,,,,,,,,,,,,,,,,,,,,,,,,
REM A1936,10/17,REM GARANTIDO,G,REM A7 -1.35,68,3%,90.62,78,3%,28.44,,,,,,,,,,,,,,,,,,,,,94,2%,74.60,,,,,,,,,,,,,2,,82,,,,,,,,,,,,,84,2%,74.90,83,1%,74.84,83,2%,35,1%,,,,,,,,,,,,,,,,,,,,,,,,,
FPO 2683,11/16,TNT,G,MNS 3981 -1.22,72,6%,86.44,82,11% 27.52,93,,,,,,,,,,,,,,,,,,,,,2%,74.35,84,,,,,,,,,,,,,24.92,,2%,,,,,,,,,,,,,3%,74.60,84,3%,74.81,84,2%,70,4,,,,,,,,,,,,,,,,,,,,,,,,,,
FVC 8596,10/12,FARAO FIV FVC,G,REM 5531 -0.60,81,39% 58.81,88,89% 21.25,94,8%,,,,,,,,,,,,,,,,,,,,,69.61,85,13% 74.11,,,,,,,,,,,,,13%,,,,,,,,,,,,,,,84,5%,74.81,84,2%,73,5,17.24,86,,,,,,,,,,,,,,,,,,,,,,,,,,
KAPM 6539,09/16,MADERO KA,G,KAPM 1905 -0.82,57,24% 80.78,71,31% 23.69,83,5%,,,,,,,,,,,,,,,,,,,,,72.33,82,8%,,,,,,,,,,,,,73,,,,,,,,,,,,,,,73.62,84,6%,74.79,84,2%,75,5,21.11,,,,,,,,,,,,,,,,,,,,,,,,,,
KAPM 3304,10/12,IRIDIUM KA,G,THA 2538 -0.29,58,63% 62.64,73,84% 21.35,82,8%,,,,,,,,,,,,,,,,,,,,,72.33,83,8%,,,,,,,,,,,,,74,,,,,,,,,,,,,,,74.70,85,2%,74.78,85,2%,123,5,17.49,,,,,,,,,,,,,,,,,,,,,,,,,,
BOM 2849,08/16,HIDROGENIO DA BOTICAO,G,REM 5531 -1.17,39,7%,80.11,55,34% 25.04,71,,,,,,,,,,,,,,,,,,,,,4%,74.22,74,,,,,,,,,,,,,23.09,,4%,,,,,,,,,,,,,3%,74.44,77,3%,74.78,76,2%,54,1,,,,,,,,,,,,,,,,,,,,,,,,,,
KAPM 5886,10/15,LOGAN KA,G,KAPM 1905 -0.45,58,51% 68.45,73,73% 31.91,83,1%,,,,,,,,,,,,,,,,,,,,,74.96,84,0.5% 70.37,,,,,,,,,,,,,,,,,,,,,,,,,,,,85,13% 74.74,85,2%,152,6,24.01,74,3%,,,,,,,,,,,,,,,,,,,,,,,,,,
AIA B5908,12/16,SALAH DA JANDAIA,G,AIA B2004 -0.66,31,34% 72.96,50,60% 26.35,68,3%,,,,,,,,,,,,,,,,,,,,,74.97,72,0.5% 74.82,,,,,,,,,,,,,4%,,,,,,,,,,,,,,,75,2%,74.69,74,2%,49,1,22.69,52,,,,,,,,,,,,,,,,,,,,,,,,,,
GREN A6298,09/17,CAMPARI DA GREN,G,LBMN D4685 -1.03,44,12% 82.78,62,24% 25.76,84,3%,,,,,,,,,,,,,,,,,,,,,70.49,85,11% 74.60,,,,,,,,,,,,,6%,,,,,,,,,,,,,,,86,3%,74.68,85,2%,244,1,21.02,68,,,,,,,,,,,,,,,,,,,,,,,,,,
RDM 8020,10/14,VERNON MAT.,G,REMC 5326 -0.93,69,17% 85.34,77,15% 18.28,89,12% 71.50,,,,,,,,,,,,,,,,,,,,,83,9%,74.82,,,,,,,,,,,,,7%,,,,,,,,,,,,,,,83,2%,74.68,83,2%,34,5,20.14,79,,,,,,,,,,,,,,,,,,,,,,,,,,
REM A7,08/15,REM ESPIAO007,G,REMC 5809 -1.11,82,9%,90.23,86,3%,26.13,,,,,,,,,,,,,,,,,,,,,95,3%,72.99,,,,,,,,,,,,,4,,86,,,,,,,,,,,,,84,6%,74.33,84,4%,74.65,84,3%,60,2%,,,,,,,,,,,,,,,,,,,,,,,,,
AIA A8692,09/09,TIGRE DA JANDAIA,,CEN 3120 -1.17,57,7%,88.32,61,7%,25.26,,,,,,,,,,,,,,,,,,,,,88,4%,74.75,,,,,,,,,,,,,14,,69,,,,,,,,,,,,,87,2%,73.38,88,7%,74.63,88,3%,483,2%,,,,,,,,,,,,,,,,,,,,,,,,,
RDM 5102,08/11,RUBAIAH MAT.,G,L4810 -1.48,67,2%,92.84,77,1%,15.77,,,,,,,,,,,,,,,,,,,,,87,18% 57.86,86,,,,,,,,,,,,,6%,,,,,,,,,,,,,,,36% 71.43,87,11% 74.61,86,3%,203,17,21.14,78,,,,,,,,,,,,,,,,,,,,,,,,,,
WKF 4,09/18,WKF4 ARABE,G,REMC 5326 -0.90,27,19% 81.91,39,27% 30.27,78,2%,,,,,,,,,,,,,,,,,,,,,74.88,78,1%,,,,,,,,,,,,,55,,,,,,,,,,,,,,,74.66,79,2%,74.61,79,3%,134,3,28.12,,,,,,,,,,,,,,,,,,,,,,,,,,
AIA B7002,09/18,XINGU DA JANDAIA,G,AIA A8692 -1.28,37,4%,83.29,55,22% 20.80,65,,,,,,,,,,,,,,,,,,,,,8%,69.61,68,,,,,,,,,,,,,55,,,,,,,,,,,,,,,13% 74.35,71,4%,74.61,71,3%,11,1,24.26,,,,,,,,,,,,,,,,,,,,,,,,,,
CVCV 19331,08/16,COMODORO DE CV,G,REMC 5326 -0.81,60,24% 81.61,75,28% 24.16,88,5%,,,,,,,,,,,,,,,,,,,,,71.27,83,10% 74.73,,,,,,,,,,,,,3%,,,,,,,,,,,,,,,83,2%,74.59,82,3%,28,1,23.31,77,,,,,,,,,,,,,,,,,,,,,,,,,,
CEN 9434,08/14,CEN 9434 FISCAL TE,G,REM 5589 -1.12,56,9%,86.36,71,12% 12.41,86,,,,,,,,,,,,,,,,,,,,,27% 42.03,83,66% 74.05,,,,,,,,,,,,,15%,,,,,,,,,,,,,,,84,5%,74.56,84,3%,79,2,16.26,75,,,,,,,,,,,,,,,,,,,,,,,,,,
BONS 3108,08/16,QUARUP BONS,G,REM 6447 -1.11,79,9%,85.76,84,13% 17.72,95,,,,,,,,,,,,,,,,,,,,,13% 64.59,85,22% 73.94,,,,,,,,,,,,,5%,,,,,,,,,,,,,,,84,5%,74.56,84,3%,75,8,21.86,85,,,,,,,,,,,,,,,,,,,,,,,,,,
BOG 1723,03/18,MAXIMO DE BOGOTA,,CSCC 5339 -1.38,16,3%,87.07,17,10% 27.16,47,,,,,,,,,,,,,,,,,,,,,3%,72.04,44,,,,,,,,,,,,,22.09,,5%,,,,,,,,,,,,,8%,74.38,43,4%,74.56,43,3%,10,1,,,,,,,,,,,,,,,,,,,,,,,,,,
KAPM 5872,10/15,LEGADO KA,G,RDM 5049 -0.70,58,32% 76.46,73,48% 21.30,81,8%,,,,,,,,,,,,,,,,,,,,,73.13,82,6%,,,,,,,,,,,,,73,,,,,,,,,,,,,,,74.01,84,5%,74.49,84,3%,88,5,19.38,,,,,,,,,,,,,,,,,,,,,,,,,,
REMC A1325,08/17,REM GOIAS,G,REM 9274 -1.24,66,5%,87.80,76,8%,17.16,,,,,,,,,,,,,,,,,,,,,93,14% 58.17,84,,,,,,,,,,,,,82,,,,,,,,,,,,,,,35% 74.17,84,4%,74.45,84,3%,67,1,17.84,,,,,,,,,,,,,,,,,,,,,,,,,,
BINO 7511,12/16,XYBELL DO BINO,G,REM 5531 -1.12,39,9%,87.39,49,9%,19.45,,,,,,,,,,,,,,,,,,,,,82,10% 55.95,83,,,,,,,,,,,,,4%,,,,,,,,,,,,,,,39% 66.19,84,20% 74.33,84,4%,212,1,22.34,64,,,,,,,,,,,,,,,,,,,,,,,,,,
GRENA8787,12/17,SUPREMO DA GREN,G,LBMN D4685 -0.91,36,18% 87.23,52,9%,18.65,76,,,,,,,,,,,,,,,,,,,,,12% 62.54,78,26% 74.89,,,,,,,,,,,,,3%,,,,,,,,,,,,,,,80,1%,74.33,80,4%,112,1,23.62,58,,,,,,,,,,,,,,,,,,,,,,,,,,
REM 7177,11/11,REM ALTOASTRAL,G,REM 4339 -0.85,72,22% 86.64,81,11% 23.73,92,5%,,,,,,,,,,,,,,,,,,,,,73.73,87,5%,,,,,,,,,,,,,84,,,,,,,,,,,,,,,72.45,87,9%,74.31,87,4%,240,10,23.33,,,,,,,,,,,,,,,,,,,,,,,,,,
CSCQ 142,10/18,UNIVERSO FIV DE NAVIR,G,BRMG 2299 -0.89,37,19% 74.95,52,54% 21.47,79,7%,,,,,,,,,,,,,,,,,,,,,73.96,79,4%,,,,,,,,,,,,,60,,,,,,,,,,,,,,,72.80,80,8%,74.31,80,4%,117,1,23.51,,,,,,,,,,,,,,,,,,,,,,,,,,
RDM A1196,08/18,DON QUIXOTE MAT.,G,BRMG 2299 -1.40,53,2%,84.90,71,16% 30.05,91,,,,,,,,,,,,,,,,,,,,,2%,74.97,90,,,,,,,,,,,,,78,,,,,,,,,,,,,,,0.5% 74.35,90,4%,74.23,90,4%,502,3,24.96,,,,,,,,,,,,,,,,,,,,,,,,,,
BOM 2992,09/17,IMPULSO DA BOTICAO,G,REM 5531 -0.86,54,21% 82.07,70,26% 17.80,81,13% 68.05,,,,,,,,,,,,,,,,,,,,,81,16% 74.01,83,,,,,,,,,,,,,,,,,,,,,,,,,,,,5%,74.11,83,5%,48,3,20.80,72,6%,,,,,,,,,,,,,,,,,,,,,,,,,,
JHR 3043,08/13,DESENHO DA JHR,G,MNS 3981 -0.72,43,30% 75.75,59,51% 17.74,73,13% 71.39,,,,,,,,,,,,,,,,,,,,,71,9%,74.01,,,,,,,,,,,,,8%,,,,,,,,,,,,,,,71,5%,74.01,71,5%,25,2,19.96,61,,,,,,,,,,,,,,,,,,,,,,,,,,
RDM 6023,09/12,SHERLOCK  MAT.,G,RDM 4305 -0.53,89,44% 77.34,91,45% 18.54,96,12% 64.35,,,,,,,,,,,,,,,,,,,,,95,23% 74.52,95,,,,,,,,,,,,,,,,,,,,,,,,,,,,3%,73.94,95,5%,2363,40,17.72,92,12%,,,,,,,,,,,,,,,,,,,,,,,,,,
AIA B4637,11/15,LIBANO DA JANDAIA,G,LBMN D1564 -0.92,55,18% 77.99,71,42% 15.33,82,19% 69.29,,,,,,,,,,,,,,,,,,,,,84,13% 72.06,85,,,,,,,,,,,,,,,,,,,,,,,,,,,,10% 73.90,85,5%,123,3,19.48,73,9%,,,,,,,,,,,,,,,,,,,,,,,,,,,
GREN B550,08/18,DETROIT DA GREN.,G,MNS 3981 -0.92,69,18% 77.67,82,44% 20.74,86,8%,,,,,,,,,,,,,,,,,,,,,73.96,87,4%,,,,,,,,,,,,,81,,,,,,,,,,,,,,,72.60,88,9%,73.87,88,5%,17,1,22.22,,,,,,,,,,,,,,,,,,,,,,,,,,
KAPM 6393,07/16,MAXIMO KA,G,REMC 5326 -1.37,55,3%,89.22,71,5%,29.65,,,,,,,,,,,,MUSCULOSIDADE AO SOBREANO,,,,,,,,,80,2%,71.83,,,,,,,,,,,,,4,,72,,,,,,,,,,,,,81,9%,74.57,83,3%,73.87,83,5%,55,1%,,,,,,,,,,,,,,,,,,,,,,,,,
MMVA7066,12/22,7066 FIV DA JACAMIM,G,MMVA 2674,,,,,,,,,,,,,,,,,,,,,,,,,,,22.73,64,6%,,,,,,,,,,,,,,,,,1.48,64,11%,0.62,61,7%,,,,,,,,,,,,,,,,-0.385,54,0.1%,-0.383,60,1%,,,,,,,,,,,,,,,,,,,
MMVA4897,08/21,4897 DA JACAMIM,G,MMVA 2674,,,,,,,,,,,,,,,,,,,,,,,,,,,9.12,65,39%,,,,,,,,,,,,,,,,,2.24,64,6%,0.37,61,17%,,,,,,,,,,,,,,,,-0.375,54,0.1%,-0.494,60,0.5%,,,,,,,,,,,,,,,,,,,
AKC 1155,08/21,AKC1155 FIV R1,G,LBMN D4685,,,,,,,,,,,,,,,,,,,,,,,,,,,16.66,66,16%,,,,,,,,,,,,,,,,,3.27,65,2%,0.56,62,9%,,,,,,,,,,,,,,,,-0.373,56,0.1%,-0.515,62,0.1%,,,,,,,,,,,,,,,,,,,
KAPO 3674,10/19,KAPO3674 KA,G,KAPM 5907,,,,,,,,,,,,,,,,,,,,,,,,,,,22.23,61,6%,,,,,,,,,,,,,,,,,0.78,59,19%,0.19,56,30%,,,,,,,,,,,,,,,,-0.354,47,0.1%,-0.395,54,1%,,,,,,,,,,,,,,,,,,,
RDM A2647,08/19,EXCLUSIVO MAT.,G,MATI 1788,,,,,,,,,,,,,,,,,,,,,,,,,,,13.43,61,24%,,,,,,,,,,,,,,,,,2.13,62,6%,0.31,59,21%,,,,,,,,,,,,,,,,-0.349,53,0.1%,-0.620,59,0.1%,,,,,,,,,,,,,,,,,,,
EAO B1667,08/19,1667 FIV DA EAO,G,LBMN D4685,,,,,,,,,,,,,,,,,,,,,,,,,,,17.47,67,14%,,,,,,,,,,,,,,,,,0.32,68,26%,0.89,65,3%,,,,,,,,,,,,,,,,-0.347,59,0.1%,-0.769,65,0.1%,,,,,,,,,,,,,,,,,,,
FVC 10111,10/14,MARMORE FVC,G,REM 5531,,,,,,,,,,,,,,,,,,,,,,,,,,,22.85,87,6%,,,,,,,,,,,,,,,,,0.12,86,30%,0.16,85,33%,,,,,,,,,,,,,,,,-0.343,81,0.1%,-0.447,84,0.5%,,,,,,,,,,,,,,,,,,,
MMVA5969,08/22,5969 FIV DA JACAMIM,G,MMVA 2674,,,,,,,,,,,,,,,,,,,,,,,,,,,11.14,65,32%,,,,,,,,,,,,,,,,,1.12,65,14%,0.61,62,8%,,,,,,,,,,,,,,,,-0.343,54,0.1%,-0.403,60,1%,,,,,,,,,,,,,,,,,,,
NTI 3175,07/21,3175 TI DA 27,G,REM 5531,,,,,,,,,,,,,,,,,,,,,,,,,,,16.85,84,15%,,,,,,,,,,,,,,,,,0.52,84,22%,0.00,82,57%,,,,,,,,,,,,,,,,-0.342,79,0.1%,-0.641,82,0.1%,,,,,,,,,,,,,,,,,,,
EAO B4262,08/20,B4262 FIV DA EAO,G,LBMN D4685,,,,,,,,,,,,,,,,,,,,,,,,,,,16.77,68,15%,,,,,,,,,,,,,,,,,1.93,68,8%,1.34,66,0.5%,,,,,,,,,,,,,,,,-0.342,59,0.1%,-0.588,64,0.1%,,,,,,,,,,,,,,,,,,,
DVD 5093,11/21,5093 PO CONFIANCA,G,RDM A1335,,,,,,,,,,,,,,,,,,,,,,,,,,,21.11,65,8%,,,,,,,,,,,,,,,,,2.77,65,4%,0.66,62,6%,,,,,,,,,,,,,,,,-0.340,55,0.1%,-0.438,61,0.5%,,,,,,,,,,,,,,,,,,,
REMC A3968,10/20,REM3968J GENETICA ADI,G,REM A2288,,,,,,,,,,,,,,,,,,,,,,,,,,,12.83,85,26%,,,,,,,,,,,,,,,,,3.05,85,3%,0.42,83,15%,,,,,,,,,,,,,,,,-0.337,80,0.1%,-0.317,83,3%,,,,,,,,,,,,,,,,,,,
ACF 3522,11/14,ADAMO FIV KUBERA,G,LBMN D4685,,,,,,,,,,,,,,,,,,,,,,,,,,,18.73,85,11%,,,,,,,,,,,,,,,,,1.18,80,14%,0.50,78,11%,,,,,,,,,,,,,,,,-0.337,67,0.1%,-0.354,72,2%,,,,,,,,,,,,,,,,,,,
MFBN 8549,09/21,TANRY FIV G.SALES,G,-0.336,,,,,,,,,,,,,,,,,,,,,,,,,,,81,22%,1.66,,,,,,,,,,,,,,,,,81,9%,0.50,79,11%,,,,,,,,,,,,,,,,,75,0.1%,-0.672,79,0.1%,14.09,,,,,,,,,,,,,,,,,,,
MOX 813,09/21,813 FIV DE MOXOS,G,LBMN D4685,,,,,,,,,,,,,,,,,,,,,,,,,,,14.49,70,21%,,,,,,,,,,,,,,,,,0.84,69,18%,0.64,67,7%,,,,,,,,,,,,,,,,-0.336,61,0.1%,-0.337,66,2%,,,,,,,,,,,,,,,,,,,
KPAM 2308,11/21,KPAM2308 KA,G,COL 23568,,,,,,,,,,,,,,,,,,,,,,,,,,,8.38,61,42%,,,,,,,,,,,,,,,,,0.90,60,17%,0.04,57,49%,,,,,,,,,,,,,,,,-0.336,47,0.1%,-0.525,54,0.1%,,,,,,,,,,,,,,,,,,,
EAO B1827,08/19,1827 FIV DA EAO,G,LBMN D4685,,,,,,,,,,,,,,,,,,,,,,,,,,,17.30,71,14%,,,,,,,,,,,,,,,,,0.27,71,27%,0.26,68,24%,,,,,,,,,,,,,,,,-0.334,62,0.1%,-0.217,68,9%,,,,,,,,,,,,,,,,,,,
JRBT B4547,12/14,ABAETE JR TAR,G,LBMN D4685,,,,,,,,,,,,,,,,,,,,,,,,,,,18.34,85,12%,,,,,,,,,,,,,,,,,3.70,85,2%,0.53,83,10%,,,,,,,,,,,,,,,,-0.330,80,0.1%,-0.378,83,1%,,,,,,,,,,,,,,,,,,,
REMC A3317,11/19,REMCA3317I,G,REMC A657,,,,,,,,,,,,,,,,,,,,,,,,,,,34.37,67,0.5%,,,,,,,,,,,,,,,,,2.95,67,3%,0.21,64,28%,,,,,,,,,,,,,,,,-0.325,57,0.1%,-0.126,63,25%,,,,,,,,,,,,,,,,,,,
BRMG 3841,10/19,BHANU DA BEABISA,G,REMC 9375,,,,,,,,,,,,,,,,,,,,,,,,,,,24.97,67,4%,,,,,,,,,,,,,,,,,3.33,67,2%,0.08,64,43%,,,,,,,,,,,,,,,,-0.325,56,0.1%,-0.331,62,2%,,,,,,,,,,,,,,,,,,,
MCPJ 6026,04/21,6026S FIV JMP,G,REMC A657,,,,,,,,,,,,,,,,,,,,,,,,,,,22.54,66,6%,,,,,,,,,,,,,,,,,3.74,66,2%,0.33,63,19%,,,,,,,,,,,,,,,,-0.324,56,0.1%,-0.274,62,5%,,,,,,,,,,,,,,,,,,,
FANO 3422,12/20,ENTALADO DA AGRONOVA,G,MATI 1788,,,,,,,,,,,,,,,,,,,,,,,,,,,20.33,65,9%,,,,,,,,,,,,,,,,,4.30,65,1%,0.20,62,29%,,,,,,,,,,,,,,,,-0.321,56,0.1%,-0.317,62,3%,,,,,,,,,,,,,,,,,,,
EAO B5197,09/20,B5197 DA EAO,G,REM 5531,,,,,,,,,,,,,,,,,,,,,,,,,,,27.58,86,2%,,,,,,,,,,,,,,,,,0.45,85,24%,0.28,84,23%,,,,,,,,,,,,,,,,-0.319,81,0.1%,-0.311,84,3%,,,,,,,,,,,,,,,,,,,
MFBN10419,09/22,VEMAJO FIV G.SALES,G,MFBN 5123,,,,,,,,,,,,,,,,,,,,,,,,,,,14.54,68,21%,,,,,,,,,,,,,,,,,1.64,68,10%,0.19,65,30%,,,,,,,,,,,,,,,,-0.316,58,0.1%,-0.478,64,0.5%,,,,,,,,,,,,,,,,,,,
VIV 5423,01/22,5423 PRONEL,G,ACNP 3146,,,,,,,,,,,,,,,,,,,,,,,,,,,29.67,69,2%,,,,,,,,,,,,,,,,,3.66,69,2%,0.16,66,33%,,,,,,,,,,,,,,,,-0.315,59,0.1%,-0.267,65,5%,,,,,,,,,,,,,,,,,,,
FANO 4024,12/21,FICTICIO DA AGRONOVA,G,BONS 3108,,,,,,,,,,,,,,,,,,,,,,,,,,,18.90,86,11%,,,,,,,,,,,,,,,,,3.55,85,2%,0.36,84,18%,,,,,,,,,,,,,,,,-0.314,81,0.1%,-0.246,84,7%,,,,,,,,,,,,,,,,,,,
EAO B1781,08/19,1781 FIV DA EAO,G,LBMN D4685,,,,,,,,,,,,,,,,,,,,,,,,,,,20.93,66,8%,,,,,,,,,,,,,,,,,1.93,67,8%,0.50,64,11%,,,,,,,,,,,,,,,,-0.314,57,0.1%,-0.549,63,0.1%,,,,,,,,,,,,,,,,,,,
PHOC 2191,09/21,2191 PHOC,G,PHOC 583,,,,,,,,,,,,,,,,,,,,,,,,,,,23.61,60,5%,,,,,,,,,,,,,,,,,1.36,60,12%,0.74,56,5%,,,,,,,,,,,,,,,,-0.314,47,0.1%,-0.291,54,4%,,,,,,,,,,,,,,,,,,,
CSCC 7812,10/21,7812 DE NAVIRAI,G,CSCN 17987,,,,,,,,,,,,,,,,,,,,,,,,,,,24.62,85,4%,,,,,,,,,,,,,,,,,0.71,85,20%,0.16,84,33%,,,,,,,,,,,,,,,,-0.313,80,0.1%,-0.392,83,1%,,,,,,,,,,,,,,,,,,,
FGP A703,05/20,A703 FIV GUADALUPE,G,ACNP 3146,,,,,,,,,,,,,,,,,,,,,,,,,,,23.16,67,5%,,,,,,,,,,,,,,,,,1.31,68,12%,0.27,66,23%,,,,,,,,,,,,,,,,-0.313,58,0.1%,-0.293,64,4%,,,,,,,,,,,,,,,,,,,
EAO B1665,08/19,1665 FIV DA EAO,G,LBMN D4685,,,,,,,,,,,,,,,,,,,,,,,,,,,26.25,68,3%,,,,,,,,,,,,,,,,,2.26,69,6%,0.11,66,39%,,,,,,,,,,,,,,,,-0.310,60,0.1%,-0.208,66,10%,,,,,,,,,,,,,,,,,,,
GCL 5317,11/22,KOOTO FIV VARRELA,G,COL 25550,,,,,,,,,,,,,,,,,,,,,,,,,,,24.37,66,4%,,,,,,,,,,,,,,,,,0.55,66,22%,0.25,63,25%,,,,,,,,,,,,,,,,-0.310,56,0.1%,-0.245,62,7%,,,,,,,,,,,,,,,,,,,
REM 10949,10/19,REM10949I,G,REMC 9828,,,,,,,,,,,,,,,,,,,,,,,,,,,9.95,66,36%,,,,,,,,,,,,,,,,,1.77,65,9%,0.05,62,48%,,,,,,,,,,,,,,,,-0.310,56,0.1%,-0.623,62,0.1%,,,,,,,,,,,,,,,,,,,
MFRA10032,07/20,10032 MAFRA,G,REMC 7074,,,,,,,,,,,,,,,,,,,,,,,,,,,15.26,64,19%,,,,,,,,,,,,,,,,,0.72,65,19%,0.16,61,33%,,,,,,,,,,,,,,,,-0.310,53,0.1%,-0.356,59,2%,,,,,,,,,,,,,,,,,,,
MCPJ 6366,06/21,6366P FIV JMP,G,REMC A337,,,,,,,,,,,,,,,,,,,,,,,,,,,22.47,60,6%,,,,,,,,,,,,,,,,,3.71,60,2%,0.59,56,8%,,,,,,,,,,,,,,,,-0.310,49,0.1%,-0.369,56,2%,,,,,,,,,,,,,,,,,,,
EAO B1917,08/19,1917 FIV DA EAO,G,LBMN D4685,,,,,,,,,,,,,,,,,,,,,,,,,,,2.83,67,67%,,,,,,,,,,,,,,,,,2.10,68,7%,0.96,65,2%,,,,,,,,,,,,,,,,-0.308,59,0.1%,-0.621,64,0.1%,,,,,,,,,,,,,,,,,,,
FVC 16538,08/22,ACERVO FVC,G,MMVA 2725,,,,,,,,,,,,,,,,,,,,,,,,,,,31.99,69,1%,,,,,,,,,,,,,,,,,1.69,68,9%,0.57,65,9%,,,,,,,,,,,,,,,,-0.308,59,0.1%,-0.313,65,3%,,,,,,,,,,,,,,,,,,,
GRI C471,12/19,C471 FIV DA S.NICE,G,LBMN D4685,,,,,,,,,,,,,,,,,,,,,,,,,,,14.32,67,21%,,,,,,,,,,,,,,,,,2.00,68,7%,0.99,65,2%,,,,,,,,,,,,,,,,-0.307,57,0.1%,-0.370,63,2%,,,,,,,,,,,,,,,,,,,
MMVA5157,10/21,5157 FIV DA JACAMIM,G,MMVA 2725,,,,,,,,,,,,,,,,,,,,,,,,,,,19.96,65,9%,,,,,,,,,,,,,,,,,1.68,66,9%,0.91,63,3%,,,,,,,,,,,,,,,,-0.307,54,0.1%,-0.392,61,1%,,,,,,,,,,,,,,,,,,,
RDM A5430,07/21,A5430 MAT.,G,RDM A1335,,,,,,,,,,,,,,,,,,,,,,,,,,,17.33,69,14%,,,,,,,,,,,,,,,,,1.82,69,8%,0.13,66,36%,,,,,,,,,,,,,,,,-0.306,60,0.1%,-0.461,66,0.5%,,,,,,,,,,,,,,,,,,,
FANO 4146,01/22,FACTOR DA AGRONOVA,G,REMP 816,-1.24,44,5%,80.01,63,34%,,,,,,,2.26,73,0.5%,,,,,,,,,,,,,,,,,,,,,,,,,,,,,,,4.83,71,0.5%,,,,,,,,,,,,,,,,,,,,,,,,,-3.063,65,0.1%,,,,,,,,,,,,,,,,
HORA 3872,12/18,3872 DA HORA,G,REM A7,-1.43,43,2%,93.48,61,0.5%,,,,,,,2.09,71,0.5%,,,,,,,,,,,,,,,,,,,,,,,,,,,,,,,3.67,68,2%,,,,,,,,,,,,,,,,,,,,,,,,,-3.033,62,0.1%,,,,,,,,,,,,,,,,
MDLO 3109,10/22,J3109 DA MDLO,G,REMP 816,-0.73,43,30%,85.90,63,13%,,,,,,,2.51,72,0.1%,,,,,,,,,,,,,,,,,,,,,,,,,,,,,,,2.20,70,6%,,,,,,,,,,,,,,,,,,,,,,,,,-2.985,64,0.1%,,,,,,,,,,,,,,,,
AMJM 316,09/22,316. FIV,G,REM A1936,-1.34,46,3%,92.64,64,1%,,,,,,,2.83,73,0.1%,,,,,,,,,,,,,,,,,,,,,,,,,,,,,,,3.74,70,2%,,,,,,,,,,,,,,,,,,,,,,,,,-2.949,64,0.1%,,,,,,,,,,,,,,,,
PHOC 2822,10/22,2822 FIV PHOC,G,RDM A3064,-1.86,32,0.1%,89.17,51,5%,,,,,,,2.96,63,0.1%,,,,,,,,,,,,,,,,,,,,,,,,,,,,,,,2.23,61,6%,,,,,,,,,,,,,,,,,,,,,,,,,-2.943,53,0.1%,,,,,,,,,,,,,,,,
CLRP 2941,10/21,2941P DA CLR,G,REMP 816,-1.51,37,1%,91.05,57,2%,,,,,,,2.05,68,0.5%,,,,,,,,,,,,,,,,,,,,,,,,,,,,,,,2.06,65,7%,,,,,,,,,,,,,,,,,,,,,,,,,-2.923,60,0.1%,,,,,,,,,,,,,,,,
BONS 4242,08/21,CABIL FIV BONS,G,REM A1936,-1.22,40,6%,89.46,58,5%,,,,,,,2.55,68,0.1%,,,,,,,,,,,,,,,,,,,,,,,,,,,,,,,1.81,66,8%,,,,,,,,,,,,,,,,,,,,,,,,,-2.910,58,0.1%,,,,,,,,,,,,,,,,
FANO 2663,12/19,DALLAS DA AGRONOVA,G,REM A7,-0.92,44,18%,84.19,62,19%,,,,,,,2.53,71,0.1%,,,,,,,,,,,,,,,,,,,,,,,,,,,,,,,3.52,69,2%,,,,,,,,,,,,,,,,,,,,,,,,,-2.906,63,0.1%,,,,,,,,,,,,,,,,
XIKU 9021,05/22,JHAVARI,G,REMP 816,-0.77,37,27%,81.77,57,28%,,,,,,,2.26,68,0.5%,,,,,,,,,,,,,,,,,,,,,,,,,,,,,,,1.40,65,12%,,,,,,,,,,,,,,,,,,,,,,,,,-2.891,58,0.1%,,,,,,,,,,,,,,,,
KAT 5643,12/21,5643 KATISPERA,G,REM A1936,-1.23,39,6%,89.53,58,4%,,,,,,,2.20,68,0.5%,,,,,,,,,,,,,,,,,,,,,,,,,,,,,,,2.46,64,5%,,,,,,,,,,,,,,,,,,,,,,,,,-2.879,58,0.1%,,,,,,,,,,,,,,,,
FVC 16553,08/22,ALGO FVC,G,REM A1936,-0.84,44,22%,80.82,63,31%,,,,,,,2.64,72,0.1%,,,,,,,,,,,,,,,,,,,,,,,,,,,,,,,3.46,69,2%,,,,,,,,,,,,,,,,,,,,,,,,,-2.843,63,0.1%,,,,,,,,,,,,,,,,
AGJZ 919,07/21,JALIMU FIV DA GAROUPA,G,REMP 816,-1.96,69,0.1%,89.38,82,5%,,,,,,,2.13,87,0.5%,,,,,,,,,,,,,,,,,,,,,,,,,,,,,,,1.83,85,8%,,,,,,,,,,,,,,,,,,,,,,,,,-2.839,82,0.1%,,,,,,,,,,,,,,,,
LCCF 1580,09/22,1580H DA ARZ,G,REMP 816,-1.36,44,3%,88.46,64,6%,,,,,,,1.58,73,2%,,,,,,,,,,,,,,,,,,,,,,,,,,,,,,,2.79,70,4%,,,,,,,,,,,,,,,,,,,,,,,,,-2.830,65,0.1%,,,,,,,,,,,,,,,,
BRA 654,11/21,BR AGRO GODZILA,G,REMP 816,-1.02,39,13%,85.68,59,14%,,,,,,,2.02,69,0.5%,,,,,,,,,,,,,,,,,,,,,,,,,,,,,,,2.07,66,7%,,,,,,,,,,,,,,,,,,,,,,,,,-2.826,60,0.1%,,,,,,,,,,,,,,,,
AGZ 2484,09/22,AGZ2484 FIV,G,BONS 3108,-1.11,43,9%,87.28,61,9%,,,,,,,2.31,70,0.5%,,,,,,,,,,,,,,,,,,,,,,,,,,,,,,,0.35,68,25%,,,,,,,,,,,,,,,,,,,,,,,,,-2.822,61,0.1%,,,,,,,,,,,,,,,,
IFC 17600,11/20,RAYLANDER FIV DO IF,G,BONS 3108,-0.96,70,16%,81.18,82,30%,,,,,,,2.03,87,0.5%,,,,,,,,,,,,,,,,,,,,,,,,,,,,,,,1.67,85,9%,,,,,,,,,,,,,,,,,,,,,,,,,-2.809,82,0.1%,,,,,,,,,,,,,,,,
MDLO 2901,08/22,J2901 DA MDLO,G,KAT 3894,-1.11,36,9%,76.31,56,49%,,,,,,,1.48,67,3%,,,,,,,,,,,,,,,,,,,,,,,,,,,,,,,3.93,63,1%,,,,,,,,,,,,,,,,,,,,,,,,,-2.803,56,0.1%,,,,,,,,,,,,,,,,
HORA 6602,08/22,6602 DA HORA,G,REM A1936,-1.20,40,6%,84.64,58,17%,,,,,,,2.31,68,0.5%,,,,,,,,,,,,,,,,,,,,,,,,,,,,,,,1.43,65,11%,,,,,,,,,,,,,,,,,,,,,,,,,-2.797,58,0.1%,,,,,,,,,,,,,,,,
FZNM 16720,10/20,MARATA 16720,G,BONS 3108,-0.72,67,30%,80.53,81,32%,,,,,,,1.79,86,1%,,,,,,,,,,,,,,,,,,,,,,,,,,,,,,,1.51,84,11%,,,,,,,,,,,,,,,,,,,,,,,,,-2.794,81,0.1%,,,,,,,,,,,,,,,,
MNS 11889,09/21,11889 FIV ALO BRASIL,G,REMP 816,-0.86,37,21%,85.78,57,13%,,,,,,,1.86,68,1%,,,,,,,,,,,,,,,,,,,,,,,,,,,,,,,0.89,66,17%,,,,,,,,,,,,,,,,,,,,,,,,,-2.778,59,0.1%,,,,,,,,,,,,,,,,
CLRP 2857,08/21,2857P DA CLR,G,REMP 816,-1.42,36,2%,83.92,57,20%,,,,,,,2.04,68,0.5%,,,,,,,,,,,,,,,,,,,,,,,,,,,,,,,2.91,66,3%,,,,,,,,,,,,,,,,,,,,,,,,,-2.778,59,0.1%,,,,,,,,,,,,,,,,
ANP 2503,12/22,2503 DA ANP,G,REM 11049,-1.55,33,1%,89.14,54,5%,,,,,,,1.94,65,1%,,,,,,,,,,,,,,,,,,,,,,,,,,,,,,,1.76,62,9%,,,,,,,,,,,,,,,,,,,,,,,,,-2.777,54,0.1%,,,,,,,,,,,,,,,,
RDM A8816,10/22,A8816 MAT.,G,RDM A3064,-0.86,33,21%,87.75,53,8%,,,,,,,2.30,64,0.5%,,,,,,,,,,,,,,,,,,,,,,,,,,,,,,,2.61,61,4%,,,,,,,,,,,,,,,,,,,,,,,,,-2.775,53,0.1%,,,,,,,,,,,,,,,,
CLRP 3069,08/22,3069Q DA CLR,G,REMP 816,-0.84,44,22%,82.57,64,25%,,,,,,,2.10,73,0.5%,,,,,,,,,,,,,,,,,,,,,,,,,,,,,,,2.50,70,5%,,,,,,,,,,,,,,,,,,,,,,,,,-2.771,65,0.1%,,,,,,,,,,,,,,,,
MNS 11923,09/21,11923 FIV ALO BRASIL,G,REMP 816,-0.94,37,17%,82.33,57,25%,,,,,,,1.58,68,2%,,,,,,,,,,,,,,,,,,,,,,,,,,,,,,,1.68,66,9%,,,,,,,,,,,,,,,,,,,,,,,,,-2.764,59,0.1%,,,,,,,,,,,,,,,,
KAT 6063,10/22,6063 KATISPERA,G,REMP 816,-1.11,44,9%,80.39,63,33%,,,,,,,2.76,73,0.1%,,,,,,,,,,,,,,,,,,,,,,,,,,,,,,,3.24,70,2%,,,,,,,,,,,,,,,,,,,,,,,,,-2.753,64,0.1%,,,,,,,,,,,,,,,,
FANO 4415,10/22,GRADIL DA AGRONOVA,G,REMP 816,-1.38,44,3%,87.71,63,8%,,,,,,,2.38,73,0.1%,,,,,,,,,,,,,,,,,,,,,,,,,,,,,,,3.14,70,3%,,,,,,,,,,,,,,,,,,,,,,,,,-2.745,64,0.1%,,,,,,,,,,,,,,,,
FLPE 10741,12/22,10741 FIV DA COMETA,G,REMP 816,-0.92,42,18%,77.61,62,44%,,,,,,,2.00,72,0.5%,,,,,,,,,,,,,,,,,,,,,,,,,,,,,,,4.95,69,0.5%,,,,,,,,,,,,,,,,,,,,,,,,,-2.741,63,0.1%,,,,,,,,,,,,,,,,
KAT 6280,11/22,6280 FIV KATISPERA,G,REM A1936,-1.15,42,8%,85.27,61,15%,,,,,,,1.79,71,1%,,,,,,,,,,,,,,,,,,,,,,,,,,,,,,,2.35,68,5%,,,,,,,,,,,,,,,,,,,,,,,,,-2.712,62,0.1%,,,,,,,,,,,,,,,,
FGP A3726,09/22,A3726 GUADALUPE,G,REM A7,-1.15,47,8%,87.11,65,10%,,,,,,,1.86,74,1%,,,,,,,,,,,,,,,,,,,,,,,,,,,,,,,1.41,71,12%,,,,,,,,,,,,,,,,,,,,,,,,,-2.710,65,0.1%,,,,,,,,,,,,,,,,
LCCF 1160,08/21,1160G DA ARZ,G,BONS 3108,-1.12,40,9%,87.73,59,8%,,,,,,,1.66,69,2%,,,,,,,,,,,,,,,,,,,,,,,,,,,,,,,2.97,66,3%,,,,,,,,,,,,,,,,,,,,,,,,,-2.700,60,0.1%,,,,,,,,,,,,,,,,
REMC A4288,08/21,REM4288L GENETICA ADI,G,REMP 816,-1.08,69,10%,90.46,82,3%,,,,,,,1.54,87,3%,,,,,,,,,,,,,,,,,,,,,,,,,,,,,,,1.82,85,8%,,,,,,,,,,,,,,,,,,,,,,,,,-2.698,82,0.1%,,,,,,,,,,,,,,,,
OEVZ 79,11/21,BACURI FIV DO VERDI,G,REMP 816,-0.95,37,16%,85.33,56,15%,,,,,,,2.18,67,0.5%,,,,,,,,,,,,,,,,,,,,,,,,,,,,,,,1.99,64,7%,,,,,,,,,,,,,,,,,,,,,,,,,-2.694,58,0.1%,,,,,,,,,,,,,,,,
XIKU 9784,08/22,JAMBO,G,REMP 816,-0.59,36,40%,78.48,56,40%,,,,,,,2.09,67,0.5%,,,,,,,,,,,,,,,,,,,,,,,,,,,,,,,1.89,64,8%,,,,,,,,,,,,,,,,,,,,,,,,,-2.690,57,0.1%,,,,,,,,,,,,,,,,
EAO B7661,09/21,B7661 FIV DA EAO (EST,G,REM A7,-1.28,43,4%,88.10,61,7%,,,,,,,2.96,70,0.1%,,,,,,,,,,,,,,,,,,,,,,,,,,,,,,,4.62,69,0.5%,,,,,,,,,,,,,,,,,,,,,,,,,-2.689,61,0.1%,,,,,,,,,,,,,,,,
VCA 7592,08/21,7592 FIV PO DA VC,G,BONS 3108,-0.87,69,21%,80.63,82,32%,,,,,,,1.79,87,1%,,,,,,,,,,,,,,,,,,,,,,,,,,,,,,,2.00,85,7%,,,,,,,,,,,,,,,,,,,,,,,,,-2.685,82,0.1%,,,,,,,,,,,,,,,,
XIKU 9725,08/22,JAIBARA,G,REMP 816,-0.80,39,25%,79.04,59,38%,,,,,,,2.42,69,0.1%,,,,,,,,,,,,,,,,,,,,,,,,,,,,,,,2.35,66,5%,,,,,,,,,,,,,,,,,,,,,,,,,-2.675,60,0.1%,,,,,,,,,,,,,,,,
FLOC 851,11/22,FLOC 851,G,REMP 816,-0.51,39,46%,75.09,59,53%,,,,,,,2.16,70,0.5%,,,,,,,,,,,,,,,,,,,,,,,,,,,,,,,4.27,66,1%,,,,,,,,,,,,,,,,,,,,,,,,,-2.661,60,0.1%,,,,,,,,,,,,,,,,
SAMI 883,01/23,883 FIV DO SAMI,G,-1.23,30,6%,84.82,52,16%,2.50,,,,,,,63,0.1%,4.40,,,,,,,,,,,,,,,,,,,,,,,,,,,,,,,59,0.5%,-2.660,,,,,,,,,,,,,,,,,,,,,,,,,52,0.1%,,,,,,,,,,,,,,,,,
HGA 2361,09/21,2361 FIV DE HB,G,REMP 816,-0.64,37,36%,86.02,57,13%,,,,,,,1.29,68,5%,,,,,,,,,,,,,,,,,,,,,,,,,,,,,,,2.29,66,6%,,,,,,,,,,,,,,,,,,,,,,,,,-2.650,59,0.1%,,,,,,,,,,,,,,,,
MCPJ 8259,08/22,8259P FIV JMP,G,IPB 6732,,,,90.63,54,3%,92.18,48,2%,7.55,37,0.1%,1.51,65,3%,,,39.71,53,0.1%,,,,,,,53.37,62,0.1%,,,,,,,,,,,,,,,,,4.48,61,0.5%,,,,,,,,,,,,,,,,,,,,,,,,,,,,,,,,,,,,,,,,,,,
LCCF 1586,10/22,1586H DA ARZ,G,KAT 3881,,,,85.55,55,14%,93.01,48,1%,5.09,38,1%,1.78,66,1%,,,37.96,54,0.1%,,,,,,,48.16,63,0.1%,,,,,,,,,,,,,,,,,4.97,63,0.5%,,,,,,,,,,,,,,,,,,,,,,,,,,,,,,,,,,,,,,,,,,,
SINO 3672,05/23,J3672 SINO,G,SINO 1730,,,,85.74,59,13%,84.68,53,12%,3.16,42,8%,1.56,70,2%,,,37.83,59,0.1%,,,,,,,49.80,67,0.1%,,,,,,,,,,,,,,,,,6.03,67,0.1%,,,,,,,,,,,,,,,,,,,,,,,,,,,,,,,,,,,,,,,,,,,
FGP A3779,10/22,A3779 FIV GUADALUPE,G,FANO 2762,,,,86.29,58,12%,87.62,51,7%,7.84,41,0.1%,1.61,68,2%,,,37.67,57,0.1%,,,,,,,48.32,65,0.1%,,,,,,,,,,,,,,,,,4.92,65,0.5%,,,,,,,,,,,,,,,,,,,,,,,,,,,,,,,,,,,,,,,,,,,
FANO 2995,09/20,ESTUDANTE DA AGRONOVA G,,FANO 1509,,,,86.90,60,10%,88.54,53,6%,3.77,43,4%,2.00,69,0.5%,,,37.31,59,0.1%,,,,,,,47.96,66,0.1%,,,,,,,,,,,,,,,,,5.11,68,0.5%,,,,,,,,,,,,,,,,,,,,,,,,,,,,,,,,,,,,,,,,,,,
MCPJ 8108,07/22,8108S FIV JMP,G,REM A1576,,,,89.35,59,5%,93.69,52,0.5%,6.17,43,0.5%,2.13,69,0.5%,,,37.11,58,0.1%,,,,,,,41.50,66,0.1%,,,,,,,,,,,,,,,,,6.01,66,0.1%,,,,,,,,,,,,,,,,,,,,,,,,,,,,,,,,,,,,,,,,,,,
FGP A3253,06/22,A3253 FIV GUADALUPE,G,FANO 2762,,,,89.86,57,4%,91.81,50,2%,4.90,40,2%,1.64,67,2%,,,36.88,56,0.1%,,,,,,,41.35,64,0.1%,,,,,,,,,,,,,,,,,6.12,64,0.1%,,,,,,,,,,,,,,,,,,,,,,,,,,,,,,,,,,,,,,,,,,,
MDLO 2752,11/21,I2752 DA MDLO,G,SINO 1730,,,,89.29,57,5%,89.21,50,5%,4.91,40,2%,1.95,68,1%,,,36.80,56,0.1%,,,,,,,46.80,65,0.1%,,,,,,,,,,,,,,,,,4.51,65,0.5%,,,,,,,,,,,,,,,,,,,,,,,,,,,,,,,,,,,,,,,,,,,
JBJ 1459,10/22,G,,SOAL 5627,,,,89.20,53,5%,82.47,47,15%,3.78,36,4%,2.19,64,0.5%,,,36.77,52,0.1%,,,,,,,50.26,61,0.1%,,,,,,,,,,,,,,,,,4.51,61,0.5%,,,,,,,,,,,,,,,,,,,,,,,,,,,,,,,,,,,,,,,,,,,
MCPJ 6525,06/21,6525C FIV JMP,G,REM 10447,,,,90.66,53,3%,92.03,47,2%,5.22,37,1%,1.67,65,2%,,,36.75,53,0.1%,,,,,,,47.29,62,0.1%,,,,,,,,,,,,,,,,,2.62,61,4%,,,,,,,,,,,,,,,,,,,,,,,,,,,,,,,,,,,,,,,,,,,
FNAN 23,11/21,FNAN AUSPICIOSO,G,LCCF 619,,,,90.76,53,3%,91.37,46,2%,2.42,36,15%,1.79,65,1%,,,36.64,53,0.1%,,,,,,,44.56,62,0.1%,,,,,,,,,,,,,,,,,5.51,62,0.1%,,,,,,,,,,,,,,,,,,,,,,,,,,,,,,,,,,,,,,,,,,,
FANO 4803,01/23,GIBRALTAR DA AGRONOVA G,,REMP 816,,,,85.49,60,14%,91.03,53,3%,5.21,42,1%,2.28,70,0.5%,,,36.60,59,0.1%,,,,,,,45.12,67,0.1%,,,,,,,,,,,,,,,,,5.16,67,0.5%,,,,,,,,,,,,,,,,,,,,,,,,,,,,,,,,,,,,,,,,,,,
FANO 4908,02/23,GARITO DA AGRONOVA,G,HORA 3986,,,,90.34,54,3%,92.66,47,2%,3.85,37,4%,1.55,65,3%,,,36.46,53,0.1%,,,,,,,47.22,62,0.1%,,,,,,,,,,,,,,,,,4.27,62,1%,,,,,,,,,,,,,,,,,,,,,,,,,,,,,,,,,,,,,,,,,,,
AMJM 316,09/22,316. FIV,G,REM A1936,,,,92.64,64,1%,94.11,57,0.5%,3.78,48,4%,2.83,73,0.1%,,,36.41,62,0.1%,,,,,,,39.11,70,0.1%,,,,,,,,,,,,,,,,,3.74,70,2%,,,,,,,,,,,,,,,,,,,,,,,,,,,,,,,,,,,,,,,,,,,
FNAN 77,10/22,FNAN BRIOSO,G,HORA 3986,,,,88.08,50,7%,85.89,43,10%,6.53,33,0.5%,1.67,62,2%,,,36.41,50,0.1%,,,,,,,49.88,59,0.1%,,,,,,,,,,,,,,,,,4.25,58,1%,,,,,,,,,,,,,,,,,,,,,,,,,,,,,,,,,,,,,,,,,,,
ANP 3013,02/23,3013 DA ANP,G,FGP 9684,,,,87.91,54,8%,87.49,47,7%,3.40,37,6%,1.77,65,1%,,,36.36,53,0.1%,,,,,,,45.81,61,0.1%,,,,,,,,,,,,,,,,,6.62,62,0.1%,,,,,,,,,,,,,,,,,,,,,,,,,,,,,,,,,,,,,,,,,,,
MCPJ 8810,09/22,8810S FIV JMP,G,HORA 3986,,,,88.81,50,6%,89.26,43,5%,7.67,33,0.1%,1.40,62,4%,,,36.20,50,0.1%,,,,,,,40.98,59,0.1%,,,,,,,,,,,,,,,,,6.30,58,0.1%,,,,,,,,,,,,,,,,,,,,,,,,,,,,,,,,,,,,,,,,,,,
AGJZ 1249,08/22,KAMPAQ FIV DA GAROUPA,G,IPB 6732,,,,89.31,56,5%,87.92,50,7%,5.76,39,0.5%,2.12,67,0.5%,,,36.09,55,0.1%,,,,,,,41.88,63,0.1%,,,,,,,,,,,,,,,,,4.96,63,0.5%,,,,,,,,,,,,,,,,,,,,,,,,,,,,,,,,,,,,,,,,,,,
REMP 1498,09/21,REM1498L GENETICA ADI,G,REMP 602,,,,85.94,82,13%,88.26,79,6%,6.94,71,0.1%,2.40,87,0.1%,,,36.02,81,0.1%,,,,,,,42.47,86,0.1%,,,,,,,,,,,,,,,,,4.30,85,1%,,,,,,,,,,,,,,,,,,,,,,,,,,,,,,,,,,,,,,,,,,,
MDLO 2230,08/21,I2230 DA MDLO,G,SINO 1730,,,,84.52,60,17%,79.11,54,20%,3.80,43,4%,1.49,71,3%,,,35.95,59,0.1%,,,,,,,46.51,68,0.1%,,,,,,,,,,,,,,,,,7.69,68,0.1%,,,,,,,,,,,,,,,,,,,,,,,,,,,,,,,,,,,,,,,,,,,
MCPJ 8927,10/22,8927C FIV JMP,G,HORA 3986,,,,91.19,51,2%,90.86,45,3%,7.59,35,0.1%,1.56,63,2%,,,35.87,51,0.1%,,,,,,,42.96,60,0.1%,,,,,,,,,,,,,,,,,3.22,59,2%,,,,,,,,,,,,,,,,,,,,,,,,,,,,,,,,,,,,,,,,,,,
REMP 1423,07/21,REM1423L GENETICA ADI,G,REMP 602,,,,91.63,58,2%,83.40,52,14%,6.39,41,0.5%,2.86,69,0.1%,,,35.85,58,0.1%,,,,,,,42.31,66,0.1%,,,,,,,,,,,,,,,,,3.10,67,3%,,,,,,,,,,,,,,,,,,,,,,,,,,,,,,,,,,,,,,,,,,,
FGP A3829,10/22,A3829 FIV GUADALUPE,G,FANO 2762,,,,89.12,58,5%,90.73,51,3%,5.50,41,1%,1.49,69,3%,,,35.85,57,0.1%,,,,,,,39.57,65,0.1%,,,,,,,,,,,,,,,,,5.25,65,0.5%,,,,,,,,,,,,,,,,,,,,,,,,,,,,,,,,,,,,,,,,,,,
FANO 4752,12/22,GAMEOVER DA AGRONOVA,G,HORA 3986,,,,88.67,56,6%,89.72,49,4%,4.89,39,2%,1.72,67,2%,,,35.84,55,0.1%,,,,,,,41.60,64,0.1%,,,,,,,,,,,,,,,,,6.37,64,0.1%,,,,,,,,,,,,,,,,,,,,,,,,,,,,,,,,,,,,,,,,,,,
SINO 3359,10/22,I3359 SINO,G,RDM A3064,,,,88.91,55,5%,94.02,49,0.5%,4.27,38,3%,1.70,66,2%,,,35.70,55,0.1%,,,,,,,40.97,63,0.1%,,,,,,,,,,,,,,,,,4.77,63,0.5%,,,,,,,,,,,,,,,,,,,,,,,,,,,,,,,,,,,,,,,,,,,
EAO B8522,11/21,B8522 FIV DA EAO,G,REM A7,,,,93.56,59,0.5%,92.55,52,2%,5.45,44,1%,2.20,69,0.5%,,,35.58,58,0.1%,,,,,,,37.80,66,0.5%,,,,,,,,,,,,,,,,,3.98,67,1%,,,,,,,,,,,,,,,,,,,,,,,,,,,,,,,,,,,,,,,,,,,
MDLO 3050,10/22,J3050 DA MDLO,G,JCGG 15568,,,,89.29,54,5%,89.65,48,4%,6.20,38,0.5%,1.42,65,3%,,,35.55,54,0.1%,,,,,,,38.12,62,0.1%,,,,,,,,,,,,,,,,,5.55,62,0.1%,,,,,,,,,,,,,,,,,,,,,,,,,,,,,,,,,,,,,,,,,,,
EAO B9121,06/22,B9121 FIV DA EAO,G,REM A7,,,,92.42,62,1%,93.48,55,1%,2.80,47,11%,2.27,71,0.5%,,,35.50,61,0.1%,,,,,,,41.78,69,0.1%,,,,,,,,,,,,,,,,,5.61,68,0.1%,,,,,,,,,,,,,,,,,,,,,,,,,,,,,,,,,,,,,,,,,,,
VIV 5566,08/22,5566 FIV PRONEL,G,RDM A3151,,,,95.65,58,0.1%,92.64,51,2%,4.36,41,3%,2.30,68,0.5%,,,35.45,57,0.1%,,,,,,,37.14,65,0.5%,,,,,,,,,,,,,,,,,4.98,65,0.5%,,,,,,,,,,,,,,,,,,,,,,,,,,,,,,,,,,,,,,,,,,,
EAO B9195,07/22,B9195 FIV DA EAO,G,SINO 1730,,,,88.26,58,7%,93.69,52,0.5%,5.73,41,0.5%,1.90,69,1%,,,35.38,58,0.1%,,,,,,,40.70,66,0.1%,,,,,,,,,,,,,,,,,5.73,66,0.1%,,,,,,,,,,,,,,,,,,,,,,,,,,,,,,,,,,,,,,,,,,,
EPCF 5140,08/21,5140 FIV DA TERRA BRA,G,REMP 602,,,,91.96,56,2%,90.01,49,4%,3.82,38,4%,2.75,67,0.1%,,,35.38,55,0.1%,,,,,,,41.28,64,0.1%,,,,,,,,,,,,,,,,,3.50,65,2%,,,,,,,,,,,,,,,,,,,,,,,,,,,,,,,,,,,,,,,,,,,
EAO B7661,09/21,B7661 FIV DA EAO (EST,G,REM A7,,,,88.10,61,7%,92.55,54,2%,3.21,46,7%,2.96,70,0.1%,,,35.31,60,0.1%,,,,,,,40.00,69,0.1%,,,,,,,,,,,,,,,,,4.62,69,0.5%,,,,,,,,,,,,,,,,,,,,,,,,,,,,,,,,,,,,,,,,,,,
LCCF 1497,08/22,1497H DA ARZ,G,FANO 2762,,,,91.18,53,2%,95.13,46,0.5%,4.98,36,2%,2.12,64,0.5%,,,35.28,52,0.1%,,,,,,,38.13,61,0.1%,,,,,,,,,,,,,,,,,4.60,61,0.5%,,,,,,,,,,,,,,,,,,,,,,,,,,,,,,,,,,,,,,,,,,,
RDM A6962,06/22,HITLER MAT.,G,REMP 602,,,,89.19,59,5%,88.67,52,6%,7.45,41,0.1%,2.70,69,0.1%,,,35.23,58,0.1%,,,,,,,37.47,66,0.5%,,,,,,,,,,,,,,,,,5.76,66,0.1%,,,,,,,,,,,,,,,,,,,,,,,,,,,,,,,,,,,,,,,,,,,
XIKU 9039,05/22,JIANDUT,G,SINO 1730,,,,86.51,59,11%,84.03,52,13%,2.23,42,18%,0.94,69,11%,,,35.20,58,0.1%,,,,,,,48.79,67,0.1%,,,,,,,,,,,,,,,,,5.68,66,0.1%,,,,,,,,,,,,,,,,,,,,,,,,,,,,,,,,,,,,,,,,,,,
EAO B8804,12/21,B8804 FIV DA EAO,G,ACNP 3146,,,,83.69,60,20%,92.05,53,2%,4.30,45,3%,2.20,70,0.5%,,,35.18,59,0.1%,,,,,,,43.52,67,0.1%,,,,,,,,,,,,,,,,,4.73,68,0.5%,,,,,,,,,,,,,,,,,,,,,,,,,,,,,,,,,,,,,,,,,,,
RDM A8215,09/22,A8215 MAT.,G,FANO 2762,,,,92.62,56,1%,91.27,49,3%,5.00,39,2%,1.36,67,4%,,,35.03,55,0.1%,,,,,,,38.92,63,0.1%,,,,,,,,,,,,,,,,,3.55,63,2%,,,,,,,,,,,,,,,,,,,,,,,,,,,,,,,,,,,,,,,,,,,
PHOC 2762,10/22,2762 FIV PHOC,G,HORA 3986,,,,92.81,51,1%,96.56,45,0.1%,7.51,35,0.1%,1.92,63,1%,,,35.03,51,0.1%,,,,,,,34.31,60,0.5%,,,,,,,,,,,,,,,,,5.85,60,0.1%,,,,,,,,,,,,,,,,,,,,,,,,,,,,,,,,,,,,,,,,,,,
FVCP 2737,09/22,DHIAMON FIV FVC,G,REM A1936,,,,89.56,59,4%,89.44,52,5%,4.41,43,2%,2.03,69,0.5%,,,35.00,58,0.1%,,,,,,,35.67,66,0.5%,,,,,,,,,,,,,,,,,6.53,66,0.1%,,,,,,,,,,,,,,,,,,,,,,,,,,,,,,,,,,,,,,,,,,,
KAT 6405,12/22,6405 KATISPERA,G,KAT 4098,,,,86.43,52,11%,93.13,45,1%,3.64,35,5%,2.08,63,0.5%,,,35.00,51,0.1%,,,,,,,40.39,61,0.1%,,,,,,,,,,,,,,,,,4.71,60,0.5%,,,,,,,,,,,,,,,,,,,,,,,,,,,,,,,,,,,,,,,,,,,
FTL 548,11/22,ESCUDEIRO FIV DA TARL,G,FANO 2762,,,,91.81,55,2%,92.79,48,1%,6.06,38,0.5%,2.13,66,0.5%,,,34.97,54,0.1%,,,,,,,36.14,63,0.5%,,,,,,,,,,,,,,,,,4.22,63,1%,,,,,,,,,,,,,,,,,,,,,,,,,,,,,,,,,,,,,,,,,,,
FANO 4589,11/22,GEPETO DA AGRONOVA,G,FANO 2879,,,,87.11,57,10%,89.70,50,4%,3.86,40,4%,1.38,68,4%,,,34.92,56,0.1%,,,,,,,44.06,64,0.1%,,,,,,,,,,,,,,,,,5.29,65,0.5%,,,,,,,,,,,,,,,,,,,,,,,,,,,,,,,,,,,,,,,,,,,
FVCP 1797,07/21,1797 FIV FVC,G,REM A1936,,,,85.42,60,15%,89.76,52,4%,2.61,43,13%,2.27,70,0.5%,,,34.89,58,0.1%,,,,,,,40.24,67,0.1%,,,,,,,,,,,,,,,,,5.27,67,0.5%,,,,,,,,,,,,,,,,,,,,,,,,,,,,,,,,,,,,,,,,,,,
HORA 5734,09/21,5734 TE DA HORA,G,SINO 1730,,,,88.88,56,6%,86.48,49,9%,2.47,39,15%,2.34,67,0.1%,,,34.88,56,0.1%,,,,,,,40.47,64,0.1%,,,,,,,,,,,,,,,,,5.43,65,0.1%,,,,,,,,,,,,,,,,,,,,,,,,,,,,,,,,,,,,,,,,,,,
VIV 5812,11/22,5812 FIV PRONEL,G,HORA 3986,,,,89.50,56,4%,95.23,49,0.5%,2.76,38,11%,2.20,67,0.5%,,,34.87,55,0.1%,,,,,,,38.52,64,0.1%,,,,,,,,,,,,,,,,,6.38,63,0.1%,,,,,,,,,,,,,,,,,,,,,,,,,,,,,,,,,,,,,,,,,,,
ATCC 213,09/22,PAGAO FIV MURALHA DE,G,HORA 3986,,,,87.83,53,8%,94.73,46,0.5%,5.15,36,1%,2.02,65,0.5%,,,34.87,53,0.1%,,,,,,,41.57,62,0.1%,,,,,,,,,,,,,,,,,3.85,62,1%,,,,,,,,,,,,,,,,,,,,,,,,,,,,,,,,,,,,,,,,,,,
REMP 1659,11/21,REM1659L FIV GENETICA,G,REM A2239,,,,90.81,57,3%,93.16,49,1%,3.18,39,7%,1.77,67,1%,,,34.80,56,0.1%,,,,,,,42.97,64,0.1%,,,,,,,,,,,,,,,,,4.11,65,1%,,,,,,,,,,,,,,,,,,,,,,,,,,,,,,,,,,,,,,,,,,,
HORA 6160,11/21,6160 DA HORA,G,SINO 1730,,,,89.14,57,5%,91.91,50,2%,2.27,40,17%,1.89,69,1%,,,34.78,57,0.1%,,,,,,,44.11,66,0.1%,,,,,,,,,,,,,,,,,4.26,66,1%,,,,,,,,,,,,,,,,,,,,,,,,,,,,,,,,,,,,,,,,,,,
GFC 1425,11/22,1425 FIV DO MORRO,G,REM A1936,,,,91.96,58,2%,89.89,51,4%,2.94,43,9%,1.45,68,3%,,,34.74,57,0.1%,,,,,,,36.96,65,0.5%,,,,,,,,,,,,,,,,,4.85,65,0.5%,,,,,,,,,,,,,,,,,,,,,,,,,,,,,,,,,,,,,,,,,,,
AGJZ 1272,08/22,KOVAQ FIV DA GAROUPA,G,IPB 6732,,,,90.59,56,3%,92.21,49,2%,5.47,39,1%,2.31,67,0.5%,,,34.74,55,0.1%,,,,,,,35.63,63,0.5%,,,,,,,,,,,,,,,,,5.57,63,0.1%,,,,,,,,,,,,,,,,,,,,,,,,,,,,,,,,,,,,,,,,,,,
MOQM 700,06/21,ICONE FIV DA MOQUEM,G,REM 8933,,,,85.65,60,14%,86.80,54,8%,7.42,45,0.1%,1.73,70,2%,,,34.73,59,0.1%,,,,,,,43.62,67,0.1%,,,,,,,,,,,,,,,,,3.53,68,2%,,,,,,,,,,,,,,,,,,,,,,,,,,,,,,,,,,,,,,,,,,,
SINO 3554,03/23,J3554 SINO,G,SINO 1730,,,,85.29,58,15%,79.62,52,19%,2.64,42,12%,1.35,69,4%,,,34.73,58,0.1%,,,,,,,45.13,66,0.1%,,,,,,,,,,,,,,,,,4.79,66,0.5%,,,,,,,,,,,,,,,,,,,,,,,,,,,,,,,,,,,,,,,,,,,
SINO 3015,03/22,IRMAO SINO,G,SINO 1730,,,,83.71,58,20%,77.82,51,22%,5.99,41,0.5%,1.13,69,7%,,,34.72,57,0.1%,,,,,,,49.77,66,0.1%,,,,,,,,,,,,,,,,,5.04,65,0.5%,,,,,,,,,,,,,,,,,,,,,,,,,,,,,,,,,,,,,,,,,,,
LCCF 1648,10/22,1648H DA ARZ,G,FANO 2762,,,,85.74,57,13%,94.45,50,0.5%,6.93,40,0.1%,2.09,68,0.5%,,,34.71,56,0.1%,,,,,,,40.63,65,0.1%,,,,,,,,,,,,,,,,,3.77,64,2%,,,,,,,,,,,,,,,,,,,,,,,,,,,,,,,,,,,,,,,,,,,
RDM A5492,07/21,GURUPI MAT.,G,REMP 602,,,,90.02,58,4%,89.70,51,4%,6.98,41,0.1%,2.26,70,0.5%,,,34.68,58,0.1%,,,,,,,39.05,67,0.1%,,,,,,,,,,,,,,,,,2.93,67,3%,,,,,,,,,,,,,,,,,,,,,,,,,,,,,,,,,,,,,,,,,,,
KAT 5053,08/21,5053 KATISPERA,G,SINO 1730,,,,85.53,57,14%,90.03,50,4%,4.03,40,3%,2.39,69,0.1%,,,34.66,57,0.1%,,,,,,,41.89,66,0.1%,,,,,,,,,,,,,,,,,5.39,66,0.5%,,,,,,,,,,,,,,,,,,,,,,,,,,,,,,,,,,,,,,,,,,,
FVCP 2868,10/22,ESLAVO FIV FVC,G,IPB 6732,,,,91.09,56,2%,91.56,50,2%,2.80,39,11%,1.75,67,2%,,,34.66,55,0.1%,,,,,,,36.72,64,0.5%,,,,,,,,,,,,,,,,,4.54,64,0.5%,,,,,,,,,,,,,,,,,,,,,,,,,,,,,,,,,,,,,,,,,,,
FTL 563,11/22,EDUCACIONAL FIV DA TA,G,FANO 2762,,,,86.39,55,12%,87.35,48,7%,3.70,38,5%,1.50,66,3%,,,34.61,54,0.1%,,,,,,,40.41,62,0.1%,,,,,,,,,,,,,,,,,6.09,62,0.1%,,,,,,,,,,,,,,,,,,,,,,,,,,,,,,,,,,,,,,,,,,,
FANO 4871,02/23,GHALARO DA AGRONOVA,G,HORA 3986,,,,87.46,54,9%,88.87,47,5%,4.96,37,2%,1.26,65,5%,,,34.60,53,0.1%,,,,,,,37.98,62,0.1%,,,,,,,,,,,,,,,,,5.59,62,0.1%,,,,,,,,,,,,,,,,,,,,,,,,,,,,,,,,,,,,,,,,,,,
XIKU 9335,06/22,JOLIVAM,G,REM A1576,,,,83.97,59,19%,91.05,52,3%,3.43,43,6%,1.03,69,9%,,,34.58,58,0.1%,,,,,,,43.00,66,0.1%,,,,,,,,,,,,,,,,,4.81,66,0.5%,,,,,,,,,,,,,,,,,,,,,,,,,,,,,,,,,,,,,,,,,,,
SAMI 899,03/23,899 FIV DO SAMI,G,FANO 2762,,,,87.35,58,9%,90.42,51,3%,2.38,40,16%,1.82,68,1%,,,34.53,57,0.1%,,,,,,,40.91,65,0.1%,,,,,,,,,,,,,,,,,5.60,65,0.1%,,,,,,,,,,,,,,,,,,,,,,,,,,,,,,,,,,,,,,,,,,,
ANP 2047,09/22,ANP2047,G,FANO 2762,,,,89.01,54,5%,89.99,47,4%,5.34,37,1%,1.77,65,1%,,,34.52,53,0.1%,,,,,,,41.06,62,0.1%,,,,,,,,,,,,,,,,,2.67,62,4%,,,,,,,,,,,,,,,,,,,,,,,,,,,,,,,,,,,,,,,,,,,
EAO B8886,01/22,B8886 FIV DA EAO,G,REM A1576,,,,90.53,60,3%,91.75,53,2%,3.38,44,6%,1.95,70,1%,,,34.47,59,0.1%,,,,,,,37.24,67,0.5%,,,,,,,,,,,,,,,,,5.45,68,0.1%,,,,,,,,,,,,,,,,,,,,,,,,,,,,,,,,,,,,,,,,,,,
FANO 3294,12/20,ELO DA AGRONOVA,G,PAU 2753,,,,85.24,60,15%,90.80,53,3%,2.88,43,10%,1.48,70,3%,,,34.39,59,0.1%,,,,,,,37.06,67,0.5%,,,,,,,,,,,,,,,,,7.01,68,0.1%,,,,,,,,,,,,,,,,,,,,,,,,,,,,,,,,,,,,,,,,,,,
RDM A5269,06/21,GOLAN MAT.,G,SINO 1730,,,,85.83,59,13%,83.24,53,14%,5.20,42,1%,2.20,70,0.5%,,,34.33,59,0.1%,,,,,,,40.89,67,0.1%,,,,,,,,,,,,,,,,,5.16,68,0.5%,,,,,,,,,,,,,,,,,,,,,,,,,,,,,,,,,,,,,,,,,,,
MCPJ 8219,07/22,8219P FIV JMP,G,IPB 6732,,,,86.73,53,11%,83.43,47,14%,6.44,37,0.5%,1.45,64,3%,,,34.33,52,0.1%,,,,,,,44.06,61,0.1%,,,,,,,,,,,,,,,,,5.13,61,0.5%,,,,,,,,,,,,,,,,,,,,,,,,,,,,,,,,,,,,,,,,,,,
KAT 5776,09/22,5776 FIV KATISPERA,G,REM A1936,,,,85.77,59,13%,91.02,52,3%,4.36,44,3%,2.77,69,0.1%,,,34.28,58,0.1%,,,,,,,35.79,66,0.5%,,,,,,,,,,,,,,,,,5.10,66,0.5%,,,,,,,,,,,,,,,,,,,,,,,,,,,,,,,,,,,,,,,,,,,
HORA 7073,11/22,7073 TE DA HORA,G,HORA 3986,,,,91.19,53,2%,93.17,46,1%,2.59,36,13%,1.38,64,4%,,,34.28,52,0.1%,,,,,,,43.49,61,0.1%,,,,,,,,,,,,,,,,,4.48,61,0.5%,,,,,,,,,,,,,,,,,,,,,,,,,,,,,,,,,,,,,,,,,,,
ATCC 272,12/22,PASSATEMPO FIV MURALH,G,HORA 3986,,,,93.27,51,0.5%,92.30,45,2%,2.83,35,10%,1.67,63,2%,,,34.27,51,0.1%,,,,,,,43.24,60,0.1%,,,,,,,,,,,,,,,,,3.72,60,2%,,,,,,,,,,,,,,,,,,,,,,,,,,,,,,,,,,,,,,,,,,,
HORA 4856,09/20,4856 TE DA HORA,G,RDM 7698,,,,91.74,58,2%,86.78,51,8%,2.60,43,13%,1.59,68,2%,,,34.26,57,0.1%,,,,,,,38.89,65,0.1%,,,,,,,,,,,,,,,,,6.44,66,0.1%,,,,,,,,,,,,,,,,,,,,,,,,,,,,,,,,,,,,,,,,,,,
EAO B7486,09/21,B7486 FIV DA EAO (ESS,G,REM A1936,,,,86.84,57,10%,91.72,49,2%,2.26,40,18%,2.37,67,0.1%,,,34.25,56,0.1%,,,,,,,42.30,64,0.1%,,,,,,,,,,,,,,,,,3.35,65,2%,,,,,,,,,,,,,,,,,,,,,,,,,,,,,,,,,,,,,,,,,,,
FZNM 19312,10/21,MARATA 19312,G,HORA 3150,,,,85.33,59,15%,87.90,53,7%,6.10,43,0.5%,1.88,71,1%,,,34.24,59,0.1%,,,,,,,38.85,68,0.1%,,,,,,,,,,,,,,,,,4.49,66,0.5%,,,,,,,,,,,,,,,,,,,,,,,,,,,,,,,,,,,,,,,,,,,
FANO 4000,12/21,FROGON DA AGRONOVA,G,BONS 3108,,,,85.08,82,16%,91.13,79,3%,7.79,72,0.1%,1.51,87,3%,,,34.23,81,0.1%,,,,,,,36.16,86,0.5%,,,,,,,,,,,,,,,,,6.55,85,0.1%,,,,,,,,,,,,,,,,,,,,,,,,,,,,,,,,,,,,,,,,,,,
LCCF 1697,10/22,1697H DA ARZ,G,FANO 2762,,,,90.93,56,2%,86.32,49,9%,3.06,39,8%,1.20,67,6%,,,34.22,55,0.1%,,,,,,,39.53,63,0.1%,,,,,,,,,,,,,,,,,5.77,63,0.1%,,,,,,,,,,,,,,,,,,,,,,,,,,,,,,,,,,,,,,,,,,,
FVCP 1762,07/21,1762 FIV FVC,G,REMP 602,,,,89.76,56,4%,89.41,49,5%,6.17,39,0.5%,2.43,67,0.1%,,,34.21,55,0.1%,,,,,,,41.13,64,0.1%,,,,,,,,,,,,,,,,,2.94,65,3%,,,,,,,,,,,,,,,,,,,,,,,,,,,,,,,,,,,,,,,,,,,
FANO 4516,11/22,GARDEN DA AGRONOVA,G,HORA 3986,,,,86.51,55,11%,95.57,48,0.1%,3.37,38,6%,1.17,66,6%,,,34.21,54,0.1%,,,,,,,39.01,63,0.1%,,,,,,,,,,,,,,,,,6.73,63,0.1%,,,,,,,,,,,,,,,,,,,,,,,,,,,,,,,,,,,,,,,,,,,
GSAB 9759,11/21,9759 DA AFB,G,SINO 1730,,,,90.17,60,3%,80.42,53,18%,6.39,43,0.5%,1.11,71,7%,,,34.18,59,0.1%,,,,,,,41.64,68,0.1%,,,,,,,,,,,,,,,,,5.48,68,0.1%,,,,,,,,,,,,,,,,,,,,,,,,,,,,,,,,,,,,,,,,,,,
REMP 1428,07/21,REM1428L GENETICA ADI,G,REM A2239,,,,91.96,58,2%,91.74,51,2%,4.18,41,3%,1.75,69,2%,,,34.15,57,0.1%,,,,,,,40.34,66,0.1%,,,,,,,,,,,,,,,,,3.88,66,1%,,,,,,,,,,,,,,,,,,,,,,,,,,,,,,,,,,,,,,,,,,,
VIV 5724,10/22,5724 FIV PRONEL,G,HORA 3986,,,,89.03,55,5%,85.06,48,11%,5.90,38,0.5%,1.70,66,2%,,,34.15,55,0.1%,,,,,,,38.26,64,0.1%,,,,,,,,,,,,,,,,,6.02,63,0.1%,,,,,,,,,,,,,,,,,,,,,,,,,,,,,,,,,,,,,,,,,,,
FGP A3932,11/22,A3932 FIV GUADALUPE,G,RDM A3064,,,,85.20,55,15%,91.76,48,2%,3.35,38,6%,1.45,66,3%,,,34.15,54,0.1%,,,,,,,36.68,63,0.5%,,,,,,,,,,,,,,,,,5.97,63,0.1%,,,,,,,,,,,,,,,,,,,,,,,,,,,,,,,,,,,,,,,,,,,
REMP 602,09/18,REM HORUS GEN ADT,G,REM A149,,,,90.16,70,3%,84.00,65,13%,7.51,56,0.1%,3.17,85,0.1%,,,31.61,77,0.1%,,,,,,,32.07,88,1%,,,,,,,,,,,,,,,,,1.87,89,8%,,,,,,,,,,,,,,,,,,,,,,,,,,,,,,,,,,,,,,,,,,,
REM 10447,11/18,REM HERCULES,G,REM 8933,,,,88.16,70,7%,92.78,65,1%,0.08,56,71%,1.69,79,2%,,,31.13,70,0.1%,,,,,,,38.16,78,0.1%,,,,,,,,,,,,,,,,,0.60,76,21%,,,,,,,,,,,,,,,,,,,,,,,,,,,,,,,,,,,,,,,,,,,
REM A2239,11/17,REM GRINGO GEN ADITIV,G,REM 9852,,,,88.04,72,7%,78.46,65,21%,2.41,57,15%,1.61,81,2%,,,29.69,73,0.5%,,,,,,,39.88,81,0.1%,,,,,,,,,,,,,,,,,4.19,81,1%,,,,,,,,,,,,,,,,,,,,,,,,,,,,,,,,,,,,,,,,,,,
CPRO 11434,10/18,ADHEFF AGROPEVA,G,REM A7,,,,92.47,39,1%,81.16,30,17%,3.50,29,5%,1.85,57,1%,,,29.51,45,0.5%,,,,,,,30.05,64,2%,,,,,,,,,,,,,,,,,4.58,46,0.5%,,,,,,,,,,,,,,,,,,,,,,,,,,,,,,,,,,,,,,,,,,,
BOA A1421,08/17,KENZO TERRA BOA,G,REMC 5326,,,,91.39,82,2%,95.81,79,0.1%,4.62,72,2%,1.13,87,7%,,,28.76,82,0.5%,,,,,,,23.55,86,5%,,,,,,,,,,,,,,,,,3.31,86,2%,,,,,,,,,,,,,,,,,,,,,,,,,,,,,,,,,,,,,,,,,,,
GREN B515,08/18,DIMITRI DA GREN.,G,COL 21517,,,,87.88,59,8%,93.68,53,0.5%,6.29,44,0.5%,1.48,71,3%,,,28.64,60,0.5%,,,,,,,27.57,71,2%,,,,,,,,,,,,,,,,,3.53,66,2%,,,,,,,,,,,,,,,,,,,,,,,,,,,,,,,,,,,,,,,,,,,
SINO 1730,01/19,EL ZORRERO SINO,G,REM A7,,,,87.13,70,10%,71.78,65,31%,1.79,56,26%,1.31,89,5%,,,28.33,79,0.5%,,,,,,,35.92,92,0.5%,,,,,,,,,,,,,,,,,4.91,92,0.5%,,,,,,,,,,,,,,,,,,,,,,,,,,,,,,,,,,,,,,,,,,,
AZAP 2549,08/18,SCUBA FIV DA BELA,G,REMC 9375,,,,90.16,71,3%,87.18,65,8%,2.20,56,19%,1.66,79,2%,,,28.29,70,0.5%,,,,,,,33.63,78,0.5%,,,,,,,,,,,,,,,,,3.21,77,2%,,,,,,,,,,,,,,,,,,,,,,,,,,,,,,,,,,,,,,,,,,,
JRBT B6061,11/16,MANDAO JR TAR,G,REMC 5326,,,,92.80,82,1%,94.32,79,0.5%,1.82,72,26%,1.72,88,2%,,,28.26,83,0.5%,,,,,,,25.31,88,4%,,,,,,,,,,,,,,,,,4.69,86,0.5%,,,,,,,,,,,,,,,,,,,,,,,,,,,,,,,,,,,,,,,,,,,
COLM 5053,12/17,RELOGIO COL,G,REMC 5326,,,,87.37,54,9%,90.31,48,4%,7.13,39,0.1%,1.75,67,2%,,,28.14,56,0.5%,,,,,,,30.00,66,2%,,,,,,,,,,,,,,,,,1.54,65,10%,,,,,,,,,,,,,,,,,,,,,,,,,,,,,,,,,,,,,,,,,,,
WKF 4,09/18,WKF4 ARABE,G,REMC 5326,,,,81.91,39,27%,88.66,35,6%,4.07,30,3%,1.20,72,6%,,,28.12,55,0.5%,,,,,,,30.27,78,2%,,,,,,,,,,,,,,,,,3.77,65,2%,,,,,,,,,,,,,,,,,,,,,,,,,,,,,,,,,,,,,,,,,,,
REMP 726,10/18,REM HUJALA FIV GEN AD,G,REM 8933,,,,75.91,71,50%,82.20,65,16%,3.09,56,8%,1.45,82,3%,,,27.89,74,0.5%,,,,,,,40.57,83,0.1%,,,,,,,,,,,,,,,,,1.24,83,13%,,,,,,,,,,,,,,,,,,,,,,,,,,,,,,,,,,,,,,,,,,,
MGLP 592,10/16,BAETI 38 FIV DA BACUR,G,REMC 5326,,,,92.25,65,1%,88.72,59,5%,1.39,50,35%,1.39,76,4%,,,27.80,67,1%,,,,,,,31.55,76,1%,,,,,,,,,,,,,,,,,3.18,75,3%,,,,,,,,,,,,,,,,,,,,,,,,,,,,,,,,,,,,,,,,,,,
MMVA 2510,12/17,GALACTICO DA JACAMIM,G,RDM 4153,,,,73.29,71,59%,88.90,66,5%,2.95,57,9%,1.07,79,8%,,,27.67,71,1%,,,,,,,38.81,78,0.1%,,,,,,,,,,,,,,,,,1.20,78,14%,,,,,,,,,,,,,,,,,,,,,,,,,,,,,,,,,,,,,,,,,,,
REMC A2199,09/18,REM HARDROCK GEN ADT,G,REM A149,,,,83.92,70,20%,87.50,65,7%,3.66,56,5%,1.83,82,1%,,,27.63,73,1%,,,,,,,31.04,83,1%,,,,,,,,,,,,,,,,,3.62,81,2%,,,,,,,,,,,,,,,,,,,,,,,,,,,,,,,,,,,,,,,,,,,
KAPM 6393,07/16,MAXIMO KA,G,REMC 5326,,,,89.22,71,5%,85.91,66,10%,4.13,58,3%,1.38,80,4%,,,27.56,72,1%,,,,,,,29.65,80,2%,,,,,,,,,,,,,,,,,2.46,78,5%,,,,,,,,,,,,,,,,,,,,,,,,,,,,,,,,,,,,,,,,,,,
ACNP 3165,07/17,BRUTHO J MACHADO,G,REMC 5326,,,,81.64,59,28%,92.91,53,1%,8.76,45,0.1%,1.72,74,2%,,,27.55,62,1%,,,,,,,28.78,74,2%,,,,,,,,,,,,,,,,,1.99,69,7%,,,,,,,,,,,,,,,,,,,,,,,,,,,,,,,,,,,,,,,,,,,
LCCF 440,08/17,COCHILO DA ARZ,G,REMC 5326,,,,80.79,31,31%,94.60,28,0.5%,2.99,26,9%,1.10,53,8%,,,27.44,42,1%,,,,,,,24.64,60,4%,,,,,,,,,,,,,,,,,4.80,49,0.5%,,,,,,,,,,,,,,,,,,,,,,,,,,,,,,,,,,,,,,,,,,,
HORA 2920,07/17,GOLD DA HORA,G,REMC 5326,,,,84.43,71,18%,85.55,66,10%,3.79,57,4%,1.55,80,3%,,,27.33,73,1%,,,,,,,30.07,82,2%,,,,,,,,,,,,,,,,,3.57,80,2%,,,,,,,,,,,,,,,,,,,,,,,,,,,,,,,,,,,,,,,,,,,
REM 10073,08/18,REM HOVER GEN ADT,G,REMC 9891,,,,85.33,54,15%,76.53,45,24%,5.19,37,1%,1.57,75,2%,,,27.25,61,1%,,,,,,,34.11,79,0.5%,,,,,,,,,,,,,,,,,3.05,69,3%,,,,,,,,,,,,,,,,,,,,,,,,,,,,,,,,,,,,,,,,,,,
REMP 816,10/18,REM HERMOSO FIV GEN A,G,REM A7,,,,88.41,71,6%,82.94,65,14%,1.97,57,23%,2.22,84,0.5%,,,27.23,78,1%,,,,,,,29.48,88,2%,,,,,,,,,,,,,,,,,2.23,89,6%,,,,,,,,,,,,,,,,,,,,,,,,,,,,,,,,,,,,,,,,,,,
KAPO 1981,11/17,NOBEL KA,G,KAPO 330,,,,85.24,71,15%,86.10,65,9%,1.08,56,43%,1.85,81,1%,,,27.12,73,1%,,,,,,,29.22,83,2%,,,,,,,,,,,,,,,,,2.87,79,3%,,,,,,,,,,,,,,,,,,,,,,,,,,,,,,,,,,,,,,,,,,,
REM A1576,08/17,REM GALO GENETICA ADI,G,REM A7,,,,85.38,74,15%,82.24,65,15%,1.52,63,32%,1.72,88,2%,,,27.11,79,1%,,,,,,,30.98,91,1%,,,,,,,,,,,,,,,,,4.05,89,1%,,,,,,,,,,,,,,,,,,,,,,,,,,,,,,,,,,,,,,,,,,,
PAU 3445,09/16,3445 FIV DA PAULETE,G,REMC 5326,,,,83.62,42,21%,85.27,38,11%,3.57,32,5%,1.65,56,2%,,,26.94,47,1%,,,,,,,30.34,59,2%,,,,,,,,,,,,,,,,,2.45,57,5%,,,,,,,,,,,,,,,,,,,,,,,,,,,,,,,,,,,,,,,,,,,
AZAN 2193,09/17,RAM DA BELA,G,BONS 2612,,,,78.42,71,41%,85.88,65,10%,1.45,57,34%,1.71,82,2%,,,26.90,75,1%,,,,,,,29.96,85,2%,,,,,,,,,,,,,,,,,3.95,82,1%,,,,,,,,,,,,,,,,,,,,,,,,,,,,,,,,,,,,,,,,,,,
RDM A1687,10/18,DEL DIABLO MAT.,G,REMC 5326,,,,84.59,60,17%,85.48,54,10%,5.81,45,0.5%,1.55,71,3%,,,26.85,60,1%,,,,,,,25.99,69,3%,,,,,,,,,,,,,,,,,3.15,69,3%,,,,,,,,,,,,,,,,,,,,,,,,,,,,,,,,,,,,,,,,,,,
MMVA 1270,09/16,CONVENCIDO FIV DA JAC,G,REMC 5326,,,,82.07,83,26%,90.97,79,3%,1.53,72,32%,0.84,87,13%,,,26.83,82,1%,,,,,,,29.01,86,2%,,,,,,,,,,,,,,,,,2.71,86,4%,,,,,,,,,,,,,,,,,,,,,,,,,,,,,,,,,,,,,,,,,,,
CPRO 11420,10/18,ARLITHO AGROPEVA,G,REM A149,,,,87.09,37,10%,90.43,28,3%,4.53,27,2%,1.63,55,2%,,,26.79,43,1%,,,,,,,26.25,63,3%,,,,,,,,,,,,,,,,,1.03,44,15%,,,,,,,,,,,,,,,,,,,,,,,,,,,,,,,,,,,,,,,,,,,
RDM A3064,09/19,ESTORIL  MAT.,G,BONS 3108,,,,87.38,71,9%,91.72,65,2%,2.31,56,17%,2.22,80,0.5%,,,26.76,74,1%,,,,,,,24.36,81,4%,,,,,,,,,,,,,,,,,3.53,79,2%,,,,,,,,,,,,,,,,,,,,,,,,,,,,,,,,,,,,,,,,,,,
REMC 9356,09/15,REM ESTOCOLMO,G,REMC 3462,,,,81.73,52,28%,82.83,44,15%,0.17,39,69%,0.68,64,18%,,,26.76,55,1%,,,,,,,34.00,65,0.5%,,,,,,,,,,,,,,,,,4.61,65,0.5%,,,,,,,,,,,,,,,,,,,,,,,,,,,,,,,,,,,,,,,,,,,
REM A1936,10/17,REM GARANTIDO,G,REM A7,,,,90.62,78,3%,70.68,65,32%,0.14,67,70%,2.32,91,0.5%,,,26.54,82,1%,,,,,,,28.44,94,2%,,,,,,,,,,,,,,,,,3.12,91,3%,,,,,,,,,,,,,,,,,,,,,,,,,,,,,,,,,,,,,,,,,,,
BRMG 2988,08/17,ACESSORIO DA BEABISA,G,REM 6447,,,,89.81,72,4%,77.58,67,22%,2.74,58,11%,1.94,80,1%,,,26.44,71,1%,,,,,,,29.21,78,2%,,,,,,,,,,,,,,,,,3.19,77,3%,,,,,,,,,,,,,,,,,,,,,,,,,,,,,,,,,,,,,,,,,,,
PAU 4382,10/18,ONIX DA PAULETE,G,REM 8933,,,,75.41,70,52%,88.60,65,6%,3.15,56,8%,1.15,79,7%,,,26.34,70,2%,,,,,,,32.92,78,0.5%,,,,,,,,,,,,,,,,,0.94,78,17%,,,,,,,,,,,,,,,,,,,,,,,,,,,,,,,,,,,,,,,,,,,
ACNP 3146,07/17,BELO J MACHADO,G,REMC 5326,,,,83.24,81,22%,94.40,66,0.5%,1.51,82,32%,1.81,93,1%,,,26.33,85,2%,,,,,,,29.19,95,2%,,,,,,,,,,,,,,,,,2.68,94,4%,,,,,,,,,,,,,,,,,,,,,,,,,,,,,,,,,,,,,,,,,,,
FSH B722,11/17,METEORO DP,G,MGL 1714,,,,87.54,55,8%,91.34,49,2%,0.79,39,51%,1.71,71,2%,,,26.31,60,2%,,,,,,,28.23,73,2%,,,,,,,,,,,,,,,,,2.45,66,5%,,,,,,,,,,,,,,,,,,,,,,,,,,,,,,,,,,,,,,,,,,,
REM 8301,11/12,REM BASCAO,,REM 4677,,,,83.67,37,20%,91.18,20,3%,2.37,27,16%,0.85,36,13%,,,26.30,40,2%,,,,,,,27.69,60,2%,,,,,,,,,,,,,,,,,2.95,36,3%,,,,,,,,,,,,,,,,,,,,,,,,,,,,,,,,,,,,,,,,,,,
MDLO 997,07/18,F997 DA MDLO,G,REMC 5326,,,,90.42,47,3%,89.79,42,4%,2.63,36,13%,1.10,62,8%,,,26.29,51,2%,,,,,,,22.58,63,6%,,,,,,,,,,,,,,,,,4.49,60,0.5%,,,,,,,,,,,,,,,,,,,,,,,,,,,,,,,,,,,,,,,,,,,
REM A1811,09/17,REM GLADIADOR GEN ADT,G,REMC 8332,,,,88.29,79,7%,82.21,65,16%,5.57,77,1%,1.29,91,5%,,,26.28,83,2%,,,,,,,27.87,93,2%,,,,,,,,,,,,,,,,,3.23,92,2%,,,,,,,,,,,,,,,,,,,,,,,,,,,,,,,,,,,,,,,,,,,
COL 25171,01/17,QUERIDO COL,G,REMC 5326,,,,86.18,70,12%,87.21,65,8%,4.17,56,3%,2.51,79,0.1%,,,26.24,70,2%,,,,,,,30.06,78,2%,,,,,,,,,,,,,,,,,1.73,77,9%,,,,,,,,,,,,,,,,,,,,,,,,,,,,,,,,,,,,,,,,,,,
CSCF 4553,12/17,4553 FIV DE NAV.,G,REMC 5326,,,,80.63,47,32%,91.15,42,3%,4.47,36,2%,1.47,67,3%,,,26.09,52,2%,,,,,,,29.00,67,2%,,,,,,,,,,,,,,,,,2.98,56,3%,,,,,,,,,,,,,,,,,,,,,,,,,,,,,,,,,,,,,,,,,,,
BONN 1954,08/16,QUILOMBO FIV BONS,G,REM 6447,,,,67.19,71,76%,83.21,66,14%,1.37,58,36%,1.72,81,2%,,,26.05,73,2%,,,,,,,34.25,82,0.5%,,,,,,,,,,,,,,,,,4.79,78,0.5%,,,,,,,,,,,,,,,,,,,,,,,,,,,,,,,,,,,,,,,,,,,
HORA 3471,08/18,HERCULES DA HORA,G,RDM 7794,,,,77.82,70,43%,90.01,65,4%,3.17,56,7%,1.41,80,4%,,,25.92,72,2%,,,,,,,28.37,81,2%,,,,,,,,,,,,,,,,,4.58,78,0.5%,,,,,,,,,,,,,,,,,,,,,,,,,,,,,,,,,,,,,,,,,,,
FSIM 2463,09/16,FSIM 2463,G,LEM 430,,,,79.95,37,35%,84.43,32,12%,1.17,25,41%,1.45,56,3%,,,25.88,44,2%,,,,,,,29.19,58,2%,,,,,,,,,,,,,,,,,4.48,54,0.5%,,,,,,,,,,,,,,,,,,,,,,,,,,,,,,,,,,,,,,,,,,,
LCCF 619,12/18,DAROZ DA ARZ,G,REM 9852,,,,87.94,70,8%,80.55,65,18%,3.40,55,6%,0.55,80,23%,,,25.82,72,2%,,,,,,,25.08,81,4%,,,,,,,,,,,,,,,,,6.19,78,0.1%,,,,,,,,,,,,,,,,,,,,,,,,,,,,,,,,,,,,,,,,,,,
API 3787,09/16,ARMADOR FIV DO API,G,REMC 5326,,,,85.02,65,16%,92.02,59,2%,1.93,50,23%,1.45,74,3%,,,25.82,66,2%,,,,,,,28.25,74,2%,,,,,,,,,,,,,,,,,2.29,73,6%,,,,,,,,,,,,,,,,,,,,,,,,,,,,,,,,,,,,,,,,,,,
RDM 6022,09/12,SARTRE MAT.,G,LBMN C8288,,,,88.50,65,6%,88.65,55,6%,3.29,51,7%,0.41,75,30%,,,25.81,67,2%,,,,,,,28.25,78,2%,,,,,,,,,,,,,,,,,2.92,78,3%,,,,,,,,,,,,,,,,,,,,,,,,,,,,,,,,,,,,,,,,,,,
GRI B6777,07/17,B6777 DA S.NICE,G,REMC 5326,,,,76.22,71,49%,86.97,66,8%,6.71,57,0.5%,1.34,82,4%,,,25.78,76,2%,,,,,,,24.48,84,4%,,,,,,,,,,,,,,,,,3.82,83,1%,,,,,,,,,,,,,,,,,,,,,,,,,,,,,,,,,,,,,,,,,,,
REMC A223,08/16,REM FORMOSO,G,REMC 5326,,,,90.30,76,3%,87.53,66,7%,1.85,70,25%,1.39,87,4%,,,25.71,80,2%,,,,,,,28.22,91,2%,,,,,,,,,,,,,,,,,2.07,86,7%,,,,,,,,,,,,,,,,,,,,,,,,,,,,,,,,,,,,,,,,,,,
AIA A8692,09/09,TIGRE DA JANDAIA,,CEN 3120,,,,88.32,61,7%,89.12,55,5%,2.96,59,9%,0.33,84,34%,,,25.68,69,2%,,,,,,,25.26,88,4%,,,,,,,,,,,,,,,,,3.80,63,2%,,,,,,,,,,,,,,,,,,,,,,,,,,,,,,,,,,,,,,,,,,,
HORA 3631,10/18,HULK TE DA HORA,G,REM 8747,,,,83.79,70,20%,82.97,66,14%,3.04,56,8%,1.27,79,5%,,,25.67,71,2%,,,,,,,26.48,79,3%,,,,,,,,,,,,,,,,,3.84,77,1%,,,,,,,,,,,,,,,,,,,,,,,,,,,,,,,,,,,,,,,,,,,
BRMG 3442,09/18,AMIM DA BEABISA,G,REM 6447,,,,81.32,62,29%,77.42,56,23%,2.80,47,11%,1.51,73,3%,,,25.67,62,2%,,,,,,,28.88,71,2%,,,,,,,,,,,,,,,,,3.66,69,2%,,,,,,,,,,,,,,,,,,,,,,,,,,,,,,,,,,,,,,,,,,,
REMC A495,08/16,REM FARTALEGO,G,REMC 5326,,,,80.26,60,34%,85.07,55,11%,4.19,47,3%,0.87,72,13%,,,25.67,61,2%,,,,,,,27.25,70,3%,,,,,,,,,,,,,,,,,3.85,67,1%,,,,,,,,,,,,,,,,,,,,,,,,,,,,,,,,,,,,,,,,,,,
REM A2065,10/17,REM GPS,G,REM 6447,,,,73.09,73,60%,78.86,66,21%,1.66,59,29%,0.96,83,10%,,,25.64,76,2%,,,,,,,30.85,85,1%,,,,,,,,,,,,,,,,,5.47,85,0.1%,,,,,,,,,,,,,,,,,,,,,,,,,,,,,,,,,,,,,,,,,,,
FVCP 551,08/16,LIDER FIV FVC,G,FVC 8596,,,,87.04,82,10%,91.97,79,2%,1.00,72,45%,1.70,88,2%,,,25.62,82,2%,,,,,,,28.53,87,2%,,,,,,,,,,,,,,,,,1.16,87,14%,,,,,,,,,,,,,,,,,,,,,,,,,,,,,,,,,,,,,,,,,,,
RSAN 7598,10/16,ZAFIR RSAN,G,MNS 3981,,,,89.73,82,4%,92.18,79,2%,4.66,72,2%,1.73,87,2%,,,25.60,82,2%,,,,,,,18.27,86,12%,,,,,,,,,,,,,,,,,3.91,86,1%,,,,,,,,,,,,,,,,,,,,,,,,,,,,,,,,,,,,,,,,,,,
FBFM 8950,09/18,PORTO DO BATUQUE,G,FBFM 6505,,,,87.39,70,9%,94.63,65,0.5%,3.04,56,8%,1.02,85,9%,,,25.60,76,2%,,,,,,,21.40,87,7%,,,,,,,,,,,,,,,,,3.13,84,3%,,,,,,,,,,,,,,,,,,,,,,,,,,,,,,,,,,,,,,,,,,,
GSAB 6904,12/17,BARON FIV DA AFB,G,RDM 6023,,,,79.80,51,35%,84.23,45,12%,1.12,37,42%,1.35,65,4%,,,25.60,54,2%,,,,,,,31.21,64,1%,,,,,,,,,,,,,,,,,3.59,65,2%,,,,,,,,,,,,,,,,,,,,,,,,,,,,,,,,,,,,,,,,,,,
REMC 9185,08/15,REM EL ESPANHOL,G,REMC 5326,,,,92.92,73,1%,84.39,66,12%,2.77,60,11%,1.10,83,8%,,,25.41,76,2%,,,,,,,22.58,85,6%,,,,,,,,,,,,,,,,,6.18,83,0.1%,,,,,,,,,,,,,,,,,,,,,,,,,,,,,,,,,,,,,,,,,,,
RDM 9978,07/17,CACIQUE MAT.,G,REMC 5326,,,,78.87,83,39%,92.83,79,1%,0.96,72,46%,1.55,88,3%,,,25.26,83,2%,,,,,,,23.18,88,5%,,,,,,,,,,,,,,,,,3.02,87,3%,,,,,,,,,,,,,,,,,,,,,,,,,,,,,,,,,,,,,,,,,,,
KAPO 1721,09/17,NEOGEN KA,G,KAPM 1683,,,,91.17,70,2%,85.39,65,11%,5.32,56,1%,1.48,80,3%,,,25.23,73,2%,,,,,,,23.33,83,5%,,,,,,,,,,,,,,,,,2.16,80,6%,,,,,,,,,,,,,,,,,,,,,,,,,,,,,,,,,,,,,,,,,,,
REMC 9492,09/15,REM EGGEU,G,REM 6447,,,,83.50,53,21%,90.22,45,4%,2.91,41,10%,1.08,69,8%,,,25.22,58,2%,,,,,,,22.99,71,6%,,,,,,,,,,,,,,,,,3.84,65,1%,,,,,,,,,,,,,,,,,,,,,,,,,,,,,,,,,,,,,,,,,,,
JCGG 12680,10/18,JG-12680 DA AGUA FRIA,G,MNS 3981,,,,80.20,52,34%,93.47,46,1%,5.45,39,1%,1.80,67,1%,,,25.21,54,2%,,,,,,,20.97,65,8%,,,,,,,,,,,,,,,,,4.35,63,1%,,,,,,,,,,,,,,,,,,,,,,,,,,,,,,,,,,,,,,,,,,,
CVCV 21138,08/17,DOMINIO DE CV,G,79.72,,,,71,36%,88.91,65,5%,2.88,55,10%,28.02,81,9%,4.29,,,72,2%,,,,,,,,81,2%,1.04,,,,,,,,,,,,,,,,,75,1%,25.16,,,,,,,,,,,,,,,,,,,,,,,,,,,,,,,,,,,,,,,,,,,
BINO 7342,11/16,XMUW DO BINO,G,RDM 4153,,,,86.93,58,10%,80.16,53,19%,1.53,44,32%,0.94,72,11%,,,25.12,61,2%,,,,,,,30.85,71,1%,,,,,,,,,,,,,,,,,0.92,71,17%,,,,,,,,,,,,,,,,,,,,,,,,,,,,,,,,,,,,,,,,,,,
REMC A1911,08/18,REM HEROS GEN ADT,G,REM A7,,,,87.23,71,9%,90.27,65,4%,5.77,56,0.5%,1.30,79,5%,,,25.10,71,2%,,,,,,,24.03,79,5%,,,,,,,,,,,,,,,,,1.23,77,13%,,,,,,,,,,,,,,,,,,,,,,,,,,,,,,,,,,,,,,,,,,,
RDM A1575,09/18,DODGE MAT.,G,RDM 5049,,,,84.21,71,19%,84.03,66,13%,2.20,56,19%,0.28,84,38%,,,25.06,76,2%,,,,,,,29.68,87,2%,,,,,,,,,,,,,,,,,1.25,86,13%,,,,,,,,,,,,,,,,,,,,,,,,,,,,,,,,,,,,,,,,,,,
REM 8933,10/13,REM CALDONEGRO,G,REM 5589,,,,78.19,90,42%,82.37,70,15%,3.44,85,6%,0.91,92,12%,,,25.01,87,2%,,,,,,,31.97,95,1%,,,,,,,,,,,,,,,,,0.34,92,26%,,,,,,,,,,,,,,,,,,,,,,,,,,,,,,,,,,,,,,,,,,,
REM A7,08/15,REM ESPIAO007,G,REMC 5809,,,,90.23,86,3%,76.08,65,24%,2.51,82,14%,2.11,93,0.5%,,,24.97,86,2%,,,,,,,26.13,95,3%,,,,,,,,,,,,,,,,,1.73,94,9%,,,,,,,,,,,,,,,,,,,,,,,,,,,,,,,,,,,,,,,,,,,
RDM A1196,08/18,DON QUIXOTE MAT.,G,BRMG 2299,,,,84.90,71,16%,82.59,65,15%,1.74,56,27%,1.52,88,3%,,,24.96,78,2%,,,,,,,30.05,91,2%,,,,,,,,,,,,,,,,,2.56,85,4%,,,,,,,,,,,,,,,,,,,,,,,,,,,,,,,,,,,,,,,,,,,
RDM A7,07/17,CANOEIRO MAT.,G,REMC 5326,,,,88.11,54,7%,91.72,47,2%,1.13,40,42%,0.51,65,25%,,,24.95,56,2%,,,,,,,25.09,65,4%,,,,,,,,,,,,,,,,,1.85,67,8%,,,,,,,,,,,,,,,,,,,,,,,,,,,,,,,,,,,,,,,,,,,
JCGG 6461,08/14,JG-6461 DA AGUA FRIA,G,IZSN A977,,,,88.47,54,6%,74.81,49,26%,1.68,42,29%,0.17,69,46%,,,24.93,57,2%,,,,,,,30.81,67,1%,,,,,,,,,,,,,,,,,3.83,65,1%,,,,,,,,,,,,,,,,,,,,,,,,,,,,,,,,,,,,,,,,,,,
FPO 2683,11/16,TNT,G,MNS 3981,,,,86.44,82,11%,86.49,66,9%,0.75,71,52%,1.39,90,4%,,,24.92,83,2%,,,,,,,27.52,93,2%,,,,,,,,,,,,,,,,,1.81,91,8%,,,,,,,,,,,,,,,,,,,,,,,,,,,,,,,,,,,,,,,,,,,
REMC 9795,10/15,REM ESTICK,G,REMC 5326,,,,85.33,60,15%,93.46,55,1%,1.41,48,35%,2.19,73,0.5%,,,24.89,64,2%,,,,,,,17.88,76,13%,,,,,,,,,,,,,,,,,4.06,68,1%,,,,,,,,,,,,,,,,,,,,,,,,,,,,,,,,,,,,,,,,,,,
API 3809,09/16,ARMADOR DO API,G,REMC 5326,,,,73.73,63,58%,85.59,57,10%,3.39,48,6%,1.54,74,3%,,,24.85,64,2%,,,,,,,29.80,73,2%,,,,,,,,,,,,,,,,,5.35,73,0.5%,,,,,,,,,,,,,,,,,,,,,,,,,,,,,,,,,,,,,,,,,,,
CSCQ 106,10/18,UJALA FIV DE NAVIRAI,G,CSCN 14945,,,,76.95,70,46%,87.55,65,7%,0.94,55,47%,1.26,79,5%,,,24.82,71,2%,,,,,,,25.95,79,3%,,,,,,,,,,,,,,,,,5.29,77,0.5%,,,,,,,,,,,,,,,,,,,,,,,,,,,,,,,,,,,,,,,,,,,
RSZK 1817,08/16,GUERREAR DO ZANCA,G,REM 6447,,,,82.15,58,26%,89.59,52,4%,3.34,44,6%,1.43,72,3%,,,24.81,60,2%,,,,,,,22.72,71,6%,,,,,,,,,,,,,,,,,3.70,67,2%,,,,,,,,,,,,,,,,,,,,,,,,,,,,,,,,,,,,,,,,,,,
CSCR 1135,09/17,TAJ FIV DE NAVIRAI,G,CSCN 14076,,,,76.23,73,49%,75.01,65,26%,2.22,58,18%,1.33,82,4%,,,24.61,74,2%,,,,,,,33.38,83,0.5%,,,,,,,,,,,,,,,,,1.23,80,13%,,,,,,,,,,,,,,,,,,,,,,,,,,,,,,,,,,,,,,,,,,,
REM A1117,10/16,REM FOX,G,REM 8747,,,,77.14,48,46%,90.39,42,3%,1.35,36,36%,0.32,64,35%,,,24.60,52,2%,,,,,,,29.66,64,2%,,,,,,,,,,,,,,,,,2.42,64,5%,,,,,,,,,,,,,,,,,,,,,,,,,,,,,,,,,,,,,,,,,,,
RDM 9046,08/16,BANDOLEIRO MAT.,,RDM 7142,,,,80.84,23,31%,82.82,15,15%,1.18,20,41%,1.39,58,4%,,,24.59,41,2%,,,,,,,31.20,68,1%,,,,,,,,,,,,,,,,,2.41,56,5%,,,,,,,,,,,,,,,,,,,,,,,,,,,,,,,,,,,,,,,,,,,
REMC 5326,08/11,REM ARMADOR,G,REMC 3462,,,,88.10,94,7%,90.72,92,3%,2.52,94,14%,1.54,97,3%,,,24.52,95,3%,,,,,,,20.23,97,9%,,,,,,,,,,,,,,,,,3.29,97,2%,,,,,,,,,,,,,,,,,,,,,,,,,,,,,,,,,,,,,,,,,,,
COL 24926,11/16,QUICKMAN FIV COL,G,REMC 5326,,,,95.50,72,0.1%,87.70,66,7%,3.33,58,6%,1.82,83,1%,,,24.42,76,3%,,,,,,,17.95,85,13%,,,,,,,,,,,,,,,,,2.14,83,6%,,,,,,,,,,,,,,,,,,,,,,,,,,,,,,,,,,,,,,,,,,,
REMC 8332,09/14,REM DULLDOG,G,REMC 5326,,,,75.53,87,52%,82.74,66,15%,1.77,80,27%,1.53,93,3%,,,24.41,86,3%,,,,,,,26.87,95,3%,,,,,,,,,,,,,,,,,3.35,93,2%,,,,,,,,,,,,,,,,,,,,,,,,,,,,,,,,,,,,,,,,,,,
RDM A1335,08/18,DAMASCO MAT.,G,BRMG 2299,,,,88.47,70,6%,83.97,65,13%,3.69,56,5%,2.14,88,0.5%,,,24.39,78,3%,,,,,,,21.51,91,7%,,,,,,,,,,,,,,,,,3.54,89,2%,,,,,,,,,,,,,,,,,,,,,,,,,,,,,,,,,,,,,,,,,,,
ASM 3210,11/16,MHATAO DO S.MEU,G,MNS 3981,,,,81.78,70,28%,89.97,66,4%,2.84,56,10%,2.11,79,0.5%,,,24.35,70,3%,,,,,,,24.81,78,4%,,,,,,,,,,,,,,,,,2.33,77,5%,,,,,,,,,,,,,,,,,,,,,,,,,,,,,,,,,,,,,,,,,,,
BRMG 2243,12/14,TUCUM DA BEABISA,G,REMC 5326,,,,91.09,53,2%,83.46,48,14%,3.54,41,5%,0.39,68,31%,,,24.34,57,3%,,,,,,,26.15,69,3%,,,,,,,,,,,,,,,,,2.52,63,5%,,,,,,,,,,,,,,,,,,,,,,,,,,,,,,,,,,,,,,,,,,,
COL 24723,08/16,QATAR FIV COL,G,REMC 5326,,,,86.86,46,10%,88.42,36,6%,2.44,33,15%,0.52,62,24%,,,24.25,51,3%,,,,,,,25.28,64,4%,,,,,,,,,,,,,,,,,2.41,64,5%,,,,,,,,,,,,,,,,,,,,,,,,,,,,,,,,,,,,,,,,,,,
REM A2332,11/17,REM GUAXUPE FIV,G,REMC 8332,,,,77.08,80,46%,82.43,76,15%,2.83,69,10%,0.35,86,33%,,,24.17,80,3%,,,,,,,28.98,85,2%,,,,,,,,,,,,,,,,,1.74,85,9%,,,,,,,,,,,,,,,,,,,,,,,,,,,,,,,,,,,,,,,,,,,
COL 23568,12/14,OPERARIO COL,G,REM 5531,,,,79.98,75,35%,86.82,66,8%,5.92,62,0.5%,1.20,88,6%,,,24.11,79,3%,,,,,,,24.12,91,5%,,,,,,,,,,,,,,,,,2.02,88,7%,,,,,,,,,,,,,,,,,,,,,,,,,,,,,,,,,,,,,,,,,,,
XIKU 2789,05/15,2789,G,REMC 5326,,,,93.07,59,0.5%,89.26,50,5%,2.29,44,17%,1.99,70,0.5%,,,24.04,60,3%,,,,,,,19.82,71,10%,,,,,,,,,,,,,,,,,1.18,70,14%,,,,,,,,,,,,,,,,,,,,,,,,,,,,,,,,,,,,,,,,,,,
KAPM 5886,10/15,LOGAN KA,G,KAPM 1905,,,,68.45,73,73%,81.07,65,17%,2.24,61,18%,0.95,82,11%,,,24.01,74,3%,,,,,,,31.91,83,1%,,,,,,,,,,,,,,,,,1.73,80,9%,,,,,,,,,,,,,,,,,,,,,,,,,,,,,,,,,,,,,,,,,,,
HORA 2746,09/16,2746 DA HORA,G,REMC 5326,,,,87.93,83,8%,87.82,79,7%,2.43,73,15%,1.74,87,2%,,,23.97,82,3%,,,,,,,25.34,87,4%,,,,,,,,,,,,,,,,,2.16,86,6%,,,,,,,,,,,,,,,,,,,,,,,,,,,,,,,,,,,,,,,,,,,
FBFM 7461,09/16,NORTE DO BATUQUE,G,REMC 5326,,,,76.39,83,48%,87.61,79,7%,5.12,73,1%,1.10,88,8%,,,23.95,83,3%,,,,,,,23.10,88,6%,,,,,,,,,,,,,,,,,4.31,87,1%,,,,,,,,,,,,,,,,,,,,,,,,,,,,,,,,,,,,,,,,,,,
SOAL 2538,08/14,CARTUCHO DA 3A,G,REMC 3462,,,,79.36,82,37%,75.45,79,25%,2.19,72,19%,1.13,87,7%,,,23.90,82,3%,,,,,,,30.40,87,1%,,,,,,,,,,,,,,,,,2.23,86,6%,,,,,,,,,,,,,,,,,,,,,,,,,,,,,,,,,,,,,,,,,,,
SOAL 4939,07/18,4939 FIV DA 3A,G,REMC 5326,,,,60.19,70,87%,85.49,66,10%,4.45,56,2%,0.88,79,12%,,,23.89,70,3%,,,,,,,29.69,78,2%,,,,,,,,,,,,,,,,,4.03,77,1%,,,,,,,,,,,,,,,,,,,,,,,,,,,,,,,,,,,,,,,,,,,
KAPM 8386,09/18,OSMIO KA,G,REM 6447,,,,90.87,71,3%,92.09,66,2%,0.43,56,61%,1.18,79,6%,,,23.87,73,3%,,,,,,,25.91,82,3%,,,,,,,,,,,,,,,,,0.40,80,24%,,,,,,,,,,,,,,,,,,,,,,,,,,,,,,,,,,,,,,,,,,,
FVC 9681,08/14,MUTRECO FVC,G,MNS 3981,,,,81.09,85,30%,79.75,66,19%,2.54,70,14%,1.33,84,4%,,,23.71,81,3%,,,,,,,27.85,92,2%,,,,,,,,,,,,,,,,,2.42,82,5%,,,,,,,,,,,,,,,,,,,,,,,,,,,,,,,,,,,,,,,,,,,
CSCN 17572,07/18,UZI DE NAVIRAI,G,MNS 3981,,,,80.51,70,33%,91.63,66,2%,3.81,56,4%,1.14,82,7%,,,23.68,75,3%,,,,,,,23.16,85,5%,,,,,,,,,,,,,,,,,2.09,81,7%,,,,,,,,,,,,,,,,,,,,,,,,,,,,,,,,,,,,,,,,,,,
FVC 12301,07/17,QLT-REVOLVER FIV FVC,G,REMC 5326,,,,89.17,58,5%,89.77,52,4%,1.12,46,42%,0.77,73,15%,,,23.67,62,3%,,,,,,,20.60,75,8%,,,,,,,,,,,,,,,,,3.80,69,2%,,,,,,,,,,,,,,,,,,,,,,,,,,,,,,,,,,,,,,,,,,,
RDM 9969,07/17,COIOTE MAT.,G,REMC 5326,,,,85.12,82,15%,89.74,79,4%,1.26,73,39%,0.71,88,17%,,,23.63,83,3%,,,,,,,22.83,89,6%,,,,,,,,,,,,,,,,,2.76,87,4%,,,,,,,,,,,,,,,,,,,,,,,,,,,,,,,,,,,,,,,,,,,
KAPO 1596,08/17,NOMAHA KA,G,REMC 5326,,,,88.25,71,7%,91.75,66,2%,1.52,57,32%,1.82,80,1%,,,23.63,72,3%,,,,,,,22.31,80,6%,,,,,,,,,,,,,,,,,1.12,77,14%,,,,,,,,,,,,,,,,,,,,,,,,,,,,,,,,,,,,,,,,,,,
FVC 11437,09/16,EURO FVC,G,RDM 5049,,,,82.39,82,25%,77.91,79,22%,0.33,72,64%,1.04,87,9%,,,23.62,82,3%,,,,,,,31.17,86,1%,,,,,,,,,,,,,,,,,1.74,86,9%,,,,,,,,,,,,,,,,,,,,,,,,,,,,,,,,,,,,,,,,,,,
GREN A8787,12/17,SUPREMO DA GREN,G,LBMN D4685,,,,87.23,52,9%,87.26,45,8%,4.07,39,3%,1.01,74,9%,,,23.62,58,3%,,,,,,,18.65,76,12%,,,,,,,,,,,,,,,,,2.51,58,5%,,,,,,,,,,,,,,,,,,,,,,,,,,,,,,,,,,,,,,,,,,,
REM A1246,11/16,REM FIGURAO,G,REM 8933,,,,83.14,71,22%,81.96,65,16%,2.16,57,19%,1.30,80,5%,,,23.61,71,3%,,,,,,,23.75,80,5%,,,,,,,,,,,,,,,,,0.71,80,20%,,,,,,,,,,,,,,,,,,,,,,,,,,,,,,,,,,,,,,,,,,,
XIKU 5046,05/18,DORAVANTE,G,REM 8747,,,,89.13,50,5%,81.83,44,16%,0.74,36,53%,2.07,63,0.5%,,,23.61,56,3%,,,,,,,23.71,70,5%,,,,,,,,,,,,,,,,,4.28,70,1%,,,,,,,,,,,,,,,,,,,,,,,,,,,,,,,,,,,,,,,,,,,
GRI B7595,11/17,B7595 FIV DA S.NICE,G,REMC 5326,,,,83.26,51,22%,87.77,42,7%,1.01,38,45%,1.06,60,8%,,,23.58,52,3%,,,,,,,26.02,61,3%,,,,,,,,,,,,,,,,,3.66,64,2%,,,,,,,,,,,,,,,,,,,,,,,,,,,,,,,,,,,,,,,,,,,
KAPM 4747,09/14,KOSAK KA,G,COL A6879,,,,80.74,82,32%,85.37,79,11%,3.80,72,4%,0.98,87,10%,,,23.55,81,3%,,,,,,,24.36,86,4%,,,,,,,,,,,,,,,,,4.07,86,1%,,,,,,,,,,,,,,,,,,,,,,,,,,,,,,,,,,,,,,,,,,,
MDLO 967,07/18,FALCÃO NEGRO DA MDLO,G,REM 8933,,,,86.77,70,10%,80.67,65,18%,2.58,56,13%,1.39,79,4%,,,23.55,71,3%,,,,,,,23.26,78,5%,,,,,,,,,,,,,,,,,1.57,77,10%,,,,,,,,,,,,,,,,,,,,,,,,,,,,,,,,,,,,,,,,,,,
REM A1553,08/17,REM GURU,G,REMC 8332,,,,77.63,74,44%,78.53,65,21%,4.64,62,2%,1.61,89,2%,,,23.51,80,3%,,,,,,,22.10,93,7%,,,,,,,,,,,,,,,,,4.52,89,0.5%,,,,,,,,,,,,,,,,,,,,,,,,,,,,,,,,,,,,,,,,,,,
CSCQ 142,10/18,UNIVERSO FIV DE NAVIR,G,BRMG 2299,,,,74.95,52,54%,81.49,43,17%,6.25,40,0.5%,0.75,75,16%,,,23.51,60,3%,,,,,,,21.47,79,7%,,,,,,,,,,,,,,,,,3.23,63,2%,,,,,,,,,,,,,,,,,,,,,,,,,,,,,,,,,,,,,,,,,,,
SAGA 2984,08/13,2984 SAGA,G,REM 5589,,,,84.46,48,18%,82.79,46,15%,4.25,50,3%,1.57,78,2%,,,23.45,62,3%,,,,,,,20.92,81,8%,,,,,,,,,,,,,,,,,1.96,64,7%,,,,,,,,,,,,,,,,,,,,,,,,,,,,,,,,,,,,,,,,,,,
FSH B123,09/16,LIDER DP,G,78.89,,,,73,39%,73.83,65,28%,1.00,59,45%,26.82,85,14%,4.81,,,75,3%,,,,,,,,86,3%,0.82,,,,,,,,,,,,,,,,,79,0.5%,23.41,,,,,,,,,,,,,,,,,,,,,,,,,,,,,,,,,,,,,,,,,,,
FSH A9922,11/15,KALYAN DP,G,REM 6447,,,,89.71,71,4%,66.41,66,40%,3.36,57,6%,0.97,81,10%,,,23.41,74,3%,,,,,,,27.81,83,2%,,,,,,,,,,,,,,,,,2.76,79,4%,,,,,,,,,,,,,,,,,,,,,,,,,,,,,,,,,,,,,,,,,,,
EAO A748,08/14,TRUNFO FIV DA EAO,G,IZSN A977,,,,76.43,73,48%,87.47,66,7%,2.71,60,12%,0.24,81,40%,,,23.37,73,3%,,,,,,,23.09,81,6%,,,,,,,,,,,,,,,,,3.51,80,2%,,,,,,,,,,,,,,,,,,,,,,,,,,,,,,,,,,,,,,,,,,,
REM A149,09/15,REM EMBAIXADOR,G,REMC 5326,,,,88.70,79,6%,79.58,66,19%,1.97,68,23%,2.89,89,0.1%,,,23.36,81,3%,,,,,,,24.31,91,4%,,,,,,,,,,,,,,,,,0.75,90,19%,,,,,,,,,,,,,,,,,,,,,,,,,,,,,,,,,,,,,,,,,,,
REM 7177,11/11,REM ALTOASTRAL,G,REM 4339,,,,86.64,81,11%,84.18,74,12%,3.54,75,5%,0.72,90,17%,,,23.33,84,3%,,,,,,,23.73,92,5%,,,,,,,,,,,,,,,,,0.01,89,34%,,,,,,,,,,,,,,,,,,,,,,,,,,,,,,,,,,,,,,,,,,,
REM 10216,08/18,REM HUNTER GEN ADT,G,REM A7,,,,86.98,71,10%,84.53,65,12%,1.82,56,26%,1.87,81,1%,,,23.33,74,3%,,,,,,,23.66,83,5%,,,,,,,,,,,,,,,,,2.55,82,4%,,,,,,,,,,,,,,,,,,,,,,,,,,,,,,,,,,,,,,,,,,,
CVCV 19331,08/16,COMODORO DE CV,G,REMC 5326,,,,81.61,75,28%,79.30,66,20%,3.74,62,4%,0.73,86,17%,,,23.31,77,3%,,,,,,,24.16,88,5%,,,,,,,,,,,,,,,,,3.81,76,2%,,,,,,,,,,,,,,,,,,,,,,,,,,,,,,,,,,,,,,,,,,,
CJCJ 10873,09/16,CJ SANT ANNA 10873,,REMC 5326,,,,83.01,15,23%,88.35,19,6%,3.03,29,9%,1.17,27,6%,,,23.31,43,3%,,,,,,,17.83,70,13%,,,,,,,,,,,,,,,,,2.48,68,5%,,,,,,,,,,,,,,,,,,,,,,,,,,,,,,,,,,,,,,,,,,,
XIKU 5026,12/17,CAROH,G,REM 6447,,,,88.38,41,7%,91.06,36,3%,0.65,31,55%,1.88,56,1%,,,23.21,50,4%,,,,,,,14.31,64,21%,,,,,,,,,,,,,,,,,4.18,63,1%,,,,,,,,,,,,,,,,,,,,,,,,,,,,,,,,,,,,,,,,,,,
CVCV 23139,08/18,ENCARTE DE CV,G,REMC 8332,,,,79.15,71,38%,84.99,65,11%,3.96,56,4%,1.08,80,8%,,,23.12,71,4%,,,,,,,24.16,79,5%,,,,,,,,,,,,,,,,,1.99,76,7%,,,,,,,,,,,,,,,,,,,,,,,,,,,,,,,,,,,,,,,,,,,
BOM 2849,08/16,HIDROGENIO DA BOTICAO,G,REM 5531,,,,80.11,55,34%,85.21,50,11%,0.32,42,64%,0.73,70,17%,,,23.09,58,4%,,,,,,,25.04,71,4%,,,,,,,,,,,,,,,,,1.99,62,7%,,,,,,,,,,,,,,,,,,,,,,,,,,,,,,,,,,,,,,,,,,,
FCCH 826,10/15,DRONE DA CACHOEIRAO,,REMC 5326,,,,89.83,31,4%,89.88,20,4%,1.65,26,29%,1.64,40,2%,,,23.08,41,4%,,,,,,,20.72,62,8%,,,,,,,,,,,,,,,,,2.29,43,6%,,,,,,,,,,,,,,,,,,,,,,,,,,,,,,,,,,,,,,,,,,,
MGLP 505,10/15,AETÉ 24 DA BACURI,G,REMC 5326,,,,86.86,62,10%,85.93,52,10%,1.75,47,27%,0.92,74,11%,,,23.07,64,4%,,,,,,,22.39,76,6%,,,,,,,,,,,,,,,,,2.68,73,4%,,,,,,,,,,,,,,,,,,,,,,,,,,,,,,,,,,,,,,,,,,,
MGL 2283,12/17,CABURE 43 FIV DA BACU,G,REMC 5326,,,,80.84,60,31%,91.01,54,3%,0.48,45,60%,0.61,71,21%,,,23.06,61,4%,,,,,,,22.58,70,6%,,,,,,,,,,,,,,,,,1.94,69,8%,,,,,,,,,,,,,,,,,,,,,,,,,,,,,,,,,,,,,,,,,,,
CAMT 7436,01/18,PREDADOR TE MAFRA,G,REMC 5326,,,,80.73,66,32%,85.50,61,10%,1.76,52,27%,1.25,76,5%,,,23.03,68,4%,,,,,,,25.14,77,4%,,,,,,,,,,,,,,,,,2.25,73,6%,,,,,,,,,,,,,,,,,,,,,,,,,,,,,,,,,,,,,,,,,,,
REM A1763,09/17,REM GIBARRA,G,REMC 5326,,,,88.31,60,7%,93.14,54,1%,3.34,45,6%,1.28,72,5%,,,22.94,62,4%,,,,,,,14.42,73,21%,,,,,,,,,,,,,,,,,2.53,67,5%,,,,,,,,,,,,,,,,,,,,,,,,,,,,,,,,,,,,,,,,,,,
JRBT B7392,08/18,BATHAK JR TAR,G,REM A7,,,,84.50,49,18%,80.07,41,19%,2.38,36,16%,1.09,66,8%,,,22.81,53,4%,,,,,,,23.12,67,6%,,,,,,,,,,,,,,,,,0.99,59,16%,,,,,,,,,,,,,,,,,,,,,,,,,,,,,,,,,,,,,,,,,,,
JHVM 17941,11/18,DON JUAN FIV CAMPARIN,G,JHVM 12659,,,,71.83,70,64%,77.21,65,23%,4.07,56,3%,1.02,79,9%,,,22.79,71,4%,,,,,,,30.57,78,1%,,,,,,,,,,,,,,,,,0.94,80,17%,,,,,,,,,,,,,,,,,,,,,,,,,,,,,,,,,,,,,,,,,,,
REM A868,08/16,REM FACEIAO,G,REM 6447,,,,73.33,63,59%,88.25,57,6%,5.54,47,1%,0.95,75,11%,,,22.78,64,4%,,,,,,,20.19,74,9%,,,,,,,,,,,,,,,,,3.65,69,2%,,,,,,,,,,,,,,,,,,,,,,,,,,,,,,,,,,,,,,,,,,,
GRI B7360,11/17,B7360 FIV DA S.NICE,G,REMC 5326,,,,76.29,45,49%,90.32,35,4%,6.40,33,0.5%,1.23,59,6%,,,22.77,50,4%,,,,,,,20.27,63,9%,,,,,,,,,,,,,,,,,2.89,66,3%,,,,,,,,,,,,,,,,,,,,,,,,,,,,,,,,,,,,,,,,,,,
AIA B4542,10/15,EQUADOR DA JANDAIA,,REMC 5326,,,,82.41,20,25%,88.83,20,5%,3.09,21,8%,1.62,69,2%,,,22.71,42,4%,,,,,,,20.66,69,8%,,,,,,,,,,,,,,,,,1.31,45,12%,,,,,,,,,,,,,,,,,,,,,,,,,,,,,,,,,,,,,,,,,,,
REM A159,09/15,REM EIXOO,G,REM 7121,,,,90.25,72,3%,75.36,66,25%,4.15,57,3%,1.04,81,9%,,,22.69,73,4%,,,,,,,19.30,81,10%,,,,,,,,,,,,,,,,,3.49,80,2%,,,,,,,,,,,,,,,,,,,,,,,,,,,,,,,,,,,,,,,,,,,
AIA B5908,12/16,SALAH DA JANDAIA,G,AIA B2004,,,,72.96,50,60%,81.20,44,17%,1.57,34,31%,0.69,68,18%,,,22.69,52,4%,,,,,,,26.35,68,3%,,,,,,,,,,,,,,,,,1.83,57,8%,,,,,,,,,,,,,,,,,,,,,,,,,,,,,,,,,,,,,,,,,,,
REM A1072,10/16,REM FABULOSO,G,REMC 5326,,,,86.49,72,11%,82.82,66,15%,2.99,59,9%,1.73,82,2%,,,22.67,75,4%,,,,,,,19.09,85,11%,,,,,,,,,,,,,,,,,2.81,81,4%,,,,,,,,,,,,,,,,,,,,,,,,,,,,,,,,,,,,,,,,,,,
CVTB 1341,09/18,PARACATU DA GIRONDA,G,REMC 9375,,,,89.80,59,4%,86.27,52,9%,4.17,44,3%,1.29,70,5%,,,22.66,59,4%,,,,,,,22.14,70,7%,,,,,,,,,,,,,,,,,1.27,66,13%,,,,,,,,,,,,,,,,,,,,,,,,,,,,,,,,,,,,,,,,,,,
MCPJ 2452,08/18,DETETIVE JMP,G,REM A7,,,,86.92,70,10%,78.39,65,21%,2.43,56,15%,1.69,79,2%,,,22.62,70,4%,,,,,,,22.36,78,6%,,,,,,,,,,,,,,,,,1.14,76,14%,,,,,,,,,,,,,,,,,,,,,,,,,,,,,,,,,,,,,,,,,,,
CSCC 6410,08/18,UTAR DE NAVIRAI,G,BRMG 2299,,,,88.14,53,7%,83.74,44,13%,4.28,38,3%,1.56,73,2%,,,22.59,61,4%,,,,,,,18.03,77,13%,,,,,,,,,,,,,,,,,2.31,72,6%,,,,,,,,,,,,,,,,,,,,,,,,,,,,,,,,,,,,,,,,,,,
MMVA 2725,09/18,ZERO UM FIV DA JACAMI,G,LBMN D4685,,,,88.01,71,7%,86.24,66,9%,5.10,57,1%,1.12,83,7%,,,22.57,77,4%,,,,,,,20.95,86,8%,,,,,,,,,,,,,,,,,0.98,84,16%,,,,,,,,,,,,,,,,,,,,,,,,,,,,,,,,,,,,,,,,,,,
CVCV 21992,10/17,DRIVE DE CV,G,CVCV 16102,,,,79.26,70,37%,83.37,65,14%,5.45,55,1%,1.01,79,9%,,,22.53,70,4%,,,,,,,22.67,77,6%,,,,,,,,,,,,,,,,,0.29,76,26%,,,,,,,,,,,,,,,,,,,,,,,,,,,,,,,,,,,,,,,,,,,
API 4253,10/17,BANGALORE DO API,G,API 1434,,,,77.79,48,43%,80.37,42,18%,2.04,33,21%,1.19,64,6%,,,22.52,52,4%,,,,,,,24.92,64,4%,,,,,,,,,,,,,,,,,4.98,63,0.5%,,,,,,,,,,,,,,,,,,,,,,,,,,,,,,,,,,,,,,,,,,,
FVC 9906,09/14,BRASIL FVC,G,REMC 2673,,,,81.33,72,29%,77.92,65,22%,0.99,61,46%,0.90,81,12%,,,22.50,74,4%,,,,,,,26.92,82,3%,,,,,,,,,,,,,,,,,2.05,80,7%,,,,,,,,,,,,,,,,,,,,,,,,,,,,,,,,,,,,,,,,,,,
FSIM 1062,02/13,FSIM DIGNO,G,LBMN C8288,,,,91.00,53,2%,85.63,44,10%,0.17,39,69%,1.02,65,9%,,,22.49,55,4%,,,,,,,23.79,67,5%,,,,,,,,,,,,,,,,,1.19,65,14%,,,,,,,,,,,,,,,,,,,,,,,,,,,,,,,,,,,,,,,,,,,
FBFM 7857,11/16,FBFM 1893 DO BATUQUE,G,REMC 5326,,,,73.96,82,57%,81.18,79,17%,4.33,72,3%,0.89,87,12%,,,22.46,82,4%,,,,,,,25.70,86,3%,,,,,,,,,,,,,,,,,2.48,86,5%,,,,,,,,,,,,,,,,,,,,,,,,,,,,,,,,,,,,,,,,,,,
MNS 3981,06/10,TRUCK DA ALO BRASIL,G,QUIL 7308,,,,82.43,91,25%,85.45,87,10%,4.20,90,3%,1.70,95,2%,,,22.40,93,4%,,,,,,,19.56,97,10%,,,,,,,,,,,,,,,,,2.33,95,5%,,,,,,,,,,,,,,,,,,,,,,,,,,,,,,,,,,,,,,,,,,,
BRMG 2299,08/15,ZAPP BEABISA,G,REMC 5326,,,,85.63,85,14%,84.38,66,12%,5.19,80,1%,1.94,92,1%,,,22.40,85,4%,,,,,,,16.48,94,16%,,,,,,,,,,,,,,,,,1.52,92,11%,,,,,,,,,,,,,,,,,,,,,,,,,,,,,,,,,,,,,,,,,,,
BINO 7511,12/16,XYBELL DO BINO,G,REM 5531,,,,87.39,49,9%,85.56,44,10%,2.72,39,11%,1.63,79,2%,,,22.34,64,4%,,,,,,,19.45,82,10%,,,,,,,,,,,,,,,,,2.05,83,7%,,,,,,,,,,,,,,,,,,,,,,,,,,,,,,,,,,,,,,,,,,,
CEN 8930,09/13,CEN 8930 ESCUDEIRO,,REM 5531,,,,85.33,20,15%,87.47,20,7%,2.59,34,13%,1.75,57,2%,,,22.26,40,5%,,,,,,,26.85,71,3%,,,,,,,,,,,,,,,,,0.08,24,32%,,,,,,,,,,,,,,,,,,,,,,,,,,,,,,,,,,,,,,,,,,,
CSCN 14945,09/15,NAVIRAI 14945-15,G,REMC 5326,,,,85.31,74,15%,78.81,66,21%,0.07,61,72%,0.61,82,21%,,,22.25,74,5%,,,,,,,25.44,83,4%,,,,,,,,,,,,,,,,,3.44,79,2%,,,,,,,,,,,,,,,,,,,,,,,,,,,,,,,,,,,,,,,,,,,
RGM 5537,11/18,LEGÍTIMO FIV RG,G,RGM 4014,,,,86.48,58,11%,76.63,50,24%,0.44,42,61%,1.04,70,9%,,,22.25,59,5%,,,,,,,26.26,69,3%,,,,,,,,,,,,,,,,,1.90,70,8%,,,,,,,,,,,,,,,,,,,,,,,,,,,,,,,,,,,,,,,,,,,
AIA B5341,10/16,RIVALDO DA JANDAIA,G,REM 5531,,,,84.92,56,16%,85.70,51,10%,4.00,42,3%,0.90,71,12%,,,22.24,58,5%,,,,,,,22.51,68,6%,,,,,,,,,,,,,,,,,1.07,63,15%,,,,,,,,,,,,,,,,,,,,,,,,,,,,,,,,,,,,,,,,,,,
GREN B550,08/18,DETROIT DA GREN.,G,MNS 3981,,,,77.67,82,44%,80.94,79,17%,4.02,71,3%,0.87,87,13%,,,22.22,81,5%,,,,,,,20.74,86,8%,,,,,,,,,,,,,,,,,2.38,85,5%,,,,,,,,,,,,,,,,,,,,,,,,,,,,,,,,,,,,,,,,,,,
GRI B5372,11/15,B5372 FIV DA S.NICE,G,REM 6447,,,,71.79,42,64%,86.89,34,8%,2.60,33,13%,1.27,56,5%,,,22.22,46,5%,,,,,,,20.83,56,8%,,,,,,,,,,,,,,,,,4.06,61,1%,,,,,,,,,,,,,,,,,,,,,,,,,,,,,,,,,,,,,,,,,,,
JATA 1037,09/14,JATA MAGNUM,G,COL A6879,,,,81.94,70,27%,88.52,65,6%,0.97,58,46%,0.74,80,16%,,,22.21,74,5%,,,,,,,24.81,84,4%,,,,,,,,,,,,,,,,,2.57,80,4%,,,,,,,,,,,,,,,,,,,,,,,,,,,,,,,,,,,,,,,,,,,
REM 10163,08/18,REM HOT GEN ADT,G,REM A7,,,,94.71,70,0.1%,72.37,65,30%,2.05,56,21%,1.37,80,4%,,,22.21,72,5%,,,,,,,20.74,80,8%,,,,,,,,,,,,,,,,,2.58,79,4%,,,,,,,,,,,,,,,,,,,,,,,,,,,,,,,,,,,,,,,,,,,
RDM A1983,11/18,DRALION MAT.,G,RDM 7045,,,,89.09,60,5%,89.33,54,5%,3.69,45,5%,1.46,71,3%,,,22.20,61,5%,,,,,,,20.35,70,9%,,,,,,,,,,,,,,,,,1.19,69,14%,,,,,,,,,,,,,,,,,,,,,,,,,,,,,,,,,,,,,,,,,,,
KAPM 8975,11/18,OTHO KA,G,REM 7121,,,,83.64,70,21%,87.58,65,7%,3.87,56,4%,0.88,79,12%,,,22.19,71,5%,,,,,,,24.57,79,4%,,,,,,,,,,,,,,,,,0.46,78,23%,,,,,,,,,,,,,,,,,,,,,,,,,,,,,,,,,,,,,,,,,,,
AZAP 2625,09/18,STAFF DA BELA,G,AZAP 927,,,,77.93,70,43%,87.74,65,7%,3.45,55,6%,0.36,79,33%,,,22.16,71,5%,,,,,,,25.28,79,4%,,,,,,,,,,,,,,,,,0.80,78,18%,,,,,,,,,,,,,,,,,,,,,,,,,,,,,,,,,,,,,,,,,,,
COL 24742,09/16,QUAMAN FIV COL,G,REMC 5326,,,,89.13,53,5%,91.06,43,3%,2.54,38,14%,0.65,71,19%,,,22.16,59,5%,,,,,,,16.01,74,17%,,,,,,,,,,,,,,,,,3.21,73,2%,,,,,,,,,,,,,,,,,,,,,,,,,,,,,,,,,,,,,,,,,,,
F5438,08/14,VERMELHO TULIPA,G,A3336,,,,87.01,77,10%,77.92,65,22%,1.17,59,41%,0.78,79,15%,,,22.11,77,5%,,,,,,,23.84,90,5%,,,,,,,,,,,,,,,,,1.61,75,10%,,,,,,,,,,,,,,,,,,,,,,,,,,,,,,,,,,,,,,,,,,,
EAO A5084,09/16,NITRO FIV DA EAO,G,REMC 5326,,,,85.26,73,15%,87.05,66,8%,0.22,62,67%,0.65,85,19%,,,22.11,77,5%,,,,,,,23.37,87,5%,,,,,,,,,,,,,,,,,2.22,85,6%,,,,,,,,,,,,,,,,,,,,,,,,,,,,,,,,,,,,,,,,,,,
REMP 602,09/18,REM HORUS GEN ADT,G,REM A149,,,,,,,,,,,,,,,,,,31.61,77,0.1%,,,,,,,,,,,,,,,,,,,,,,,,,,,,,,,,,,,,,,,,,,,,,,,,,,,,,,,,34.23,72,0.1%,25.60,88,1%,5.69,86,4%,6.07,86,3%,,,,
REM 10447,11/18,REM HERCULES,G,REM 8933,,,,,,,,,,,,,,,,,,31.13,70,0.1%,,,,,,,,,,,,,,,,,,,,,,,,,,,,,,,,,,,,,,,,,,,,,,,,,,,,,,,,33.02,67,0.1%,26.54,77,1%,6.90,74,2%,7.88,74,1%,,,,
REM A2239,11/17,REM GRINGO GEN ADITIV,G,REM 9852,,,,,,,,,,,,,,,,,,29.69,73,0.5%,,,,,,,,,,,,,,,,,,,,,,,,,,,,,,,,,,,,,,,,,,,,,,,,,,,,,,,,27.53,69,1%,34.61,81,0.1%,8.34,79,0.5%,7.73,79,1%,,,,
CPRO 11434,10/18,ADHEFF AGROPEVA,G,REM A7,,,,,,,,,,,,,,,,,,29.51,45,0.5%,,,,,,,,,,,,,,,,,,,,,,,,,,,,,,,,,,,,,,,,,,,,,,,,,,,,,,,,29.22,41,0.5%,30.11,55,0.5%,8.90,46,0.5%,8.35,46,1%,,,,
BOA A1421,08/17,KENZO TERRA BOA,G,REMC 5326,,,,,,,,,,,,,,,,,,28.76,82,0.5%,,,,,,,,,,,,,,,,,,,,,,,,,,,,,,,,,,,,,,,,,,,,,,,,,,,,,,,,31.11,80,0.1%,23.13,86,2%,7.01,85,2%,6.91,85,2%,,,,
GREN B515,08/18,DIMITRI DA GREN.,G,COL 21517,,,,,,,,,,,,,,,,,,28.64,60,0.5%,,,,,,,,,,,,,,,,,,,,,,,,,,,,,,,,,,,,,,,,,,,,,,,,,,,,,,,,30.03,57,0.5%,25.35,68,2%,5.76,64,3%,5.21,64,5%,,,,
SINO 1730,01/19,EL ZORRERO SINO,G,REM A7,,,,,,,,,,,,,,,,,,28.33,79,0.5%,,,,,,,,,,,,,,,,,,,,,,,,,,,,,,,,,,,,,,,,,,,,,,,,,,,,,,,,25.78,73,2%,34.12,92,0.1%,9.61,89,0.5%,8.86,90,0.5%,,,,
AZAP 2549,08/18,SCUBA FIV DA BELA,G,REMC 9375,,,,,,,,,,,,,,,,,,28.29,70,0.5%,,,,,,,,,,,,,,,,,,,,,,,,,,,,,,,,,,,,,,,,,,,,,,,,,,,,,,,,27.96,67,1%,28.93,77,0.5%,8.60,75,0.5%,8.22,75,1%,,,,
JRBT B6061,11/16,MANDAO JR TAR,G,REMC 5326,,,,,,,,,,,,,,,,,,28.26,83,0.5%,,,,,,,,,,,,,,,,,,,,,,,,,,,,,,,,,,,,,,,,,,,,,,,,,,,,,,,,28.99,81,0.5%,26.47,87,1%,7.77,85,1%,6.74,85,2%,,,,
COLM 5053,12/17,RELOGIO COL,G,REMC 5326,,,,,,,,,,,,,,,,,,28.14,56,0.5%,,,,,,,,,,,,,,,,,,,,,,,,,,,,,,,,,,,,,,,,,,,,,,,,,,,,,,,,30.78,52,0.1%,21.99,65,3%,4.48,61,7%,4.39,61,7%,,,,
WKF 4,09/18,WKF4 ARABE,G,REMC 5326,,,,,,,,,,,,,,,,,,28.12,55,0.5%,,,,,,,,,,,,,,,,,,,,,,,,,,,,,,,,,,,,,,,,,,,,,,,,,,,,,,,,28.22,48,0.5%,27.80,71,1%,7.53,59,1%,6.74,59,2%,,,,
REMP 726,10/18,REM HUJALA FIV GEN AD,G,REM 8933,,,,,,,,,,,,,,,,,,27.89,74,0.5%,,,,,,,,,,,,,,,,,,,,,,,,,,,,,,,,,,,,,,,,,,,,,,,,,,,,,,,,27.48,70,1%,28.77,83,0.5%,7.08,80,2%,7.40,80,2%,,,,
MGLP 592,10/16,BAETI 38 FIV DA BACUR,G,REMC 5326,,,,,,,,,,,,,,,,,,27.80,67,1%,,,,,,,,,,,,,,,,,,,,,,,,,,,,,,,,,,,,,,,,,,,,,,,,,,,,,,,,28.16,63,1%,26.80,75,1%,5.67,72,4%,5.20,72,5%,,,,
MMVA 2510,12/17,GALACTICO DA JACAMIM,G,RDM 4153,,,,,,,,,,,,,,,,,,27.67,71,1%,,,,,,,,,,,,,,,,,,,,,,,,,,,,,,,,,,,,,,,,,,,,,,,,,,,,,,,,27.52,68,1%,27.94,78,0.5%,7.12,75,2%,7.61,76,1%,,,,
REMC A2199,09/18,REM HARDROCK GEN ADT,G,REM A149,,,,,,,,,,,,,,,,,,27.63,73,1%,,,,,,,,,,,,,,,,,,,,,,,,,,,,,,,,,,,,,,,,,,,,,,,,,,,,,,,,27.09,70,1%,28.88,82,0.5%,7.46,79,1%,7.21,79,2%,,,,
KAPM 6393,07/16,MAXIMO KA,G,REMC 5326,,,,,,,,,,,,,,,,,,27.56,72,1%,,,,,,,,,,,,,,,,,,,,,,,,,,,,,,,,,,,,,,,,,,,,,,,,,,,,,,,,28.85,69,0.5%,24.43,79,2%,6.04,76,3%,6.11,76,3%,,,,
ACNP 3165,07/17,BRUTHO J MACHADO,G,REMC 5326,,,,,,,,,,,,,,,,,,27.55,62,1%,,,,,,,,,,,,,,,,,,,,,,,,,,,,,,,,,,,,,,,,,,,,,,,,,,,,,,,,29.57,59,0.5%,22.91,71,2%,5.65,66,4%,5.48,66,4%,,,,
LCCF 440,08/17,COCHILO DA ARZ,G,REMC 5326,,,,,,,,,,,,,,,,,,27.44,42,1%,,,,,,,,,,,,,,,,,,,,,,,,,,,,,,,,,,,,,,,,,,,,,,,,,,,,,,,,27.85,37,1%,26.40,54,1%,8.76,45,0.5%,7.68,45,1%,,,,
HORA 2920,07/17,GOLD DA HORA,G,REMC 5326,,,,,,,,,,,,,,,,,,27.33,73,1%,,,,,,,,,,,,,,,,,,,,,,,,,,,,,,,,,,,,,,,,,,,,,,,,,,,,,,,,27.11,70,1%,27.77,81,1%,8.07,78,1%,7.92,78,1%,,,,
REM 10073,08/18,REM HOVER GEN ADT,G,REMC 9891,,,,,,,,,,,,,,,,,,27.25,61,1%,,,,,,,,,,,,,,,,,,,,,,,,,,,,,,,,,,,,,,,,,,,,,,,,,,,,,,,,27.00,56,1%,27.78,74,1%,6.17,67,3%,5.46,67,4%,,,,
REMP 816,10/18,REM HERMOSO FIV GEN A,G,REM A7,,,,,,,,,,,,,,,,,,27.23,78,1%,,,,,,,,,,,,,,,,,,,,,,,,,,,,,,,,,,,,,,,,,,,,,,,,,,,,,,,,26.68,73,2%,28.49,88,0.5%,11.14,86,0.1%,13.24,86,0.1%,,,,
KAPO 1981,11/17,NOBEL KA,G,KAPO 330,,,,,,,,,,,,,,,,,,27.12,73,1%,,,,,,,,,,,,,,,,,,,,,,,,,,,,,,,,,,,,,,,,,,,,,,,,,,,,,,,,27.92,70,1%,25.15,81,2%,6.31,77,3%,6.05,77,3%,,,,
REM A1576,08/17,REM GALO GENETICA ADI,G,REM A7,,,,,,,,,,,,,,,,,,27.11,79,1%,,,,,,,,,,,,,,,,,,,,,,,,,,,,,,,,,,,,,,,,,,,,,,,,,,,,,,,,25.54,75,2%,30.71,90,0.5%,10.03,86,0.5%,10.23,86,0.5%,,,,
PAU 3445,09/16,3445 FIV DA PAULETE,G,REMC 5326,,,,,,,,,,,,,,,,,,26.94,47,1%,,,,,,,,,,,,,,,,,,,,,,,,,,,,,,,,,,,,,,,,,,,,,,,,,,,,,,,,27.15,43,1%,26.40,58,1%,8.56,52,0.5%,9.20,52,0.5%,,,,
AZAN 2193,09/17,RAM DA BELA,G,BONS 2612,,,,,,,,,,,,,,,,,,26.90,75,1%,,,,,,,,,,,,,,,,,,,,,,,,,,,,,,,,,,,,,,,,,,,,,,,,,,,,,,,,25.58,71,2%,29.95,83,0.5%,10.56,79,0.1%,10.86,80,0.1%,,,,
RDM A1687,10/18,DEL DIABLO MAT.,G,REMC 5326,,,,,,,,,,,,,,,,,,26.85,60,1%,,,,,,,,,,,,,,,,,,,,,,,,,,,,,,,,,,,,,,,,,,,,,,,,,,,,,,,,27.42,57,1%,25.51,69,1%,9.22,66,0.5%,9.46,66,0.5%,,,,
MMVA 1270,09/16,CONVENCIDO FIV DA JAC,G,REMC 5326,,,,,,,,,,,,,,,,,,26.83,82,1%,,,,,,,,,,,,,,,,,,,,,,,,,,,,,,,,,,,,,,,,,,,,,,,,,,,,,,,,27.61,80,1%,24.82,86,2%,6.43,85,2%,6.25,85,3%,,,,
CPRO 11420,10/18,ARLITHO AGROPEVA,G,REM A149,,,,,,,,,,,,,,,,,,26.79,43,1%,,,,,,,,,,,,,,,,,,,,,,,,,,,,,,,,,,,,,,,,,,,,,,,,,,,,,,,,29.74,39,0.5%,19.84,53,4%,4.09,44,8%,4.38,44,7%,,,,
RDM A3064,09/19,ESTORIL  MAT.,G,BONS 3108,,,,,,,,,,,,,,,,,,26.76,74,1%,,,,,,,,,,,,,,,,,,,,,,,,,,,,,,,,,,,,,,,,,,,,,,,,,,,,,,,,27.86,72,1%,24.18,80,2%,7.49,78,1%,7.28,78,2%,,,,
REMC 9356,09/15,REM ESTOCOLMO,G,REMC 3462,,,,,,,,,,,,,,,,,,26.76,55,1%,,,,,,,,,,,,,,,,,,,,,,,,,,,,,,,,,,,,,,,,,,,,,,,,,,,,,,,,24.42,50,3%,31.98,65,0.5%,8.40,61,0.5%,7.82,61,1%,,,,
REM A1936,10/17,REM GARANTIDO,G,REM A7,,,,,,,,,,,,,,,,,,26.54,82,1%,,,,,,,,,,,,,,,,,,,,,,,,,,,,,,,,,,,,,,,,,,,,,,,,,,,,,,,,26.09,78,2%,27.53,93,1%,9.40,89,0.5%,10.07,89,0.5%,,,,
BRMG 2988,08/17,ACESSORIO DA BEABISA,G,REM 6447,,,,,,,,,,,,,,,,,,26.44,71,1%,,,,,,,,,,,,,,,,,,,,,,,,,,,,,,,,,,,,,,,,,,,,,,,,,,,,,,,,26.91,69,1%,25.29,77,2%,5.99,75,3%,5.17,75,5%,,,,
PAU 4382,10/18,ONIX DA PAULETE,G,REM 8933,,,,,,,,,,,,,,,,,,26.34,70,2%,,,,,,,,,,,,,,,,,,,,,,,,,,,,,,,,,,,,,,,,,,,,,,,,,,,,,,,,27.14,67,1%,24.38,78,2%,6.46,75,2%,7.50,76,1%,,,,
ACNP 3146,07/17,BELO J MACHADO,G,REMC 5326,,,,,,,,,,,,,,,,,,26.33,85,2%,,,,,,,,,,,,,,,,,,,,,,,,,,,,,,,,,,,,,,,,,,,,,,,,,,,,,,,,26.92,81,1%,24.92,95,2%,8.18,92,1%,8.00,92,1%,,,,
FSH B722,11/17,METEORO DP,G,MGL 1714,,,,,,,,,,,,,,,,,,26.31,60,2%,,,,,,,,,,,,,,,,,,,,,,,,,,,,,,,,,,,,,,,,,,,,,,,,,,,,,,,,27.71,56,1%,22.94,69,2%,5.66,63,4%,5.03,63,5%,,,,
REM 8301,11/12,REM BASCAO,,REM 4677,,,,,,,,,,,,,,,,,,26.30,40,2%,,,,,,,,,,,,,,,,,,,,,,,,,,,,,,,,,,,,,,,,,,,,,,,,,,,,,,,,26.60,36,2%,25.46,48,1%,7.66,33,1%,8.00,33,1%,,,,
MDLO 997,07/18,F997 DA MDLO,G,REMC 5326,,,,,,,,,,,,,,,,,,26.29,51,2%,,,,,,,,,,,,,,,,,,,,,,,,,,,,,,,,,,,,,,,,,,,,,,,,,,,,,,,,26.42,46,2%,25.85,61,1%,9.77,56,0.5%,9.52,56,0.5%,,,,
REM A1811,09/17,REM GLADIADOR GEN ADT,G,REMC 8332,,,,,,,,,,,,,,,,,,26.28,83,2%,,,,,,,,,,,,,,,,,,,,,,,,,,,,,,,,,,,,,,,,,,,,,,,,,,,,,,,,26.71,79,2%,25.22,92,2%,6.61,88,2%,6.47,88,2%,,,,
COL 25171,01/17,QUERIDO COL,G,REMC 5326,,,,,,,,,,,,,,,,,,26.24,70,2%,,,,,,,,,,,,,,,,,,,,,,,,,,,,,,,,,,,,,,,,,,,,,,,,,,,,,,,,27.63,67,1%,23.08,77,2%,5.24,75,4%,5.38,75,4%,,,,
CSCF 4553,12/17,4553 FIV DE NAV.,G,REMC 5326,,,,,,,,,,,,,,,,,,26.09,52,2%,,,,,,,,,,,,,,,,,,,,,,,,,,,,,,,,,,,,,,,,,,,,,,,,,,,,,,,,26.16,49,2%,25.91,61,1%,7.56,55,1%,7.59,55,1%,,,,
REMP 602,09/18,REM HORUS GEN ADT,G,REM A149,,,,90.16,70,3%,84.00,65,13%,,,,3.17,85,0.1%,,,31.61,77,0.1%,,,,9.88,55,0.1%,,,,,,,,,19.31,86,0.5%,,,,,,,,,,,,,,,,,,,,,,,,,,,,,,,,,,,,,,,34.23,72,0.1%,,,,,,,,,,,,,
CLRP 2193,11/18,NICOLETI DA CLR,G,REM A7,,,,89.36,57,5%,82.45,50,15%,,,,1.63,69,2%,,,30.53,57,0.5%,,,,4.60,42,6%,,,,,,,,,22.62,58,0.1%,,,,,,,,,,,,,,,,,,,,,,,,,,,,,,,,,,,,,,,31.66,54,0.1%,,,,,,,,,,,,,
BOA A1421,08/17,KENZO TERRA BOA,G,REMC 5326,,,,91.39,82,2%,95.81,79,0.1%,,,,1.13,87,7%,,,28.76,82,0.5%,,,,6.38,71,2%,,,,,,,,,15.42,81,2%,,,,,,,,,,,,,,,,,,,,,,,,,,,,,,,,,,,,,,,31.11,80,0.1%,,,,,,,,,,,,,
COLM 5053,12/17,RELOGIO COL,G,REMC 5326,,,,87.37,54,9%,90.31,48,4%,,,,1.75,67,2%,,,28.14,56,0.5%,,,,9.72,39,0.1%,,,,,,,,,14.69,57,3%,,,,,,,,,,,,,,,,,,,,,,,,,,,,,,,,,,,,,,,30.78,52,0.1%,,,,,,,,,,,,,
ANP 45,09/19,APOLLO PARANA,G,REM 9862,,,,95.21,70,0.1%,88.34,65,6%,,,,1.56,78,2%,,,28.22,70,0.5%,,,,6.94,55,1%,,,,,,,,,14.09,70,3%,,,,,,,,,,,,,,,,,,,,,,,,,,,,,,,,,,,,,,,30.39,67,0.5%,,,,,,,,,,,,,
RDM A709,11/17,CUIABANO   MAT.,G,RDM 7698,,,,88.56,54,6%,82.06,46,16%,,,,1.42,66,3%,,,32.87,54,0.1%,,,,0.91,38,56%,,,,,,,,,24.37,55,0.1%,,,,,,,,,,,,,,,,,,,,,,,,,,,,,,,,,,,,,,,30.39,51,0.5%,,,,,,,,,,,,,
GREN B515,08/18,DIMITRI DA GREN.,G,COL 21517,,,,87.88,59,8%,93.68,53,0.5%,,,,1.48,71,3%,,,28.64,60,0.5%,,,,8.58,44,0.5%,,,,,,,,,13.18,62,4%,,,,,,,,,,,,,,,,,,,,,,,,,,,,,,,,,,,,,,,30.03,57,0.5%,,,,,,,,,,,,,
SINO 1590,05/18,DIPLOMATA SINO,G,REM A7,,,,91.12,56,2%,89.37,48,5%,,,,1.41,68,4%,,,28.89,56,0.5%,,,,1.41,41,46%,,,,,,,,,18.45,56,1%,,,,,,,,,,,,,,,,,,,,,,,,,,,,,,,,,,,,,,,29.63,52,0.5%,,,,,,,,,,,,,
ACNP 3165,07/17,BRUTHO J MACHADO,G,REMC 5326,,,,81.64,59,28%,92.91,53,1%,,,,1.72,74,2%,,,27.55,62,1%,,,,12.04,45,0.1%,,,,,,,,,11.92,68,6%,,,,,,,,,,,,,,,,,,,,,,,,,,,,,,,,,,,,,,,29.57,59,0.5%,,,,,,,,,,,,,
PHOC 1062,08/18,OSIRIS FIV STM,G,REMC 5326,,,,89.04,70,5%,92.89,66,1%,,,,1.64,79,2%,,,28.72,71,0.5%,,,,6.58,56,2%,,,,,,,,,13.06,72,5%,,,,,,,,,,,,,,,,,,,,,,,,,,,,,,,,,,,,,,,29.36,68,0.5%,,,,,,,,,,,,,
CPRO 11434,10/18,ADHEFF AGROPEVA,G,REM A7,,,,92.47,39,1%,81.16,30,17%,,,,1.85,57,1%,,,29.51,45,0.5%,,,,4.45,29,7%,,,,,,,,,17.30,56,1%,,,,,,,,,,,,,,,,,,,,,,,,,,,,,,,,,,,,,,,29.22,41,0.5%,,,,,,,,,,,,,
SINO 1871,05/19,EXTRA SINO,G,REM 8933,,,,76.73,70,47%,85.03,65,11%,,,,2.11,78,0.5%,,,29.96,70,0.5%,,,,8.59,55,0.5%,,,,,,,,,17.84,72,1%,,,,,,,,,,,,,,,,,,,,,,,,,,,,,,,,,,,,,,,29.10,68,0.5%,,,,,,,,,,,,,
JRBT B6061,11/16,MANDAO JR TAR,G,REMC 5326,,,,92.80,82,1%,94.32,79,0.5%,,,,1.72,88,2%,,,28.26,83,0.5%,,,,2.58,71,24%,,,,,,,,,13.42,85,4%,,,,,,,,,,,,,,,,,,,,,,,,,,,,,,,,,,,,,,,28.99,81,0.5%,,,,,,,,,,,,,
KAPM 6393,07/16,MAXIMO KA,G,REMC 5326,,,,89.22,71,5%,85.91,66,10%,,,,1.38,80,4%,,,27.56,72,1%,,,,5.36,57,4%,,,,,,,,,16.18,73,2%,,,,,,,,,,,,,,,,,,,,,,,,,,,,,,,,,,,,,,,28.85,69,0.5%,,,,,,,,,,,,,
MNS 7631,06/16,7631 ALO BRASIL,G,REMC 5326,,,,90.16,57,3%,89.31,51,5%,,,,1.65,68,2%,,,26.42,57,1%,,,,5.89,42,3%,,,,,,,,,13.88,56,4%,,,,,,,,,,,,,,,,,,,,,,,,,,,,,,,,,,,,,,,28.85,54,0.5%,,,,,,,,,,,,,
GRI B8417,10/18,B8417 FIV DA S.NICE,G,REM A7,,,,84.91,56,16%,88.22,47,6%,,,,1.68,66,2%,,,27.23,56,1%,,,,4.95,41,5%,,,,,,,,,15.34,56,2%,,,,,,,,,,,,,,,,,,,,,,,,,,,,,,,,,,,,,,,28.22,52,0.5%,,,,,,,,,,,,,
WKF 4,09/18,WKF4 ARABE,G,REMC 5326,,,,81.91,39,27%,88.66,35,6%,,,,1.20,72,6%,,,28.12,55,0.5%,,,,5.44,30,3%,,,,,,,,,17.06,72,1%,,,,,,,,,,,,,,,,,,,,,,,,,,,,,,,,,,,,,,,28.22,48,0.5%,,,,,,,,,,,,,
MGLP 592,10/16,BAETI 38 FIV DA BACUR,G,REMC 5326,,,,92.25,65,1%,88.72,59,5%,,,,1.39,76,4%,,,27.80,67,1%,,,,2.21,50,30%,,,,,,,,,15.50,70,2%,,,,,,,,,,,,,,,,,,,,,,,,,,,,,,,,,,,,,,,28.16,63,1%,,,,,,,,,,,,,
AZAP 2549,08/18,SCUBA FIV DA BELA,G,REMC 9375,,,,90.16,71,3%,87.18,65,8%,,,,1.66,79,2%,,,28.29,70,0.5%,,,,3.10,56,17%,,,,,,,,,15.17,70,3%,,,,,,,,,,,,,,,,,,,,,,,,,,,,,,,,,,,,,,,27.96,67,1%,,,,,,,,,,,,,
KAPO 1981,11/17,NOBEL KA,G,KAPO 330,,,,85.24,71,15%,86.10,65,9%,,,,1.85,81,1%,,,27.12,73,1%,,,,1.73,56,39%,,,,,,,,,18.18,80,1%,,,,,,,,,,,,,,,,,,,,,,,,,,,,,,,,,,,,,,,27.92,70,1%,,,,,,,,,,,,,
RDM A3064,09/19,ESTORIL  MAT.,G,BONS 3108,,,,87.38,71,9%,91.72,65,2%,,,,2.22,80,0.5%,,,26.76,74,1%,,,,2.87,55,20%,,,,,,,,,12.95,85,5%,,,,,,,,,,,,,,,,,,,,,,,,,,,,,,,,,,,,,,,27.86,72,1%,,,,,,,,,,,,,
FVC 13452,09/18,OURO NEGRO FVC,G,REM 8933,,,,84.57,70,17%,83.60,65,13%,,,,1.07,80,8%,,,27.97,71,0.5%,,,,3.79,56,11%,,,,,,,,,18.90,72,0.5%,,,,,,,,,,,,,,,,,,,,,,,,,,,,,,,,,,,,,,,27.85,68,1%,,,,,,,,,,,,,
FVCP 551,08/16,LIDER FIV FVC,G,FVC 8596,,,,87.04,82,10%,91.97,79,2%,,,,1.70,88,2%,,,25.62,82,2%,,,,0.87,71,57%,,,,,,,,,15.13,82,3%,,,,,,,,,,,,,,,,,,,,,,,,,,,,,,,,,,,,,,,27.72,80,1%,,,,,,,,,,,,,
FSH B722,11/17,METEORO DP,G,MGL 1714,,,,87.54,55,8%,91.34,49,2%,,,,1.71,71,2%,,,26.31,60,2%,,,,1.93,39,36%,,,,,,,,,15.38,69,2%,,,,,,,,,,,,,,,,,,,,,,,,,,,,,,,,,,,,,,,27.71,56,1%,,,,,,,,,,,,,
JHVM18371,08/19,FORD FIV CAMPARINO,G,REMC 5326,,,,85.29,71,15%,94.03,66,0.5%,,,,1.75,79,2%,,,25.52,72,2%,,,,4.01,56,9%,,,,,,,,,13.02,77,5%,,,,,,,,,,,,,,,,,,,,,,,,,,,,,,,,,,,,,,,27.68,70,1%,,,,,,,,,,,,,
SOAL 5627,07/19,BRUTÃO FIV DA 3A,G,REMC 5326,,,,85.59,71,14%,81.58,66,16%,,,,1.43,79,3%,,,27.55,72,1%,,,,6.38,56,2%,,,,,,,,,16.36,77,2%,,,,,,,,,,,,,,,,,,,,,,,,,,,,,,,,,,,,,,,27.64,70,1%,,,,,,,,,,,,,
COL 25171,01/17,QUERIDO COL,G,REMC 5326,,,,86.18,70,12%,87.21,65,8%,,,,2.51,79,0.1%,,,26.24,70,2%,,,,6.09,56,2%,,,,,,,,,12.29,70,6%,,,,,,,,,,,,,,,,,,,,,,,,,,,,,,,,,,,,,,,27.63,67,1%,,,,,,,,,,,,,
MNS 9399,08/18,TABU DA ALO BRASIL,G,BRMG 2299,,,,86.22,53,12%,87.26,44,8%,,,,1.41,65,4%,,,24.55,53,2%,,,,9.50,38,0.1%,,,,,,,,,11.26,55,8%,,,,,,,,,,,,,,,,,,,,,,,,,,,,,,,,,,,,,,,27.63,50,1%,,,,,,,,,,,,,
MMVA1270,09/16,CONVENCIDO FIV DA JAC,G,REMC 5326,,,,82.07,83,26%,90.97,79,3%,,,,0.84,87,13%,,,26.83,82,1%,,,,1.91,72,36%,,,,,,,,,18.33,81,1%,,,,,,,,,,,,,,,,,,,,,,,,,,,,,,,,,,,,,,,27.61,80,1%,,,,,,,,,,,,,
XIKU 2789,05/15,2789,G,REMC 5326,,,,93.07,59,0.5%,89.26,50,5%,,,,1.99,70,0.5%,,,24.04,60,3%,,,,2.96,44,19%,,,,,,,,,11.82,62,7%,,,,,,,,,,,,,,,,,,,,,,,,,,,,,,,,,,,,,,,27.60,56,1%,,,,,,,,,,,,,
COL 24926,11/16,QUICKMAN FIV COL,G,REMC 5326,,,,95.50,72,0.1%,87.70,66,7%,,,,1.82,83,1%,,,24.42,76,3%,,,,4.77,57,5%,,,,,,,,,10.74,84,9%,,,,,,,,,,,,,,,,,,,,,,,,,,,,,,,,,,,,,,,27.57,72,1%,,,,,,,,,,,,,
KAPO 1721,09/17,NEOGEN KA,G,KAPM 1683,,,,91.17,70,2%,85.39,65,11%,,,,1.48,80,3%,,,25.23,73,2%,,,,7.06,55,1%,,,,,,,,,11.87,79,6%,,,,,,,,,,,,,,,,,,,,,,,,,,,,,,,,,,,,,,,27.57,70,1%,,,,,,,,,,,,,
REMC A1911,08/18,REM HEROS GEN ADT,G,REM A7,,,,87.23,71,9%,90.27,65,4%,,,,1.30,79,5%,,,25.10,71,2%,,,,7.48,56,1%,,,,,,,,,11.19,74,8%,,,,,,,,,,,,,,,,,,,,,,,,,,,,,,,,,,,,,,,27.54,69,1%,,,,,,,,,,,,,
EFA 2888,08/18,2888 FIV DA 3 BACURIS,G,REMC 5326,,,,84.10,69,19%,93.14,63,1%,,,,0.83,77,14%,,,24.23,68,3%,,,,9.24,54,0.5%,,,,,,,,,11.13,66,8%,,,,,,,,,,,,,,,,,,,,,,,,,,,,,,,,,,,,,,,27.54,65,1%,,,,,,,,,,,,,
REM A2239,11/17,REM GRINGO GEN ADITIV,G,REM 9852,,,,88.04,72,7%,78.46,65,21%,,,,1.61,81,2%,,,29.69,73,0.5%,,,,3.47,56,13%,,,,,,,,,18.60,75,0.5%,,,,,,,,,,,,,,,,,,,,,,,,,,,,,,,,,,,,,,,27.53,69,1%,,,,,,,,,,,,,
PHOC 1091,09/18,OMPATI STM,G,REMC 5326,,,,83.80,49,20%,91.42,44,2%,,,,0.98,63,10%,,,24.63,52,2%,,,,7.22,36,1%,,,,,,,,,13.31,52,4%,,,,,,,,,,,,,,,,,,,,,,,,,,,,,,,,,,,,,,,27.53,48,1%,,,,,,,,,,,,,
MMVA2510,12/17,GALACTICO DA JACAMIM,G,RDM 4153,,,,73.29,71,59%,88.90,66,5%,,,,1.07,79,8%,,,27.67,71,1%,,,,3.66,56,12%,,,,,,,,,20.34,70,0.5%,,,,,,,,,,,,,,,,,,,,,,,,,,,,,,,,,,,,,,,27.52,68,1%,,,,,,,,,,,,,
RDM A323,09/17,COLISEU MAT.,G,REMC 5326,,,,78.43,62,41%,90.34,57,3%,,,,1.80,71,1%,,,26.78,62,1%,,,,3.53,47,13%,,,,,,,,,16.89,60,2%,,,,,,,,,,,,,,,,,,,,,,,,,,,,,,,,,,,,,,,27.50,59,1%,,,,,,,,,,,,,
REMP 726,10/18,REM HUJALA FIV GEN AD,G,REM 8933,,,,75.91,71,50%,82.20,65,16%,,,,1.45,82,3%,,,27.89,74,0.5%,,,,4.07,56,9%,,,,,,,,,21.12,80,0.5%,,,,,,,,,,,,,,,,,,,,,,,,,,,,,,,,,,,,,,,27.48,70,1%,,,,,,,,,,,,,
RDM A1687,10/18,DEL DIABLO MAT.,G,REMC 5326,,,,84.59,60,17%,85.48,54,10%,,,,1.55,71,3%,,,26.85,60,1%,,,,7.79,45,0.5%,,,,,,,,,13.37,60,4%,,,,,,,,,,,,,,,,,,,,,,,,,,,,,,,,,,,,,,,27.42,57,1%,,,,,,,,,,,,,
RDM A709,11/17,CUIABANO   MAT.,G,RDM 7698,,,,,,,,,,,,,,,,,,32.87,54,0.1%,,,,,,,41.46,63,0.1%,,,,,,,,,,,,,,,,,5.79,62,0.1%,0.04,59,49%,,,,,,,,,,,,,,,,,,,,,,,,,,,,38.43,62,0.1%,,,,,,,,,,
REM A2239,11/17,REM GRINGO GEN ADITIV,G,REM 9852,,,,,,,,,,,,,,,,,,29.69,73,0.5%,,,,,,,39.88,81,0.1%,,,,,,,,,,,,,,,,,4.19,81,1%,0.32,79,20%,,,,,,,,,,,,,,,,,,,,,,,,,,,,34.61,81,0.1%,,,,,,,,,,
SINO 1730,01/19,EL ZORRERO SINO,G,REM A7,,,,,,,,,,,,,,,,,,28.33,79,0.5%,,,,,,,35.92,92,0.5%,,,,,,,,,,,,,,,,,4.91,92,0.5%,0.40,92,16%,,,,,,,,,,,,,,,,,,,,,,,,,,,,34.12,92,0.1%,,,,,,,,,,
CSCN 15686,08/16,NAVIRAI FIV 15686-16,G,REMC 5326,,,,,,,,,,,,,,,,,,27.06,81,1%,,,,,,,23.69,86,5%,,,,,,,,,,,,,,,,,7.49,86,0.1%,0.46,84,13%,,,,,,,,,,,,,,,,,,,,,,,,,,,,32.88,86,0.1%,,,,,,,,,,
BONN 1954,08/16,QUILOMBO FIV BONS,G,REM 6447,,,,,,,,,,,,,,,,,,26.05,73,2%,,,,,,,34.25,82,0.5%,,,,,,,,,,,,,,,,,4.79,78,0.5%,0.28,76,23%,,,,,,,,,,,,,,,,,,,,,,,,,,,,32.49,80,0.5%,,,,,,,,,,
SINO 1871,05/19,EXTRA SINO,G,REM 8933,,,,,,,,,,,,,,,,,,29.96,70,0.5%,,,,,,,33.51,77,0.5%,,,,,,,,,,,,,,,,,4.05,77,1%,0.87,75,3%,,,,,,,,,,,,,,,,,,,,,,,,,,,,32.05,77,0.5%,,,,,,,,,,
REMC 9356,09/15,REM ESTOCOLMO,G,REMC 3462,,,,,,,,,,,,,,,,,,26.76,55,1%,,,,,,,34.00,65,0.5%,,,,,,,,,,,,,,,,,4.61,65,0.5%,0.30,62,21%,,,,,,,,,,,,,,,,,,,,,,,,,,,,31.98,65,0.5%,,,,,,,,,,
REM A2065,10/17,REM GPS,G,REM 6447,,,,,,,,,,,,,,,,,,25.64,76,2%,,,,,,,30.85,85,1%,,,,,,,,,,,,,,,,,5.47,85,0.1%,0.24,83,26%,,,,,,,,,,,,,,,,,,,,,,,,,,,,31.89,85,0.5%,,,,,,,,,,
API 3809,09/16,ARMADOR DO API,G,REMC 5326,,,,,,,,,,,,,,,,,,24.85,64,2%,,,,,,,29.80,73,2%,,,,,,,,,,,,,,,,,5.35,73,0.5%,0.37,70,17%,,,,,,,,,,,,,,,,,,,,,,,,,,,,31.36,73,0.5%,,,,,,,,,,
REM A1576,08/17,REM GALO GENETICA ADI,G,REM A7,,,,,,,,,,,,,,,,,,27.11,79,1%,,,,,,,30.98,91,1%,,,,,,,,,,,,,,,,,4.05,89,1%,0.93,88,2%,,,,,,,,,,,,,,,,,,,,,,,,,,,,30.71,90,0.5%,,,,,,,,,,
LCCF 619,12/18,DAROZ DA ARZ,G,REM 9852,,,,,,,,,,,,,,,,,,25.82,72,2%,,,,,,,25.08,81,4%,,,,,,,,,,,,,,,,,6.19,78,0.1%,0.31,76,21%,,,,,,,,,,,,,,,,,,,,,,,,,,,,30.28,79,0.5%,,,,,,,,,,
CSCQ 106,10/18,UJALA FIV DE NAVIRAI,G,CSCN 14945,,,,,,,,,,,,,,,,,,24.82,71,2%,,,,,,,25.95,79,3%,,,,,,,,,,,,,,,,,5.29,77,0.5%,0.82,75,4%,,,,,,,,,,,,,,,,,,,,,,,,,,,,30.22,78,0.5%,,,,,,,,,,
CPRO 11434,10/18,ADHEFF AGROPEVA,G,REM A7,,,,,,,,,,,,,,,,,,29.51,45,0.5%,,,,,,,30.05,64,2%,,,,,,,,,,,,,,,,,4.58,46,0.5%,0.50,42,11%,,,,,,,,,,,,,,,,,,,,,,,,,,,,30.11,55,0.5%,,,,,,,,,,
OROP 1961,08/17,OCASO OROITE,G,REM 8933,,,,,,,,,,,,,,,,,,23.08,54,4%,,,,,,,31.59,64,1%,,,,,,,,,,,,,,,,,3.98,62,1%,0.65,58,7%,,,,,,,,,,,,,,,,,,,,,,,,,,,,30.10,63,0.5%,,,,,,,,,,
JCGG 6461,08/14,JG-6461 DA AGUA FRIA,G,IZSN A977,,,,,,,,,,,,,,,,,,24.93,57,2%,,,,,,,30.81,67,1%,,,,,,,,,,,,,,,,,3.83,65,1%,0.89,63,3%,,,,,,,,,,,,,,,,,,,,,,,,,,,,29.98,66,0.5%,,,,,,,,,,
AZAN 2193,09/17,RAM DA BELA,G,BONS 2612,,,,,,,,,,,,,,,,,,26.90,75,1%,,,,,,,29.96,85,2%,,,,,,,,,,,,,,,,,3.95,82,1%,0.96,81,2%,,,,,,,,,,,,,,,,,,,,,,,,,,,,29.95,83,0.5%,,,,,,,,,,
JHVM18566,09/19,FAVORITO FIV CAMPARIN,G,REM 9449,,,,,,,,,,,,,,,,,,25.83,71,2%,,,,,,,31.99,77,1%,,,,,,,,,,,,,,,,,3.84,80,1%,0.54,78,10%,,,,,,,,,,,,,,,,,,,,,,,,,,,,29.69,78,0.5%,,,,,,,,,,
REMC A2860,09/19,REM INSTRUTOR GEN. AD,G,REMC A923,,,,,,,,,,,,,,,,,,25.53,64,2%,,,,,,,28.30,72,2%,,,,,,,,,,,,,,,,,4.87,72,0.5%,0.35,70,18%,,,,,,,,,,,,,,,,,,,,,,,,,,,,29.29,72,0.5%,,,,,,,,,,
FSIM 2463,09/16,FSIM 2463,G,LEM 430,,,,,,,,,,,,,,,,,,25.88,44,2%,,,,,,,29.19,58,2%,,,,,,,,,,,,,,,,,4.48,54,0.5%,0.44,51,14%,,,,,,,,,,,,,,,,,,,,,,,,,,,,29.19,56,0.5%,,,,,,,,,,
AZAP 2549,08/18,SCUBA FIV DA BELA,G,REMC 9375,,,,,,,,,,,,,,,,,,28.29,70,0.5%,,,,,,,33.63,78,0.5%,,,,,,,,,,,,,,,,,3.21,77,2%,0.44,75,14%,,,,,,,,,,,,,,,,,,,,,,,,,,,,28.93,77,0.5%,,,,,,,,,,
REMC A2199,09/18,REM HARDROCK GEN ADT,G,REM A149,,,,,,,,,,,,,,,,,,27.63,73,1%,,,,,,,31.04,83,1%,,,,,,,,,,,,,,,,,3.62,81,2%,0.63,80,7%,,,,,,,,,,,,,,,,,,,,,,,,,,,,28.88,82,0.5%,,,,,,,,,,
AZAP 927,08/13,LEGAL DA BELA,G,ZAN 14,,,,,,,,,,,,,,,,,,21.29,82,6%,,,,,,,30.98,87,1%,,,,,,,,,,,,,,,,,4.13,86,1%,0.21,85,28%,,,,,,,,,,,,,,,,,,,,,,,,,,,,28.79,86,0.5%,,,,,,,,,,
REMP 726,10/18,REM HUJALA FIV GEN AD,G,REM 8933,,,,,,,,,,,,,,,,,,27.89,74,0.5%,,,,,,,40.57,83,0.1%,,,,,,,,,,,,,,,,,1.24,83,13%,0.51,82,11%,,,,,,,,,,,,,,,,,,,,,,,,,,,,28.77,83,0.5%,,,,,,,,,,
MFBN 5349,09/18,QUALITHOR FIV G.SALES,G,REMC 5326,,,,,,,,,,,,,,,,,,24.97,70,2%,,,,,,,22.33,77,6%,,,,,,,,,,,,,,,,,5.93,77,0.1%,0.55,74,9%,,,,,,,,,,,,,,,,,,,,,,,,,,,,28.73,77,0.5%,,,,,,,,,,
REMP 816,10/18,REM HERMOSO FIV GEN A,G,REM A7,,,,,,,,,,,,,,,,,,27.23,78,1%,,,,,,,29.48,88,2%,,,,,,,,,,,,,,,,,2.23,89,6%,1.92,88,0.1%,,,,,,,,,,,,,,,,,,,,,,,,,,,,28.49,88,0.5%,,,,,,,,,,
MNS 8377,06/17,8377 FIV ALO BRASIL,G,REMC 5326,,,,,,,,,,,,,,,,,,25.97,55,2%,,,,,,,28.86,63,2%,,,,,,,,,,,,,,,,,4.15,64,1%,0.39,61,16%,,,,,,,,,,,,,,,,,,,,,,,,,,,,28.09,63,0.5%,,,,,,,,,,
FVC 13452,09/18,OURO NEGRO FVC,G,REM 8933,,,,,,,,,,,,,,,,,,27.97,71,0.5%,,,,,,,34.16,78,0.5%,,,,,,,,,,,,,,,,,2.21,79,6%,0.83,77,3%,,,,,,,,,,,,,,,,,,,,,,,,,,,,28.08,78,0.5%,,,,,,,,,,
REMC 9185,08/15,REM EL ESPANHOL,G,REMC 5326,,,,,,,,,,,,,,,,,,25.41,76,2%,,,,,,,22.58,85,6%,,,,,,,,,,,,,,,,,6.18,83,0.1%,0.06,81,46%,,,,,,,,,,,,,,,,,,,,,,,,,,,,28.03,84,0.5%,,,,,,,,,,
FSH B123,09/16,LIDER DP,G,26.82,,,,,,,,,,,,,,,,,,75,3%,,,,,,,,86,3%,4.81,,,,,,,,,,,,,,,,,79,0.5%,0.24,77,26%,27.94,,,,,,,,,,,,,,,,,,,,,,,,,,,,82,0.5%,23.41,,,,,,,,,,
MMVA2510,12/17,GALACTICO DA JACAMIM,G,RDM 4153,,,,,,,,,,,,,,,,,,27.67,71,1%,,,,,,,38.81,78,0.1%,,,,,,,,,,,,,,,,,1.20,78,14%,0.62,76,7%,,,,,,,,,,,,,,,,,,,,,,,,,,,,27.94,78,0.5%,,,,,,,,,,
LCN 2887,08/18,ZAMBE ENGENHO 2,,REM 9274,,,,,,,,,,,,,,,,,,25.84,32,2%,,,,,,,29.31,50,2%,,,,,,,,,,,,,,,,,3.30,55,2%,0.92,52,2%,,,,,,,,,,,,,,,,,,,,,,,,,,,,27.94,52,0.5%,,,,,,,,,,
GSAB 6904,12/17,BARON FIV DA AFB,G,RDM 6023,,,,,,,,,,,,,,,,,,25.60,54,2%,,,,,,,31.21,64,1%,,,,,,,,,,,,,,,,,3.59,65,2%,0.29,62,22%,,,,,,,,,,,,,,,,,,,,,,,,,,,,27.92,64,1%,,,,,,,,,,
WKF 4,09/18,WKF4 ARABE,G,REMC 5326,,,,,,,,,,,,,,,,,,28.12,55,0.5%,,,,,,,30.27,78,2%,,,,,,,,,,,,,,,,,3.77,65,2%,0.30,62,21%,,,,,,,,,,,,,,,,,,,,,,,,,,,,27.80,71,1%,,,,,,,,,,
REM 10073,08/18,REM HOVER GEN ADT,G,REMC 9891,,,,,,,,,,,,,,,,,,27.25,61,1%,,,,,,,34.11,79,0.5%,,,,,,,,,,,,,,,,,3.05,69,3%,0.07,67,44%,,,,,,,,,,,,,,,,,,,,,,,,,,,,27.78,74,1%,,,,,,,,,,
HORA 2920,07/17,GOLD DA HORA,G,REMC 5326,,,,,,,,,,,,,,,,,,27.33,73,1%,,,,,,,30.07,82,2%,,,,,,,,,,,,,,,,,3.57,80,2%,0.49,78,12%,,,,,,,,,,,,,,,,,,,,,,,,,,,,27.77,81,1%,,,,,,,,,,
CLRP 2193,11/18,NICOLETI DA CLR,G,REM A7,,,,,,,,,,,,,,,,,,30.53,57,0.5%,,,,,,,37.34,66,0.5%,,,,,,,,,,,,,,,,,1.33,65,12%,0.76,62,4%,,,,,,,,,,,,,,,,,,,,,,,,,,,,27.76,65,1%,,,,,,,,,,
HORA 3471,08/18,HERCULES DA HORA,G,RDM 7794,,,,,,,,,,,,,,,,,,25.92,72,2%,,,,,,,28.37,81,2%,,,,,,,,,,,,,,,,,4.58,78,0.5%,0.00,76,57%,,,,,,,,,,,,,,,,,,,,,,,,,,,,27.65,79,1%,,,,,,,,,,
HORA 3631,10/18,HULK TE DA HORA,G,REM 8747,,,,,,,,,,,,,,,,,,25.67,71,2%,,,,,,,26.48,79,3%,,,,,,,,,,,,,,,,,3.84,77,1%,0.96,75,2%,,,,,,,,,,,,,,,,,,,,,,,,,,,,27.60,78,1%,,,,,,,,,,
REM A1936,10/17,REM GARANTIDO,G,REM A7,,,,,,,,,,,,,,,,,,26.54,82,1%,,,,,,,28.44,94,2%,,,,,,,,,,,,,,,,,3.12,91,3%,1.10,91,1%,,,,,,,,,,,,,,,,,,,,,,,,,,,,27.53,93,1%,,,,,,,,,,
RDM A1190,08/18,DESTINO MAT.,G,BRMG 2299,,,,,,,,,,,,,,,,,,26.46,38,1%,,,,,,,33.87,52,0.5%,,,,,,,,,,,,,,,,,2.33,50,5%,0.57,47,9%,,,,,,,,,,,,,,,,,,,,,,,,,,,,27.43,51,1%,,,,,,,,,,
AZAN 2193,09/17,RAM DA BELA,G,BONS 2612 -0.063,,,,,,,,,,,,,,,,,,75,1%,,,,,,,,85,2%,3.95,,,,,,,,,,,,,,,,,82,1%,0.96,81,2%,0.17,,81,7%,10.56,,,,,,,,,,,,68,22%,29.96,,,,,,,,,,,,,79,0.1%,26.90,,,,,,,
REM A1576,08/17,REM GALO GENETICA ADI,G,REM A7 -0.008,,,,,,,,,,,,,,,,,,79,1%,,,,,,,,91,1%,4.05,,,,,,,,,,,,,,,,,89,1%,0.93,88,2%,0.08,,85,20%,10.03,,,,,,,,,,,,76,45%,30.98,,,,,,,,,,,,,86,0.5%,27.11,,,,,,,
MDLO 997,07/18,F997 DA MDLO,G,REMC 5326 -0.109,,,,,,,,,,,,,,,,,,51,2%,,,,,,,,63,6%,4.49,,,,,,,,,,,,,,,,,60,0.5%,0.65,57,7%,0.19,,56,5%,9.77,,,,,,,,,,,,44,11%,22.58,,,,,,,,,,,,,56,0.5%,26.29,,,,,,,
REM A1763,09/17,REM GIBARRA,G,REMC 5326 -0.048,,,,,,,,,,,,,,,,,,62,4%,,,,,,,,73,21%,2.53,,,,,,,,,,,,,,,,,67,5%,1.42,64,0.5%,0.31,,69,1%,9.76,,,,,,,,,,,,58,28%,14.42,,,,,,,,,,,,,66,0.5%,22.94,,,,,,,
RDM 9978,07/17,CACIQUE MAT.,G,REMC 5326 -0.153,,,,,,,,,,,,,,,,,,83,2%,,,,,,,,88,5%,3.02,,,,,,,,,,,,,,,,,87,3%,0.99,86,2%,0.11,,87,14%,9.63,,,,,,,,,,,,81,5%,23.18,,,,,,,,,,,,,86,0.5%,25.26,,,,,,,
SINO 1730,01/19,EL ZORRERO SINO,G,REM A7 -0.043,,,,,,,,,,,,,,,,,,79,0.5%,,,,,,,,92,0.5%,4.91,,,,,,,,,,,,,,,,,92,0.5%,0.40,92,16%,0.06,,89,25%,9.61,,,,,,,,,,,,80,29%,35.92,,,,,,,,,,,,,89,0.5%,28.33,,,,,,,
FGP 9577,07/19,FENDER FIV GUADALUPE,G,REMC 8053 -0.067,,,,,,,,,,,,,,,,,,71,2%,,,,,,,,78,6%,5.24,,,,,,,,,,,,,,,,,77,0.5%,0.48,75,12%,0.11,,78,14%,9.45,,,,,,,,,,,,68,21%,22.83,,,,,,,,,,,,,75,0.5%,25.32,,,,,,,
REMC A2860,09/19,REM INSTRUTOR GEN. AD,G,REMC A923 -0.123,,,,,,,,,,,,,,,,,,64,2%,,,,,,,,72,2%,4.87,,,,,,,,,,,,,,,,,72,0.5%,0.35,70,18%,0.09,,74,18%,9.39,,,,,,,,,,,,63,8%,28.30,,,,,,,,,,,,,70,0.5%,25.53,,,,,,,
XIKU 5046,05/18,DORAVANTE,G,REM 8747 -0.066,,,,,,,,,,,,,,,,,,56,3%,,,,,,,,70,5%,4.28,,,,,,,,,,,,,,,,,70,1%,0.65,68,7%,0.19,,58,5%,9.37,,,,,,,,,,,,46,21%,23.71,,,,,,,,,,,,,64,0.5%,23.61,,,,,,,
FVC 12335,07/17,ROCK FIV FVC,G,REMC 5326 -0.123,,,,,,,,,,,,,,,,,,59,2%,,,,,,,,67,4%,3.94,,,,,,,,,,,,,,,,,68,1%,0.71,65,5%,0.03,,68,33%,9.32,,,,,,,,,,,,56,8%,25.19,,,,,,,,,,,,,65,0.5%,25.42,,,,,,,
RDM A1687,10/18,DEL DIABLO MAT.,G,REMC 5326 -0.114,,,,,,,,,,,,,,,,,,60,1%,,,,,,,,69,3%,3.15,,,,,,,,,,,,,,,,,69,3%,0.89,66,3%,0.05,,68,27%,9.22,,,,,,,,,,,,59,10%,25.99,,,,,,,,,,,,,66,0.5%,26.85,,,,,,,
OROP 1961,08/17,OCASO OROITE,G,REM 8933 -0.025,,,,,,,,,,,,,,,,,,54,4%,,,,,,,,64,1%,3.98,,,,,,,,,,,,,,,,,62,1%,0.65,58,7%,0.08,,61,20%,9.15,,,,,,,,,,,,49,37%,31.59,,,,,,,,,,,,,59,0.5%,23.08,,,,,,,
REM A2065,10/17,REM GPS,G,REM 6447 -0.021,,,,,,,,,,,,,,,,,,76,2%,,,,,,,,85,1%,5.47,,,,,,,,,,,,,,,,,85,0.1%,0.24,83,26%,0.09,,80,18%,9.13,,,,,,,,,,,,71,39%,30.85,,,,,,,,,,,,,81,0.5%,25.64,,,,,,,
REMC 9185,08/15,REM EL ESPANHOL,G,REMC 5326 -0.142,,,,,,,,,,,,,,,,,,76,2%,,,,,,,,85,6%,6.18,,,,,,,,,,,,,,,,,83,0.1%,0.06,81,46%,0.00,,80,45%,9.10,,,,,,,,,,,,70,6%,22.58,,,,,,,,,,,,,80,0.5%,25.41,,,,,,,
ACNP 3494,08/18,CARTER J MACHADO,G,REM A7 -0.101,,,,,,,,,,,,,,,,,,58,1%,,,,,,,,68,4%,4.21,,,,,,,,,,,,,,,,,66,1%,0.56,63,9%,0.08,,66,20%,9.05,,,,,,,,,,,,55,12%,25.25,,,,,,,,,,,,,63,0.5%,26.44,,,,,,,
CPRO 11434,10/18,ADHEFF AGROPEVA,G,REM A7 -0.016,,,,,,,,,,,,,,,,,,45,0.5%,,,,,,,,64,2%,4.58,,,,,,,,,,,,,,,,,46,0.5%,0.50,42,11%,0.03,,47,33%,8.90,,,,,,,,,,,,36,41%,30.05,,,,,,,,,,,,,46,0.5%,29.51,,,,,,,
FSIM 2463,09/16,FSIM 2463,G,LEM 430 -0.028,,,,,,,,,,,,,,,,,,44,2%,,,,,,,,58,2%,4.48,,,,,,,,,,,,,,,,,54,0.5%,0.44,51,14%,0.09,,55,18%,8.76,,,,,,,,,,,,30,35%,29.19,,,,,,,,,,,,,49,0.5%,25.88,,,,,,,
LCCF 440,08/17,COCHILO DA ARZ,G,REMC 5326 -0.165,,,,,,,,,,,,,,,,,,42,1%,,,,,,,,60,4%,4.80,,,,,,,,,,,,,,,,,49,0.5%,0.17,46,32%,0.12,,43,13%,8.76,,,,,,,,,,,,27,4%,24.64,,,,,,,,,,,,,45,0.5%,27.44,,,,,,,
AZAP 2549,08/18,SCUBA FIV DA BELA,G,REMC 9375 -0.154,,,,,,,,,,,,,,,,,,70,0.5%,,,,,,,,78,0.5%,3.21,,,,,,,,,,,,,,,,,77,2%,0.44,75,14%,0.05,,77,27%,8.60,,,,,,,,,,,,68,4%,33.63,,,,,,,,,,,,,75,0.5%,28.29,,,,,,,
PAU 3445,09/16,3445 FIV DA PAULETE,G,REMC 5326 -0.022,,,,,,,,,,,,,,,,,,47,1%,,,,,,,,59,2%,2.45,,,,,,,,,,,,,,,,,57,5%,0.85,54,3%,0.21,,50,4%,8.56,,,,,,,,,,,,39,38%,30.34,,,,,,,,,,,,,52,0.5%,26.94,,,,,,,
REM 5589,09/09,REM UPONIC,G,REM 4237 -0.042,,,,,,,,,,,,,,,,,,87,6%,,,,,,,,92,17%,2.16,,,,,,,,,,,,,,,,,90,6%,1.21,90,0.5%,0.22,,85,3%,8.53,,,,,,,,,,,,73,30%,16.17,,,,,,,,,,,,,86,0.5%,21.35,,,,,,,
MNS 8377,06/17,8377 FIV ALO BRASIL,G,REMC 5326 -0.058,,,,,,,,,,,,,,,,,,55,2%,,,,,,,,63,2%,4.15,,,,,,,,,,,,,,,,,64,1%,0.39,61,16%,0.05,,62,27%,8.33,,,,,,,,,,,,50,24%,28.86,,,,,,,,,,,,,60,1%,25.97,,,,,,,
ACNP 2529,07/15,ZULU J MACHADO,G,REMC 3462 -0.078,,,,,,,,,,,,,,,,,,62,6%,,,,,,,,73,13%,3.23,,,,,,,,,,,,,,,,,66,2%,0.91,63,3%,0.00,,66,45%,8.32,,,,,,,,,,,,55,18%,17.77,,,,,,,,,,,,,64,1%,20.83,,,,,,,
CSCN 15658,08/16,NAVIRAI FIV SURREAL,G,REMC 5326 -0.112,,,,,,,,,,,,,,,,,,76,10%,,,,,,,,86,16%,2.59,,,,,,,,,,,,,,,,,82,4%,0.97,81,2%,0.07,,80,22%,8.20,,,,,,,,,,,,69,10%,16.30,,,,,,,,,,,,,80,1%,18.68,,,,,,,
ACNP 3146,07/17,BELO J MACHADO,G,REMC 5326 -0.188,,,,,,,,,,,,,,,,,,85,2%,,,,,,,,95,2%,2.68,,,,,,,,,,,,,,,,,94,4%,0.40,94,16%,0.19,,92,5%,8.18,,,,,,,,,,,,83,2%,29.19,,,,,,,,,,,,,92,1%,26.33,,,,,,,
GCL 4521,09/16,ECHELON FIV VARRELA,G,REMC 5326 -0.104,,,,,,,,,,,,,,,,,,68,11%,,,,,,,,77,2%,2.67,,,,,,,,,,,,,,,,,76,4%,0.39,74,16%,0.25,,77,2%,7.81,,,,,,,,,,,,67,12%,30.11,,,,,,,,,,,,,74,1%,18.36,,,,,,,
HORA 3471,08/18,HERCULES DA HORA,G,RDM 7794 -0.112,,,,,,,,,,,,,,,,,,72,2%,,,,,,,,81,2%,4.58,,,,,,,,,,,,,,,,,78,0.5%,0.00,76,57%,0.08,,78,20%,7.80,,,,,,,,,,,,68,10%,28.37,,,,,,,,,,,,,76,1%,25.92,,,,,,,
PAU 2753,10/14,2753 DA PAULETE,G,PAU 1717 -0.007,,,,,,,,,,,,,,,,,,73,5%,,,,,,,,83,4%,3.52,,,,,,,,,,,,,,,,,82,2%,0.60,80,8%,0.05,,80,27%,7.79,,,,,,,,,,,,69,46%,25.14,,,,,,,,,,,,,79,1%,21.83,,,,,,,
JRBT B6061,11/16,MANDAO JR TAR,G,REMC 5326 -0.061,,,,,,,,,,,,,,,,,,83,0.5%,,,,,,,,88,4%,4.69,,,,,,,,,,,,,,,,,86,0.5%,0.14,84,35%,0.07,,86,22%,7.77,,,,,,,,,,,,81,23%,25.31,,,,,,,,,,,,,85,1%,28.26,,,,,,,
PHOC 1062,08/18,OSIRIS FIV STM,G,REMC 5326 -0.014,,,,,,,,,,,,,,,,,,71,0.5%,,,,,,,,77,2%,3.79,,,,,,,,,,,,,,,,,76,2%,0.28,74,23%,0.18,,77,6%,7.68,,,,,,,,,,,,68,42%,29.31,,,,,,,,,,,,,74,1%,28.72,,,,,,,
EAO A748,08/14,TRUNFO FIV DA EAO,G,IZSN A977 -0.027,,,,,,,,,,,,,,,,,,73,3%,,,,,,,,81,6%,3.51,,,,,,,,,,,,,,,,,80,2%,0.52,78,10%,0.11,,77,14%,7.63,,,,,,,,,,,,68,36%,23.09,,,,,,,,,,,,,77,1%,23.37,,,,,,,
CSCF 4553,12/17,4553 FIV DE NAV.,G,REMC 5326 -0.008,,,,,,,,,,,,,,,,,,52,2%,,,,,,,,67,2%,2.98,,,,,,,,,,,,,,,,,56,3%,0.54,53,10%,0.12,,57,13%,7.56,,,,,,,,,,,,44,45%,29.00,,,,,,,,,,,,,55,1%,26.09,,,,,,,
API 4253,10/17,BANGALORE DO API,G,API 1434 -0.010,,,,,,,,,,,,,,,,,,52,4%,,,,,,,,64,4%,4.98,,,,,,,,,,,,,,,,,63,0.5%,0.04,60,49%,0.15,,56,9%,7.55,,,,,,,,,,,,44,44%,24.92,,,,,,,,,,,,,58,1%,22.52,,,,,,,
JHVM 16291,08/17,GLOBO FIV CAMPARINO,G,REMC 5326 -0.147,,,,,,,,,,,,,,,,,,73,12%,,,,,,,,81,11%,2.84,,,,,,,,,,,,,,,,,82,3%,0.52,80,10%,0.15,,77,9%,7.54,,,,,,,,,,,,68,5%,18.88,,,,,,,,,,,,,78,1%,17.75,,,,,,,
HORA 2926,08/17,GATILHO DA HORA,G,REMC 5326 -0.076,,,,,,,,,,,,,,,,,,76,5%,,,,,,,,85,10%,3.36,,,,,,,,,,,,,,,,,82,2%,0.50,80,11%,0.13,,78,11%,7.50,,,,,,,,,,,,69,19%,19.46,,,,,,,,,,,,,79,1%,21.97,,,,,,,
RDM A3064,09/19,ESTORIL  MAT.,G,BONS 3108 -0.009,,,,,,,,,,,,,,,,,,74,1%,,,,,,,,81,4%,3.53,,,,,,,,,,,,,,,,,79,2%,0.47,77,12%,0.12,,80,13%,7.49,,,,,,,,,,,,72,45%,24.36,,,,,,,,,,,,,78,1%,26.76,,,,,,,
EAO A6528,07/17,ALQUIMISTA DA EAO,G,REMC 5326 -0.091,,,,,,,,,,,,,,,,,,77,10%,,,,,,,,89,28%,2.50,,,,,,,,,,,,,,,,,86,5%,0.82,85,4%,0.19,,85,5%,7.44,,,,,,,,,,,,75,15%,12.32,,,,,,,,,,,,,84,1%,18.80,,,,,,,
REMC A208,07/16,REM FOTO,G,REM 8933 -0.107,,,,,,,,,,,,,,,,,,55,5%,,,,,,,,65,7%,1.97,,,,,,,,,,,,,,,,,64,7%,0.77,60,4%,0.10,,63,16%,7.41,,,,,,,,,,,,51,11%,22.10,,,,,,,,,,,,,61,2%,21.88,,,,,,,
GRI B6777,07/17,B6777 DA S.NICE,G,REMC 5326 -0.040,,,,,,,,,,,,,,,,,,76,2%,,,,,,,,84,4%,3.82,,,,,,,,,,,,,,,,,83,1%,0.36,81,18%,0.03,,83,33%,7.37,,,,,,,,,,,,74,31%,24.48,,,,,,,,,,,,,81,2%,25.78,,,,,,,
MOQM 297,07/18,FOLK FIV DA MOQUEM,G,REMC 5326 -0.121,,,,,,,,,,,,,,,,,,58,3%,,,,,,,,66,4%,3.57,,,,,,,,,,,,,,,,,67,2%,0.26,64,24%,0.02,,67,37%,7.37,,,,,,,,,,,,55,9%,25.54,,,,,,,,,,,,,64,2%,24.41,,,,,,,
REM A1763,09/17,REM GIBARRA,G,REMC 5326 -0.048,,,,,,,,,,,,,,,,,,62,4%,,,,,,,,73,21%,2.53,,,,,,,,,,,,,,,,,67,5%,1.42,64,0.5%,0.31,,69,1%,11.18,,,,,,,,,,,,58,28%,14.42,,,,,,,,,,,,,,,,66,0.1%,22.94,,,,
AZAN 2193,09/17,RAM DA BELA,G,BONS 2612 -0.063,,,,,,,,,,,,,,,,,,75,1%,,,,,,,,85,2%,3.95,,,,,,,,,,,,,,,,,82,1%,0.96,81,2%,0.17,,81,7%,10.86,,,,,,,,,,,,68,22%,29.96,,,,,,,,,,,,,,,,80,0.1%,26.90,,,,
REM A1576,08/17,REM GALO GENETICA ADI,G,REM A7 -0.008,,,,,,,,,,,,,,,,,,79,1%,,,,,,,,91,1%,4.05,,,,,,,,,,,,,,,,,89,1%,0.93,88,2%,0.08,,85,20%,10.23,,,,,,,,,,,,76,45%,30.98,,,,,,,,,,,,,,,,86,0.5%,27.11,,,,
RDM 9978,07/17,CACIQUE MAT.,G,REMC 5326 -0.153,,,,,,,,,,,,,,,,,,83,2%,,,,,,,,88,5%,3.02,,,,,,,,,,,,,,,,,87,3%,0.99,86,2%,0.11,,87,14%,10.06,,,,,,,,,,,,81,5%,23.18,,,,,,,,,,,,,,,,86,0.5%,25.26,,,,
REM 5589,09/09,REM UPONIC,G,REM 4237 -0.042,,,,,,,,,,,,,,,,,,87,6%,,,,,,,,92,17%,2.16,,,,,,,,,,,,,,,,,90,6%,1.21,90,0.5%,0.22,,85,3%,9.69,,,,,,,,,,,,73,30%,16.17,,,,,,,,,,,,,,,,87,0.5%,21.35,,,,
MDLO 997,07/18,F997 DA MDLO,G,REMC 5326 -0.109,,,,,,,,,,,,,,,,,,51,2%,,,,,,,,63,6%,4.49,,,,,,,,,,,,,,,,,60,0.5%,0.65,57,7%,0.19,,56,5%,9.52,,,,,,,,,,,,44,11%,22.58,,,,,,,,,,,,,,,,56,0.5%,26.29,,,,
RDM A1687,10/18,DEL DIABLO MAT.,G,REMC 5326 -0.114,,,,,,,,,,,,,,,,,,60,1%,,,,,,,,69,3%,3.15,,,,,,,,,,,,,,,,,69,3%,0.89,66,3%,0.05,,68,27%,9.46,,,,,,,,,,,,59,10%,25.99,,,,,,,,,,,,,,,,66,0.5%,26.85,,,,
XIKU 5046,05/18,DORAVANTE,G,REM 8747 -0.066,,,,,,,,,,,,,,,,,,56,3%,,,,,,,,70,5%,4.28,,,,,,,,,,,,,,,,,70,1%,0.65,68,7%,0.19,,58,5%,9.21,,,,,,,,,,,,46,21%,23.71,,,,,,,,,,,,,,,,64,0.5%,23.61,,,,
PAU 3445,09/16,3445 FIV DA PAULETE,G,REMC 5326 -0.022,,,,,,,,,,,,,,,,,,47,1%,,,,,,,,59,2%,2.45,,,,,,,,,,,,,,,,,57,5%,0.85,54,3%,0.21,,50,4%,9.20,,,,,,,,,,,,39,38%,30.34,,,,,,,,,,,,,,,,52,0.5%,26.94,,,,
FVC 12335,07/17,ROCK FIV FVC,G,REMC 5326 -0.123,,,,,,,,,,,,,,,,,,59,2%,,,,,,,,67,4%,3.94,,,,,,,,,,,,,,,,,68,1%,0.71,65,5%,0.03,,68,33%,9.09,,,,,,,,,,,,56,8%,25.19,,,,,,,,,,,,,,,,65,0.5%,25.42,,,,
OROP 1961,08/17,OCASO OROITE,G,REM 8933 -0.025,,,,,,,,,,,,,,,,,,54,4%,,,,,,,,64,1%,3.98,,,,,,,,,,,,,,,,,62,1%,0.65,58,7%,0.08,,61,20%,8.99,,,,,,,,,,,,49,37%,31.59,,,,,,,,,,,,,,,,59,0.5%,23.08,,,,
SINO 1730,01/19,EL ZORRERO SINO,G,REM A7 -0.043,,,,,,,,,,,,,,,,,,79,0.5%,,,,,,,,92,0.5%,4.91,,,,,,,,,,,,,,,,,92,0.5%,0.40,92,16%,0.06,,89,25%,8.86,,,,,,,,,,,,80,29%,35.92,,,,,,,,,,,,,,,,90,0.5%,28.33,,,,
FGP 9577,07/19,FENDER FIV GUADALUPE,G,REMC 8053 -0.067,,,,,,,,,,,,,,,,,,71,2%,,,,,,,,78,6%,5.24,,,,,,,,,,,,,,,,,77,0.5%,0.48,75,12%,0.11,,78,14%,8.74,,,,,,,,,,,,68,21%,22.83,,,,,,,,,,,,,,,,75,0.5%,25.32,,,,
CSCN 15658,08/16,NAVIRAI FIV SURREAL,G,REMC 5326 -0.112,,,,,,,,,,,,,,,,,,76,10%,,,,,,,,86,16%,2.59,,,,,,,,,,,,,,,,,82,4%,0.97,81,2%,0.07,,80,22%,8.71,,,,,,,,,,,,69,10%,16.30,,,,,,,,,,,,,,,,80,0.5%,18.68,,,,
ELGE 3910,08/15,3910 DA ELGE,,LBMN D1484 -0.034,,,,,,,,,,,,,,,,,,49,12%,,,,,,,,68,15%,0.80,,,,,,,,,,,,,,,,,70,18%,1.16,68,1%,0.27,,68,2%,8.68,,,,,,,,,,,,8,33%,17.08,,,,,,,,,,,,,,,,58,0.5%,17.67,,,,
ACNP 3494,08/18,CARTER J MACHADO,G,REM A7 -0.101,,,,,,,,,,,,,,,,,,58,1%,,,,,,,,68,4%,4.21,,,,,,,,,,,,,,,,,66,1%,0.56,63,9%,0.08,,66,20%,8.64,,,,,,,,,,,,55,12%,25.25,,,,,,,,,,,,,,,,64,0.5%,26.44,,,,
ACNP 2529,07/15,ZULU J MACHADO,G,REMC 3462 -0.078,,,,,,,,,,,,,,,,,,62,6%,,,,,,,,73,13%,3.23,,,,,,,,,,,,,,,,,66,2%,0.91,63,3%,0.00,,66,45%,8.55,,,,,,,,,,,,55,18%,17.77,,,,,,,,,,,,,,,,64,0.5%,20.83,,,,
REMC A2860,09/19,REM INSTRUTOR GEN. AD,G,REMC A923 -0.123,,,,,,,,,,,,,,,,,,64,2%,,,,,,,,72,2%,4.87,,,,,,,,,,,,,,,,,72,0.5%,0.35,70,18%,0.09,,74,18%,8.54,,,,,,,,,,,,63,8%,28.30,,,,,,,,,,,,,,,,70,0.5%,25.53,,,,
CPRO 11434,10/18,ADHEFF AGROPEVA,G,REM A7 -0.016,,,,,,,,,,,,,,,,,,45,0.5%,,,,,,,,64,2%,4.58,,,,,,,,,,,,,,,,,46,0.5%,0.50,42,11%,0.03,,47,33%,8.35,,,,,,,,,,,,36,41%,30.05,,,,,,,,,,,,,,,,46,1%,29.51,,,,
AZAP 2549,08/18,SCUBA FIV DA BELA,G,REMC 9375 -0.154,,,,,,,,,,,,,,,,,,70,0.5%,,,,,,,,78,0.5%,3.21,,,,,,,,,,,,,,,,,77,2%,0.44,75,14%,0.05,,77,27%,8.22,,,,,,,,,,,,68,4%,33.63,,,,,,,,,,,,,,,,75,1%,28.29,,,,
FSIM 2463,09/16,FSIM 2463,G,LEM 430 -0.028,,,,,,,,,,,,,,,,,,44,2%,,,,,,,,58,2%,4.48,,,,,,,,,,,,,,,,,54,0.5%,0.44,51,14%,0.09,,55,18%,8.22,,,,,,,,,,,,30,35%,29.19,,,,,,,,,,,,,,,,50,1%,25.88,,,,
FVC 10971,10/15,CIFRAO FVC,G,LBMN D4685 -0.175,,,,,,,,,,,,,,,,,,77,12%,,,,,,,,88,21%,1.09,,,,,,,,,,,,,,,,,83,15%,1.07,82,1%,0.03,,82,33%,8.15,,,,,,,,,,,,68,3%,14.41,,,,,,,,,,,,,,,,81,1%,17.67,,,,
REM A2065,10/17,REM GPS,G,REM 6447 -0.021,,,,,,,,,,,,,,,,,,76,2%,,,,,,,,85,1%,5.47,,,,,,,,,,,,,,,,,85,0.1%,0.24,83,26%,0.09,,80,18%,8.08,,,,,,,,,,,,71,39%,30.85,,,,,,,,,,,,,,,,81,1%,25.64,,,,
ACNP 3146,07/17,BELO J MACHADO,G,REMC 5326 -0.188,,,,,,,,,,,,,,,,,,85,2%,,,,,,,,95,2%,2.68,,,,,,,,,,,,,,,,,94,4%,0.40,94,16%,0.19,,92,5%,8.00,,,,,,,,,,,,83,2%,29.19,,,,,,,,,,,,,,,,92,1%,26.33,,,,
MNS 9399,08/18,TABU DA ALO BRASIL,G,BRMG 2299 -0.004,,,,,,,,,,,,,,,,,,53,2%,,,,,,,,64,9%,0.63,,,,,,,,,,,,,,,,,60,21%,1.23,57,0.5%,0.00,,60,45%,7.99,,,,,,,,,,,,48,48%,20.48,,,,,,,,,,,,,,,,58,1%,24.55,,,,
EAO A6528,07/17,ALQUIMISTA DA EAO,G,REMC 5326 -0.091,,,,,,,,,,,,,,,,,,77,10%,,,,,,,,89,28%,2.50,,,,,,,,,,,,,,,,,86,5%,0.82,85,4%,0.19,,85,5%,7.94,,,,,,,,,,,,75,15%,12.32,,,,,,,,,,,,,,,,84,1%,18.80,,,,
CSCR 1135,09/17,TAJ FIV DE NAVIRAI,G,CSCN 14076 -0.036,,,,,,,,,,,,,,,,,,74,2%,,,,,,,,83,0.5%,1.23,,,,,,,,,,,,,,,,,80,13%,0.80,78,4%,0.07,,78,22%,7.88,,,,,,,,,,,,68,32%,33.38,,,,,,,,,,,,,,,,78,1%,24.61,,,,
REM 10447,11/18,REM HERCULES,G,REM 8933 -0.011,,,,,,,,,,,,,,,,,,70,0.1%,,,,,,,,78,0.1%,0.60,,,,,,,,,,,,,,,,,76,21%,0.75,74,5%,0.19,,77,5%,7.88,,,,,,,,,,,,68,44%,38.16,,,,,,,,,,,,,,,,74,1%,31.13,,,,
REMC A208,07/16,REM FOTO,G,REM 8933 -0.107,,,,,,,,,,,,,,,,,,55,5%,,,,,,,,65,7%,1.97,,,,,,,,,,,,,,,,,64,7%,0.77,60,4%,0.10,,63,16%,7.87,,,,,,,,,,,,51,11%,22.10,,,,,,,,,,,,,,,,61,1%,21.88,,,,
GCL 4521,09/16,ECHELON FIV VARRELA,G,REMC 5326 -0.104,,,,,,,,,,,,,,,,,,68,11%,,,,,,,,77,2%,2.67,,,,,,,,,,,,,,,,,76,4%,0.39,74,16%,0.25,,77,2%,7.77,,,,,,,,,,,,67,12%,30.11,,,,,,,,,,,,,,,,74,1%,18.36,,,,
MNS 8377,06/17,8377 FIV ALO BRASIL,G,REMC 5326 -0.058,,,,,,,,,,,,,,,,,,55,2%,,,,,,,,63,2%,4.15,,,,,,,,,,,,,,,,,64,1%,0.39,61,16%,0.05,,62,27%,7.73,,,,,,,,,,,,50,24%,28.86,,,,,,,,,,,,,,,,60,1%,25.97,,,,
ORON 739,02/18,IMPERADOR FIV VALE OU,G,LBMN D1484 -0.227,,,,,,,,,,,,,,,,,,68,6%,,,,,,,,75,4%,0.30,,,,,,,,,,,,,,,,,74,26%,0.75,71,5%,0.17,,75,7%,7.72,,,,,,,,,,,,65,1%,24.77,,,,,,,,,,,,,,,,72,1%,21.12,,,,
PAU 2753,10/14,2753 DA PAULETE,G,PAU 1717 -0.007,,,,,,,,,,,,,,,,,,73,5%,,,,,,,,83,4%,3.52,,,,,,,,,,,,,,,,,82,2%,0.60,80,8%,0.05,,80,27%,7.68,,,,,,,,,,,,69,46%,25.14,,,,,,,,,,,,,,,,79,1%,21.83,,,,
LCCF 440,08/17,COCHILO DA ARZ,G,REMC 5326 -0.165,,,,,,,,,,,,,,,,,,42,1%,,,,,,,,60,4%,4.80,,,,,,,,,,,,,,,,,49,0.5%,0.17,46,32%,0.12,,43,13%,7.68,,,,,,,,,,,,27,4%,24.64,,,,,,,,,,,,,,,,45,1%,27.44,,,,
KAPO 2715,10/18,OLIMPHO KA,G,KAPM 5872 -0.243,,,,,,,,,,,,,,,,,,73,5%,,,,,,,,82,4%,0.06,,,,,,,,,,,,,,,,,78,32%,0.80,76,4%,0.11,,77,14%,7.66,,,,,,,,,,,,68,0.5%,24.85,,,,,,,,,,,,,,,,76,1%,21.69,,,,
MMVA 2510,12/17,GALACTICO DA JACAMIM,G,RDM 4153 -0.064,,,,,,,,,,,,,,,,,,71,1%,,,,,,,,78,0.1%,1.20,,,,,,,,,,,,,,,,,78,14%,0.62,76,7%,0.07,,77,22%,7.61,,,,,,,,,,,,68,22%,38.81,,,,,,,,,,,,,,,,76,1%,27.67,,,,
CSCF 4553,12/17,4553 FIV DE NAV.,G,REMC 5326 -0.008,,,,,,,,,,,,,,,,,,52,2%,,,,,,,,67,2%,2.98,,,,,,,,,,,,,,,,,56,3%,0.54,53,10%,0.12,,57,13%,7.59,,,,,,,,,,,,44,45%,29.00,,,,,,,,,,,,,,,,55,1%,26.09,,,,
RDM A2751,07/19,EXPRESSO MAT.,G,BONS 3108 -0.062,,,,,,,,,,,,,,,,,,70,3%,,,,,,,,77,5%,2.45,,,,,,,,,,,,,,,,,78,5%,0.64,76,7%,0.11,,79,14%,7.52,,,,,,,,,,,,70,23%,23.82,,,,,,,,,,,,,,,,76,1%,23.29,,,,
JHVM 16291,08/17,GLOBO FIV CAMPARINO,G,REMC 5326 -0.147,,,,,,,,,,,,,,,,,,73,12%,,,,,,,,81,11%,2.84,,,,,,,,,,,,,,,,,82,3%,0.52,80,10%,0.15,,77,9%,7.47,,,,,,,,,,,,68,5%,18.88,,,,,,,,,,,,,,,,78,2%,17.75,,,,
EAO A748,08/14,TRUNFO FIV DA EAO,G,IZSN A977 -0.027,,,,,,,,,,,,,,,,,,73,3%,,,,,,,,81,6%,3.51,,,,,,,,,,,,,,,,,80,2%,0.52,78,10%,0.11,,77,14%,7.46,,,,,,,,,,,,68,36%,23.09,,,,,,,,,,,,,,,,77,2%,23.37,,,,
ITG 2579,07/05,PENDULO IT,G,ITG 1235,-1.42,61,0.1%,,,,54.28,72,45%,-0.21,63,83%,0.05,81,61%,,,25%,,,,,,,,,13.74,82,16%,,,,,,,,,,,,,78,,9.18,,,,,,,,,,,,,,,,,,,,,,,,,,,,,,,,,,,,,,,,,,,,75,,,
ITVT 419,03/14,GUZERA IT TE 419,G,CNS 8161,-1.18,53,0.5%,,,,61.56,65,17%,-0.67,56,93%,0.76,78,3%,,,1%,,,,,,,,,24.54,77,1%,,,,,,,,,,,,,4,,17.78,,,,,,,,,,,,,,,,,,,,,,,,,,,,,,,,,,,,,,,,,,,,69,,,
MYKT 478,09/13,DIGITAL FIV GUZERA 10,G,ITG 1235,-1.12,24,0.5%,,,,58.32,28,27%,-0.65,22,92%,0.38,21,18%,,,10%,,,,,,,,,22.55,42,2%,,,,,,,,,,,,,12,,12.51,,,,,,,,,,,,,,,,,,,,,,,,,,,,,,,,,,,,,,,,,,,,30,,,
ITVT 462,10/13,GUZERA IT 462,G,OJA 134,-1.02,53,1%,,,,52.74,65,54%,-0.02,56,75%,0.67,79,4%,,,5%,,,,,,,,,14.77,77,13%,,,,,,,,,,,,,4,,14.49,,,,,,,,,,,,,,,,,,,,,,,,,,,,,,,,,,,,,,,,,,,,69,,,
HQB 1048,01/05,MARCA SOL GAIO,,ITG 1235,-0.97,25,2%,,,,60.73,29,19%,1.57,27,18%,0.13,50,48%,,,12%,,,,,,,,,14.36,58,14%,,,,,,,,,,,,,4,,12.03,,,,,,,,,,,,,,,,,,,,,,,,,,,,,,,,,,,,,,,,,,,,40,,,
HQB 1058,01/05,MARCA SOL GALENO,,ITG 1235,-0.89,56,3%,,,,66.29,67,7%,1.52,63,19%,0.57,80,7%,,,4%,,,,,,,,,18.70,83,5%,,,,,,,,,,,,,132,,15.29,,,,,,,,,,,,,,,,,,,,,,,,,,,,,,,,,,,,,,,,,,,,72,,,
IVAG 1700,05/10,ENCANADOR VILLEFORT,,GEO 422,-0.70,25,6%,,,,58.93,29,25%,0.73,25,45%,0.06,47,60%,,,15%,,,,,,,,,13.00,62,18%,,,,,,,,,,,,,14,,11.40,,,,,,,,,,,,,,,,,,,,,,,,,,,,,,,,,,,,,,,,,,,,40,,,
ITG 3397,09/12,CARAMELO FIV IT,,CNS 4995,-0.69,24,7%,,,,77.20,26,0.5%,2.13,27,8%,0.81,45,2%,,,0.5%,,,,,,,,,17.02,52,8%,,,,,,,,,,,,,12,,20.41,,,,,,,,,,,,,,,,,,,,,,,,,,,,,,,,,,,,,,,,,,,,40,,,
RPOG 171,02/11,ILUSTRE DA ROSALITO,,ITG 2579,-0.60,22,10%,,,,66.18,23,7%,0.37,23,59%,0.86,61,2%,,,0.5%,,,,,,,,,24.44,64,1%,,,,,,,,,,,,,15,,18.91,,,,,,,,,,,,,,,,,,,,,,,,,,,,,,,,,,,,,,,,,,,,46,,,
FNF A2577,09/14,MANANCIAL NF,G,IVAG 1700,-0.59,55,10%,,,,55.70,65,38%,-0.15,57,81%,0.31,79,24%,,,19%,,,,,,,,,12.12,80,21%,,,,,,,,,,,,,32,,10.29,,,,,,,,,,,,,,,,,,,,,,,,,,,,,,,,,,,,,,,,,,,,71,,,
CNS 8161,09/10,FLORIM S,,CNS 7222,-0.55,26,12%,,,,60.01,29,21%,-0.78,30,94%,1.02,50,0.5%,,,3%,,,,,,,,,23.22,62,2%,,,,,,,,,,,,,26,,15.68,,,,,,,,,,,,,,,,,,,,,,,,,,,,,,,,,,,,,,,,,,,,42,,,
ITVT 233,05/13,MESTRE TE ITAT,G,CNS 4995,-0.51,58,14%,,,,56.57,66,34%,0.39,59,58%,0.39,82,17%,,,27%,,,,,,,,,13.28,83,17%,,,,,,,,,,,,,53,,8.79,,,,,,,,,,,,,,,,,,,,,,,,,,,,,,,,,,,,,,,,,,,,74,,,
ITG 3295,09/11,BECO IT,CNS 7222,-0.48,27,15%,57.96,,,,33,29%,2.61,29,3%,17.33,59,1%,22,,,SUMÁRIO DE TOUROS LÍDERES DA RAÇA GUZERÁ : HABILIDADE MATERNAL - MP120  (TOP 15%),"TOP 45% para MGTe, Acurácia maior ou igual a 20% para MP120, NN120 >= 4, Nascidos a partir de 2003, Progênie nascida nos últimos 2 anos, 40 melhores para MP120",RG,,,,,,,65,8%,0.97,,,,,,,,,,,,,2,,48,,,,,,,,,,,,,,,,,,,,,,,,,,,,,,,,,,,,,,,,,,,,3%,,,
HQB 2904,05/09,MARCA SOL MAGNUM,,5735,-0.39,35,21%,,,,0.24,25,55%,3.24,39,1%,13.75,80,16%,,,6%,,,,,,,,,4.42,38,1%,,,,,,,,,,,,,62,,14.11,,,,,,,,,,,,,,,,,,,,,,,,,,,,,,,,,,,,,,,,,,,,54,,,
GEO 512,05/07,ENDERECO FIV GEO,,CNS 4995,0.12,46,84%,,,,4.31,34,2%,2.70,49,3%,20.33,84,4%,,,0.5%,,,,,,,,,3.95,49,2%,,,,,,,,,,,,,137,,18.57,,,,,,,,,,,,,,,,,,,,,,,,,,,,,,,,,,,,,,,,,,,,63,,,
ITG 3295,09/11,BECO IT,,CNS 7222,-0.48,27,15%,,,,1.26,16,29%,2.61,29,3%,17.33,65,8%,,,3%,,,,,,,,,3.37,29,4%,,,,,,,,,,,,,31,,15.89,,,,,,,,,,,,,,,,,,,,,,,,,,,,,,,,,,,,,,,,,,,,48,,,
ITG 2920,09/07,SUECO IT,,MVB 20,-0.23,26,33%,,,,2.16,13,14%,2.54,27,4%,29.22,66,0.5%,,,2%,,,,,,,,,3.67,27,3%,,,,,,,,,,,,,19,,17.08,,,,,,,,,,,,,,,,,,,,,,,,,,,,,,,,,,,,,,,,,,,,49,,,
FNF A471,11/09,GRAFICO FIV NF,G,MVB 20,0.01,54,67%,,,,0.07,57,63%,2.34,57,5%,20.29,82,4%,,,7%,,,,,,,,,3.26,56,5%,,,,,,,,,,,,,22,,13.84,,,,,,,,,,,,,,,,,,,,,,,,,,,,,,,,,,,,,,,,,,,,72,,,
ITG 3397,09/12,CARAMELO FIV IT,,CNS 4995,-0.69,24,7%,,,,4.21,18,2%,2.13,27,8%,17.02,52,8%,,,0.5%,,,,,,,,,3.18,27,5%,,,,,,,,,,,,,20,,20.41,,,,,,,,,,,,,,,,,,,,,,,,,,,,,,,,,,,,,,,,,,,,40,,,
ITVT 1404,09/18,GUZERA IT 1404,G,HEMC 358,,,,,,,,,,1.95,55,10%,0.47,79,12%,,,19.77,70,0.5%,,,,,,,22.04,78,2%,,,9.36,68,0.1%,16.25,71,0.1%,35,2,,,,,,,,,,,,,,,,,,,,,,,,,,,,,,,,,,,,,,,,,,,,,,,,,,,,
ICIL 867,08/16,QUARTEL FIV DA ICIL,G,NESZ 776,,,,,,,,,,1.08,6,33%,0.65,25,5%,,,16.43,22,2%,,,,,,,24.38,43,1%,,,8.56,44,0.1%,12.84,44,0.5%,24,2,,,,,,,,,,,,,,,,,,,,,,,,,,,,,,,,,,,,,,,,,,,,,,,,,,,,
CNSJ 269,11/12,ESPIAO S,,IVAG 1058,,,,,,,,,,2.31,12,6%,0.28,41,28%,,,15.76,32,3%,,,,,,,21.94,58,2%,,,7.62,50,0.5%,12.05,51,0.5%,49,5,,,,,,,,,,,,,,,,,,,,,,,,,,,,,,,,,,,,,,,,,,,,,,,,,,,,
ITG 3295,09/11,BECO IT,,CNS 7222,,,,,,,,,,2.61,29,3%,0.97,59,1%,,,15.89,48,3%,,,,,,,17.33,65,8%,,,6.98,58,2%,11.76,59,1%,68,4,,,,,,,,,,,,,,,,,,,,,,,,,,,,,,,,,,,,,,,,,,,,,,,,,,,,
MGZ017958,09/17,BOHIO TE,,CNS 7696,,,,,,,,,,1.43,6,22%,0.46,27,12%,,,13.29,25,8%,,,,,,,13.58,53,17%,,,6.15,49,3%,11.72,52,1%,59,1,,,,,,,,,,,,,,,,,,,,,,,,,,,,,,,,,,,,,,,,,,,,,,,,,,,,
ITVT 1498,08/19,GUZERA IT 1498,,ITVT 233,,,,,,,,,,-0.07,12,78%,0.39,33,17%,,,17.66,32,1%,,,,,,,25.91,43,1%,,,6.74,44,2%,11.53,45,1%,19,1,,,,,,,,,,,,,,,,,,,,,,,,,,,,,,,,,,,,,,,,,,,,,,,,,,,,
MGZ019040,02/18,ASP CABAL TE,,CNS 7696,,,,,,,,,,1.63,7,17%,0.55,13,8%,,,17.82,23,1%,,,,,,,23.86,55,2%,,,6.86,46,2%,11.52,48,1%,42,1,,,,,,,,,,,,,,,,,,,,,,,,,,,,,,,,,,,,,,,,,,,,,,,,,,,,
FNF A471,11/09,GRAFICO FIV NF,G,MVB 20,,,,,,,,,,2.34,57,5%,0.25,81,31%,,,13.84,72,7%,,,,,,,20.29,82,4%,,,6.93,75,2%,11.21,77,1%,187,1,,,,,,,,,,,,,,,,,,,,,,,,,,,,,,,,,,,,,,,,,,,,,,,,,,,,
HQB 3351,09/10,MARCA SOL NORTE,,7567,,,,,,,,,,1.62,29,17%,0.59,73,7%,,,16.56,50,2%,,,,,,,18.74,78,5%,,,7.94,69,0.5%,11.21,71,1%,182,1,,,,,,,,,,,,,,,,,,,,,,,,,,,,,,,,,,,,,,,,,,,,,,,,,,,,
ITVT 419,03/14,GUZERA IT TE 419,G,CNS 8161,,,,,,,,,,-0.67,56,93%,0.76,78,3%,,,17.78,69,1%,,,,,,,24.54,77,1%,,,6.26,65,3%,11.09,68,2%,11,1,,,,,,,,,,,,,,,,,,,,,,,,,,,,,,,,,,,,,,,,,,,,,,,,,,,,
RPOG 171,02/11,ILUSTRE DA ROSALITO,,ITG 2579,,,,,,,,,,0.37,23,59%,0.86,61,2%,,,18.91,46,0.5%,,,,,,,24.44,64,1%,,,6.90,53,2%,10.90,55,2%,71,4,,,,,,,,,,,,,,,,,,,,,,,,,,,,,,,,,,,,,,,,,,,,,,,,,,,,
CNS 8161,09/10,FLORIM S,,CNS 7222,,,,,,,,,,-0.78,30,94%,1.02,50,0.5%,,,15.68,42,3%,,,,,,,23.22,62,2%,,,6.96,51,2%,10.52,54,2%,52,4,,,,,,,,,,,,,,,,,,,,,,,,,,,,,,,,,,,,,,,,,,,,,,,,,,,,
HEMC 358,05/13,FOCUS DA HE,G,RPOG 94,,,,,,,,,,1.03,59,34%,0.28,81,28%,,,9.33,73,24%,,,,,,,21.90,82,2%,,,6.28,74,3%,10.43,76,2%,141,3,,,,,,,,,,,,,,,,,,,,,,,,,,,,,,,,,,,,,,,,,,,,,,,,,,,,
FNF 9490,10/07,ENXOVAL FIV NF,G,HQB 258,,,,,,,,,,1.00,60,35%,0.29,81,27%,,,16.66,72,2%,,,,,,,16.78,81,9%,,,6.20,73,3%,10.42,75,2%,119,2,,,,,,,,,,,,,,,,,,,,,,,,,,,,,,,,,,,,,,,,,,,,,,,,,,,,
GEO 512,05/07,ENDERECO FIV GEO,,CNS 4995,,,,,,,,,,2.70,49,3%,0.88,79,2%,,,18.57,63,0.5%,,,,,,,20.33,84,4%,,,6.25,78,3%,10.16,79,3%,385,6,,,,,,,,,,,,,,,,,,,,,,,,,,,,,,,,,,,,,,,,,,,,,,,,,,,,
ITVT 303,10/13,GUZERA IT 303,G,FMN 1066,,,,,,,,,,0.13,55,69%,-0.13,80,91%,,,6.82,70,38%,,,,,,,14.22,79,15%,,,5.31,69,7%,9.84,72,3%,59,1,,,,,,,,,,,,,,,,,,,,,,,,,,,,,,,,,,,,,,,,,,,,,,,,,,,,
ITVT 462,10/13,GUZERA IT 462,G,OJA 134,,,,,,,,,,-0.02,56,75%,0.67,79,4%,,,14.49,69,5%,,,,,,,14.77,77,13%,,,5.45,67,6%,9.72,69,3%,21,1,,,,,,,,,,,,,,,,,,,,,,,,,,,,,,,,,,,,,,,,,,,,,,,,,,,,
ITG 3397,09/12,CARAMELO FIV IT,,CNS 4995,,,,,,,,,,2.13,27,8%,0.81,45,2%,,,20.41,40,0.5%,,,,,,,17.02,52,8%,,,5.84,41,4%,9.61,44,4%,30,2,,,,,,,,,,,,,,,,,,,,,,,,,,,,,,,,,,,,,,,,,,,,,,,,,,,,
HQB 6465,10/16,MARCA SOL TRICAMPEAO,,HQB 2904,,,,,,,,,,2.77,14,2%,0.15,57,45%,,,15.20,36,4%,,,,,,,13.97,61,15%,,,6.38,49,3%,8.99,52,5%,47,3,,,,,,,,,,,,,,,,,,,,,,,,,,,,,,,,,,,,,,,,,,,,,,,,,,,,
ITG 3164,04/10,ACIDO TE IT,G,NESZ 2,,,,,,,,,,0.46,57,56%,1.02,80,0.5%,,,9.54,71,23%,,,,,,,13.85,79,16%,,,3.06,69,28%,7.92,72,9%,63,3,,,,,,,,,,,,,,,,,,,,,,,,,,,,,,,,,,,,,,,,,,,,,,,,,,,,
FNF A2577,09/14,MANANCIAL NF,G,IVAG 1700,,,,,,,,,,-0.15,57,81%,0.31,79,24%,,,10.29,71,19%,,,,,,,12.12,80,21%,,,4.80,73,10%,7.46,75,11%,131,1,,,,,,,,,,,,,,,,,,,,,,,,,,,,,,,,,,,,,,,,,,,,,,,,,,,,
ITG 2579,07/05,PENDULO IT,G,ITG 1235,,,,,,,,,,-0.21,63,83%,0.05,81,61%,,,9.18,75,25%,,,,,,,13.74,82,16%,,,5.29,75,7%,7.32,77,12%,155,9,,,,,,,,,,,,,,,,,,,,,,,,,,,,,,,,,,,,,,,,,,,,,,,,,,,,
ITVT 1064,11/16,GUZERA IT 1064,G,RPOG 171,,,,,,,,,,2.14,54,8%,0.21,79,37%,,,13.56,69,7%,,,,,,,17.22,77,8%,,,4.56,66,12%,7.24,69,12%,23,1,,,,,,,,,,,,,,,,,,,,,,,,,,,,,,,,,,,,,,,,,,,,,,,,,,,,
IVAG 1700,05/10,ENCANADOR VILLEFORT,,GEO 422,,,,,,,,,,0.73,25,45%,0.06,47,60%,,,11.40,40,15%,,,,,,,13.00,62,18%,,,4.89,53,10%,6.75,56,15%,48,2,,,,,,,,,,,,,,,,,,,,,,,,,,,,,,,,,,,,,,,,,,,,,,,,,,,,
ITG 2920,09/07,SUECO IT,,MVB 20,,,,,,,,,,2.54,27,4%,0.59,59,7%,,,17.08,49,2%,,,,,,,29.22,66,0.5%,,,,,,6.40,52,17%,,,65,4,,,,,,,,,,,,,,,,,,,,,,,,,,,,,,,,,,,,,,,,,,,,,,,,22.07,61,1%
NESZ 776,05/08,GUZ BARRA JANGO FIV,,A2525,,,,,,,,,,1.08,11,33%,0.49,27,11%,,,18.38,25,1%,,,,,,,26.10,42,0.5%,,,,,,9.70,38,3%,,,11,4,,,,,,,,,,,,,,,,,,,,,,,,,,,,,,,,,,,,,,,,,,,,,,,,15.00,42,9%
HPD 1349,11/18,CIRILO,,ITG 2920,,,,,,,,,,1.96,9,10%,0.38,31,18%,,,12.33,24,11%,,,,,,,24.99,37,1%,,,,,,3.82,25,37%,,,9,1,,,,,,,,,,,,,,,,,,,,,,,,,,,,,,,,,,,,,,,,,,,,,,,,17.48,32,4%
ITVT 419,03/14,GUZERA IT TE 419,G,CNS 8161,,,,,,,,,,-0.67,56,93%,0.76,78,3%,,,17.78,69,1%,,,,,,,24.54,77,1%,,,,,,11.09,68,2%,,,9,1,,,,,,,,,,,,,,,,,,,,,,,,,,,,,,,,,,,,,,,,,,,,,,,,18.56,74,3%
RPOG 171,02/11,ILUSTRE DA ROSALITO,,ITG 2579,,,,,,,,,,0.37,23,59%,0.86,61,2%,,,18.91,46,0.5%,,,,,,,24.44,64,1%,,,,,,10.90,55,2%,,,64,1,,,,,,,,,,,,,,,,,,,,,,,,,,,,,,,,,,,,,,,,,,,,,,,,20.08,63,2%
ICIL 867,08/16,QUARTEL FIV DA ICIL,G,NESZ 776,,,,,,,,,,1.08,6,33%,0.65,25,5%,,,16.43,22,2%,,,,,,,24.38,43,1%,,,,,,12.84,44,0.5%,,,9,1,,,,,,,,,,,,,,,,,,,,,,,,,,,,,,,,,,,,,,,,,,,,,,,,19.98,47,2%
MGZ019040,02/18,ASP CABAL TE,,CNS 7696,,,,,,,,,,1.63,7,17%,0.55,13,8%,,,17.82,23,1%,,,,,,,23.86,55,2%,,,,,,11.52,48,1%,,,33,1,,,,,,,,,,,,,,,,,,,,,,,,,,,,,,,,,,,,,,,,,,,,,,,,19.80,53,2%
CNS 8161,09/10,FLORIM S,,CNS 7222,,,,,,,,,,-0.78,30,94%,1.02,50,0.5%,,,15.68,42,3%,,,,,,,23.22,62,2%,,,,,,10.52,54,2%,,,50,5,,,,,,,,,,,,,,,,,,,,,,,,,,,,,,,,,,,,,,,,,,,,,,,,21.95,60,1%
MYKT 478,09/13,DIGITAL FIV GUZERA 10,G,ITG 1235,,,,,,,,,,-0.65,22,92%,0.38,21,18%,,,12.51,30,10%,,,,,,,22.55,42,2%,,,,,,7.81,42,9%,,,5,1,,,,,,,,,,,,,,,,,,,,,,,,,,,,,,,,,,,,,,,,,,,,,,,,14.36,39,10%
ITVT 953,06/16,GUZERA IT 953,,ITG 3164,,,,,,,,,,0.45,12,56%,-0.01,38,75%,,,12.68,25,10%,,,,,,,22.12,37,2%,,,,,,7.34,29,12%,,,4,1,,,,,,,,,,,,,,,,,,,,,,,,,,,,,,,,,,,,,,,,,,,,,,,,17.70,35,4%
ITVT 1404,09/18,GUZERA IT 1404,G,HEMC 358,,,,,,,,,,1.95,55,10%,0.47,79,12%,,,19.77,70,0.5%,,,,,,,22.04,78,2%,,,,,,16.25,71,0.1%,,,25,2,,,,,,,,,,,,,,,,,,,,,,,,,,,,,,,,,,,,,,,,,,,,,,,,19.57,76,2%
CNSJ 269,11/12,ESPIAO S,,IVAG 1058,,,,,,,,,,2.31,12,6%,0.28,41,28%,,,15.76,32,3%,,,,,,,21.94,58,2%,,,,,,12.05,51,0.5%,,,42,5,,,,,,,,,,,,,,,,,,,,,,,,,,,,,,,,,,,,,,,,,,,,,,,,19.81,57,2%
HEMC 358,05/13,FOCUS DA HE,G,RPOG 94,,,,,,,,,,1.03,59,34%,0.28,81,28%,,,9.33,73,24%,,,,,,,21.90,82,2%,,,,,,10.43,76,2%,,,130,2,,,,,,,,,,,,,,,,,,,,,,,,,,,,,,,,,,,,,,,,,,,,,,,,19.83,80,2%
HQB 6967,09/17,MARCA SOL VESTIBULAR,,HQB 3351,,,,,,,,,,2.13,13,8%,1.01,39,0.5%,,,16.85,25,2%,,,,,,,20.35,45,4%,,,,,,7.27,37,12%,,,10,1,,,,,,,,,,,,,,,,,,,,,,,,,,,,,,,,,,,,,,,,,,,,,,,,18.86,43,3%
GEO 512,05/07,ENDERECO FIV GEO,,CNS 4995,,,,,,,,,,2.70,49,3%,0.88,79,2%,,,18.57,63,0.5%,,,,,,,20.33,84,4%,,,,,,10.16,79,3%,,,367,5,,,,,,,,,,,,,,,,,,,,,,,,,,,,,,,,,,,,,,,,,,,,,,,,20.54,83,2%
FNF A471,11/09,GRAFICO FIV NF,G,MVB 20,,,,,,,,,,2.34,57,5%,0.25,81,31%,,,13.84,72,7%,,,,,,,20.29,82,4%,,,,,,11.21,77,1%,,,127,1,,,,,,,,,,,,,,,,,,,,,,,,,,,,,,,,,,,,,,,,,,,,,,,,17.26,81,4%
NTIG 302,11/12,G302 TI DA 27,,CNS 7222,,,,,,,,,,-0.14,14,80%,0.42,30,15%,,,13.28,23,8%,,,,,,,19.03,41,5%,,,,,,5.25,25,25%,,,11,1,,,,,,,,,,,,,,,,,,,,,,,,,,,,,,,,,,,,,,,,,,,,,,,,17.85,34,4%
HQB 3351,09/10,MARCA SOL NORTE,,7567,,,,,,,,,,1.62,29,17%,0.59,73,7%,,,16.56,50,2%,,,,,,,18.74,78,5%,,,,,,11.21,71,1%,,,176,1,,,,,,,,,,,,,,,,,,,,,,,,,,,,,,,,,,,,,,,,,,,,,,,,17.93,76,4%
HQB 1058,01/05,MARCA SOL GALENO,,ITG 1235,,,,,,,,,,1.52,63,19%,0.57,80,7%,,,15.29,72,4%,,,,,,,18.70,83,5%,,,,,,6.29,79,18%,,,298,3,,,,,,,,,,,,,,,,,,,,,,,,,,,,,,,,,,,,,,,,,,,,,,,,15.78,82,7%
HQBS 216,04/14,MARCA SOL FENOMENO,,CNS 7222,,,,,,,,,,0.07,14,71%,0.74,24,3%,,,12.06,23,12%,,,,,,,18.43,38,6%,,,,,,6.18,26,19%,,,5,1,,,,,,,,,,,,,,,,,,,,,,,,,,,,,,,,,,,,,,,,,,,,,,,,15.83,29,7%
ITG 3295,09/11,BECO IT,,CNS 7222,,,,,,,,,,2.61,29,3%,0.97,59,1%,,,15.89,48,3%,,,,,,,17.33,65,8%,,,,,,11.76,59,1%,,,63,2,,,,,,,,,,,,,,,,,,,,,,,,,,,,,,,,,,,,,,,,,,,,,,,,21.82,64,1%
ITVG 334,12/18,GUZERA IT 334 FIV,,CNS 4995,,,,,,,,,,2.98,19,2%,0.42,27,15%,,,15.47,29,3%,,,,,,,17.30,37,8%,,,,,,5.12,34,26%,,,6,1,,,,,,,,,,,,,,,,,,,,,,,,,,,,,,,,,,,,,,,,,,,,,,,,9.85,36,26%
ITVT 1064,11/16,GUZERA IT 1064,G,RPOG 171,,,,,,,,,,2.14,54,8%,0.21,79,37%,,,13.56,69,7%,,,,,,,17.22,77,8%,,,,,,7.24,69,12%,,,15,1,,,,,,,,,,,,,,,,,,,,,,,,,,,,,,,,,,,,,,,,,,,,,,,,5.78,75,46%
ITG 3397,09/12,CARAMELO FIV IT,,CNS 4995,,,,,,,,,,2.13,27,8%,0.81,45,2%,,,20.41,40,0.5%,,,,,,,17.02,52,8%,,,,,,9.61,44,4%,,,25,1,,,,,,,,,,,,,,,,,,,,,,,,,,,,,,,,,,,,,,,,,,,,,,,,16.66,51,5%
HQB 5472,11/14,MARCA SOL ROMANUS,,HQB 1687,,,,,,,,,,3.10,17,1%,0.60,52,6%,,,12.34,34,11%,,,,,,,16.83,61,9%,,,,,,5.33,51,25%,,,47,1,,,,,,,,,,,,,,,,,,,,,,,,,,,,,,,,,,,,,,,,,,,,,,,,9.53,58,27%
FNF 9490,10/07,ENXOVAL FIV NF,G,HQB 258,,,,,,,,,,1.00,60,35%,0.29,81,27%,,,16.66,72,2%,,,,,,,16.78,81,9%,,,,,,10.42,75,2%,,,98,2,,,,,,,,,,,,,,,,,,,,,,,,,,,,,,,,,,,,,,,,,,,,,,,,13.95,80,11%
ITVT 927,04/16,GUZERA IT TE 927,OJA 134,1.20,,,,,,,,,,17,29%,6.12,29,11%,9,,,28,6%,CRESCIMENTO PÓS-DESMAME,,,,,,,38,9%,0.48,,,,,,32,19%,10.03,,,1,14.20,,,,,,,,,,,,,,,,,,,,,,,,,,,,,,,,,,,,,,,,,,,,,,,,36,25%,16.61
ITG 3164,04/10,ACIDO TE IT,G,NESZ 2,-0.25,54,31%,,,,49.60,67,77%,0.46,57,56%,1.02,80,0.5%,,,23%,,,,,,,,,13.85,79,16%,,,,,,,,,,,,,35,71,9.54,,,,,,,,,,,,,,,,,,,,,,,,,,,,,,,,,,,,,,,,,,,,,,,
CNS 8161,09/10,FLORIM S,,CNS 7222,-0.55,26,12%,,,,60.01,29,21%,-0.78,30,94%,1.02,50,0.5%,,,3%,,,,,,,,,23.22,62,2%,,,,,,,,,,,,,20,42,15.68,,,,,,,,,,,,,,,,,,,,,,,,,,,,,,,,,,,,,,,,,,,,,,,
HQB 6967,09/17,MARCA SOL VESTIBULAR,,HQB 3351,-0.29,10,28%,,,,63.03,13,13%,2.13,13,8%,1.01,39,0.5%,,,2%,,,,,,,,,20.35,45,4%,,,,,,,,,,,,,4,25,16.85,,,,,,,,,,,,,,,,,,,,,,,,,,,,,,,,,,,,,,,,,,,,,,,
ITG 3295,09/11,BECO IT,,CNS 7222,-0.48,27,15%,,,,57.96,33,29%,2.61,29,3%,0.97,59,1%,,,3%,,,,,,,,,17.33,65,8%,,,,,,,,,,,,,30,48,15.89,,,,,,,,,,,,,,,,,,,,,,,,,,,,,,,,,,,,,,,,,,,,,,,
HQB 2904,05/09,MARCA SOL MAGNUM,,5735,-0.39,35,21%,,,,62.31,42,15%,3.24,39,1%,0.92,75,1%,,,6%,,,,,,,,,13.75,80,16%,,,,,,,,,,,,,116,54,14.11,,,,,,,,,,,,,,,,,,,,,,,,,,,,,,,,,,,,,,,,,,,,,,,
GEO 512,05/07,ENDERECO FIV GEO,,CNS 4995,0.12,46,84%,,,,69.57,52,3%,2.70,49,3%,0.88,79,2%,,,0.5%,,,,,,,,,20.33,84,4%,,,,,,,,,,,,,161,63,18.57,,,,,,,,,,,,,,,,,,,,,,,,,,,,,,,,,,,,,,,,,,,,,,,
RPOG 171,02/11,ILUSTRE DA ROSALITO,,ITG 2579,-0.60,22,10%,,,,66.18,23,7%,0.37,23,59%,0.86,61,2%,,,0.5%,,,,,,,,,24.44,64,1%,,,,,,,,,,,,,44,46,18.91,,,,,,,,,,,,,,,,,,,,,,,,,,,,,,,,,,,,,,,,,,,,,,,
ITG 3397,09/12,CARAMELO FIV IT,,CNS 4995,-0.69,24,7%,,,,77.20,26,0.5%,2.13,27,8%,0.81,45,2%,,,0.5%,,,,,,,,,17.02,52,8%,,,,,,,,,,,,,14,40,20.41,,,,,,,,,,,,,,,,,,,,,,,,,,,,,,,,,,,,,,,,,,,,,,,
ITVT 419,03/14,GUZERA IT TE 419,G,CNS 8161,-1.18,53,0.5%,,,,61.56,65,17%,-0.67,56,93%,0.76,78,3%,,,1%,,,,,,,,,24.54,77,1%,,,,,,,,,,,,,5,69,17.78,,,,,,,,,,,,,,,,,,,,,,,,,,,,,,,,,,,,,,,,,,,,,,,
HQB 6864,08/17,MARCA SOL VULCANO,G,CNS 6391,-0.43,10,18%,,,,66.99,14,6%,2.82,12,2%,0.76,30,3%,,,10%,,,,,,,,,14.26,35,15%,,,,,,,,,,,,,5,21,12.68,,,,,,,,,,,,,,,,,,,,,,,,,,,,,,,,,,,,,,,,,,,,,,,
ITVT 462,10/13,GUZERA IT 462,G,OJA 134,-1.02,53,1%,,,,52.74,65,54%,-0.02,56,75%,0.67,79,4%,,,5%,,,,,,,,,14.77,77,13%,,,,,,,,,,,,,10,69,14.49,,,,,,,,,,,,,,,,,,,,,,,,,,,,,,,,,,,,,,,,,,,,,,,
CPTL 1343,12/14,DEBOCHADO DA CAPITAL,,CPTL 400,-0.44,7,17%,,,,62.86,6,13%,2.40,5,5%,0.66,23,5%,,,3%,,,,,,,,,18.26,29,6%,,,,,,,,,,,,,6,17,15.59,,,,,,,,,,,,,,,,,,,,,,,,,,,,,,,,,,,,,,,,,,,,,,,
ICIL 867,08/16,QUARTEL FIV DA ICIL,G,NESZ 776,-0.10,5,47%,,,,59.67,7,22%,1.08,6,33%,0.65,25,5%,,,2%,,,,,,,,,24.38,43,1%,,,,,,,,,,,,,4,22,16.43,,,,,,,,,,,,,,,,,,,,,,,,,,,,,,,,,,,,,,,,,,,,,,,
HQB 6274,07/16,MARCA SOL TIRANO,,MNCG 158,-0.46,8,16%,,,,59.83,11,22%,2.08,11,8%,0.64,63,5%,,,23%,,,,,,,,,8.16,70,37%,,,,,,,,,,,,,42,37,9.58,,,,,,,,,,,,,,,,,,,,,,,,,,,,,,,,,,,,,,,,,,,,,,,
CNS 10383,11/17,BASIN S,,IZSZ A742,-0.29,5,28%,,,,62.06,2,15%,1.65,6,16%,0.62,35,6%,,,4%,,,,,,,,,18.22,33,6%,,,,,,,,,,,,,4,17,15.17,,,,,,,,,,,,,,,,,,,,,,,,,,,,,,,,,,,,,,,,,,,,,,,
HQB 5472,11/14,MARCA SOL ROMANUS,,HQB 1687,-0.24,13,32%,,,,60.54,17,20%,3.10,17,1%,0.60,52,6%,,,11%,,,,,,,,,16.83,61,9%,,,,,,,,,,,,,21,34,12.34,,,,,,,,,,,,,,,,,,,,,,,,,,,,,,,,,,,,,,,,,,,,,,,
HQB 3351,09/10,MARCA SOL NORTE,,7567,-0.08,27,50%,,,,60.31,32,20%,1.62,29,17%,0.59,73,7%,,,2%,,,,,,,,,18.74,78,5%,,,,,,,,,,,,,94,50,16.56,,,,,,,,,,,,,,,,,,,,,,,,,,,,,,,,,,,,,,,,,,,,,,,
ITG 2920,09/07,SUECO IT,,MVB 20,-0.23,26,33%,,,,63.44,35,12%,2.54,27,4%,0.59,59,7%,,,2%,,,,,,,,,29.22,66,0.5%,,,,,,,,,,,,,30,49,17.08,,,,,,,,,,,,,,,,,,,,,,,,,,,,,,,,,,,,,,,,,,,,,,,
HQB 1058,01/05,MARCA SOL GALENO,,ITG 1235,-0.89,56,3%,,,,66.29,67,7%,1.52,63,19%,0.57,80,7%,,,4%,,,,,,,,,18.70,83,5%,,,,,,,,,,,,,143,72,15.29,,,,,,,,,,,,,,,,,,,,,,,,,,,,,,,,,,,,,,,,,,,,,,,
NESZ 776,05/08,GUZ BARRA JANGO FIV,,A2525,-0.39,11,21%,,,,67.26,14,5%,1.08,11,33%,0.49,27,11%,,,1%,,,,,,,,,26.10,42,0.5%,,,,,,,,,,,,,5,25,18.38,,,,,,,,,,,,,,,,,,,,,,,,,,,,,,,,,,,,,,,,,,,,,,,
ITVT 927,04/16,GUZERA IT TE 927,,OJA 134,-0.92,15,2%,,,,61.80,15,16%,1.20,17,29%,0.48,29,11%,,,6%,,,,,,,,,16.61,38,9%,,,,,,,,,,,,,5,28,14.20,,,,,,,,,,,,,,,,,,,,,,,,,,,,,,,,,,,,,,,,,,,,,,,
ITVT 1404,09/18,GUZERA IT 1404,G,HEMC 358,-0.45,52,17%,,,,60.27,65,20%,1.95,55,10%,0.47,79,12%,,,0.5%,,,,,,,,,22.04,78,2%,,,,,,,,,,,,,18,70,19.77,,,,,,,,,,,,,,,,,,,,,,,,,,,,,,,,,,,,,,,,,,,,,,,
MGZ017958,09/17,BOHIO TE,,CNS 7696,-0.12,7,45%,,,,60.12,5,21%,1.43,6,22%,0.46,27,12%,,,8%,,,,,,,,,13.58,53,17%,,,,,,,,,,,,,6,25,13.29,,,,,,,,,,,,,,,,,,,,,,,,,,,,,,,,,,,,,,,,,,,,,,,
FNF A3695,10/17,PERFEITO NF,G,TVLG 208,-0.32,52,26%,,,,66.92,65,6%,2.73,55,3%,0.43,79,14%,,,40%,,,,,,,,,-6.68,77,98%,,,,,,,,,,,,,10,69,6.49,,,,,,,,,,,,,,,,,,,,,,,,,,,,,,,,,,,,,,,,,,,,,,,
NTIG 302,11/12,G302 TI DA 27,,CNS 7222,-0.09,13,49%,,,,65.77,16,8%,-0.14,14,80%,0.42,30,15%,,,8%,,,,,,,,,19.03,41,5%,,,,,,,,,,,,,8,23,13.28,,,,,,,,,,,,,,,,,,,,,,,,,,,,,,,,,,,,,,,,,,,,,,,
JFT 2422,12/04,NOTAVEL TE JF,,5800,-0.48,28,15%,,,,77.20,41,0.5%,2.51,37,4%,0.67,51,4%,,,1%,,,,,,,,,14.89,69,13%,,,,,,,,,,,,,32,,18.36,46,,,,,,,,,,,,,,,,,,,,,,,,,,,,,,,,,,,,,,,,,,,,,,
ITG 3397,09/12,CARAMELO FIV IT,,CNS 4995,-0.69,24,7%,,,,77.20,26,0.5%,2.13,27,8%,0.81,45,2%,,,0.5%,,,,,,,,,17.02,52,8%,,,,,,,,,,,,,5,,20.41,40,,,,,,,,,,,,,,,,,,,,,,,,,,,,,,,,,,,,,,,,,,,,,,
CSCG 1761,08/06,FAMOSO DE NAVIRAI,,CNS 4995,-0.33,25,25%,,,,75.92,33,0.5%,4.01,33,0.1%,0.40,57,16%,,,0.5%,,,,,,,,,17.05,65,8%,,,,,,,,,,,,,13,,18.61,43,,,,,,,,,,,,,,,,,,,,,,,,,,,,,,,,,,,,,,,,,,,,,,
CNS 6391,08/03,NGAO TE S,,CNS 4995,-0.32,24,26%,,,,71.82,33,2%,3.81,27,0.5%,1.19,36,0.5%,,,1%,,,,,,,,,16.64,48,9%,,,,,,,,,,,,,15,,17.55,36,,,,,,,,,,,,,,,,,,,,,,,,,,,,,,,,,,,,,,,,,,,,,,
HQB 788,03/04,MS  GALEAO 788 TE,,9940,-0.20,34,36%,,,,71.35,46,2%,0.82,39,42%,-0.02,58,77%,,,12%,,,,,,,,,12.36,68,21%,,,,,,,,,,,,,33,,12.15,52,,,,,,,,,,,,,,,,,,,,,,,,,,,,,,,,,,,,,,,,,,,,,,
HQB 1828,09/07,MARCA SOL JUA,,HQB 381,-0.36,25,23%,,,,70.62,36,2%,2.10,30,8%,0.08,50,56%,,,3%,,,,,,,,,17.32,58,8%,,,,,,,,,,,,,20,,15.72,43,,,,,,,,,,,,,,,,,,,,,,,,,,,,,,,,,,,,,,,,,,,,,,
TOTG 997,07/05,GEL CS,,ROES 1,-0.42,29,19%,,,,70.39,40,2%,0.94,38,38%,-0.05,57,82%,,,5%,,,,,,,,,13.12,69,18%,,,,,,,,,,,,,23,,14.58,46,,,,,,,,,,,,,,,,,,,,,,,,,,,,,,,,,,,,,,,,,,,,,,
GEO 512,05/07,ENDERECO FIV GEO,,CNS 4995,0.12,46,84%,,,,69.57,52,3%,2.70,49,3%,0.88,79,2%,,,0.5%,,,,,,,,,20.33,84,4%,,,,,,,,,,,,,60,,18.57,63,,,,,,,,,,,,,,,,,,,,,,,,,,,,,,,,,,,,,,,,,,,,,,
FNF 9490,10/07,ENXOVAL FIV NF,G,HQB 258,-0.10,56,47%,,,,69.43,68,3%,1.00,60,35%,0.29,81,27%,,,2%,,,,,,,,,16.78,81,9%,,,,,,,,,,,,,24,,16.66,72,,,,,,,,,,,,,,,,,,,,,,,,,,,,,,,,,,,,,,,,,,,,,,
FNF 9963,11/08,FISGADOR NF,,TOTG 997,0.11,26,83%,,,,68.49,37,4%,2.83,35,2%,-0.42,58,100%,,,8%,,,,,,,,,14.72,68,14%,,,,,,,,,,,,,22,,13.24,44,,,,,,,,,,,,,,,,,,,,,,,,,,,,,,,,,,,,,,,,,,,,,,
MGZ009731,03/11,CCL ABSOLUTO TE,,CNS 4995,-0.81,34,4%,,,,67.97,36,5%,2.67,43,3%,0.55,19,8%,,,6%,,,,,,,,,14.43,60,14%,,,,,,,,,,,,,22,,14.10,39,,,,,,,,,,,,,,,,,,,,,,,,,,,,,,,,,,,,,,,,,,,,,,
HQB 1058,01/05,MARCA SOL GALENO,,ITG 1235,-0.89,56,3%,,,,66.29,67,7%,1.52,63,19%,0.57,80,7%,,,4%,,,,,,,,,18.70,83,5%,,,,,,,,,,,,,143,,15.29,72,,,,,,,,,,,,,,,,,,,,,,,,,,,,,,,,,,,,,,,,,,,,,,
OAC 97,01/05,ESTALO TE STA CELINA,,EAB 2058,-0.28,17,29%,,,,66.28,27,7%,1.73,22,14%,-0.04,48,81%,,,17%,,,,,,,,,9.34,60,32%,,,,,,,,,,,,,11,,10.69,35,,,,,,,,,,,,,,,,,,,,,,,,,,,,,,,,,,,,,,,,,,,,,,
DACI 1297,05/07,GINO FIV DO DER,,HQB 381,-0.90,20,3%,,,,64.97,25,9%,2.35,24,5%,0.48,48,11%,,,5%,,,,,,,,,13.38,56,17%,,,,,,,,,,,,,7,,14.51,40,,,,,,,,,,,,,,,,,,,,,,,,,,,,,,,,,,,,,,,,,,,,,,
RPOG 138,09/10,HUNT TE DA ROSALITO,,PEAC 491,-0.76,15,5%,,,,64.02,21,11%,0.88,17,40%,0.85,44,2%,,,0.1%,,,,,,,,,32.63,48,0.1%,,,,,,,,,,,,,5,,20.96,34,,,,,,,,,,,,,,,,,,,,,,,,,,,,,,,,,,,,,,,,,,,,,,
ITG 2920,09/07,SUECO IT,,MVB 20,-0.23,26,33%,,,,63.44,35,12%,2.54,27,4%,0.59,59,7%,,,2%,,,,,,,,,29.22,66,0.5%,,,,,,,,,,,,,18,,17.08,49,,,,,,,,,,,,,,,,,,,,,,,,,,,,,,,,,,,,,,,,,,,,,,
RFS 3314,02/09,DECANO TE RF,,JFT 2422,-0.14,15,42%,,,,62.81,24,13%,2.18,16,7%,0.41,29,16%,,,25%,,,,,,,,,5.93,57,47%,,,,,,,,,,,,,7,,9.12,31,,,,,,,,,,,,,,,,,,,,,,,,,,,,,,,,,,,,,,,,,,,,,,
CSCG 1768,09/06,FAIDAN DE NAVIRAI,,CNS 4995,-0.27,21,29%,,,,62.71,28,14%,3.72,22,0.5%,0.32,44,23%,,,28%,,,,,,,,,7.07,52,42%,,,,,,,,,,,,,9,,8.58,35,,,,,,,,,,,,,,,,,,,,,,,,,,,,,,,,,,,,,,,,,,,,,,
CSCG 1831,08/07,GRUPO DE NAVIRAI,,CNS 4995,-0.05,18,55%,,,,62.60,24,14%,3.56,21,0.5%,1.12,40,0.5%,,,3%,,,,,,,,,16.92,48,8%,,,,,,,,,,,,,5,,15.97,31,,,,,,,,,,,,,,,,,,,,,,,,,,,,,,,,,,,,,,,,,,,,,,
HQB 2904,05/09,MARCA SOL MAGNUM,,5735,-0.39,35,21%,,,,62.31,42,15%,3.24,39,1%,0.92,75,1%,,,6%,,,,,,,,,13.75,80,16%,,,,,,,,,,,,,29,,14.11,54,,,,,,,,,,,,,,,,,,,,,,,,,,,,,,,,,,,,,,,,,,,,,,
OJA 21,05/06,EDEN OJ,,ITG 2159,-0.92,31,2%,,,,61.88,43,16%,1.54,41,19%,0.03,52,65%,,,23%,,,,,,,,,7.57,65,39%,,,,,,,,,,,,,34,,9.54,46,,,,,,,,,,,,,,,,,,,,,,,,,,,,,,,,,,,,,,,,,,,,,,
FNF 9487,10/07,ERMITAO FIV NF,,HQB 258,-0.20,24,36%,,,,61.33,33,17%,1.48,29,20%,-0.02,54,77%,,,27%,,,,,,,,,9.98,64,29%,,,,,,,,,,,,,13,,8.82,42,,,,,,,,,,,,,,,,,,,,,,,,,,,,,,,,,,,,,,,,,,,,,,
AFGF 184,08/04,HAITI TE S CLARAMAR,,CNS 4995,-0.30,30,27%,,,,61.26,44,17%,1.80,29,13%,0.87,50,2%,,,2%,,,,,,,,,21.59,61,3%,,,,,,,,,,,,,38,,16.82,49,,,,,,,,,,,,,,,,,,,,,,,,,,,,,,,,,,,,,,,,,,,,,,
CFL 8487,05/03,NEPAL TE CL 3 MARIAS,,CNS 4995,-0.02,17,60%,,,,60.79,23,19%,3.04,16,2%,0.49,23,11%,,,16%,,,,,,,,,10.80,43,26%,,,,,,,,,,,,,6,,11.00,27,,,,,,,,,,,,,,,,,,,,,,,,,,,,,,,,,,,,,,,,,,,,,,
HQB 2974,08/09,MARCA SOL MALVINO,,7567,-0.14,22,42%,,,,60.41,31,20%,1.65,25,16%,-0.12,57,90%,,,30%,,,,,,,,,9.71,66,30%,,,,,,,,,,,,,11,,8.17,42,,,,,,,,,,,,,,,,,,,,,,,,,,,,,,,,,,,,,,,,,,,,,,
HQB 3351,09/10,MARCA SOL NORTE,,7567,-0.08,27,50%,,,,60.31,32,20%,1.62,29,17%,0.59,73,7%,,,2%,STAYABILITY,,,,,,,,18.74,78,5%,,,,,,,,,,,,,15,,16.56,50,,,,,,,,,,,,,,,,,,,,,,,,,,,,,,,,,,,,,,,,,,,,,,
ITVT 462,10/13,GUZERA IT 462,G,OJA 134,-1.02,53,1%,,,,,,,,,,0.67,79,4%,,,5%,,,,,,,,,14.77,77,13%,,,,,,,,,,,,,26,,14.49,,5.34,77,0.1%,0.91,75,0.5%,69,,,,,,,,,,,,,,,,,,,,,,,,,,,,,,,,,,,,,,,
HQB 6465,10/16,MARCA SOL TRICAMPEAO,,HQB 2904,-0.49,12,15%,,,,,,,,,,0.15,57,45%,,,4%,,,,,,,,,13.97,61,15%,,,,,,,,,,,,,9,,15.20,,4.60,32,0.1%,0.29,27,10%,36,,,,,,,,,,,,,,,,,,,,,,,,,,,,,,,,,,,,,,,
ITVT 1404,09/18,GUZERA IT 1404,G,HEMC 358,-0.45,52,17%,,,,,,,,,,0.47,79,12%,,,0.5%,,,,,,,,,22.04,78,2%,,,,,,,,,,,,,28,,19.77,,4.08,77,0.5%,0.96,75,0.5%,70,,,,,,,,,,,,,,,,,,,,,,,,,,,,,,,,,,,,,,,
HEMC 358,05/13,FOCUS DA HE,G,RPOG 94,-0.08,58,50%,,,,,,,,,,0.28,81,28%,,,24%,,,,,,,,,21.90,82,2%,,,,,,,,,,,,,157,,9.33,,3.43,82,1%,0.70,80,1%,73,,,,,,,,,,,,,,,,,,,,,,,,,,,,,,,,,,,,,,,
ITVT 419,03/14,GUZERA IT TE 419,G,CNS 8161,-1.18,53,0.5%,,,,,,,,,,0.76,78,3%,,,1%,,,,,,,,,24.54,77,1%,,,,,,,,,,,,,8,,17.78,,3.31,76,2%,0.06,74,49%,69,,,,,,,,,,,,,,,,,,,,,,,,,,,,,,,,,,,,,,,
ITVT 953,06/16,GUZERA IT 953,,ITG 3164,-0.89,9,3%,,,,,,,,,,-0.01,38,75%,,,10%,,,,,,,,,22.12,37,2%,,,,,,,,,,,,,5,,12.68,,3.19,36,2%,0.05,33,52%,25,,,,,,,,,,,,,,,,,,,,,,,,,,,,,,,,,,,,,,,
ITVT 1064,11/16,GUZERA IT 1064,G,RPOG 171,-0.51,52,14%,,,,,,,,,,0.21,79,37%,,,7%,,,,,,,,,17.22,77,8%,,,,,,,,,,,,,22,,13.56,,3.08,77,2%,0.39,75,5%,69,,,,,,,,,,,,,,,,,,,,,,,,,,,,,,,,,,,,,,,
ITVT 927,04/16,GUZERA IT TE 927,,OJA 134,-0.92,15,2%,,,,,,,,,,0.48,29,11%,,,6%,,,,,,,,,16.61,38,9%,,,,,,,,,,,,,9,,14.20,,3.05,43,2%,0.09,40,41%,28,,,,,,,,,,,,,,,,,,,,,,,,,,,,,,,,,,,,,,,
CPTL 1343,12/14,DEBOCHADO DA CAPITAL,,CPTL 400,-0.44,7,17%,,,,,,,,,,0.66,23,5%,,,3%,,,,,,,,,18.26,29,6%,,,,,,,,,,,,,10,,15.59,,2.90,29,3%,-0.20,26,98%,17,,,,,,,,,,,,,,,,,,,,,,,,,,,,,,,,,,,,,,,
NESZ 776,05/08,GUZ BARRA JANGO FIV,,A2525,-0.39,11,21%,,,,,,,,,,0.49,27,11%,,,1%,,,,,,,,,26.10,42,0.5%,,,,,,,,,,,,,5,,18.38,,2.75,26,3%,0.16,21,26%,25,,,,,,,,,,,,,,,,,,,,,,,,,,,,,,,,,,,,,,,
HPD 1295,10/18,EUDORITO,,ITG 2920,-0.27,9,29%,,,,,,,,,,0.16,25,44%,,,12%,,,,,,,,,15.52,33,11%,,,,,,,,,,,,,6,,12.19,,2.63,37,4%,0.87,34,0.5%,24,,,,,,,,,,,,,,,,,,,,,,,,,,,,,,,,,,,,,,,
RPOG 171,02/11,ILUSTRE DA ROSALITO,,ITG 2579,-0.60,22,10%,,,,,,,,,,0.86,61,2%,,,0.5%,,,,,,,,,24.44,64,1%,,,,,,,,,,,,,63,,18.91,,2.62,63,4%,0.24,61,14%,46,,,,,,,,,,,,,,,,,,,,,,,,,,,,,,,,,,,,,,,
ITG 3164,04/10,ACIDO TE IT,G,NESZ 2,-0.25,54,31%,,,,,,,,,,1.02,80,0.5%,,,23%,,,,,,,,,13.85,79,16%,,,,,,,,,,,,,38,,9.54,,2.33,78,6%,-0.21,76,99%,71,,,,,,,,,,,,,,,,,,,,,,,,,,,,,,,,,,,,,,,
CNS 8161,09/10,FLORIM S,,CNS 7222,-0.55,26,12%,,,,,,,,,,1.02,50,0.5%,,,3%,,,,,,,,,23.22,62,2%,,,,,,,,,,,,,8,,15.68,,2.33,35,6%,-0.19,31,98%,42,,,,,,,,,,,,,,,,,,,,,,,,,,,,,,,,,,,,,,,
ITG 3295,09/11,BECO IT,,CNS 7222,-0.48,27,15%,,,,,,,,,,0.97,59,1%,,,3%,,,,,,,,,17.33,65,8%,,,,,,,,,,,,,30,,15.89,,2.27,56,7%,0.24,53,14%,48,,,,,,,,,,,,,,,,,,,,,,,,,,,,,,,,,,,,,,,
ITG 2920,09/07,SUECO IT,MVB 20,-0.23,26,33%,29.22,,,,,,,,,,59,7%,2.22,,,SUMÁRIO DE TOUROS LÍDERES DA RAÇA GUZERÁ : CARACTERÍSTICA QUANTITATIVA DE CARCAÇA - ACAB  (TOP 10%),"TOP 40% para MGTe, Acurácia maior ou igual a 20% para DACAB, NFUS >= 5, Nascidos a partir de 2003, Progênie nascida nos últimos 2 anos, 40 melhores para DACAB",RG,,,,,,,66,0.5%,0.59,,,,,,,,,,,,,1,,49,,67,7%,0.70,65,1%,73,2%,,,,,,,,,,,,,,,,,,,,,,,,,,,,,,,,,,,,,,,
ITVT 303,10/13,GUZERA IT 303,G,FMN 1066,-0.04,53,56%,,,,,,,,,,-0.13,80,91%,,,38%,,,,,,,,,14.22,79,15%,,,,,,,,,,,,,50,,6.82,,-1.46,78,100%,1.36,76,0.1%,70,,,,,,,,,,,,,,,,,,,,,,,,,,,,,,,,,,,,,,,
ITVT 1404,09/18,GUZERA IT 1404,G,HEMC 358,-0.45,52,17%,,,,,,,,,,0.47,79,12%,,,0.5%,,,,,,,,,22.04,78,2%,,,,,,,,,,,,,28,,19.77,,4.08,77,0.5%,0.96,75,0.5%,70,,,,,,,,,,,,,,,,,,,,,,,,,,,,,,,,,,,,,,,
ITVT 462,10/13,GUZERA IT 462,G,OJA 134,-1.02,53,1%,,,,,,,,,,0.67,79,4%,,,5%,,,,,,,,,14.77,77,13%,,,,,,,,,,,,,26,,14.49,,5.34,77,0.1%,0.91,75,0.5%,69,,,,,,,,,,,,,,,,,,,,,,,,,,,,,,,,,,,,,,,
HPD 1295,10/18,EUDORITO,,ITG 2920,-0.27,9,29%,,,,,,,,,,0.16,25,44%,,,12%,,,,,,,,,15.52,33,11%,,,,,,,,,,,,,6,,12.19,,2.63,37,4%,0.87,34,0.5%,24,,,,,,,,,,,,,,,,,,,,,,,,,,,,,,,,,,,,,,,
HEMC 358,05/13,FOCUS DA HE,G,RPOG 94,-0.08,58,50%,,,,,,,,,,0.28,81,28%,,,24%,,,,,,,,,21.90,82,2%,,,,,,,,,,,,,157,,9.33,,3.43,82,1%,0.70,80,1%,73,,,,,,,,,,,,,,,,,,,,,,,,,,,,,,,,,,,,,,,
ITG 2920,09/07,SUECO IT,,MVB 20,-0.23,26,33%,,,,,,,,,,0.59,59,7%,,,2%,,,,,,,,,29.22,66,0.5%,,,,,,,,,,,,,73,,17.08,,2.22,67,7%,0.70,65,1%,49,,,,,,,,,,,,,,,,,,,,,,,,,,,,,,,,,,,,,,,
ITVT 1064,11/16,GUZERA IT 1064,G,RPOG 171,-0.51,52,14%,,,,,,,,,,0.21,79,37%,,,7%,,,,,,,,,17.22,77,8%,,,,,,,,,,,,,22,,13.56,,3.08,77,2%,0.39,75,5%,69,,,,,,,,,,,,,,,,,,,,,,,,,,,,,,,,,,,,,,,
ITVG 334,12/18,GUZERA IT 334 FIV,,CNS 4995,-0.74,18,5%,,,,,,,,,,0.42,27,15%,,,3%,,,,,,,,,17.30,37,8%,,,,,,,,,,,,,7,,15.47,,1.22,42,30%,0.33,39,7%,29,,,,,,,,,,,,,,,,,,,,,,,,,,,,,,,,,,,,,,,
HQB 6465,10/16,MARCA SOL TRICAMPEAO,,HQB 2904,-0.49,12,15%,,,,,,,,,,0.15,57,45%,,,4%,,,,,,,,,13.97,61,15%,,,,,,,,,,,,,9,,15.20,,4.60,32,0.1%,0.29,27,10%,36,,,,,,,,,,,,,,,,,,,,,,,,,,,,,,,,,,,,,,,
ITVT 503,08/14,GUZERA IT 503,,OJA 134,,,,,,,,,,,,,,,,,,7.82,31,33%,,,,,,,11.11,45,25%,,,,,,,,,,,,,,,,,2.13,35,8%,0.00,33,71%,,,,,,,,,,,,,,,,-0.286,27,0.1%,-0.353,30,0.1%,,,,,,,,,,,,,,,,,,,
HPD 1883,09/21,XIAN,,OJA 134,,,,,,,,,,,,,,,,,,7.95,19,32%,,,,,,,12.82,30,19%,,,,,,,,,,,,,,,,,2.90,28,3%,0.24,27,14%,,,,,,,,,,,,,,,,-0.253,22,0.1%,-0.324,25,0.1%,,,,,,,,,,,,,,,,,,,
ITVT 1250,10/17,GUZERA IT 1250 FIV,,OJA 134,,,,,,,,,,,,,,,,,,10.28,23,19%,,,,,,,12.75,23,19%,,,,,,,,,,,,,,,,,3.45,34,1%,0.04,33,55%,,,,,,,,,,,,,,,,-0.226,27,0.1%,-0.182,30,0.5%,,,,,,,,,,,,,,,,,,,
ITV99,10/21,GUZERA IT CL 99,,OJA 134,,,,,,,,,,,,,,,,,,1.52,16,74%,,,,,,,-2.42,27,90%,,,,,,,,,,,,,,,,,2.74,26,3%,0.01,25,66%,,,,,,,,,,,,,,,,-0.219,20,0.1%,-0.313,23,0.1%,,,,,,,,,,,,,,,,,,,
ITVT 419,03/14,GUZERA IT TE 419,G,CNS 8161,,,,,,,,,,,,,,,,,,17.78,69,1%,,,,,,,24.54,77,1%,,,,,,,,,,,,,,,,,3.31,76,2%,0.06,74,49%,,,,,,,,,,,,,,,,-0.215,69,0.1%,0.004,74,31%,,,,,,,,,,,,,,,,,,,
ITVT 1254,10/17,GUZERA IT 1254 FIV,,OJA 134,,,,,,,,,,,,,,,,,,10.51,23,18%,,,,,,,12.75,23,19%,,,,,,,,,,,,,,,,,3.56,34,1%,0.21,33,18%,,,,,,,,,,,,,,,,-0.206,27,0.1%,-0.238,30,0.5%,,,,,,,,,,,,,,,,,,,
ITVT 1272,11/17,GUZERA IT 1272 FIV,,OJA 134,,,,,,,,,,,,,,,,,,10.05,23,20%,,,,,,,12.75,23,19%,,,,,,,,,,,,,,,,,2.80,35,3%,0.29,34,10%,,,,,,,,,,,,,,,,-0.204,27,0.1%,-0.165,30,1%,,,,,,,,,,,,,,,,,,,
ITVT 367,12/13,GUZERA IT TE 367,G,CNS 8161,,,,,,,,,,,,,,,,,,15.91,68,3%,,,,,,,23.18,76,2%,,,,,,,,,,,,,,,,,2.10,76,9%,-0.01,74,79%,,,,,,,,,,,,,,,,-0.199,68,0.5%,0.018,73,44%,,,,,,,,,,,,,,,,,,,
ITVT 1296,12/17,GUZERA IT 1296 FIV,,OJA 134,,,,,,,,,,,,,,,,,,10.23,22,20%,,,,,,,12.75,23,19%,,,,,,,,,,,,,,,,,3.20,26,2%,0.17,25,24%,,,,,,,,,,,,,,,,-0.198,27,0.5%,-0.196,30,0.5%,,,,,,,,,,,,,,,,,,,
ITV118,10/21,GUZERA IT CL 118,,OJA 134,,,,,,,,,,,,,,,,,,2.53,16,66%,,,,,,,-1.18,27,85%,,,,,,,,,,,,,,,,,3.50,26,1%,0.30,25,9%,,,,,,,,,,,,,,,,-0.197,20,0.5%,-0.298,23,0.1%,,,,,,,,,,,,,,,,,,,
ITVG 428,02/20,GUZERA IT 428 FIV,,OJA 134,,,,,,,,,,,,,,,,,,10.36,23,19%,,,,,,,12.75,23,19%,,,,,,,,,,,,,,,,,3.50,35,1%,0.09,34,41%,,,,,,,,,,,,,,,,-0.193,27,0.5%,-0.177,30,0.5%,,,,,,,,,,,,,,,,,,,
ITV102,09/21,GUZERA IT CL 102,,OJA 134,,,,,,,,,,,,,,,,,,-0.01,16,87%,,,,,,,-3.04,27,92%,,,,,,,,,,,,,,,,,0.73,26,50%,-0.03,24,85%,,,,,,,,,,,,,,,,-0.190,20,0.5%,-0.299,23,0.1%,,,,,,,,,,,,,,,,,,,
ITV123,10/21,GUZERA IT CL 123,,OJA 134,,,,,,,,,,,,,,,,,,2.52,16,67%,,,,,,,0.21,27,76%,,,,,,,,,,,,,,,,,3.22,26,2%,0.23,25,15%,,,,,,,,,,,,,,,,-0.186,20,0.5%,-0.276,23,0.5%,,,,,,,,,,,,,,,,,,,
ITVG 413,02/20,GUZERA IT 413 FIV,,OJA 134,,,,,,,,,,,,,,,,,,11.35,27,15%,,,,,,,12.05,28,22%,,,,,,,,,,,,,,,,,4.50,31,0.1%,0.06,29,49%,,,,,,,,,,,,,,,,-0.180,25,0.5%,-0.172,28,0.5%,,,,,,,,,,,,,,,,,,,
ITVA 299,08/20,GUZERA IT PC 299,,OJA 134,,,,,,,,,,,,,,,,,,1.31,21,75%,,,,,,,-1.12,29,85%,,,,,,,,,,,,,,,,,2.45,28,5%,0.17,26,24%,,,,,,,,,,,,,,,,-0.179,21,0.5%,-0.248,25,0.5%,,,,,,,,,,,,,,,,,,,
ITVT 365,12/13,GUZERA IT TE 365,G,CNS 8161,,,,,,,,,,,,,,,,,,15.07,69,4%,,,,,,,23.33,76,2%,,,,,,,,,,,,,,,,,1.41,76,24%,-0.13,74,96%,,,,,,,,,,,,,,,,-0.177,69,0.5%,-0.002,74,18%,,,,,,,,,,,,,,,,,,,
ITVT 727,03/15,GUZERA IT 727,G,OJA 134,,,,,,,,,,,,,,,,,,5.89,68,44%,,,,,,,4.04,76,55%,,,,,,,,,,,,,,,,,2.63,76,4%,0.22,73,16%,,,,,,,,,,,,,,,,-0.177,68,0.5%,-0.343,73,0.1%,,,,,,,,,,,,,,,,,,,
OJA 134,08/10,IOIO OJ,G,ROES 84,,,,,,,,,,,,,,,,,,3.87,76,57%,,,,,,,3.43,86,58%,,,,,,,,,,,,,,,,,4.42,85,0.5%,0.11,84,37%,,,,,,,,,,,,,,,,-0.176,78,0.5%,-0.287,81,0.1%,,,,,,,,,,,,,,,,,,,
ITVT 1283,12/17,GUZERA IT 1283 FIV,,OJA 134,,,,,,,,,,,,,,,,,,10.23,22,20%,,,,,,,12.75,23,19%,,,,,,,,,,,,,,,,,3.20,26,2%,0.17,25,24%,,,,,,,,,,,,,,,,-0.174,27,0.5%,-0.172,30,0.5%,,,,,,,,,,,,,,,,,,,
ITVG 436,02/20,GUZERA IT 436 FIV,,OJA 134,,,,,,,,,,,,,,,,,,10.52,23,18%,,,,,,,12.75,23,19%,,,,,,,,,,,,,,,,,3.41,35,1%,0.34,34,7%,,,,,,,,,,,,,,,,-0.170,27,0.5%,-0.139,30,1%,,,,,,,,,,,,,,,,,,,
ITVG 446,03/20,GUZERA IT 446 FIV,,OJA 134,,,,,,,,,,,,,,,,,,10.58,23,18%,,,,,,,12.75,23,19%,,,,,,,,,,,,,,,,,3.60,34,1%,0.26,33,12%,,,,,,,,,,,,,,,,-0.169,27,0.5%,-0.157,30,1%,,,,,,,,,,,,,,,,,,,
ITV96,10/21,GUZERA IT CL 96,,OJA 134,,,,,,,,,,,,,,,,,,0.76,16,80%,,,,,,,-1.03,27,84%,,,,,,,,,,,,,,,,,1.29,26,27%,0.00,25,71%,,,,,,,,,,,,,,,,-0.166,20,0.5%,-0.249,23,0.5%,,,,,,,,,,,,,,,,,,,
ITVT 1251,10/17,GUZERA IT 1251 FIV,,OJA 134,,,,,,,,,,,,,,,,,,10.36,23,19%,,,,,,,12.75,23,19%,,,,,,,,,,,,,,,,,3.36,34,1%,0.20,33,19%,,,,,,,,,,,,,,,,-0.163,27,0.5%,-0.172,30,0.5%,,,,,,,,,,,,,,,,,,,
ITVT 1298,12/17,GUZERA IT 1298 FIV,,OJA 134,,,,,,,,,,,,,,,,,,8.41,19,29%,,,,,,,9.42,21,32%,,,,,,,,,,,,,,,,,3.15,24,2%,0.12,24,34%,,,,,,,,,,,,,,,,-0.161,26,0.5%,-0.121,30,2%,,,,,,,,,,,,,,,,,,,
ITVT 1583,11/19,GUZERA IT 1583,,OJA 134,,,,,,,,,,,,,,,,,,8.66,26,28%,,,,,,,7.38,26,40%,,,,,,,,,,,,,,,,,3.82,31,0.5%,-0.08,28,92%,,,,,,,,,,,,,,,,-0.161,21,0.5%,-0.163,24,1%,,,,,,,,,,,,,,,,,,,
ITV22,09/19,GUZERA IT CL 22,,OJA 134,,,,,,,,,,,,,,,,,,-0.84,17,93%,,,,,,,-8.06,28,99%,,,,,,,,,,,,,,,,,1.41,27,24%,-0.07,25,91%,,,,,,,,,,,,,,,,-0.160,20,0.5%,-0.184,24,0.5%,,,,,,,,,,,,,,,,,,,
HPD 1639,02/20,PANDORA,,OJA 134,,,,,,,,,,,,,,,,,,6.80,21,38%,,,,,,,9.08,30,33%,,,,,,,,,,,,,,,,,2.92,29,3%,0.13,27,32%,,,,,,,,,,,,,,,,-0.157,22,0.5%,-0.138,25,1%,,,,,,,,,,,,,,,,,,,
ITVT 1252,10/17,GUZERA IT 1252 FIV,,OJA 134,,,,,,,,,,,,,,,,,,11.02,23,16%,,,,,,,12.75,23,19%,,,,,,,,,,,,,,,,,4.43,34,0.5%,0.11,33,37%,,,,,,,,,,,,,,,,-0.155,27,0.5%,-0.101,30,2%,,,,,,,,,,,,,,,,,,,
ITV100,10/21,GUZERA IT CL 100,,OJA 134,,,,,,,,,,,,,,,,,,-0.34,16,90%,,,,,,,-7.69,27,99%,,,,,,,,,,,,,,,,,1.15,26,32%,0.23,25,15%,,,,,,,,,,,,,,,,-0.154,20,0.5%,-0.233,23,0.5%,,,,,,,,,,,,,,,,,,,
ITVT 1256,10/17,GUZERA IT 1256 FIV,,OJA 134,,,,,,,,,,,,,,,,,,9.83,23,22%,,,,,,,12.75,23,19%,,,,,,,,,,,,,,,,,2.48,34,5%,0.29,33,10%,,,,,,,,,,,,,,,,-0.153,27,0.5%,-0.131,30,1%,,,,,,,,,,,,,,,,,,,
ITVT 1249,10/17,GUZERA IT 1249 FIV,,OJA 134,,,,,,,,,,,,,,,,,,8.93,20,26%,,,,,,,9.42,21,32%,,,,,,,,,,,,,,,,,4.08,33,0.5%,-0.02,32,82%,,,,,,,,,,,,,,,,-0.153,26,0.5%,-0.056,30,3%,,,,,,,,,,,,,,,,,,,
ITVG 357,02/19,GUZERA IT 357 FIV,,OJA 134,,,,,,,,,,,,,,,,,,8.38,20,29%,,,,,,,9.42,21,32%,,,,,,,,,,,,,,,,,3.24,34,2%,0.01,32,66%,,,,,,,,,,,,,,,,-0.150,26,0.5%,-0.114,29,2%,,,,,,,,,,,,,,,,,,,
ITV16,09/19,GUZERA IT CL 16,,OJA 134,,,,,,,,,,,,,,,,,,2.93,19,64%,,,,,,,0.01,30,78%,,,,,,,,,,,,,,,,,1.80,28,14%,-0.07,27,91%,,,,,,,,,,,,,,,,-0.144,21,0.5%,-0.151,24,1%,,,,,,,,,,,,,,,,,,,
HPD 1898,09/21,TOPAZIO,,OJA 134,,,,,,,,,,,,,,,,,,9.35,20,24%,,,,,,,12.81,31,19%,,,,,,,,,,,,,,,,,3.14,29,2%,0.36,27,6%,,,,,,,,,,,,,,,,-0.143,22,1%,-0.144,25,1%,,,,,,,,,,,,,,,,,,,
ITVT 1637,08/20,GUZERA IT 1637,,ITVT 462,,,,,,,,,,,,,,,,,,13.54,21,7%,,,,,,,15.48,30,12%,,,,,,,,,,,,,,,,,4.06,29,0.5%,0.77,27,0.5%,,,,,,,,,,,,,,,,-0.141,20,1%,0.010,24,38%,,,,,,,,,,,,,,,,,,,
ITVG 412,02/20,GUZERA IT 412 FIV,,OJA 134,,,,,,,,,,,,,,,,,,11.33,20,15%,,,,,,,14.77,21,13%,,,,,,,,,,,,,,,,,3.72,33,0.5%,0.56,32,2%,,,,,,,,,,,,,,,,-0.138,25,1%,-0.084,28,2%,,,,,,,,,,,,,,,,,,,
ITVT 1724,06/21,GUZERA IT 1724,G,OJA 134,,,,,,,,,,,,,,,,,,9.57,68,23%,,,,,,,8.88,76,34%,,,,,,,,,,,,,,,,,2.61,76,4%,0.32,74,8%,,,,,,,,,,,,,,,,-0.137,68,1%,-0.015,73,9%,,,,,,,,,,,,,,,,,,,
ITVT 985,07/16,GUZERA IT TE 985,G,ITG 3097,,,,,,,,,,,,,,,,,,9.41,68,24%,,,,,,,15.24,76,12%,,,,,,,,,,,,,,,,,-0.86,76,100%,0.43,73,4%,,,,,,,,,,,,,,,,-0.135,68,1%,-0.137,73,1%,,,,,,,,,,,,,,,,,,,
ITVT 1271,11/17,GUZERA IT 1271 FIV,,OJA 134,,,,,,,,,,,,,,,,,,7.70,20,33%,,,,,,,9.42,21,32%,,,,,,,,,,,,,,,,,2.37,34,6%,-0.08,32,92%,,,,,,,,,,,,,,,,-0.135,26,1%,-0.130,30,1%,,,,,,,,,,,,,,,,,,,
HPD 1295,10/18,EUDORITO,,ITG 2920,,,,,,,,,,,,,,,,,,12.19,24,12%,,,,,,,15.52,33,11%,,,,,,,,,,,,,,,,,2.63,37,4%,0.87,34,0.5%,,,,,,,,,,,,,,,,-0.135,24,1%,-0.084,28,2%,,,,,,,,,,,,,,,,,,,
ITG 3397,09/12,CARAMELO FIV IT,,CNS 4995,-0.69,24,7%,,,,77.20,26,0.5%,2.13,27,8%,0.81,45,2%,,,20.41,40,0.5%,,,,,,,17.02,52,8%,,,,,,,,,,,25,1,,,,,,,,,,,,,,,,,,,,,,,,,,,,,,,,,,,,,,,,,,,,,,,,,,
ITVT 1404,09/18,GUZERA IT 1404,G,HEMC 358,-0.45,52,17%,,,,60.27,65,20%,1.95,55,10%,0.47,79,12%,,,19.77,70,0.5%,,,,,,,22.04,78,2%,,,,,,,,,,,25,2,,,,,,,,,,,,,,,,,,,,,,,,,,,,,,,,,,,,,,,,,,,,,,,,,,
RPOG 171,02/11,ILUSTRE DA ROSALITO,,ITG 2579,-0.60,22,10%,,,,66.18,23,7%,0.37,23,59%,0.86,61,2%,,,18.91,46,0.5%,,,,,,,24.44,64,1%,,,,,,,,,,,64,1,,,,,,,,,,,,,,,,,,,,,,,,,,,,,,,,,,,,,,,,,,,,,,,,,,
GEO 512,05/07,ENDERECO FIV GEO,,CNS 4995,0.12,46,84%,,,,69.57,52,3%,2.70,49,3%,0.88,79,2%,,,18.57,63,0.5%,,,,,,,20.33,84,4%,,,,,,,,,,,367,5,,,,,,,,,,,,,,,,,,,,,,,,,,,,,,,,,,,,,,,,,,,,,,,,,,
ITG 2920,09/07,SUECO IT,,MVB 20,-0.23,26,33%,,,,63.44,35,12%,2.54,27,4%,0.59,59,7%,,,17.08,49,2%,,,,,,,29.22,66,0.5%,,,,,,,,,,,65,4,,,,,,,,,,,,,,,,,,,,,,,,,,,,,,,,,,,,,,,,,,,,,,,,,,
FNF 9490,10/07,ENXOVAL FIV NF,G,HQB 258,-0.10,56,47%,,,,69.43,68,3%,1.00,60,35%,0.29,81,27%,,,16.66,72,2%,,,,,,,16.78,81,9%,,,,,,,,,,,98,2,,,,,,,,,,,,,,,,,,,,,,,,,,,,,,,,,,,,,,,,,,,,,,,,,,
HQB 3351,09/10,MARCA SOL NORTE,,7567,-0.08,27,50%,,,,60.31,32,20%,1.62,29,17%,0.59,73,7%,,,16.56,50,2%,,,,,,,18.74,78,5%,,,,,,,,,,,176,1,,,,,,,,,,,,,,,,,,,,,,,,,,,,,,,,,,,,,,,,,,,,,,,,,,
ITG 3295,09/11,BECO IT,,CNS 7222,-0.48,27,15%,,,,57.96,33,29%,2.61,29,3%,0.97,59,1%,,,15.89,48,3%,,,,,,,17.33,65,8%,,,,,,,,,,,63,2,,,,,,,,,,,,,,,,,,,,,,,,,,,,,,,,,,,,,,,,,,,,,,,,,,
CNSJ 269,11/12,ESPIAO S,,IVAG 1058,-0.36,15,23%,,,,61.34,5,17%,2.31,12,6%,0.28,41,28%,,,15.76,32,3%,,,,,,,21.94,58,2%,,,,,,,,,,,42,5,,,,,,,,,,,,,,,,,,,,,,,,,,,,,,,,,,,,,,,,,,,,,,,,,,
CNS 8161,09/10,FLORIM S,,CNS 7222,-0.55,26,12%,,,,60.01,29,21%,-0.78,30,94%,1.02,50,0.5%,,,15.68,42,3%,,,,,,,23.22,62,2%,,,,,,,,,,,50,5,,,,,,,,,,,,,,,,,,,,,,,,,,,,,,,,,,,,,,,,,,,,,,,,,,
HQB 1058,01/05,MARCA SOL GALENO,,ITG 1235,-0.89,56,3%,,,,66.29,67,7%,1.52,63,19%,0.57,80,7%,,,15.29,72,4%,,,,,,,18.70,83,5%,,,,,,,,,,,298,3,,,,,,,,,,,,,,,,,,,,,,,,,,,,,,,,,,,,,,,,,,,,,,,,,,
HQB 6465,10/16,MARCA SOL TRICAMPEAO,,HQB 2904,-0.49,12,15%,,,,60.95,15,18%,2.77,14,2%,0.15,57,45%,,,15.20,36,4%,,,,,,,13.97,61,15%,,,,,,,,,,,47,2,,,,,,,,,,,,,,,,,,,,,,,,,,,,,,,,,,,,,,,,,,,,,,,,,,
HQB 2904,05/09,MARCA SOL MAGNUM,,5735,-0.39,35,21%,,,,62.31,42,15%,3.24,39,1%,0.92,75,1%,,,14.11,54,6%,,,,,,,13.75,80,16%,,,,,,,,,,,228,2,,,,,,,,,,,,,,,,,,,,,,,,,,,,,,,,,,,,,,,,,,,,,,,,,,
FNF A471,11/09,GRAFICO FIV NF,G,MVB 20,0.01,54,67%,,,,56.25,67,36%,2.34,57,5%,0.25,81,31%,,,13.84,72,7%,,,,,,,20.29,82,4%,,,,,,,,,,,127,1,,,,,,,,,,,,,,,,,,,,,,,,,,,,,,,,,,,,,,,,,,,,,,,,,,
HQB 5472,11/14,MARCA SOL ROMANUS,,HQB 1687,-0.24,13,32%,,,,60.54,17,20%,3.10,17,1%,0.60,52,6%,,,12.34,34,11%,,,,,,,16.83,61,9%,,,,,,,,,,,47,1,,,,,,,,,,,,,,,,,,,,,,,,,,,,,,,,,,,,,,,,,,,,,,,,,,
HQB 1048,01/05,MARCA SOL GAIO,,ITG 1235,-0.97,25,2%,,,,60.73,29,19%,1.57,27,18%,0.13,50,48%,,,12.03,40,12%,,,,,,,14.36,58,14%,,,,,,,,,,,37,1,,,,,,,,,,,,,,,,,,,,,,,,,,,,,,,,,,,,,,,,,,,,,,,,,,
IVAG 1700,05/10,ENCANADOR VILLEFORT,,GEO 422,-0.70,25,6%,,,,58.93,29,25%,0.73,25,45%,0.06,47,60%,,,11.40,40,15%,,,,,,,13.00,62,18%,,,,,,,,,,,41,3,,,,,,,,,,,,,,,,,,,,,,,,,,,,,,,,,,,,,,,,,,,,,,,,,,
FNF A2577,09/14,MANANCIAL NF,G,IVAG 1700,-0.59,55,10%,,,,55.70,65,38%,-0.15,57,81%,0.31,79,24%,,,10.29,71,19%,,,,,,,12.12,80,21%,,,,,,,,,,,82,1,,,,,,,,,,,,,,,,,,,,,,,,,,,,,,,,,,,,,,,,,,,,,,,,,,
FNF A2340,11/13,LAVABO NF,,IVAG 1700,-0.40,13,20%,,,,61.62,12,16%,1.46,15,21%,0.21,38,37%,,,10.23,31,20%,,,,,,,9.95,60,30%,,,,,,,,,,,41,1,,,,,,,,,,,,,,,,,,,,,,,,,,,,,,,,,,,,,,,,,,,,,,,,,,
HQB 6274,07/16,MARCA SOL TIRANO,,MNCG 158,-0.46,8,16%,,,,59.83,11,22%,2.08,11,8%,0.64,63,5%,,,9.58,37,23%,,,,,,,8.16,70,37%,,,,,,,,,,,94,2,,,,,,,,,,,,,,,,,,,,,,,,,,,,,,,,,,,,,,,,,,,,,,,,,,
ITG 3164,04/10,ACIDO TE IT,G,NESZ 2,-0.25,54,31%,,,,49.60,67,77%,0.46,57,56%,1.02,80,0.5%,,,9.54,71,23%,,,,,,,13.85,79,16%,,,,,,,,,,,53,3,,,,,,,,,,,,,,,,,,,,,,,,,,,,,,,,,,,,,,,,,,,,,,,,,,
HEMC 358,05/13,FOCUS DA HE,G,RPOG 94,-0.08,58,50%,,,,41.98,65,99%,1.03,59,34%,0.28,81,28%,,,9.33,73,24%,,,,,,,21.90,82,2%,,,,,,,,,,,130,2,,,,,,,,,,,,,,,,,,,,,,,,,,,,,,,,,,,,,,,,,,,,,,,,,,
ITG 2579,07/05,PENDULO IT,G,ITG 1235,-1.42,61,0.1%,,,,54.28,72,45%,-0.21,63,83%,0.05,81,61%,,,9.18,75,25%,,,,,,,13.74,82,16%,,,,,,,,,,,111,8,,,,,,,,,,,,,,,,,,,,,,,,,,,,,,,,,,,,,,,,,,,,,,,,,,
ITVT 233,05/13,MESTRE TE ITAT,G,CNS 4995,-0.51,58,14%,,,,56.57,66,34%,0.39,59,58%,0.39,82,17%,,,8.79,74,27%,,,,,,,13.28,83,17%,,,,,,,,,,,182,2,,,,,,,,,,,,,,,,,,,,,,,,,,,,,,,,,,,,,,,,,,,,,,,,,,
HQB 2974,08/09,MARCA SOL MALVINO,,7567,-0.14,22,42%,,,,60.41,31,20%,1.65,25,16%,-0.12,57,90%,,,8.17,42,30%,,,,,,,9.71,66,30%,,,,,,,,,,,67,1,,,,,,,,,,,,,,,,,,,,,,,,,,,,,,,,,,,,,,,,,,,,,,,,,,
ITG 3397,09/12,CARAMELO FIV IT,,CNS 4995,,,,,,,,,,,,,,,,,,20.41,40,0.5%,,,,,,,,,,,,,,,,,,,,25,1,,,,,,,,,,,,,,,,,,,,,,,,,,,,,,,,,,,23.54,34,0.1%,13.03,55,12%,,,,,,,,,,
ITVT 1404,09/18,GUZERA IT 1404,G,HEMC 358,,,,,,,,,,,,,,,,,,19.77,70,0.5%,,,,,,,,,,,,,,,,,,,,25,2,,,,,,,,,,,,,,,,,,,,,,,,,,,,,,,,,,,17.30,66,2%,25.45,77,0.5%,,,,,,,,,,
RPOG 171,02/11,ILUSTRE DA ROSALITO,,ITG 2579,,,,,,,,,,,,,,,,,,18.91,46,0.5%,,,,,,,,,,,,,,,,,,,,64,1,,,,,,,,,,,,,,,,,,,,,,,,,,,,,,,,,,,17.81,38,1%,21.31,63,1%,,,,,,,,,,
GEO 512,05/07,ENDERECO FIV GEO,,CNS 4995,,,,,,,,,,,,,,,,,,18.57,63,0.5%,,,,,,,,,,,,,,,,,,,,367,5,,,,,,,,,,,,,,,,,,,,,,,,,,,,,,,,,,,19.28,63,0.5%,16.79,64,4%,,,,,,,,,,
ITG 2920,09/07,SUECO IT,,MVB 20,,,,,,,,,,,,,,,,,,17.08,49,2%,,,,,,,,,,,,,,,,,,,,65,4,,,,,,,,,,,,,,,,,,,,,,,,,,,,,,,,,,,13.80,42,7%,24.53,66,0.5%,,,,,,,,,,
FNF 9490,10/07,ENXOVAL FIV NF,G,HQB 258,,,,,,,,,,,,,,,,,,16.66,72,2%,,,,,,,,,,,,,,,,,,,,98,2,,,,,,,,,,,,,,,,,,,,,,,,,,,,,,,,,,,16.93,70,2%,15.99,78,5%,,,,,,,,,,
HQB 3351,09/10,MARCA SOL NORTE,,7567,,,,,,,,,,,,,,,,,,16.56,50,2%,,,,,,,,,,,,,,,,,,,,176,1,,,,,,,,,,,,,,,,,,,,,,,,,,,,,,,,,,,14.11,49,6%,22.25,54,0.5%,,,,,,,,,,
ITG 3295,09/11,BECO IT,,CNS 7222,,,,,,,,,,,,,,,,,,15.89,48,3%,,,,,,,,,,,,,,,,,,,,63,2,,,,,,,,,,,,,,,,,,,,,,,,,,,,,,,,,,,15.66,43,3%,16.29,60,5%,,,,,,,,,,
CNSJ 269,11/12,ESPIAO S,,IVAG 1058,,,,,,,,,,,,,,,,,,15.76,32,3%,,,,,,,,,,,,,,,,,,,,42,5,,,,,,,,,,,,,,,,,,,,,,,,,,,,,,,,,,,15.00,25,4%,17.36,45,4%,,,,,,,,,,
CNS 8161,09/10,FLORIM S,,CNS 7222,,,,,,,,,,,,,,,,,,15.68,42,3%,,,,,,,,,,,,,,,,,,,,50,5,,,,,,,,,,,,,,,,,,,,,,,,,,,,,,,,,,,14.30,39,5%,18.66,48,2%,,,,,,,,,,
HQB 1058,01/05,MARCA SOL GALENO,,ITG 1235,,,,,,,,,,,,,,,,,,15.29,72,4%,,,,,,,,,,,,,,,,,,,,298,3,,,,,,,,,,,,,,,,,,,,,,,,,,,,,,,,,,,15.59,71,3%,14.48,76,8%,,,,,,,,,,
HQB 6465,10/16,MARCA SOL TRICAMPEAO,,HQB 2904,,,,,,,,,,,,,,,,,,15.20,36,4%,,,,,,,,,,,,,,,,,,,,47,2,,,,,,,,,,,,,,,,,,,,,,,,,,,,,,,,,,,13.21,32,8%,19.97,46,2%,,,,,,,,,,
HQB 2904,05/09,MARCA SOL MAGNUM,,5735,,,,,,,,,,,,,,,,,,14.11,54,6%,,,,,,,,,,,,,,,,,,,,228,2,,,,,,,,,,,,,,,,,,,,,,,,,,,,,,,,,,,14.19,55,6%,13.90,52,10%,,,,,,,,,,
FNF A471,11/09,GRAFICO FIV NF,G,MVB 20,,,,,,,,,,,,,,,,,,13.84,72,7%,,,,,,,,,,,,,,,,,,,,127,1,,,,,,,,,,,,,,,,,,,,,,,,,,,,,,,,,,,11.34,69,15%,19.56,78,2%,,,,,,,,,,
HQB 5472,11/14,MARCA SOL ROMANUS,,HQB 1687,,,,,,,,,,,,,,,,,,12.34,34,11%,,,,,,,,,,,,,,,,,,,,47,1,,,,,,,,,,,,,,,,,,,,,,,,,,,,,,,,,,,12.15,32,12%,12.69,39,13%,,,,,,,,,,
HQB 1048,01/05,MARCA SOL GAIO,,ITG 1235,,,,,,,,,,,,,,,,,,12.03,40,12%,,,,,,,,,,,,,,,,,,,,37,1,,,,,,,,,,,,,,,,,,,,,,,,,,,,,,,,,,,11.09,38,16%,14.20,46,9%,,,,,,,,,,
IVAG 1700,05/10,ENCANADOR VILLEFORT,,GEO 422,,,,,,,,,,,,,,,,,,11.40,40,15%,,,,,,,,,,,,,,,,,,,,41,3,,,,,,,,,,,,,,,,,,,,,,,,,,,,,,,,,,,9.88,38,21%,14.96,43,7%,,,,,,,,,,
FNF A2577,09/14,MANANCIAL NF,G,IVAG 1700,,,,,,,,,,,,,,,,,,10.29,71,19%,,,,,,,,,,,,,,,,,,,,82,1,,,,,,,,,,,,,,,,,,,,,,,,,,,,,,,,,,,8.75,68,27%,13.85,77,10%,,,,,,,,,,
FNF A2340,11/13,LAVABO NF,,IVAG 1700,,,,,,,,,,,,,,,,,,10.23,31,20%,,,,,,,,,,,,,,,,,,,,41,1,,,,,,,,,,,,,,,,,,,,,,,,,,,,,,,,,,,10.11,29,20%,10.52,35,21%,,,,,,,,,,
HQB 6274,07/16,MARCA SOL TIRANO,,MNCG 158,,,,,,,,,,,,,,,,,,9.58,37,23%,,,,,,,,,,,,,,,,,,,,94,2,,,,,,,,,,,,,,,,,,,,,,,,,,,,,,,,,,,10.82,33,17%,6.64,45,40%,,,,,,,,,,
ITG 3164,04/10,ACIDO TE IT,G,NESZ 2,,,,,,,,,,,,,,,,,,9.54,71,23%,,,,,,,,,,,,,,,,,,,,53,3,,,,,,,,,,,,,,,,,,,,,,,,,,,,,,,,,,,7.97,68,31%,13.07,78,12%,,,,,,,,,,
HEMC 358,05/13,FOCUS DA HE,G,RPOG 94,,,,,,,,,,,,,,,,,,9.33,73,24%,,,,,,,,,,,,,,,,,,,,130,2,,,,,,,,,,,,,,,,,,,,,,,,,,,,,,,,,,,3.37,69,61%,23.07,82,0.5%,,,,,,,,,,
ITG 2579,07/05,PENDULO IT,G,ITG 1235,,,,,,,,,,,,,,,,,,9.18,75,25%,,,,,,,,,,,,,,,,,,,,111,8,,,,,,,,,,,,,,,,,,,,,,,,,,,,,,,,,,,8.52,73,28%,10.60,80,21%,,,,,,,,,,
ITVT 233,05/13,MESTRE TE ITAT,G,CNS 4995,,,,,,,,,,,,,,,,,,8.79,74,27%,,,,,,,,,,,,,,,,,,,,182,2,,,,,,,,,,,,,,,,,,,,,,,,,,,,,,,,,,,8.92,70,26%,8.32,82,31%,,,,,,,,,,
HQB 2974,08/09,MARCA SOL MALVINO,7567,7.35,,,,,,,,,,,,,,,,,,42,30%,SUMÁRIO GERAL DE TOUROS - COMPARATIVO ÍNDICES,,,,,,,,,,,,,,,,,,,,1,8.17,,,,,,,,,,,,,,,,,,,,,,,,,,,,,,,,,,,41,35%,10.15,44,23%,67,,,,,,,,,,
CABR 2264,09/14,CABR MUSSAMBE 2264,,864762,-1.38,21,0.5%,,,,53.10,20,35%,,,,-0.07,69,73%,,,12%,,,,,,,,,6.87,77,16%,,,,,,7.52,73,4%,,,,,8,,6.31,,,,,,,,,,,,,,,,,,,,,,,,,,,,,,,,,,,,,,,,,,,,46,,,
864762,03/07,JDH WELLINGTON MANSO,,830355,-1.14,51,1%,,,,61.70,62,9%,,,,-0.10,55,78%,,,33%,,,,,,,,,-4.21,65,90%,,,,,,6.05,61,9%,,,,,123,,2.94,,,,,,,,,,,,,,,,,,,,,,,,,,,,,,,,,,,,,,,,,,,,55,,,
QUAT 12,09/05,MR J4 12,,801161,-1.03,22,2%,,,,60.96,27,11%,,,,1.01,65,0.5%,,,8%,,,,,,,,,6.77,72,17%,,,,,,3.32,65,30%,,,,,6,,7.33,,,,,,,,,,,,,,,,,,,,,,,,,,,,,,,,,,,,,,,,,,,,44,,,
QERJ 1670,05/04,MR QUERENCA 1670,,718788,-0.86,36,4%,,,,52.28,50,39%,,,,0.39,37,11%,,,2%,,,,,,,,,13.50,53,2%,,,,,,7.31,47,5%,,,,,35,,10.38,,,,,,,,,,,,,,,,,,,,,,,,,,,,,,,,,,,,,,,,,,,,42,,,
CABR 1769,09/11,CABR IOTIN 1769,,846561,-0.82,22,5%,,,,44.43,22,88%,,,,0.38,39,11%,,,0.5%,,,,,,,,,22.17,49,0.1%,,,,,,11.46,41,0.5%,,,,,12,,11.92,,,,,,,,,,,,,,,,,,,,,,,,,,,,,,,,,,,,,,,,,,,,32,,,
AMRO 133,08/07,MR BR 77 133 FIV,G,718788,-0.78,22,5%,,,,60.66,28,11%,,,,0.36,43,12%,,,0.5%,,,,,,,,,11.39,47,5%,,,,,,11.12,38,0.5%,,,,,4,,13.33,,,,,,,,,,,,,,,,,,,,,,,,,,,,,,,,,,,,,,,,,,,,33,,,
AMRO 1392,05/16,MR BR 77 1392,G,864762,-0.76,53,6%,,,,48.35,65,72%,,,,0.32,80,15%,,,26%,,,,,,,,,12.98,80,3%,,,,,,6.99,75,5%,,,,,4,,3.84,,,,,,,,,,,,,,,,,,,,,,,,,,,,,,,,,,,,,,,,,,,,71,,,
839744,03/04,JDH SIR TOBE M.309/1,,718788,-0.71,23,7%,,,,65.89,28,4%,,,,0.27,27,18%,,,4%,,,,,,,,,-0.44,35,69%,,,,,,7.00,32,5%,,,,,5,,8.58,,,,,,,,,,,,,,,,,,,,,,,,,,,,,,,,,,,,,,,,,,,,28,,,
BCAN 882,04/08,IVAM DA CANAA,,669048,-0.69,30,8%,,,,56.50,47,21%,,,,0.55,41,5%,,,8%,,,,,,,,,7.20,49,15%,,,,,,6.90,43,6%,,,,,28,,7.37,,,,,,,,,,,,,,,,,,,,,,,,,,,,,,,,,,,,,,,,,,,,39,,,
JALJ 2,01/04,MR 2 DA J4,,718788,-0.66,23,9%,,,,63.89,22,6%,,,,0.80,61,2%,,,0.1%,,,,,,,,,16.94,71,0.5%,,,,,,12.30,56,0.1%,,,,,9,,16.22,,,,,,,,,,,,,,,,,,,,,,,,,,,,,,,,,,,,,,,,,,,,40,,,
UBER 353,12/07,MR UBER ATINA 353,G,801161,-0.64,54,10%,,,,51.74,67,42%,,,,0.35,79,13%,,,20%,,,,,,,,,10.32,78,6%,,,,,,6.67,69,7%,,,,,10,,4.71,,,,,,,,,,,,,,,,,,,,,,,,,,,,,,,,,,,,,,,,,,,,70,,,
BRCL 694,11/11,MR BCOL FRATELLO,,GOOD 92,-0.63,26,10%,,,,59.70,17,13%,,,,0.91,58,1%,,,0.5%,,,,,,,,,12.38,65,3%,,,,,,12.78,58,0.1%,,,,,21,,13.54,,,,,,,,,,,,,,,,,,,,,,,,,,,,,,,,,,,,,,,,,,,,37,,,
JOFB 10,11/08,MR JACK 10/8 JOF,,801153,-0.62,26,10%,,,,61.60,36,10%,,,,-0.49,50,99%,,,15%,,,,,,,,,5.64,60,22%,,,,,,6.73,56,6%,,,,,23,,5.59,,,,,,,,,,,,,,,,,,,,,,,,,,,,,,,,,,,,,,,,,,,,41,,,
BENT 3218,08/07,CJ SANTANNA POI 3218,,LAN9153,-0.61,31,11%,,,,60.08,45,12%,,,,-0.05,74,70%,,,4%,,,,,,,,,11.31,81,5%,,,,,,6.97,77,6%,,,,,27,,8.91,,,,,,,,,,,,,,,,,,,,,,,,,,,,,,,,,,,,,,,,,,,,58,,,
OXOX 850,04/07,MR OXO FIV 850,,718788,-0.58,21,12%,,,,60.57,26,11%,,,,0.32,27,15%,,,0.5%,,,,,,,,,13.94,40,2%,,,,,,9.51,35,1%,,,,,4,,12.90,,,,,,,,,,,,,,,,,,,,,,,,,,,,,,,,,,,,,,,,,,,,28,,,
UBER 401,02/09,MR UBER POI 401,G,718788,-0.56,58,12%,,,,55.53,67,25%,,,,-0.14,80,83%,,,10%,,,,,,,,,4.39,80,29%,,,,,,3.63,74,27%,,,,,41,,6.68,,,,,,,,,,,,,,,,,,,,,,,,,,,,,,,,,,,,,,,,,,,,72,,,
3888,09/10,TALA 3888,,839744,-0.54,21,13%,,,,63.57,13,6%,,,,-0.04,57,68%,,,10%,,,,,,,,,0.35,66,60%,,,,,,5.23,58,14%,,,,,22,,6.80,,,,,,,,,,,,,,,,,,,,,,,,,,,,,,,,,,,,,,,,,,,,36,,,
QERJ 1563,03/04,MR QUERENCA 1563,G,718788,-0.53,55,14%,,,,53.94,67,31%,,,,0.64,79,3%,,,2%,,,,,,,,,11.91,77,4%,,,,,,8.54,69,2%,,,,,13,,10.89,,,,,,,,,,,,,,,,,,,,,,,,,,,,,,,,,,,,,,,,,,,,70,,,
851136,10/05,MSP SPECIAL RELOAD 94,,779252,-0.50,28,15%,,,,41.67,39,94%,,,,0.37,62,12%,,,12%,,,,,,,,,10.42,71,6%,,,,,,9.33,65,1%,,,,,33,,6.24,,,,,,,,,,,,,,,,,,,,,,,,,,,,,,,,,,,,,,,,,,,,45,,,
BUHO 700,09/14,KRISP FIV DE LOS BUHO,,727046,-0.46,26,17%,,,,48.58,19,70%,,,,0.05,45,44%,,,33%,,,,,,,,,1.02,61,53%,,,,,,8.86,54,2%,,,,,18,,2.89,,,,,,,,,,,,,,,,,,,,,,,,,,,,,,,,,,,,,,,,,,,,36,,,
AMRO 97,10/06,MR BR 77 ONASSIS 97,,660295,-0.42,34,18%,,,,51.98,28,41%,,,,0.09,66,38%,,,13%,,,,,,,,,10.21,74,7%,,,,,,7.54,68,4%,,,,,37,,5.92,,,,,,,,,,,,,,,,,,,,,,,,,,,,,,,,,,,,,,,,,,,,46,,,
GOOD 557,09/05,MARRI DA BRAHMANIA 55,,718788,-0.42,24,18%,,,,52.29,31,39%,,,,0.10,51,36%,,,25%,,,,,,,,,2.18,56,44%,,,,,,3.94,48,24%,,,,,11,,3.99,,,,,,,,,,,,,,,,,,,,,,,,,,,,,,,,,,,,,,,,,,,,38,,,
EAOH 775,08/08,NALTO TE DA EAO,G,2505,-0.42,23,18%,,,,67.09,32,3%,,,,0.23,36,22%,,,9%,,,,,,,,,0.88,60,55%,,,,,,0.76,54,63%,,,,,16,,6.83,,,,,,,,,,,,,,,,,,,,,,,,,,,,,,,,,,,,,,,,,,,,40,,,
QERJ 4336,09/09,MR QUERENCA 4336,G,846561,-0.41,40,19%,,,,43.59,49,90%,,,,0.36,65,12%,,,16%,,,,,,,,,8.14,73,12%,,,,,,9.20,68,1%,,,,,61,,5.37,,,,,,,,,,,,,,,,,,,,,,,,,,,,,,,,,,,,,,,,,,,,53,,,
BRCL 694,11/11,MR BCOL FRATELLO,,GOOD 92,-0.63,26,10%,,,,,,,,,,0.91,58,1%,,,13.54,37,0.5%,,,,,,,12.38,65,3%,,,7.24,55,0.5%,12.78,58,0.1%,69,2,,,,,,,,,,,,,,,,,,,,,,,,,,,,,,,,,,,,,,,,,,,,,,,,,,,,
JALJ 2,01/04,MR 2 DA J4,,718788,-0.66,23,9%,,,,,,,,,,0.80,61,2%,,,16.22,40,0.1%,,,,,,,16.94,71,0.5%,,,7.43,53,0.5%,12.30,56,0.1%,66,4,,,,,,,,,,,,,,,,,,,,,,,,,,,,,,,,,,,,,,,,,,,,,,,,,,,,
CABR 1769,09/11,CABR IOTIN 1769,,846561,-0.82,22,5%,,,,,,,,,,0.38,39,11%,,,11.92,32,0.5%,,,,,,,22.17,49,0.1%,,,8.32,39,0.1%,11.46,41,0.5%,40,3,,,,,,,,,,,,,,,,,,,,,,,,,,,,,,,,,,,,,,,,,,,,,,,,,,,,
OBGP 5097,01/18,AMERICANO OB,G,OBGP 1193,-0.41,18,19%,,,,,,,,,,0.26,43,19%,,,10.46,36,2%,,,,,,,14.58,48,2%,,,7.61,43,0.1%,11.29,44,0.5%,11,1,,,,,,,,,,,,,,,,,,,,,,,,,,,,,,,,,,,,,,,,,,,,,,,,,,,,
UBER 1506,12/15,MR UBER JATOBA 1506,G,UBER 783,-0.44,52,17%,,,,,,,,,,0.60,81,4%,,,11.70,71,1%,,,,,,,14.60,81,2%,,,7.10,73,0.5%,10.94,75,0.5%,139,3,,,,,,,,,,,,,,,,,,,,,,,,,,,,,,,,,,,,,,,,,,,,,,,,,,,,
BRBR 136,01/04,136,,718788,0.01,42,63%,,,,,,,,,,1.31,68,0.1%,,,6.73,58,10%,,,,,,,13.79,74,2%,,,6.67,70,0.5%,10.06,73,0.5%,235,5,,,,,,,,,,,,,,,,,,,,,,,,,,,,,,,,,,,,,,,,,,,,,,,,,,,,
UBER 1083,12/12,MR UBER THE ROCK 1083,G,UBER 353,-0.36,52,22%,,,,,,,,,,0.53,81,6%,,,7.18,71,8%,,,,,,,13.92,81,2%,,,7.00,73,0.5%,10.00,75,0.5%,132,5,,,,,,,,,,,,,,,,,,,,,,,,,,,,,,,,,,,,,,,,,,,,,,,,,,,,
091010EE,08/09,PROMETEDOR,G,061210EE,0.52,62,100%,,,,,,,,,,0.43,83,9%,,,6.48,76,11%,,,,,,,10.03,83,7%,,,5.81,78,2%,9.74,82,1%,329,3,,,,,,,,,,,,,,,,,,,,,,,,,,,,,,,,,,,,,,,,,,,,,,,,,,,,
LLBR 666,07/17,MISTER INCA SHOW,,AMRO 97,-0.49,9,15%,,,,,,,,,,0.25,17,20%,,,6.57,20,10%,,,,,,,10.94,34,5%,,,5.60,41,2%,9.71,43,1%,27,1,,,,,,,,,,,,,,,,,,,,,,,,,,,,,,,,,,,,,,,,,,,,,,,,,,,,
AMRO 1270,10/15,MR BR 77 1270,G,AMRO 806,0.06,57,74%,,,,,,,,,,0.96,85,1%,,,4.74,74,20%,,,,,,,7.10,86,16%,,,4.02,80,9%,9.65,82,1%,393,7,,,,,,,,,,,,,,,,,,,,,,,,,,,,,,,,,,,,,,,,,,,,,,,,,,,,
851136,10/05,MSP SPECIAL RELOAD 94,,779252,-0.50,28,15%,,,,,,,,,,0.37,62,12%,,,6.24,45,12%,,,,,,,10.42,71,6%,,,4.49,62,6%,9.33,65,1%,101,4,,,,,,,,,,,,,,,,,,,,,,,,,,,,,,,,,,,,,,,,,,,,,,,,,,,,
QERJ 4336,09/09,MR QUERENCA 4336,G,846561,-0.41,40,19%,,,,,,,,,,0.36,65,12%,,,5.37,53,16%,,,,,,,8.14,73,12%,,,5.75,65,2%,9.20,68,1%,147,16,,,,,,,,,,,,,,,,,,,,,,,,,,,,,,,,,,,,,,,,,,,,,,,,,,,,
BUHO 700,09/14,KRISP FIV DE LOS BUHO,,727046,-0.46,26,17%,,,,,,,,,,0.05,45,44%,,,2.89,36,33%,,,,,,,1.02,61,53%,,,5.13,52,3%,8.86,54,2%,48,1,,,,,,,,,,,,,,,,,,,,,,,,,,,,,,,,,,,,,,,,,,,,,,,,,,,,
DUET 20,09/07,ABSINTO FIV DUET,,669048,0.04,39,70%,,,,,,,,,,0.06,62,43%,,,10.66,57,2%,,,,,,,14.55,71,2%,,,6.64,63,0.5%,8.83,65,2%,108,4,,,,,,,,,,,,,,,,,,,,,,,,,,,,,,,,,,,,,,,,,,,,,,,,,,,,
UBER 1622,09/17,MR UBER BACKUP 1622,G,UBER 461,-0.54,12,13%,,,,,,,,,,0.77,64,2%,,,10.05,39,2%,,,,,,,11.04,75,5%,,,4.10,66,9%,8.76,68,2%,153,3,,,,,,,,,,,,,,,,,,,,,,,,,,,,,,,,,,,,,,,,,,,,,,,,,,,,
180738EE,08/18,180738 DE ESPIRITU,,091010EE,0.38,16,97%,,,,,,,,,,0.49,42,7%,,,9.44,28,3%,,,,,,,7.37,48,15%,,,4.65,37,5%,8.56,40,2%,16,1,,,,,,,,,,,,,,,,,,,,,,,,,,,,,,,,,,,,,,,,,,,,,,,,,,,,
QERJ 1563,03/04,MR QUERENCA 1563,G,718788,-0.53,55,14%,,,,,,,,,,0.64,79,3%,,,10.89,70,2%,,,,,,,11.91,77,4%,,,6.47,67,1%,8.54,69,2%,24,1,,,,,,,,,,,,,,,,,,,,,,,,,,,,,,,,,,,,,,,,,,,,,,,,,,,,
BENT 3226,08/07,CJ SANTANNA POI 3226,,LAN9153,-0.09,15,42%,,,,,,,,,,0.64,42,3%,,,10.09,37,2%,,,,,,,14.74,62,2%,,,5.99,58,2%,8.48,60,2%,83,1,,,,,,,,,,,,,,,,,,,,,,,,,,,,,,,,,,,,,,,,,,,,,,,,,,,,
OBGP 1193,09/09,MATRIX OB,,OBGP 367,-0.24,56,29%,,,,,,,,,,0.24,80,21%,,,6.69,73,10%,,,,,,,11.18,85,5%,,,6.20,80,1%,8.47,82,2%,480,6,,,,,,,,,,,,,,,,,,,,,,,,,,,,,,,,,,,,,,,,,,,,,,,,,,,,
AMRO 806,11/12,MR BR 77 806 FIV,G,727046,-0.13,55,37%,,,,,,,,,,0.97,83,1%,,,5.06,73,18%,,,,,,,9.93,85,7%,,,4.15,78,8%,8.39,80,2%,308,7,,,,,,,,,,,,,,,,,,,,,,,,,,,,,,,,,,,,,,,,,,,,,,,,,,,,
161829EE,10/16,161829 DE ESPIRITU,G,110314EE,0.34,51,96%,,,,,,,,,,0.53,79,6%,,,8.07,69,6%,,,,,,,16.39,77,1%,,,5.97,66,2%,8.38,69,2%,21,1,,,,,,,,,,,,,,,,,,,,,,,,,,,,,,,,,,,,,,,,,,,,,,,,,,,,
OBGP 4138,10/14,DUBAS FIV OB,,OBGP 1193,-0.45,15,17%,,,,,,,,,,0.69,43,3%,,,8.90,33,4%,,,,,,,5.18,54,25%,,,5.74,48,2%,8.23,50,3%,49,1,,,,,,,,,,,,,,,,,,,,,,,,,,,,,,,,,,,,,,,,,,,,,,,,,,,,
UBER 461,10/09,MR UBER ARAGUAIA 461,,UBER 153,-0.33,43,23%,,,,,,,,,,0.30,70,16%,,,7.51,57,7%,,,,,,,8.95,79,9%,,,4.35,72,7%,8.20,74,3%,226,15,,,,,,,,,,,,,,,,,,,,,,,,,,,,,,,,,,,,,,,,,,,,,,,,,,,,
OBGP 4947,09/17,KEMBALI OB,G,OBGP 1193,-0.56,53,12%,,,,,,,,,,0.62,80,4%,,,8.47,70,5%,,,,,,,11.57,78,4%,,,5.97,70,2%,8.16,72,3%,53,2,,,,,,,,,,,,,,,,,,,,,,,,,,,,,,,,,,,,,,,,,,,,,,,,,,,,
OBGP 4230,12/14,BINARIO OB,G,DUET 20,-0.32,54,24%,,,,,,,,,,-0.04,80,68%,,,8.78,71,4%,,,,,,,17.60,80,0.5%,,,6.22,72,1%,8.00,74,3%,111,2,,,,,,,,,,,,,,,,,,,,,,,,,,,,,,,,,,,,,,,,,,,,,,,,,,,,
UBER 1590,02/17,MR UBER CHAQUENO 1590,G,UBER 857,-0.43,52,18%,,,,,,,,,,0.51,78,6%,,,6.46,68,11%,,,,,,,4.40,77,29%,,,5.26,66,3%,7.97,68,3%,18,2,,,,,,,,,,,,,,,,,,,,,,,,,,,,,,,,,,,,,,,,,,,,,,,,,,,,
191614EE,09/19,191614 DE ESPIRITU,G,141466EE,0.45,11,99%,,,,,,,,,,0.54,36,5%,,,12.37,27,0.5%,,,,,,,12.34,45,3%,,,4.08,49,9%,7.89,52,3%,46,1,,,,,,,,,,,,,,,,,,,,,,,,,,,,,,,,,,,,,,,,,,,,,,,,,,,,
UBER 336,02/08,MR UBER POI 336,G,630321,-0.62,53,10%,,,,,,,,,,0.48,78,7%,,,11.33,69,1%,,,,,,,8.93,76,9%,,,5.79,65,2%,7.82,68,3%,12,2,,,,,,,,,,,,,,,,,,,,,,,,,,,,,,,,,,,,,,,,,,,,,,,,,,,,
160732EE,09/16,160732 DE ESPIRITU,G,120238EE,-0.05,10,48%,,,,,,,,,,0.85,45,2%,,,14.13,28,0.1%,,,,,,,13.76,49,2%,,,7.64,42,0.1%,7.82,45,3%,26,1,,,,,,,,,,,,,,,,,,,,,,,,,,,,,,,,,,,,,,,,,,,,,,,,,,,,
UBER 656,12/10,MR UBER POI 656,G,718788,-0.48,53,16%,,,,,,,,,,0.40,79,10%,,,9.79,71,3%,,,,,,,13.96,79,2%,,,6.82,74,0.5%,7.65,76,4%,117,4,,,,,,,,,,,,,,,,,,,,,,,,,,,,,,,,,,,,,,,,,,,,,,,,,,,,
190066EE,08/19,190066 DE ESPIRITU,G,100826EE,0.34,17,96%,,,,,,,,,,0.15,38,30%,,,11.62,31,1%,,,,,,,13.74,46,2%,,,3.79,50,11%,7.57,53,4%,47,1,,,,,,,,,,,,,,,,,,,,,,,,,,,,,,,,,,,,,,,,,,,,,,,,,,,,
190137EE,08/19,190137 DE ESPIRITU,G,040479EE,0.27,15,92%,,,,,,,,,,-0.05,36,70%,,,8.91,29,4%,,,,,,,4.01,47,31%,,,0.11,52,72%,7.56,54,4%,45,2,,,,,,,,,,,,,,,,,,,,,,,,,,,,,,,,,,,,,,,,,,,,,,,,,,,,
AMRO 97,10/06,MR BR 77 ONASSIS 97,,660295,-0.42,34,18%,,,,,,,,,,0.09,66,38%,,,5.92,46,13%,,,,,,,10.21,74,7%,,,3.87,66,10%,7.54,68,4%,147,11,,,,,,,,,,,,,,,,,,,,,,,,,,,,,,,,,,,,,,,,,,,,,,,,,,,,
CABR 2264,09/14,CABR MUSSAMBE 2264,,864762,-1.38,21,0.5%,,,,,,,,,,-0.07,69,73%,,,6.31,46,12%,,,,,,,6.87,77,16%,,,3.35,71,15%,7.52,73,4%,243,8,,,,,,,,,,,,,,,,,,,,,,,,,,,,,,,,,,,,,,,,,,,,,,,,,,,,
EAOC 424,10/17,424 EAO,,805261,-0.24,7,29%,,,,,,,,,,0.53,14,6%,,,10.47,20,2%,,,,,,,9.05,34,9%,,,4.71,38,5%,7.52,40,4%,21,3,,,,,,,,,,,,,,,,,,,,,,,,,,,,,,,,,,,,,,,,,,,,,,,,,,,,
181116EE,09/18,181116 DE ESPIRITU,G,150533EE,0.29,12,93%,,,,,,,,,,0.89,64,1%,,,8.62,36,4%,,,,,,,6.78,67,17%,,,2.37,58,27%,7.44,60,4%,82,1,,,,,,,,,,,,,,,,,,,,,,,,,,,,,,,,,,,,,,,,,,,,,,,,,,,,
EAOC 202,08/15,202 EAO,G,761624,-0.42,52,18%,,,,,,,,,,1.08,78,0.5%,,,14.47,69,0.1%,,,,,,,9.52,76,8%,,,4.81,66,5%,7.37,68,4%,15,2,,,,,,,,,,,,,,,,,,,,,,,,,,,,,,,,,,,,,,,,,,,,,,,,,,,,
GOOD 1413,11/08,GOOD BRAHMANIA 1413,,660295,-0.07,27,45%,,,,,,,,,,0.07,44,41%,,,9.03,38,4%,,,,,,,10.59,56,6%,,,4.35,46,7%,7.34,48,4%,33,1,,,,,,,,,,,,,,,,,,,,,,,,,,,,,,,,,,,,,,,,,,,,,,,,,,,,
QERJ 1670,05/04,MR QUERENCA 1670,,718788,-0.86,36,4%,,,,,,,,,,0.39,37,11%,,,10.38,42,2%,,,,,,,13.50,53,2%,,,5.04,45,4%,7.31,47,5%,18,3,,,,,,,,,,,,,,,,,,,,,,,,,,,,,,,,,,,,,,,,,,,,,,,,,,,,
LTQ 591,08/18,591 DE L A TRANQUERA,,AMRO 97,,,,,,,,,,,,,0.69,42,3%,,,13.68,26,0.5%,,,,,,,24.35,47,0.1%,,,7.68,36,0.1%,12.09,38,0.1%,,,15,1,,,,,,,,,,,,,,,,,,,,,,,,,,,,,,,,,,,,,,,,,,,,,,,,20.72,45,0.1%
CABR 1769,09/11,CABR IOTIN 1769,,846561,,,,,,,,,,,,,0.38,39,11%,,,11.92,32,0.5%,,,,,,,22.17,49,0.1%,,,8.32,39,0.1%,11.46,41,0.5%,,,31,3,,,,,,,,,,,,,,,,,,,,,,,,,,,,,,,,,,,,,,,,,,,,,,,,25.69,47,0.1%
10117,09/13,REBELDE/SARORY 117 FI,,851136,,,,,,,,,,,,,1.10,36,0.5%,,,10.89,20,2%,,,,,,,18.94,40,0.5%,,,6.70,32,0.5%,11.46,34,0.5%,,,13,1,,,,,,,,,,,,,,,,,,,,,,,,,,,,,,,,,,,,,,,,,,,,,,,,17.98,40,0.5%
OBGP 4230,12/14,BINARIO OB,G,DUET 20,,,,,,,,,,,,,-0.04,80,68%,,,8.78,71,4%,,,,,,,17.60,80,0.5%,,,6.22,72,1%,8.00,74,3%,,,75,2,,,,,,,,,,,,,,,,,,,,,,,,,,,,,,,,,,,,,,,,,,,,,,,,15.73,78,1%
170193EE,08/17,170193 DE ESPIRITU,G,140066EE,,,,,,,,,,,,,0.04,47,46%,,,9.09,31,4%,,,,,,,17.07,50,0.5%,,,5.57,40,2%,6.83,43,6%,,,13,1,,,,,,,,,,,,,,,,,,,,,,,,,,,,,,,,,,,,,,,,,,,,,,,,13.60,48,2%
JALJ 2,01/04,MR 2 DA J4,,718788,,,,,,,,,,,,,0.80,61,2%,,,16.22,40,0.1%,,,,,,,16.94,71,0.5%,,,7.43,53,0.5%,12.30,56,0.1%,,,106,4,,,,,,,,,,,,,,,,,,,,,,,,,,,,,,,,,,,,,,,,,,,,,,,,19.49,69,0.5%
161829EE,10/16,161829 DE ESPIRITU,G,110314EE,,,,,,,,,,,,,0.53,79,6%,,,8.07,69,6%,,,,,,,16.39,77,1%,,,5.97,66,2%,8.38,69,2%,,,21,1,,,,,,,,,,,,,,,,,,,,,,,,,,,,,,,,,,,,,,,,,,,,,,,,15.00,75,1%
BENT 3226,08/07,CJ SANTANNA POI 3226,,LAN9153,,,,,,,,,,,,,0.64,42,3%,,,10.09,37,2%,,,,,,,14.74,62,2%,,,5.99,58,2%,8.48,60,2%,,,42,1,,,,,,,,,,,,,,,,,,,,,,,,,,,,,,,,,,,,,,,,,,,,,,,,13.05,63,2%
UBER 1506,12/15,MR UBER JATOBA 1506,G,UBER 783,,,,,,,,,,,,,0.60,81,4%,,,11.70,71,1%,,,,,,,14.60,81,2%,,,7.10,73,0.5%,10.94,75,0.5%,,,114,4,,,,,,,,,,,,,,,,,,,,,,,,,,,,,,,,,,,,,,,,,,,,,,,,13.46,80,2%
DUET 20,09/07,ABSINTO FIV DUET,,669048,,,,,,,,,,,,,0.06,62,43%,,,10.66,57,2%,,,,,,,14.55,71,2%,,,6.64,63,0.5%,8.83,65,2%,,,93,3,,,,,,,,,,,,,,,,,,,,,,,,,,,,,,,,,,,,,,,,,,,,,,,,8.90,70,10%
UBER 656,12/10,MR UBER POI 656,G,718788,,,,,,,,,,,,,0.40,79,10%,,,9.79,71,3%,,,,,,,13.96,79,2%,,,6.82,74,0.5%,7.65,76,4%,,,26,2,,,,,,,,,,,,,,,,,,,,,,,,,,,,,,,,,,,,,,,,,,,,,,,,11.70,78,4%
OXOX 850,04/07,MR OXO FIV 850,,718788,,,,,,,,,,,,,0.32,27,15%,,,12.90,28,0.5%,,,,,,,13.94,40,2%,,,6.28,33,1%,9.51,35,1%,,,10,3,,,,,,,,,,,,,,,,,,,,,,,,,,,,,,,,,,,,,,,,,,,,,,,,13.92,39,2%
UBER 1083,12/12,MR UBER THE ROCK 1083,G,UBER 353,,,,,,,,,,,,,0.53,81,6%,,,7.18,71,8%,,,,,,,13.92,81,2%,,,7.00,73,0.5%,10.00,75,0.5%,,,97,5,,,,,,,,,,,,,,,,,,,,,,,,,,,,,,,,,,,,,,,,,,,,,,,,8.73,80,10%
BRBR 136,01/04,136,,718788,,,,,,,,,,,,,1.31,68,0.1%,,,6.73,58,10%,,,,,,,13.79,74,2%,,,6.67,70,0.5%,10.06,73,0.5%,,,119,4,,,,,,,,,,,,,,,,,,,,,,,,,,,,,,,,,,,,,,,,,,,,,,,,14.92,73,1%
160732EE,09/16,160732 DE ESPIRITU,G,120238EE,,,,,,,,,,,,,0.85,45,2%,,,14.13,28,0.1%,,,,,,,13.76,49,2%,,,7.64,42,0.1%,7.82,45,3%,,,22,1,,,,,,,,,,,,,,,,,,,,,,,,,,,,,,,,,,,,,,,,,,,,,,,,18.07,50,0.5%
QERJ 1670,05/04,MR QUERENCA 1670,,718788,,,,,,,,,,,,,0.39,37,11%,,,10.38,42,2%,,,,,,,13.50,53,2%,,,5.04,45,4%,7.31,47,5%,,,13,4,,,,,,,,,,,,,,,,,,,,,,,,,,,,,,,,,,,,,,,,,,,,,,,,15.91,51,1%
CABR 2014,03/13,CABR MR LEBLON 2014,,CABR 1469,,,,,,,,,,,,,-0.01,36,60%,,,6.52,28,11%,,,,,,,13.30,49,2%,,,5.99,39,2%,6.97,41,6%,,,29,3,,,,,,,,,,,,,,,,,,,,,,,,,,,,,,,,,,,,,,,,,,,,,,,,12.07,46,3%
SCOL 624,04/10,ESCOL EMO FIV 4 10,,803386,,,,,,,,,,,,,0.78,65,2%,,,7.71,40,7%,,,,,,,13.12,72,3%,,,5.24,61,3%,6.95,64,6%,,,115,4,,,,,,,,,,,,,,,,,,,,,,,,,,,,,,,,,,,,,,,,,,,,,,,,15.06,70,1%
OBGP 4984,10/17,POLO OB,,OBGP 3777,,,,,,,,,,,,,0.01,42,53%,,,7.11,30,8%,,,,,,,13.05,48,3%,,,4.67,37,5%,5.82,39,10%,,,17,1,,,,,,,,,,,,,,,,,,,,,,,,,,,,,,,,,,,,,,,,,,,,,,,,9.06,45,9%
AMRO 1392,05/16,MR BR 77 1392,G,864762,,,,,,,,,,,,,0.32,80,15%,,,3.84,71,26%,,,,,,,12.98,80,3%,,,4.62,73,6%,6.99,75,5%,,,82,2,,,,,,,,,,,,,,,,,,,,,,,,,,,,,,,,,,,,,,,,,,,,,,,,12.42,79,3%
UBER 1242,11/13,MR UBER EDDIE 1242,G,AAAA 334,,,,,,,,,,,,,0.05,45,44%,,,6.27,31,12%,,,,,,,12.74,53,3%,,,3.59,43,13%,6.96,45,6%,,,28,3,,,,,,,,,,,,,,,,,,,,,,,,,,,,,,,,,,,,,,,,,,,,,,,,10.56,51,6%
BRCL 694,11/11,MR BCOL FRATELLO,,GOOD 92,,,,,,,,,,,,,0.91,58,1%,,,13.54,37,0.5%,,,,,,,12.38,65,3%,,,7.24,55,0.5%,12.78,58,0.1%,,,60,2,,,,,,,,,,,,,,,,,,,,,,,,,,,,,,,,,,,,,,,,,,,,,,,,13.44,64,2%
180375EE,08/18,180375 DE ESPIRITU,G,150533EE,,,,,,,,,,,,,0.60,45,4%,,,10.63,27,2%,,,,,,,12.21,48,3%,,,4.64,37,5%,6.91,39,6%,,,14,1,,,,,,,,,,,,,,,,,,,,,,,,,,,,,,,,,,,,,,,,,,,,,,,,12.53,46,3%
180540EE,08/18,180540 DE ESPIRITU,G,130203EE,,,,,,,,,,,,,1.62,49,0.1%,,,11.26,33,1%,,,,,,,12.08,56,4%,,,-0.38,49,83%,2.23,52,43%,,,23,1,,,,,,,,,,,,,,,,,,,,,,,,,,,,,,,,,,,,,,,,,,,,,,,,10.84,54,5%
GOOL 1852,11/14,GOOL BRAHMANIA 1852,,877814,,,,,,,,,,,,,0.15,51,30%,,,3.63,26,28%,,,,,,,12.02,52,4%,,,4.11,43,9%,5.53,45,12%,,,21,1,,,,,,,,,,,,,,,,,,,,,,,,,,,,,,,,,,,,,,,,,,,,,,,,9.99,52,7%
QERJ 1563,03/04,MR QUERENCA 1563,G,718788,,,,,,,,,,,,,0.64,79,3%,,,10.89,70,2%,,,,,,,11.91,77,4%,,,6.47,67,1%,8.54,69,2%,,,20,1,,,,,,,,,,,,,,,,,,,,,,,,,,,,,,,,,,,,,,,,,,,,,,,,10.99,75,5%
171849EE,10/17,171849 DE ESPIRITU,G,5.07,,,,,,,,,,,,,45,26%,19,,,27,1%,,,,,,,,50,4%,0.19,,,36,4%,9.13,39,1%,11.01,,,1,11.21,,,,,,,,,,,,,,,,,,,,,,,,,,,,,,,,,,,,,,,,,,,,,,,,47,5%,11.74
858252,06/06,HK POLO 757 (P),,751467,,,,,,,,,,,,,0.32,59,15%,,,9.66,56,3%,,,,,,,11.69,67,4%,,,3.55,60,13%,5.16,63,14%,,,54,4,,,,,,,,,,,,,,,,,,,,,,,,,,,,,,,,,,,,,,,,,,,,,,,,14.74,67,1%
OBGP 4947,09/17,KEMBALI OB,G,OBGP 1193,,,,,,,,,,,,,0.62,80,4%,,,8.47,70,5%,,,,,,,11.57,78,4%,,,5.97,70,2%,8.16,72,3%,,,38,2,,,,,,,,,,,,,,,,,,,,,,,,,,,,,,,,,,,,,,,,,,,,,,,,13.60,77,2%
OBGP 4946,09/17,KAZAK OB,G,OBGP 1193,,,,,,,,,,,,,0.40,79,10%,,,5.02,69,18%,,,,,,,11.47,77,4%,,,4.36,66,7%,5.60,69,12%,,,13,2,,,,,,,,,,,,,,,,,,,,,,,,,,,,,,,,,,,,,,,,,,,,,,,,11.42,75,4%
AMRO 133,08/07,MR BR 77 133 FIV,G,718788,,,,,,,,,,,,,0.36,43,12%,,,13.33,33,0.5%,,,,,,,11.39,47,5%,,,6.59,36,0.5%,11.12,38,0.5%,,,17,1,,,,,,,,,,,,,,,,,,,,,,,,,,,,,,,,,,,,,,,,,,,,,,,,15.36,45,1%
BENT 3218,08/07,CJ SANTANNA POI 3218,,LAN9153,,,,,,,,,,,,,-0.05,74,70%,,,8.91,58,4%,,,,,,,11.31,81,5%,,,3.46,75,14%,6.97,77,6%,,,238,4,,,,,,,,,,,,,,,,,,,,,,,,,,,,,,,,,,,,,,,,,,,,,,,,13.92,80,2%
181416EE,09/18,181416 DE ESPIRITU,G,150563EE,,,,,,,,,,,,,0.18,49,27%,,,9.20,27,3%,,,,,,,11.27,49,5%,,,1.62,37,40%,1.20,40,57%,,,15,1,,,,,,,,,,,,,,,,,,,,,,,,,,,,,,,,,,,,,,,,,,,,,,,,7.08,47,16%
OBGP 1193,09/09,MATRIX OB,,OBGP 367,,,,,,,,,,,,,0.24,80,21%,,,6.69,73,10%,,,,,,,11.18,85,5%,,,6.20,80,1%,8.47,82,2%,,,387,7,,,,,,,,,,,,,,,,,,,,,,,,,,,,,,,,,,,,,,,,,,,,,,,,12.26,84,3%
UBER 1622,09/17,MR UBER BACKUP 1622,G,UBER 461,,,,,,,,,,,,,0.77,64,2%,,,10.05,39,2%,,,,,,,11.04,75,5%,,,4.10,66,9%,8.76,68,2%,,,132,3,,,,,,,,,,,,,,,,,,,,,,,,,,,,,,,,,,,,,,,,,,,,,,,,13.37,73,2%
170030EE,07/17,170030 DE ESPIRITU,G,140066EE,,,,,,,,,,,,,0.42,81,9%,,,9.32,71,3%,,,,,,,10.84,81,5%,,,3.06,72,18%,5.10,75,15%,,,101,1,,,,,,,,,,,,,,,,,,,,,,,,,,,,,,,,,,,,,,,,,,,,,,,,5.62,79,23%
GOOL 2028,01/15,GOOL BRAHMANIA 2028,,GOOD 1955,,,,,,,,,,,,,-0.10,41,78%,,,4.93,23,19%,,,,,,,10.79,45,5%,,,4.23,37,8%,5.20,39,14%,,,12,1,,,,,,,,,,,,,,,,,,,,,,,,,,,,,,,,,,,,,,,,,,,,,,,,7.85,47,13%
GOOD 1413,11/08,GOOD BRAHMANIA 1413,,660295,,,,,,,,,,,,,0.07,44,41%,,,9.03,38,4%,,,,,,,10.59,56,6%,,,4.35,46,7%,7.34,48,4%,,,30,1,,,,,,,,,,,,,,,,,,,,,,,,,,,,,,,,,,,,,,,,,,,,,,,,9.15,54,9%
UBER 274,07/07,MR UBER POI 274,,350425,,,,,,,,,,,,,0.17,31,28%,,,7.77,27,6%,,,,,,,10.50,44,6%,,,5.97,33,2%,10.01,35,0.5%,,,15,2,,,,,,,,,,,,,,,,,,,,,,,,,,,,,,,,,,,,,,,,,,,,,,,,12.48,43,3%
851136,10/05,MSP SPECIAL RELOAD 94,779252,4.49,,,,,,,,,,,,,62,12%,91,,,45,12%,CRESCIMENTO PÓS-DESMAME,,,,,,,71,6%,0.37,,,62,6%,9.33,65,1%,10.68,,,3,6.24,,,,,,,,,,,,,,,,,,,,,,,,,,,,,,,,,,,,,,,,,,,,,,,,69,5%,10.42
180540EE,08/18,180540 DE ESPIRITU,G,130203EE,0.27,14,92%,,,,61.98,16,9%,,,,1.62,49,0.1%,,,1%,,,,,,,,,12.08,56,4%,,,,,,2.23,52,43%,,,,,11,33,11.26,,,,,,,,,,,,,,,,,,,,,,,,,,,,,,,,,,,,,,,,,,,,,,,
170417EE,08/17,170417 DE ESPIRITU,,141318EE,0.30,12,94%,,,,58.89,8,15%,,,,1.42,70,0.1%,,,6%,,,,,,,,,8.78,75,10%,,,,,,1.86,68,48%,,,,,77,38,8.08,,,,,,,,,,,,,,,,,,,,,,,,,,,,,,,,,,,,,,,,,,,,,,,
180931EE,09/18,180931 DE ESPIRITU,G,080171EE,0.23,20,89%,,,,72.01,25,1%,,,,1.38,63,0.1%,,,0.5%,,,,,,,,,8.40,67,11%,,,,,,4.00,60,23%,,,,,35,42,12.72,,,,,,,,,,,,,,,,,,,,,,,,,,,,,,,,,,,,,,,,,,,,,,,
WLMB 4370,01/16,MR N POUS POI 4370,G,EAOH 775,-0.26,53,27%,,,,55.03,65,27%,,,,1.34,79,0.1%,,,2%,,,,,,,,,9.18,78,9%,,,,,,6.66,70,7%,,,,,18,69,10.06,,,,,,,,,,,,,,,,,,,,,,,,,,,,,,,,,,,,,,,,,,,,,,,
BRBR 136,01/04,136,,718788,0.01,42,63%,,,,38.55,54,98%,,,,1.31,68,0.1%,,,10%,,,,,,,,,13.79,74,2%,,,,,,10.06,73,0.5%,,,,,63,58,6.73,,,,,,,,,,,,,,,,,,,,,,,,,,,,,,,,,,,,,,,,,,,,,,,
181228EE,09/18,181228 DE ESPIRITU,G,080171EE,0.31,16,94%,,,,72.46,21,1%,,,,1.29,63,0.5%,,,0.5%,,,,,,,,,7.51,68,14%,,,,,,3.50,62,28%,,,,,39,40,13.07,,,,,,,,,,,,,,,,,,,,,,,,,,,,,,,,,,,,,,,,,,,,,,,
180434EE,08/18,180434 DE ESPIRITU,G,150533EE,0.25,11,91%,,,,58.05,9,17%,,,,1.28,63,0.5%,,,4%,,,,,,,,,2.93,69,39%,,,,,,4.29,62,21%,,,,,41,37,8.64,,,,,,,,,,,,,,,,,,,,,,,,,,,,,,,,,,,,,,,,,,,,,,,
OBGP 3863,01/14,MIKE TYSON FIV OB,,758549,-0.35,24,22%,,,,54.83,14,27%,,,,1.24,59,0.5%,,,18%,,,,,,,,,4.05,66,31%,,,,,,2.17,59,44%,,,,,38,45,5.12,,,,,,,,,,,,,,,,,,,,,,,,,,,,,,,,,,,,,,,,,,,,,,,
170242EE,08/17,170242 DE ESPIRITU,G,091010EE,0.26,15,91%,,,,62.84,18,7%,,,,1.12,45,0.5%,,,1%,,,,,,,,,10.28,54,6%,,,,,,6.07,49,9%,,,,,5,33,11.84,,,,,,,,,,,,,,,,,,,,,,,,,,,,,,,,,,,,,,,,,,,,,,,
10117,09/13,REBELDE/SARORY 117 FI,,851136,-0.25,6,28%,,,,45.84,8,84%,,,,1.10,36,0.5%,,,2%,,,,,,,,,18.94,40,0.5%,,,,,,11.46,34,0.5%,,,,,10,20,10.89,,,,,,,,,,,,,,,,,,,,,,,,,,,,,,,,,,,,,,,,,,,,,,,
1551,08/04,CLASSIC/TAITA 1551,,2598,-0.16,30,35%,,,,43.37,39,91%,,,,1.09,56,0.5%,,,24%,,,,,,,,,8.08,66,12%,,,,,,2.79,60,36%,,,,,24,44,4.13,,,,,,,,,,,,,,,,,,,,,,,,,,,,,,,,,,,,,,,,,,,,,,,
171591EE,09/17,171591 DE ESPIRITU,G,120264EE,0.19,18,87%,,,,51.63,24,43%,,,,1.07,49,0.5%,,,8%,,,,,,,,,9.01,52,9%,,,,,,5.92,46,10%,,,,,5,35,7.32,,,,,,,,,,,,,,,,,,,,,,,,,,,,,,,,,,,,,,,,,,,,,,,
181621EE,10/18,181621 DE ESPIRITU,G,150533EE,0.22,11,89%,,,,52.04,9,40%,,,,1.02,60,0.5%,,,13%,,,,,,,,,4.03,67,31%,,,,,,5.62,60,11%,,,,,33,34,6.04,,,,,,,,,,,,,,,,,,,,,,,,,,,,,,,,,,,,,,,,,,,,,,,
181594EE,10/18,181594 DE ESPIRITU,G,131146EE,0.33,16,95%,,,,56.19,19,22%,,,,1.02,58,0.5%,,,5%,,,,,,,,,8.16,63,12%,,,,,,4.83,56,16%,,,,,24,37,8.24,,,,,,,,,,,,,,,,,,,,,,,,,,,,,,,,,,,,,,,,,,,,,,,
QUAT 12,09/05,MR J4 12,,801161,-1.03,22,2%,,,,60.96,27,11%,,,,1.01,65,0.5%,,,8%,,,,,,,,,6.77,72,17%,,,,,,3.32,65,30%,,,,,55,44,7.33,,,,,,,,,,,,,,,,,,,,,,,,,,,,,,,,,,,,,,,,,,,,,,,
AMRO 806,11/12,MR BR 77 806 FIV,G,727046,-0.13,55,37%,,,,41.74,66,94%,,,,0.97,83,1%,,,18%,,,,,,,,,9.93,85,7%,,,,,,8.39,80,2%,,,,,115,73,5.06,,,,,,,,,,,,,,,,,,,,,,,,,,,,,,,,,,,,,,,,,,,,,,,
AMRO 1270,10/15,MR BR 77 1270,G,AMRO 806,0.06,57,74%,,,,41.74,65,94%,,,,0.96,85,1%,,,20%,,,,,,,,,7.10,86,16%,,,,,,9.65,82,1%,,,,,180,74,4.74,,,,,,,,,,,,,,,,,,,,,,,,,,,,,,,,,,,,,,,,,,,,,,,
BRCL 694,11/11,MR BCOL FRATELLO,,GOOD 92,-0.63,26,10%,,,,59.70,17,13%,,,,0.91,58,1%,,,0.5%,,,,,,,,,12.38,65,3%,,,,,,12.78,58,0.1%,,,,,32,37,13.54,,,,,,,,,,,,,,,,,,,,,,,,,,,,,,,,,,,,,,,,,,,,,,,
181116EE,09/18,181116 DE ESPIRITU,G,150533EE,0.29,12,93%,,,,58.32,12,16%,,,,0.89,64,1%,,,4%,,,,,,,,,6.78,67,17%,,,,,,7.44,60,4%,,,,,44,36,8.62,,,,,,,,,,,,,,,,,,,,,,,,,,,,,,,,,,,,,,,,,,,,,,,
NOG 1916,03/17,1916 NOGAL DEL RIO,,1551,-0.17,7,34%,,,,46.91,12,80%,,,,0.86,41,1%,,,14%,,,,,,,,,6.45,53,18%,,,,,,5.31,45,13%,,,,,7,27,5.69,,,,,,,,,,,,,,,,,,,,,,,,,,,,,,,,,,,,,,,,,,,,,,,
160732EE,09/16,160732 DE ESPIRITU,G,120238EE,-0.05,10,48%,,,,63.18,13,7%,,,,0.85,45,2%,,,0.1%,,,,,,,,,13.76,49,2%,,,,,,7.82,45,3%,,,,,9,28,14.13,,,,,,,,,,,,,,,,,,,,,,,,,,,,,,,,,,,,,,,,,,,,,,,
ROAB 184,01/17,FIV184,,MTK 43,-0.09,3,42%,,,,55.59,4,25%,,,,0.82,25,2%,,,5%,,,,,,,,,10.72,34,6%,,,,,,6.98,22,6%,,,,,6,15,8.35,,,,,,,,,,,,,,,,,,,,,,,,,,,,,,,,,,,,,,,,,,,,,,,
160191EE,08/16,160191 DE ESPIRITU,G,100826EE,0.37,31,97%,,,,68.84,18,2%,,,,0.80,69,2%,,,3%,,,,,,,,,4.64,74,28%,,,,,,-0.29,68,79%,,,,,64,44,9.32,,,,,,,,,,,,,,,,,,,,,,,,,,,,,,,,,,,,,,,,,,,,,,,
JALJ 2,01/04,MR 2 DA J4,,718788,-0.66,23,9%,,,,63.89,22,6%,,,,0.80,61,2%,,,0.1%,,,,,,,,,16.94,71,0.5%,,,,,,12.30,56,0.1%,,,,,43,40,16.22,,,,,,,,,,,,,,,,,,,,,,,,,,,,,,,,,,,,,,,,,,,,,,,
CPT015872PY,04/15,CPT 5872,,CCF012695PY,-0.09,1,42%,,,,49.42,2,63%,,,,0.80,31,2%,,,25%,,,,,,,,,7.43,38,14%,,,,,,3.24,34,31%,,,,,9,17,4.06,,,,,,,,,,,,,,,,,,,,,,,,,,,,,,,,,,,,,,,,,,,,,,,
SCOL 624,04/10,ESCOL EMO FIV 4 10,,803386,-0.14,16,36%,,,,51.84,21,41%,,,,0.78,65,2%,,,7%,,,,,,,,,13.12,72,3%,,,,,,6.95,64,6%,,,,,61,40,7.71,,,,,,,,,,,,,,,,,,,,,,,,,,,,,,,,,,,,,,,,,,,,,,,
UBER 1622,09/17,MR UBER BACKUP 1622,G,UBER 461,-0.54,12,13%,,,,54.03,13,31%,,,,0.77,64,2%,,,2%,,,,,,,,,11.04,75,5%,,,,,,8.76,68,2%,,,,,52,39,10.05,,,,,,,,,,,,,,,,,,,,,,,,,,,,,,,,,,,,,,,,,,,,,,,
080171EE,08/08,080171  DE ESPIRITU,G,051897EE,0.31,65,94%,,,,67.62,72,3%,,,,0.76,84,2%,,,5%,,,,,,,,,7.53,86,14%,,,,,,4.65,86,18%,,,,,127,78,8.57,,,,,,,,,,,,,,,,,,,,,,,,,,,,,,,,,,,,,,,,,,,,,,,
KDO 4942,08/18,DON JUAN DE  K DE ORO,,BRCL 694,-0.55,9,13%,,,,49.74,9,60%,,,,0.73,41,2%,,,6%,,,,,,,,,9.19,49,9%,,,,,,10.89,29,0.5%,,,,,8,22,8.09,,,,,,,,,,,,,,,,,,,,,,,,,,,,,,,,,,,,,,,,,,,,,,,
OBGP 4138,10/14,DUBAS FIV OB,,OBGP 1193,-0.45,15,17%,,,,56.88,18,20%,,,,0.69,43,3%,,,4%,,,,,,,,,5.18,54,25%,,,,,,8.23,50,3%,,,,,16,33,8.90,,,,,,,,,,,,,,,,,,,,,,,,,,,,,,,,,,,,,,,,,,,,,,,
LTQ 591,08/18,591 DE L A TRANQUERA,,AMRO 97,-0.45,12,17%,,,,55.03,12,27%,,,,0.69,42,3%,,,0.5%,,,,,,,,,24.35,47,0.1%,,,,,,12.09,38,0.1%,,,,,7,26,13.68,,,,,,,,,,,,,,,,,,,,,,,,,,,,,,,,,,,,,,,,,,,,,,,
NOG 1590,08/15,1590 DE NOGAL DEL RIO,G,1551,-0.36,16,22%,,,,50.41,13,51%,,,,0.65,51,3%,,,18%,,,,,,,,,6.00,60,20%,,,,,,3.67,53,26%,,,,,14,33,5.12,,,,,,,,,,,,,,,,,,,,,,,,,,,,,,,,,,,,,,,,,,,,,,,
QERJ 1563,03/04,MR QUERENCA 1563,G,718788,-0.53,55,14%,,,,53.94,67,31%,,,,0.64,79,3%,,,2%,,,,,,,,,11.91,77,4%,,,,,,8.54,69,2%,,,,,8,70,10.89,,,,,,,,,,,,,,,,,,,,,,,,,,,,,,,,,,,,,,,,,,,,,,,
BENT 3226,08/07,CJ SANTANNA POI 3226,,LAN9153,-0.09,15,42%,,,,60.30,22,12%,,,,0.64,42,3%,,,2%,,,,,,,,,14.74,62,2%,,,,,,8.48,60,2%,,,,,13,37,10.09,,,,,,,,,,,,,,,,,,,,,,,,,,,,,,,,,,,,,,,,,,,,,,,
OBGP 4947,09/17,KEMBALI OB,G,OBGP 1193,-0.56,53,12%,,,,53.28,65,34%,,,,0.62,80,4%,,,5%,,,,,,,,,11.57,78,4%,,,,,,8.16,72,3%,,,,,27,70,8.47,,,,,,,,,,,,,,,,,,,,,,,,,,,,,,,,,,,,,,,,,,,,,,,
AMRO 480,07/10,MR BR 77 480,G,AMRO 95,-0.04,54,50%,,,,48.16,66,73%,,,,0.61,81,4%,,,40%,,,,,,,,,4.67,81,27%,,,,,,1.55,75,52%,,,,,61,71,2.09,,,,,,,,,,,,,,,,,,,,,,,,,,,,,,,,,,,,,,,,,,,,,,,
180688EE,08/18,180688 DE ESPIRITU,G,150563EE,0.45,13,99%,,,,54.49,15,29%,,,,0.61,63,4%,,,10%,,,,,,,,,2.57,69,41%,,,,,,7.04,62,5%,,,,,42,38,6.57,,,,,,,,,,,,,,,,,,,,,,,,,,,,,,,,,,,,,,,,,,,,,,,
UBER 1506,12/15,MR UBER JATOBA 1506,G,UBER 783,-0.44,52,17%,,,,52.51,65,38%,,,,0.60,81,4%,,,1%,,,,,,,,,14.60,81,2%,,,,,,10.94,75,0.5%,,,,,54,71,11.70,,,,,,,,,,,,,,,,,,,,,,,,,,,,,,,,,,,,,,,,,,,,,,,
180375EE,08/18,180375 DE ESPIRITU,G,150533EE,0.10,11,79%,,,,61.46,11,10%,,,,0.60,45,4%,,,2%,,,,,,,,,12.21,48,3%,,,,,,6.91,39,6%,,,,,6,27,10.63,,,,,,,,,,,,,,,,,,,,,,,,,,,,,,,,,,,,,,,,,,,,,,,
WRRB 115,11/06,MR WRS POI 115,,727046,-0.17,36,34%,,,,43.55,41,90%,,,,0.58,67,4%,,,28%,FERTILIDADE,,,,,,,,8.37,74,11%,,,,,,6.59,68,7%,,,,,64,54,3.64,,,,,,,,,,,,,,,,,,,,,,,,,,,,,,,,,,,,,,,,,,,,,,,
110333EE,08/11,110333  DE ESPIRITU,,080171EE,0.38,37,97%,,,,86.71,43,0.1%,,,,1.10,56,0.5%,,,0.1%,,,9.28,36,0.1%,,,,10.71,56,6%,,,,,,,,,,,,,36,,18.61,45,,,,,,,,,,,,,,,,,,,,,,,,,,,,,,,,,,,,,,,,,,,,,,
060194EE,08/06,060194  DE ESPIRITU,,107867,0.27,32,92%,,,,82.77,41,0.1%,,,,-0.09,38,76%,,,0.5%,,,6.99,32,0.5%,,,,7.36,43,15%,,,,,,,,,,,,,27,,13.70,39,,,,,,,,,,,,,,,,,,,,,,,,,,,,,,,,,,,,,,,,,,,,,,
030600EE,08/03,030600  DE ESPIRITU,,000216EE,0.37,38,97%,,,,81.51,47,0.1%,,,,0.14,37,31%,,,1%,,,6.24,39,1%,,,,3.44,40,35%,,,,,,,,,,,,,36,,11.04,42,,,,,,,,,,,,,,,,,,,,,,,,,,,,,,,,,,,,,,,,,,,,,,
090960EE,08/09,090960  DE ESPIRITU,,061755EE,0.40,35,98%,,,,80.97,45,0.1%,,,,0.17,43,28%,,,0.5%,,,6.72,33,0.5%,,,,7.80,47,13%,,,,,,,,,,,,,36,,13.71,42,,,,,,,,,,,,,,,,,,,,,,,,,,,,,,,,,,,,,,,,,,,,,,
120878EE,08/12,120878  DE ESPIRITU,,090726EE,0.32,38,95%,,,,80.35,47,0.1%,,,,0.65,52,3%,,,0.1%,,,7.68,35,0.5%,,,,12.23,51,3%,,,,,,,,,,,,,47,,14.38,45,,,,,,,,,,,,,,,,,,,,,,,,,,,,,,,,,,,,,,,,,,,,,,
040129EE,07/04,040129  DE ESPIRITU,,107867,0.28,28,93%,,,,79.75,37,0.1%,,,,0.85,31,2%,,,0.1%,,,5.17,29,3%,,,,7.24,37,15%,,,,,,,,,,,,,23,,16.23,34,,,,,,,,,,,,,,,,,,,,,,,,,,,,,,,,,,,,,,,,,,,,,,
060150EE,08/06,060150  DE ESPIRITU,,030600EE,0.40,33,98%,,,,78.17,42,0.1%,,,,0.30,33,16%,,,2%,,,7.01,34,0.5%,,,,4.62,40,28%,,,,,,,,,,,,,33,,10.79,39,,,,,,,,,,,,,,,,,,,,,,,,,,,,,,,,,,,,,,,,,,,,,,
030105EE,07/03,030105  DE ESPIRITU,,92878,0.05,20,72%,,,,75.21,28,0.5%,,,,0.08,29,39%,,,0.1%,,,3.10,22,12%,,,,10.13,36,7%,,,,,,,,,,,,,13,,14.96,31,,,,,,,,,,,,,,,,,,,,,,,,,,,,,,,,,,,,,,,,,,,,,,
050615EE,08/05,050615  DE ESPIRITU,,125673,0.18,26,86%,,,,75.00,35,0.5%,,,,0.19,34,26%,,,0.5%,,,10.15,26,0.1%,,,,6.49,38,18%,,,,,,,,,,,,,18,,13.44,35,,,,,,,,,,,,,,,,,,,,,,,,,,,,,,,,,,,,,,,,,,,,,,
2505,10/03,LANCEFIELD M BREAK,,CIW5529,-0.42,38,18%,,,,73.81,49,0.5%,,,,-0.02,52,63%,,,18%,,,3.16,25,12%,,,,-0.36,61,68%,,,,,,,,,,,,,53,,5.12,48,,,,,,,,,,,,,,,,,,,,,,,,,,,,,,,,,,,,,,,,,,,,,,
041672EE,10/04,041672  DE ESPIRITU,,966239EE,0.15,32,83%,,,,73.31,42,1%,,,,-0.22,32,90%,,,6%,,,2.57,33,17%,,,,0.53,38,58%,,,,,,,,,,,,,35,,8.11,38,,,,,,,,,,,,,,,,,,,,,,,,,,,,,,,,,,,,,,,,,,,,,,
060105EE,08/06,060105  DE ESPIRITU,,95985,0.27,31,92%,,,,72.33,41,1%,,,,-0.09,35,76%,,,3%,,,5.35,31,2%,,,,7.08,37,16%,,,,,,,,,,,,,27,,9.22,38,,,,,,,,,,,,,,,,,,,,,,,,,,,,,,,,,,,,,,,,,,,,,,
040252EE,08/04,040252  DE ESPIRITU,,011262EE,0.28,24,93%,,,,71.88,33,1%,,,,0.24,29,21%,,,5%,,,0.58,25,45%,,,,-1.80,30,79%,,,,,,,,,,,,,17,,8.36,32,,,,,,,,,,,,,,,,,,,,,,,,,,,,,,,,,,,,,,,,,,,,,,
090665EE,08/09,090665  DE ESPIRITU,,061210EE,0.45,33,99%,,,,71.68,44,1%,,,,0.80,36,2%,,,0.5%,,,2.77,33,15%,,,,13.21,45,3%,,,,,,,,,,,,,34,,12.88,41,,,,,,,,,,,,,,,,,,,,,,,,,,,,,,,,,,,,,,,,,,,,,,
050328EE,07/05,050328  DE ESPIRITU,,990226EE,-0.02,29,55%,,,,71.39,38,1%,,,,-0.09,27,76%,,,1%,,,7.41,30,0.5%,,,,6.04,34,20%,,,,,,,,,,,,,23,,11.02,35,,,,,,,,,,,,,,,,,,,,,,,,,,,,,,,,,,,,,,,,,,,,,,
080426EE,08/08,080426  DE ESPIRITU,,050615EE,0.45,33,99%,,,,70.52,44,2%,,,,0.26,39,19%,,,3%,,,6.98,32,0.5%,,,,-0.22,45,66%,,,,,,,,,,,,,35,,9.14,41,,,,,,,,,,,,,,,,,,,,,,,,,,,,,,,,,,,,,,,,,,,,,,
040681EE,08/04,040681  DE ESPIRITU,,107867,0.34,18,96%,,,,70.32,23,2%,,,,-0.14,27,83%,,,3%,,,0.61,20,45%,,,,4.73,33,27%,,,,,,,,,,,,,9,,9.70,26,,,,,,,,,,,,,,,,,,,,,,,,,,,,,,,,,,,,,,,,,,,,,,
061075EE,08/06,061075  DE ESPIRITU,,991889EE,0.23,29,89%,,,,70.07,40,2%,,,,0.43,37,9%,,,5%,,,6.35,28,1%,,,,-0.95,44,73%,,,,,,,,,,,,,28,,8.48,38,,,,,,,,,,,,,,,,,,,,,,,,,,,,,,,,,,,,,,,,,,,,,,
050557EE,08/05,050557  DE ESPIRITU,,990226EE,0.06,19,74%,,,,70.04,25,2%,,,,-0.10,23,78%,,,2%,,,6.21,20,1%,,,,4.06,35,31%,,,,,,,,,,,,,6,,10.65,26,,,,,,,,,,,,,,,,,,,,,,,,,,,,,,,,,,,,,,,,,,,,,,
101309EE,09/10,101309  DE ESPIRITU,,071557EE,0.49,28,99%,,,,69.66,39,2%,,,,-0.67,33,100%,,,4%,,,4.28,27,5%,,,,7.60,41,14%,,,,,,,,,,,,,27,,8.68,36,,,,,,,,,,,,,,,,,,,,,,,,,,,,,,,,,,,,,,,,,,,,,,
050279EE,07/05,050279  DE ESPIRITU,,107867,0.36,15,96%,,,,69.15,20,2%,,,,0.32,16,15%,,,2%,,,3.99,16,7%,,,,4.43,26,29%,,,,,,,,,,,,,7,,10.86,22,,,,,,,,,,,,,,,,,,,,,,,,,,,,,,,,,,,,,,,,,,,,,,
100401EE,08/10,100401  DE ESPIRITU,,070178EE,0.26,28,91%,,,,68.80,36,2%,,,,0.96,35,1%,,,0.1%,,,8.85,27,0.1%,,,,12.22,37,3%,,,,,,,,,,,,,18,,14.64,34,,,,,,,,,,,,,,,,,,,,,,,,,,,,,,,,,,,,,,,,,,,,,,
061755EE,09/06,MORENO,G,020096EE,0.36,64,96%,,,,68.40,73,2%,,,,0.36,80,12%,,,11%,,,5.51,66,2%,,,,-0.06,79,65%,,,,,,,,,,,,,96,,6.52,76,,,,,,,,,,,,,,,,,,,,,,,,,,,,,,,,,,,,,,,,,,,,,,
110116EE,07/11,110116  DE ESPIRITU,,070178EE,0.28,20,93%,,,,67.89,24,3%,,,,0.23,34,22%,,,2%,,,3.48,20,10%,,,,9.55,27,8%,,,,,,,,,,,,,5,,10.06,25,,,,,,,,,,,,,,,,,,,,,,,,,,,,,,,,,,,,,,,,,,,,,,
080171EE,08/08,080171  DE ESPIRITU,G,051897EE,0.31,65,94%,,,,67.62,72,3%,,,,0.76,84,2%,,,5%,,,0.72,66,43%,,,,7.53,86,14%,,,,,,,,,,,,,72,,8.57,78,,,,,,,,,,,,,,,,,,,,,,,,,,,,,,,,,,,,,,,,,,,,,,
070301EE,08/07,070301  DE ESPIRITU,,980609EE,0.45,24,99%,,,,67.37,32,3%,,,,-0.01,26,60%,,,3%,,,2.59,25,17%,,,,9.63,32,8%,,,,,,,,,,,,,14,,9.67,31,,,,,,,,,,,,,,,,,,,,,,,,,,,,,,,,,,,,,,,,,,,,,,
090591EE,08/09,090591  DE ESPIRITU,,061755EE,0.38,21,97%,,,,67.19,27,3%,,,,0.65,28,3%,,,10%,,,4.02,20,6%,,,,3.96,34,32%,,,,,,,,,,,,,9,,6.76,28,,,,,,,,,,,,,,,,,,,,,,,,,,,,,,,,,,,,,,,,,,,,,,
EAOH 775,08/08,NALTO TE DA EAO,G,2505,-0.42,23,18%,,,,67.09,32,3%,,,,0.23,36,22%,,,9%,,,4.18,14,6%,,,,0.88,60,55%,,,,,,,,,,,,,16,,6.83,40,,,,,,,,,,,,,,,,,,,,,,,,,,,,,,,,,,,,,,,,,,,,,,
051517EE,09/05,MAESTRO II,,990226EE,0.26,27,91%,,,,67.04,35,3%,,,,-0.27,36,93%,,,5%,,,1.23,26,34%,,,,4.43,43,29%,,,,,,,,,,,,,19,,8.52,37,,,,,,,,,,,,,,,,,,,,,,,,,,,,,,,,,,,,,,,,,,,,,,
OMBB 42,08/03,MR OB TE 42,,404,-0.60,33,11%,,,,66.98,45,3%,,,,0.03,51,48%,,,6%,,,5.14,31,3%,,,,5.40,72,23%,,,,,,,,,,,,,31,,8.03,52,,,,,,,,,,,,,,,,,,,,,,,,,,,,,,,,,,,,,,,,,,,,,,
110766EE,09/11,110766  DE ESPIRITU,,080171EE,0.05,19,72%,,,,66.15,24,4%,,,,0.48,31,7%,,,4%,,,3.37,19,10%,,,,6.68,28,17%,,,,,,,,,,,,,7,,9.06,26,,,,,,,,,,,,,,,,,,,,,,,,,,,,,,,,,,,,,,,,,,,,,,
839744,03/04,JDH SIR TOBE M.309/1,,718788,-0.71,23,7%,,,,65.89,28,4%,,,,0.27,27,18%,,,4%,,,0.45,18,48%,,,,-0.44,35,69%,,,,,,,,,,,,,6,,8.58,28,,,,,,,,,,,,,,,,,,,,,,,,,,,,,,,,,,,,,,,,,,,,,,
070241EE,08/07,070241  DE ESPIRITU,,040703EE,0.28,29,93%,,,,65.70,40,4%,,,,1.36,38,0.1%,,,0.5%,,,4.52,29,4%,,,,9.03,45,9%,,,,,,,,,,,,,27,,12.96,39,,,,,,,,,,,,,,,,,,,,,,,,,,,,,,,,,,,,,,,,,,,,,,
OBGP 2606,12/11,ARTIFICIO OB,,OBGP 711,-1.10,24,2%,,,,65.24,34,5%,,,,0.63,60,4%,,,5%,,,2.95,24,14%,,,,5.73,67,22%,,,,,,,,,,,,,21,,8.55,49,,,,,,,,,,,,,,,,,,,,,,,,,,,,,,,,,,,,,,,,,,,,,,
081578EE,09/08,081578  DE ESPIRITU,,050611EE,-0.05,9,48%,,,,65.07,22,5%,,,,0.04,14,46%,,,15%,,,4.56,12,4%,,,,-3.54,28,88%,,,,,,,,,,,,,9,,5.56,22,,,,,,,,,,,,,,,,,,,,,,,,,,,,,,,,,,,,,,,,,,,,,,
GOOD 92,06/03,MR.QERJ BRAHMANIA 92,,718788,-0.51,47,14%,,,,65.03,59,5%,,,,0.10,63,36%,,,0.1%,,,0.80,33,41%,,,,9.58,78,8%,,,,,,,,,,,,,83,,14.06,57,,,,,,,,,,,,,,,,,,,,,,,,,,,,,,,,,,,,,,,,,,,,,,
121200EE,09/12,121200  DE ESPIRITU,G,040479EE,0.36,59,96%,,,,64.87,68,5%,,,,0.47,81,7%,,,8%,,,7.17,61,0.5%,,,,-1.82,80,79%,,,,,,,,,,,,,33,,7.11,73,,,,,,,,,,,,,,,,,,,,,,,,,,,,,,,,,,,,,,,,,,,,,,
070035EE,07/07,070035  DE ESPIRITU,,990226EE,0.17,24,85%,,,,64.56,29,5%,,,,0.52,27,6%,,,7%,,,7.52,22,0.5%,,,,6.11,36,20%,,,,,,,,,,,,,13,,7.66,31,,,,,,,,,,,,,,,,,,,,,,,,,,,,,,,,,,,,,,,,,,,,,,
OBGP 683,01/08,MR FUZIL FIV 683 OB,,718788,-0.81,38,5%,,,,64.11,30,6%,,,,0.28,44,18%,,,1%,,,3.65,21,9%,,,,10.37,68,6%,,,,,,,,,,,,,9,,11.21,45,,,,,,,,,,,,,,,,,,,,,,,,,,,,,,,,,,,,,,,,,,,,,,
LIB 54,01/06,CABANHA LIBRA 54,,809260,0.08,33,76%,,,,63.94,50,6%,,,,0.06,35,43%,,,4%,STAYABILITY,,1.24,25,34%,,,,9.19,49,9%,,,,,,,,,,,,,47,,8.97,38,,,,,,,,,,,,,,,,,,,,,,,,,,,,,,,,,,,,,,,,,,,,,,
CABR 1769,09/11,CABR IOTIN 1769,,846561,-0.82,22,5%,,,,,,,,,,0.38,39,11%,,,0.5%,,,,,,,,,22.17,49,0.1%,,,,,,,,,,,,,7,,11.92,,3.54,24,0.1%,0.41,19,2%,32,,,,,,,,,,,,,,,,,,,,,,,,,,,,,,,,,,,,,,,
CABR 1729,02/11,CABR MR ILUSTRE 1729,,803613,-0.34,23,23%,,,,,,,,,,0.26,28,19%,,,8%,,,,,,,,,2.10,37,45%,,,,,,,,,,,,,8,,7.35,,3.27,27,0.1%,0.85,23,0.1%,26,,,,,,,,,,,,,,,,,,,,,,,,,,,,,,,,,,,,,,,
UBER 401,02/09,MR UBER POI 401,G,718788,-0.56,58,12%,,,,,,,,,,-0.14,80,83%,,,10%,,,,,,,,,4.39,80,29%,,,,,,,,,,,,,9,,6.68,,3.09,76,0.5%,-0.01,74,55%,72,,,,,,,,,,,,,,,,,,,,,,,,,,,,,,,,,,,,,,,
BRBR 136,01/04,136,,718788,0.01,42,63%,,,,,,,,,,1.31,68,0.1%,,,10%,,,,,,,,,13.79,74,2%,,,,,,,,,,,,,10,,6.73,,2.98,39,0.5%,0.30,35,3%,58,,,,,,,,,,,,,,,,,,,,,,,,,,,,,,,,,,,,,,,
858252,06/06,HK POLO 757 (P),,751467,0.02,45,66%,,,,,,,,,,0.32,59,15%,,,3%,,,,,,,,,11.69,67,4%,,,,,,,,,,,,,18,,9.66,,2.48,48,1%,0.49,44,0.5%,56,,,,,,,,,,,,,,,,,,,,,,,,,,,,,,,,,,,,,,,
832160,06/03,+MR WINCHESTER MAGNU,,724323,-0.12,12,38%,,,,,,,,,,0.14,8,31%,,,3%,,,,,,,,,15.24,14,1%,,,,,,,,,,,,,6,,9.64,,2.32,19,1%,0.42,17,1%,11,,,,,,,,,,,,,,,,,,,,,,,,,,,,,,,,,,,,,,,
UBER 461,10/09,MR UBER ARAGUAIA 461,,UBER 153,-0.33,43,23%,,,,,,,,,,0.30,70,16%,,,7%,,,,,,,,,8.95,79,9%,,,,,,,,,,,,,43,,7.51,,2.23,54,2%,0.10,51,11%,57,,,,,,,,,,,,,,,,,,,,,,,,,,,,,,,,,,,,,,,
CSCP 1193,11/14,1193 DE NAVIRAI,,WRRB 115,-0.34,12,23%,,,,,,,,,,0.46,31,8%,,,5%,,,,,,,,,11.81,42,4%,,,,,,,,,,,,,5,,8.27,,1.90,22,3%,0.13,19,9%,25,,,,,,,,,,,,,,,,,,,,,,,,,,,,,,,,,,,,,,,
OBGP 1193,09/09,MATRIX OB,,OBGP 367,-0.24,56,29%,,,,,,,,,,0.24,80,21%,,,10%,,,,,,,,,11.18,85,5%,,,,,,,,,,,,,247,,6.69,,1.83,80,3%,0.18,79,6%,73,,,,,,,,,,,,,,,,,,,,,,,,,,,,,,,,,,,,,,,
OBGP 3749,11/13,ARDIL OB,G,813128,0.11,53,80%,,,,,,,,,,-0.04,81,68%,,,25%,,,,,,,,,8.94,80,9%,,,,,,,,,,,,,68,,4.03,,1.53,79,6%,0.04,77,21%,71,,,,,,,,,,,,,,,,,,,,,,,,,,,,,,,,,,,,,,,
OBGP 4971,10/17,SARAC OB,,OBGP 1193,-0.12,16,38%,,,,,,,,,,0.25,40,20%,,,15%,,,,,,,,,13.18,43,3%,,,,,,,,,,,,,8,,5.68,,1.12,38,11%,-0.25,35,99%,31,,,,,,,,,,,,,,,,,,,,,,,,,,,,,,,,,,,,,,,
DUET 20,09/07,ABSINTO FIV DUET,,669048,0.04,39,70%,,,,,,,,,,0.06,62,43%,,,2%,,,,,,,,,14.55,71,2%,,,,,,,,,,,,,29,,10.66,,1.01,56,13%,1.12,52,0.1%,57,,,,,,,,,,,,,,,,,,,,,,,,,,,,,,,,,,,,,,,
WRRB 115,11/06,MR WRS POI 115,,727046,-0.17,36,34%,,,,,,,,,,0.58,67,4%,,,28%,,,,,,,,,8.37,74,11%,,,,,,,,,,,,,25,,3.64,,0.94,50,15%,0.35,46,2%,54,,,,,,,,,,,,,,,,,,,,,,,,,,,,,,,,,,,,,,,
OBGP 5097,01/18,AMERICANO OB,G,OBGP 1193,-0.41,18,19%,,,,,,,,,,0.26,43,19%,,,2%,,,,,,,,,14.58,48,2%,,,,,,,,,,,,,7,,10.46,,0.91,44,15%,0.03,40,24%,36,,,,,,,,,,,,,,,,,,,,,,,,,,,,,,,,,,,,,,,
OBGP 4984,10/17,POLO OB,,OBGP 3777,-0.21,10,31%,,,,,,,,,,0.01,42,53%,,,8%,,,,,,,,,13.05,48,3%,,,,,,,,,,,,,17,,7.11,,0.91,44,15%,0.18,41,6%,30,,,,,,,,,,,,,,,,,,,,,,,,,,,,,,,,,,,,,,,
OBGP 4947,09/17,KEMBALI OB,G,OBGP 1193,-0.56,53,12%,,,,,,,,,,0.62,80,4%,,,5%,,,,,,,,,11.57,78,4%,,,,,,,,,,,,,36,,8.47,,0.86,78,17%,0.39,75,2%,70,,,,,,,,,,,,,,,,,,,,,,,,,,,,,,,,,,,,,,,
UBER 153,03/06,MR UBER NATURAL 153,750937,-0.04,49,50%,1.75,,,,,,,,,,73,68%,0.76,,,SUMÁRIO DE TOUROS LÍDERES DA RAÇA BRAHMAN : CARACTERÍSTICA QUANTITATIVA DE CARCAÇA - ACAB  (TOP 20%),"TOP 40% para MGTe, Acurácia maior ou igual a 15% para DACAB, NFUS >= 5, Nascidos a partir de 2003, Progênie nascida nos últimos 2 anos, 40 melhores para DACAB",RG,,,,,,,81,47%,-0.04,,,,,,,,,,,,,2,,67,,64,19%,0.09,61,12%,59,38%,,,,,,,,,,,,,,,,,,,,,,,,,,,,,,,,,,,,,,,
DUET 20,09/07,ABSINTO FIV DUET,,669048,0.04,39,70%,,,,,,,,,,0.06,62,43%,,,2%,,,,,,,,,14.55,71,2%,,,,,,,,,,,,,29,,10.66,,1.01,56,13%,1.12,52,0.1%,57,,,,,,,,,,,,,,,,,,,,,,,,,,,,,,,,,,,,,,,
CABR 1729,02/11,CABR MR ILUSTRE 1729,,803613,-0.34,23,23%,,,,,,,,,,0.26,28,19%,,,8%,,,,,,,,,2.10,37,45%,,,,,,,,,,,,,8,,7.35,,3.27,27,0.1%,0.85,23,0.1%,26,,,,,,,,,,,,,,,,,,,,,,,,,,,,,,,,,,,,,,,
OBGP 4230,12/14,BINARIO OB,G,DUET 20,-0.32,54,24%,,,,,,,,,,-0.04,80,68%,,,4%,,,,,,,,,17.60,80,0.5%,,,,,,,,,,,,,45,,8.78,,0.63,78,23%,0.63,76,0.5%,71,,,,,,,,,,,,,,,,,,,,,,,,,,,,,,,,,,,,,,,
858252,06/06,HK POLO 757 (P),,751467,0.02,45,66%,,,,,,,,,,0.32,59,15%,,,3%,,,,,,,,,11.69,67,4%,,,,,,,,,,,,,18,,9.66,,2.48,48,1%,0.49,44,0.5%,56,,,,,,,,,,,,,,,,,,,,,,,,,,,,,,,,,,,,,,,
832160,06/03,+MR WINCHESTER MAGNU,,724323,-0.12,12,38%,,,,,,,,,,0.14,8,31%,,,3%,,,,,,,,,15.24,14,1%,,,,,,,,,,,,,6,,9.64,,2.32,19,1%,0.42,17,1%,11,,,,,,,,,,,,,,,,,,,,,,,,,,,,,,,,,,,,,,,
CABR 1769,09/11,CABR IOTIN 1769,,846561,-0.82,22,5%,,,,,,,,,,0.38,39,11%,,,0.5%,,,,,,,,,22.17,49,0.1%,,,,,,,,,,,,,7,,11.92,,3.54,24,0.1%,0.41,19,2%,32,,,,,,,,,,,,,,,,,,,,,,,,,,,,,,,,,,,,,,,
OBGP 4947,09/17,KEMBALI OB,G,OBGP 1193,-0.56,53,12%,,,,,,,,,,0.62,80,4%,,,5%,,,,,,,,,11.57,78,4%,,,,,,,,,,,,,36,,8.47,,0.86,78,17%,0.39,75,2%,70,,,,,,,,,,,,,,,,,,,,,,,,,,,,,,,,,,,,,,,
WRRB 115,11/06,MR WRS POI 115,,727046,-0.17,36,34%,,,,,,,,,,0.58,67,4%,,,28%,,,,,,,,,8.37,74,11%,,,,,,,,,,,,,25,,3.64,,0.94,50,15%,0.35,46,2%,54,,,,,,,,,,,,,,,,,,,,,,,,,,,,,,,,,,,,,,,
BRBR 136,01/04,136,,718788,0.01,42,63%,,,,,,,,,,1.31,68,0.1%,,,10%,,,,,,,,,13.79,74,2%,,,,,,,,,,,,,10,,6.73,,2.98,39,0.5%,0.30,35,3%,58,,,,,,,,,,,,,,,,,,,,,,,,,,,,,,,,,,,,,,,
BENT 5861,10/18,CJ SANT ANNA POI 5861,,BENT 3706,-0.32,8,24%,,,,,,,,,,0.20,22,25%,,,26%,,,,,,,,,4.50,37,28%,,,,,,,,,,,,,29,,3.87,,-0.10,51,71%,0.29,48,3%,25,,,,,,,,,,,,,,,,,,,,,,,,,,,,,,,,,,,,,,,
CABR 2014,03/13,CABR MR LEBLON 2014,,CABR 1469,-0.32,11,24%,,,,,,,,,,-0.01,36,60%,,,11%,,,,,,,,,13.30,49,2%,,,,,,,,,,,,,7,,6.52,,0.30,26,37%,0.25,22,4%,28,,,,,,,,,,,,,,,,,,,,,,,,,,,,,,,,,,,,,,,
OBGP 1193,09/09,MATRIX OB,,OBGP 367,-0.24,56,29%,,,,,,,,,,0.24,80,21%,,,10%,,,,,,,,,11.18,85,5%,,,,,,,,,,,,,247,,6.69,,1.83,80,3%,0.18,79,6%,73,,,,,,,,,,,,,,,,,,,,,,,,,,,,,,,,,,,,,,,
OBGP 4984,10/17,POLO OB,,OBGP 3777,-0.21,10,31%,,,,,,,,,,0.01,42,53%,,,8%,,,,,,,,,13.05,48,3%,,,,,,,,,,,,,17,,7.11,,0.91,44,15%,0.18,41,6%,30,,,,,,,,,,,,,,,,,,,,,,,,,,,,,,,,,,,,,,,
CSCP 1061,08/14,1061 DE NAVIRAI,,WRRB 115,0.01,32,63%,,,,,,,,,,-0.07,62,73%,,,34%,,,,,,,,,6.83,71,17%,,,,,,,,,,,,,30,,2.75,,0.29,43,38%,0.14,39,8%,45,,,,,,,,,,,,,,,,,,,,,,,,,,,,,,,,,,,,,,,
CSCP 1193,11/14,1193 DE NAVIRAI,,WRRB 115,-0.34,12,23%,,,,,,,,,,0.46,31,8%,,,5%,,,,,,,,,11.81,42,4%,,,,,,,,,,,,,5,,8.27,,1.90,22,3%,0.13,19,9%,25,,,,,,,,,,,,,,,,,,,,,,,,,,,,,,,,,,,,,,,
UBER 461,10/09,MR UBER ARAGUAIA 461,,UBER 153,-0.33,43,23%,,,,,,,,,,0.30,70,16%,,,7%,,,,,,,,,8.95,79,9%,,,,,,,,,,,,,43,,7.51,,2.23,54,2%,0.10,51,11%,57,,,,,,,,,,,,,,,,,,,,,,,,,,,,,,,,,,,,,,,
UBER 153,03/06,MR UBER NATURAL 153,,750937,-0.04,49,50%,,,,,,,,,,-0.04,73,68%,,,38%,ÁREA DE OLHO DE LOMBO E ACABAMENTO DE CARCAÇA,,,,,,,,1.75,81,47%,,,,,,,,,,,,,59,,2.37,,0.76,64,19%,0.09,61,12%,67,,,,,,,,,,,,,,,,,,,,,,,,,,,,,,,,,,,,,,,
JALJ 2,01/04,MR 2 DA J4,,718788,-0.66,23,9%,,,,63.89,22,6%,,,,0.80,61,2%,,,16.22,40,0.1%,,,,,,,16.94,71,0.5%,,,7.43,53,0.5%,,,,,,106,4,,,,,,,,,,,,,,,,,,,,,,,,,,,,,,,,,,,,,,,,,,,,,,,,,,
BRCL 694,11/11,MR BCOL FRATELLO,,GOOD 92,-0.63,26,10%,,,,59.70,17,13%,,,,0.91,58,1%,,,13.54,37,0.5%,,,,,,,12.38,65,3%,,,7.24,55,0.5%,,,,,,60,2,,,,,,,,,,,,,,,,,,,,,,,,,,,,,,,,,,,,,,,,,,,,,,,,,,
181228EE,09/18,181228 DE ESPIRITU,G,080171EE,0.31,16,94%,,,,72.46,21,1%,,,,1.29,63,0.5%,,,13.07,40,0.5%,,,,,,,7.51,68,14%,,,-0.41,59,83%,,,,,,71,1,,,,,,,,,,,,,,,,,,,,,,,,,,,,,,,,,,,,,,,,,,,,,,,,,,
180931EE,09/18,180931 DE ESPIRITU,G,080171EE,0.23,20,89%,,,,72.01,25,1%,,,,1.38,63,0.1%,,,12.72,42,0.5%,,,,,,,8.40,67,11%,,,-0.87,57,90%,,,,,,62,1,,,,,,,,,,,,,,,,,,,,,,,,,,,,,,,,,,,,,,,,,,,,,,,,,,
CABR 1769,09/11,CABR IOTIN 1769,,846561,-0.82,22,5%,,,,44.43,22,88%,,,,0.38,39,11%,,,11.92,32,0.5%,,,,,,,22.17,49,0.1%,,,8.32,39,0.1%,,,,,,31,3,,,,,,,,,,,,,,,,,,,,,,,,,,,,,,,,,,,,,,,,,,,,,,,,,,
UBER 1506,12/15,MR UBER JATOBA 1506,G,UBER 783,-0.44,52,17%,,,,52.51,65,38%,,,,0.60,81,4%,,,11.70,71,1%,,,,,,,14.60,81,2%,,,7.10,73,0.5%,,,,,,114,4,,,,,,,,,,,,,,,,,,,,,,,,,,,,,,,,,,,,,,,,,,,,,,,,,,
DUET 20,09/07,ABSINTO FIV DUET,,669048,0.04,39,70%,,,,62.13,51,9%,,,,0.06,62,43%,,,10.66,57,2%,,,,,,,14.55,71,2%,,,6.64,63,0.5%,,,,,,93,3,,,,,,,,,,,,,,,,,,,,,,,,,,,,,,,,,,,,,,,,,,,,,,,,,,
BENT 3226,08/07,CJ SANTANNA POI 3226,,LAN9153,-0.09,15,42%,,,,60.30,22,12%,,,,0.64,42,3%,,,10.09,37,2%,,,,,,,14.74,62,2%,,,5.99,58,2%,,,,,,42,1,,,,,,,,,,,,,,,,,,,,,,,,,,,,,,,,,,,,,,,,,,,,,,,,,,
WLMB 4370,01/16,MR N POUS POI 4370,G,EAOH 775,-0.26,53,27%,,,,55.03,65,27%,,,,1.34,79,0.1%,,,10.06,69,2%,,,,,,,9.18,78,9%,,,3.83,67,11%,,,,,,30,1,,,,,,,,,,,,,,,,,,,,,,,,,,,,,,,,,,,,,,,,,,,,,,,,,,
UBER 1622,09/17,MR UBER BACKUP 1622,G,UBER 461,-0.54,12,13%,,,,54.03,13,31%,,,,0.77,64,2%,,,10.05,39,2%,,,,,,,11.04,75,5%,,,4.10,66,9%,,,,,,132,3,,,,,,,,,,,,,,,,,,,,,,,,,,,,,,,,,,,,,,,,,,,,,,,,,,
UBER 656,12/10,MR UBER POI 656,G,718788,-0.48,53,16%,,,,55.96,66,23%,,,,0.40,79,10%,,,9.79,71,3%,,,,,,,13.96,79,2%,,,6.82,74,0.5%,,,,,,26,2,,,,,,,,,,,,,,,,,,,,,,,,,,,,,,,,,,,,,,,,,,,,,,,,,,
858252,06/06,HK POLO 757 (P),,751467,0.02,45,66%,,,,56.09,54,23%,,,,0.32,59,15%,,,9.66,56,3%,,,,,,,11.69,67,4%,,,3.55,60,13%,,,,,,54,4,,,,,,,,,,,,,,,,,,,,,,,,,,,,,,,,,,,,,,,,,,,,,,,,,,
170030EE,07/17,170030 DE ESPIRITU,G,140066EE,0.37,52,97%,,,,59.24,65,14%,,,,0.42,81,9%,,,9.32,71,3%,,,,,,,10.84,81,5%,,,3.06,72,18%,,,,,,101,1,,,,,,,,,,,,,,,,,,,,,,,,,,,,,,,,,,,,,,,,,,,,,,,,,,
160191EE,08/16,160191 DE ESPIRITU,G,100826EE,0.37,31,97%,,,,68.84,18,2%,,,,0.80,69,2%,,,9.32,44,3%,,,,,,,4.64,74,28%,,,-2.31,66,98%,,,,,,134,1,,,,,,,,,,,,,,,,,,,,,,,,,,,,,,,,,,,,,,,,,,,,,,,,,,
GOOD 1413,11/08,GOOD BRAHMANIA 1413,,660295,-0.07,27,45%,,,,59.45,36,14%,,,,0.07,44,41%,,,9.03,38,4%,,,,,,,10.59,56,6%,,,4.35,46,7%,,,,,,30,1,,,,,,,,,,,,,,,,,,,,,,,,,,,,,,,,,,,,,,,,,,,,,,,,,,
BENT 3218,08/07,CJ SANTANNA POI 3218,,LAN9153,-0.61,31,11%,,,,60.08,45,12%,,,,-0.05,74,70%,,,8.91,58,4%,,,,,,,11.31,81,5%,,,3.46,75,14%,,,,,,238,4,,,,,,,,,,,,,,,,,,,,,,,,,,,,,,,,,,,,,,,,,,,,,,,,,,
OBGP 4138,10/14,DUBAS FIV OB,,OBGP 1193,-0.45,15,17%,,,,56.88,18,20%,,,,0.69,43,3%,,,8.90,33,4%,,,,,,,5.18,54,25%,,,5.74,48,2%,,,,,,27,1,,,,,,,,,,,,,,,,,,,,,,,,,,,,,,,,,,,,,,,,,,,,,,,,,,
OBGP 4230,12/14,BINARIO OB,G,DUET 20,-0.32,54,24%,,,,56.83,65,20%,,,,-0.04,80,68%,,,8.78,71,4%,,,,,,,17.60,80,0.5%,,,6.22,72,1%,,,,,,75,2,,,,,,,,,,,,,,,,,,,,,,,,,,,,,,,,,,,,,,,,,,,,,,,,,,
180434EE,08/18,180434 DE ESPIRITU,G,150533EE,0.25,11,91%,,,,58.05,9,17%,,,,1.28,63,0.5%,,,8.64,37,4%,,,,,,,2.93,69,39%,,,1.79,59,37%,,,,,,82,1,,,,,,,,,,,,,,,,,,,,,,,,,,,,,,,,,,,,,,,,,,,,,,,,,,
181116EE,09/18,181116 DE ESPIRITU,G,150533EE,0.29,12,93%,,,,58.32,12,16%,,,,0.89,64,1%,,,8.62,36,4%,,,,,,,6.78,67,17%,,,2.37,58,27%,,,,,,66,1,,,,,,,,,,,,,,,,,,,,,,,,,,,,,,,,,,,,,,,,,,,,,,,,,,
080171EE,08/08,080171  DE ESPIRITU,G,051897EE,0.31,65,94%,,,,67.62,72,3%,,,,0.76,84,2%,,,8.57,78,5%,,,,,,,7.53,86,14%,,,1.61,83,40%,,,,,,281,3,,,,,,,,,,,,,,,,,,,,,,,,,,,,,,,,,,,,,,,,,,,,,,,,,,
OBGP 4947,09/17,KEMBALI OB,G,OBGP 1193,-0.56,53,12%,,,,53.28,65,34%,,,,0.62,80,4%,,,8.47,70,5%,,,,,,,11.57,78,4%,,,5.97,70,2%,,,,,,38,2,,,,,,,,,,,,,,,,,,,,,,,,,,,,,,,,,,,,,,,,,,,,,,,,,,
181594EE,10/18,181594 DE ESPIRITU,G,131146EE,0.33,16,95%,,,,56.19,19,22%,,,,1.02,58,0.5%,,,8.24,37,5%,,,,,,,8.16,63,12%,,,1.63,53,40%,,,,,,49,1,,,,,,,,,,,,,,,,,,,,,,,,,,,,,,,,,,,,,,,,,,,,,,,,,,
170417EE,08/17,170417 DE ESPIRITU,,141318EE,0.30,12,94%,,,,58.89,8,15%,,,,1.42,70,0.1%,,,8.08,38,6%,,,,,,,8.78,75,10%,,,-0.89,65,90%,,,,,,133,1,,,,,,,,,,,,,,,,,,,,,,,,,,,,,,,,,,,,,,,,,,,,,,,,,,
LTQ 137,02/15,137 DE LA TRANQUERA,,718788,-0.67,18,9%,,,,54.57,19,28%,,,,-0.05,49,70%,,,7.81,34,6%,,,,,,,8.74,56,10%,,,5.64,45,2%,,,,,,38,2,,,,,,,,,,,,,,,,,,,,,,,,,,,,,,,,,,,,,,,,,,,,,,,,,,
SCOL 624,04/10,ESCOL EMO FIV 4 10,,803386,-0.14,16,36%,,,,51.84,21,41%,,,,0.78,65,2%,,,7.71,40,7%,,,,,,,13.12,72,3%,,,5.24,61,3%,,,,,,115,4,,,,,,,,,,,,,,,,,,,,,,,,,,,,,,,,,,,,,,,,,,,,,,,,,,
UBER 461,10/09,MR UBER ARAGUAIA 461,,UBER 153,-0.33,43,23%,,,,48.23,37,73%,,,,0.30,70,16%,,,7.51,57,7%,,,,,,,8.95,79,9%,,,4.35,72,7%,,,,,,198,18,,,,,,,,,,,,,,,,,,,,,,,,,,,,,,,,,,,,,,,,,,,,,,,,,,
QUAT 12,09/05,MR J4 12,,801161,-1.03,22,2%,,,,60.96,27,11%,,,,1.01,65,0.5%,,,7.33,44,8%,,,,,,,6.77,72,17%,,,2.21,62,30%,,,,,,110,5,,,,,,,,,,,,,,,,,,,,,,,,,,,,,,,,,,,,,,,,,,,,,,,,,,
UBER 1083,12/12,MR UBER THE ROCK 1083,G,UBER 353,-0.36,52,22%,,,,46.29,65,82%,,,,0.53,81,6%,,,7.18,71,8%,,,,,,,13.92,81,2%,,,7.00,73,0.5%,,,,,,97,5,,,,,,,,,,,,,,,,,,,,,,,,,,,,,,,,,,,,,,,,,,,,,,,,,,
EAOH 775,08/08,NALTO TE DA EAO,G,2505,-0.42,23,18%,,,,67.09,32,3%,,,,0.23,36,22%,,,6.83,40,9%,,,,,,,0.88,60,55%,,,-0.09,51,77%,,,,,,41,2,,,,,,,,,,,,,,,,,,,,,,,,,,,,,,,,,,,,,,,,,,,,,,,,,,
3888,09/10,TALA 3888,,839744,-0.54,21,13%,,,,63.57,13,6%,,,,-0.04,57,68%,,,6.80,36,10%,,,,,,,0.35,66,60%,,,3.29,56,15%,,,,,,70,2,,,,,,,,,,,,,,,,,,,,,,,,,,,,,,,,,,,,,,,,,,,,,,,,,,
BRBR 136,01/04,136,,718788,0.01,42,63%,,,,38.55,54,98%,,,,1.31,68,0.1%,,,6.73,58,10%,,,,,,,13.79,74,2%,,,6.67,70,0.5%,,,,,,119,4,,,,,,,,,,,,,,,,,,,,,,,,,,,,,,,,,,,,,,,,,,,,,,,,,,
OBGP 4764,01/17,ANFITRIAO OB,,UBER 461,-0.41,12,19%,,,,52.17,12,40%,,,,0.54,54,5%,,,6.72,39,10%,,,,,,,5.90,61,21%,,,4.66,56,5%,,,,,,37,2,,,,,,,,,,,,,,,,,,,,,,,,,,,,,,,,,,,,,,,,,,,,,,,,,,
OBGP 1193,09/09,MATRIX OB,,OBGP 367,-0.24,56,29%,,,,50.30,61,52%,,,,0.24,80,21%,,,6.69,73,10%,,,,,,,11.18,85,5%,,,6.20,80,1%,,,,,,387,7,,,,,,,,,,,,,,,,,,,,,,,,,,,,,,,,,,,,,,,,,,,,,,,,,,
UBER 401,02/09,MR UBER POI 401,G,718788,-0.56,58,12%,,,,55.53,67,25%,,,,-0.14,80,83%,,,6.68,72,10%,,,,,,,4.39,80,29%,,,2.38,72,27%,,,,,,87,9,,,,,,,,,,,,,,,,,,,,,,,,,,,,,,,,,,,,,,,,,,,,,,,,,,
180688EE,08/18,180688 DE ESPIRITU,G,150563EE,0.45,13,99%,,,,54.49,15,29%,,,,0.61,63,4%,,,6.57,38,10%,,,,,,,2.57,69,41%,,,2.26,59,29%,,,,,,80,1,,,,,,,,,,,,,,,,,,,,,,,,,,,,,,,,,,,,,,,,,,,,,,,,,,
091010EE,08/09,PROMETEDOR,G,061210EE,0.52,62,100%,,,,50.94,70,47%,,,,0.43,83,9%,,,6.48,76,11%,,,,,,,10.03,83,7%,,,5.81,78,2%,,,,,,129,3,,,,,,,,,,,,,,,,,,,,,,,,,,,,,,,,,,,,,,,,,,,,,,,,,,
CABR 2264,09/14,CABR MUSSAMBE 2264,,864762,-1.38,21,0.5%,,,,53.10,20,35%,,,,-0.07,69,73%,,,6.31,46,12%,,,,,,,6.87,77,16%,,,3.35,71,15%,,,,,,173,8,,,,,,,,,,,,,,,,,,,,,,,,,,,,,,,,,,,,,,,,,,,,,,,,,,
UBER 1242,11/13,MR UBER EDDIE 1242,G,AAAA 334,-0.24,17,29%,,,,50.43,16,51%,,,,0.05,45,44%,,,6.27,31,12%,,,,,,,12.74,53,3%,,,3.59,43,13%,,,,,,28,3,,,,,,,,,,,,,,,,,,,,,,,,,,,,,,,,,,,,,,,,,,,,,,,,,,
851136,10/05,MSP SPECIAL RELOAD 94,779252,-0.50,28,15%,41.67,,,,39,94%,4.49,,,,62,12%,91,,,45,12%,SUMÁRIO GERAL DE TOUROS - MGTe,,,,,,,71,6%,0.37,,,62,6%,10.42,,,,,,3,6.24,,,,,,,,,,,,,,,,,,,,,,,,,,,,,,,,,,,,,,,,,,,,,,,,,,
JALJ 2,01/04,MR 2 DA J4,,718788,,,,,,,,,,,,,,,,,,16.22,40,0.1%,,,,,,,,,,,,,,,,,,,,106,4,,,,,,,,,,,,,,,,,,,,,,,,,,,,,,,,,,,15.69,38,0.5%,17.32,43,0.1%,,,,,,,,,,
BRCL 694,11/11,MR BCOL FRATELLO,,GOOD 92,,,,,,,,,,,,,,,,,,13.54,37,0.5%,,,,,,,,,,,,,,,,,,,,60,2,,,,,,,,,,,,,,,,,,,,,,,,,,,,,,,,,,,14.02,36,0.5%,12.24,38,1%,,,,,,,,,,
181228EE,09/18,181228 DE ESPIRITU,G,080171EE,,,,,,,,,,,,,,,,,,13.07,40,0.5%,,,,,,,,,,,,,,,,,,,,71,1,,,,,,,,,,,,,,,,,,,,,,,,,,,,,,,,,,,17.16,38,0.1%,3.45,44,26%,,,,,,,,,,
180931EE,09/18,180931 DE ESPIRITU,G,080171EE,,,,,,,,,,,,,,,,,,12.72,42,0.5%,,,,,,,,,,,,,,,,,,,,62,1,,,,,,,,,,,,,,,,,,,,,,,,,,,,,,,,,,,17.13,40,0.1%,2.27,46,36%,,,,,,,,,,
CABR 1769,09/11,CABR IOTIN 1769,,846561,,,,,,,,,,,,,,,,,,11.92,32,0.5%,,,,,,,,,,,,,,,,,,,,31,3,,,,,,,,,,,,,,,,,,,,,,,,,,,,,,,,,,,7.26,30,10%,22.65,36,0.1%,,,,,,,,,,
UBER 1506,12/15,MR UBER JATOBA 1506,G,UBER 783,,,,,,,,,,,,,,,,,,11.70,71,1%,,,,,,,,,,,,,,,,,,,,114,4,,,,,,,,,,,,,,,,,,,,,,,,,,,,,,,,,,,10.27,68,3%,14.94,78,0.5%,,,,,,,,,,
DUET 20,09/07,ABSINTO FIV DUET,,669048,,,,,,,,,,,,,,,,,,10.66,57,2%,,,,,,,,,,,,,,,,,,,,93,3,,,,,,,,,,,,,,,,,,,,,,,,,,,,,,,,,,,9.05,55,5%,14.24,63,0.5%,,,,,,,,,,
BENT 3226,08/07,CJ SANTANNA POI 3226,,LAN9153,,,,,,,,,,,,,,,,,,10.09,37,2%,,,,,,,,,,,,,,,,,,,,42,1,,,,,,,,,,,,,,,,,,,,,,,,,,,,,,,,,,,9.98,34,4%,10.09,44,3%,,,,,,,,,,
WLMB 4370,01/16,MR N POUS POI 4370,G,EAOH 775,,,,,,,,,,,,,,,,,,10.06,69,2%,,,,,,,,,,,,,,,,,,,,30,1,,,,,,,,,,,,,,,,,,,,,,,,,,,,,,,,,,,10.98,66,3%,7.79,76,6%,,,,,,,,,,
UBER 1622,09/17,MR UBER BACKUP 1622,G,UBER 461,,,,,,,,,,,,,,,,,,10.05,39,2%,,,,,,,,,,,,,,,,,,,,132,3,,,,,,,,,,,,,,,,,,,,,,,,,,,,,,,,,,,10.10,36,4%,9.81,46,3%,,,,,,,,,,
UBER 656,12/10,MR UBER POI 656,G,718788,,,,,,,,,,,,,,,,,,9.79,71,3%,,,,,,,,,,,,,,,,,,,,26,2,,,,,,,,,,,,,,,,,,,,,,,,,,,,,,,,,,,7.18,68,11%,15.82,77,0.5%,,,,,,,,,,
858252,06/06,HK POLO 757 (P),,751467,,,,,,,,,,,,,,,,,,9.66,56,3%,,,,,,,,,,,,,,,,,,,,54,4,,,,,,,,,,,,,,,,,,,,,,,,,,,,,,,,,,,7.72,56,9%,14.19,57,0.5%,,,,,,,,,,
170030EE,07/17,170030 DE ESPIRITU,G,140066EE,,,,,,,,,,,,,,,,,,9.32,71,3%,,,,,,,,,,,,,,,,,,,,101,1,,,,,,,,,,,,,,,,,,,,,,,,,,,,,,,,,,,9.57,68,4%,8.69,78,5%,,,,,,,,,,
160191EE,08/16,160191 DE ESPIRITU,G,100826EE,,,,,,,,,,,,,,,,,,9.32,44,3%,,,,,,,,,,,,,,,,,,,,134,1,,,,,,,,,,,,,,,,,,,,,,,,,,,,,,,,,,,12.81,43,1%,1.18,45,48%,,,,,,,,,,
GOOD 1413,11/08,GOOD BRAHMANIA 1413,,660295,,,,,,,,,,,,,,,,,,9.03,38,4%,,,,,,,,,,,,,,,,,,,,30,1,,,,,,,,,,,,,,,,,,,,,,,,,,,,,,,,,,,8.51,39,7%,10.20,33,3%,,,,,,,,,,
BENT 3218,08/07,CJ SANTANNA POI 3218,,LAN9153,,,,,,,,,,,,,,,,,,8.91,58,4%,,,,,,,,,,,,,,,,,,,,238,4,,,,,,,,,,,,,,,,,,,,,,,,,,,,,,,,,,,7.38,57,10%,12.47,59,1%,,,,,,,,,,
OBGP 4138,10/14,DUBAS FIV OB,,OBGP 1193,,,,,,,,,,,,,,,,,,8.90,33,4%,,,,,,,,,,,,,,,,,,,,27,1,,,,,,,,,,,,,,,,,,,,,,,,,,,,,,,,,,,9.55,30,4%,7.34,39,8%,,,,,,,,,,
OBGP 4230,12/14,BINARIO OB,G,DUET 20,,,,,,,,,,,,,,,,,,8.78,71,4%,,,,,,,,,,,,,,,,,,,,75,2,,,,,,,,,,,,,,,,,,,,,,,,,,,,,,,,,,,6.56,68,13%,13.71,79,0.5%,,,,,,,,,,
180434EE,08/18,180434 DE ESPIRITU,G,150533EE,,,,,,,,,,,,,,,,,,8.64,37,4%,,,,,,,,,,,,,,,,,,,,82,1,,,,,,,,,,,,,,,,,,,,,,,,,,,,,,,,,,,10.97,33,3%,3.16,44,28%,,,,,,,,,,
181116EE,09/18,181116 DE ESPIRITU,G,150533EE,,,,,,,,,,,,,,,,,,8.62,36,4%,,,,,,,,,,,,,,,,,,,,66,1,,,,,,,,,,,,,,,,,,,,,,,,,,,,,,,,,,,10.22,34,3%,4.76,41,17%,,,,,,,,,,
080171EE,08/08,080171  DE ESPIRITU,G,051897EE,,,,,,,,,,,,,,,,,,8.57,78,5%,,,,,,,,,,,,,,,,,,,,281,3,,,,,,,,,,,,,,,,,,,,,,,,,,,,,,,,,,,10.71,77,3%,3.40,80,26%,,,,,,,,,,
OBGP 4947,09/17,KEMBALI OB,G,OBGP 1193,,,,,,,,,,,,,,,,,,8.47,70,5%,,,,,,,,,,,,,,,,,,,,38,2,,,,,,,,,,,,,,,,,,,,,,,,,,,,,,,,,,,7.73,67,9%,10.00,78,3%,,,,,,,,,,
181594EE,10/18,181594 DE ESPIRITU,G,131146EE,,,,,,,,,,,,,,,,,,8.24,37,5%,,,,,,,,,,,,,,,,,,,,49,1,,,,,,,,,,,,,,,,,,,,,,,,,,,,,,,,,,,9.48,35,5%,5.25,41,15%,,,,,,,,,,
170417EE,08/17,170417 DE ESPIRITU,,141318EE,,,,,,,,,,,,,,,,,,8.08,38,6%,,,,,,,,,,,,,,,,,,,,133,1,,,,,,,,,,,,,,,,,,,,,,,,,,,,,,,,,,,10.51,36,3%,2.24,41,36%,,,,,,,,,,
LTQ 137,02/15,137 DE LA TRANQUERA,,718788,,,,,,,,,,,,,,,,,,7.81,34,6%,,,,,,,,,,,,,,,,,,,,38,2,,,,,,,,,,,,,,,,,,,,,,,,,,,,,,,,,,,5.89,32,17%,12.31,37,1%,,,,,,,,,,
SCOL 624,04/10,ESCOL EMO FIV 4 10,,803386,,,,,,,,,,,,,,,,,,7.71,40,7%,,,,,,,,,,,,,,,,,,,,115,4,,,,,,,,,,,,,,,,,,,,,,,,,,,,,,,,,,,6.53,39,14%,10.27,40,3%,,,,,,,,,,
UBER 461,10/09,MR UBER ARAGUAIA 461,,UBER 153,,,,,,,,,,,,,,,,,,7.51,57,7%,,,,,,,,,,,,,,,,,,,,198,18,,,,,,,,,,,,,,,,,,,,,,,,,,,,,,,,,,,6.07,53,16%,10.85,66,2%,,,,,,,,,,
QUAT 12,09/05,MR J4 12,,801161,,,,,,,,,,,,,,,,,,7.33,44,8%,,,,,,,,,,,,,,,,,,,,110,5,,,,,,,,,,,,,,,,,,,,,,,,,,,,,,,,,,,9.54,43,4%,1.97,46,39%,,,,,,,,,,
UBER 1083,12/12,MR UBER THE ROCK 1083,G,UBER 353,,,,,,,,,,,,,,,,,,7.18,71,8%,,,,,,,,,,,,,,,,,,,,97,5,,,,,,,,,,,,,,,,,,,,,,,,,,,,,,,,,,,4.33,68,25%,13.60,78,0.5%,,,,,,,,,,
EAOH 775,08/08,NALTO TE DA EAO,G,2505,,,,,,,,,,,,,,,,,,6.83,40,9%,,,,,,,,,,,,,,,,,,,,41,2,,,,,,,,,,,,,,,,,,,,,,,,,,,,,,,,,,,10.78,36,3%,-2.36,47,88%,,,,,,,,,,
3888,09/10,TALA 3888,,839744,,,,,,,,,,,,,,,,,,6.80,36,10%,,,,,,,,,,,,,,,,,,,,70,2,,,,,,,,,,,,,,,,,,,,,,,,,,,,,,,,,,,8.30,35,7%,3.35,37,27%,,,,,,,,,,
BRBR 136,01/04,136,,718788,,,,,,,,,,,,,,,,,,6.73,58,10%,,,,,,,,,,,,,,,,,,,,119,4,,,,,,,,,,,,,,,,,,,,,,,,,,,,,,,,,,,2.63,59,38%,16.06,56,0.1%,,,,,,,,,,
OBGP 4764,01/17,ANFITRIAO OB,,UBER 461,,,,,,,,,,,,,,,,,,6.72,39,10%,,,,,,,,,,,,,,,,,,,,37,2,,,,,,,,,,,,,,,,,,,,,,,,,,,,,,,,,,,7.41,32,10%,5.04,57,16%,,,,,,,,,,
OBGP 1193,09/09,MATRIX OB,,OBGP 367,,,,,,,,,,,,,,,,,,6.69,73,10%,,,,,,,,,,,,,,,,,,,,387,7,,,,,,,,,,,,,,,,,,,,,,,,,,,,,,,,,,,4.60,69,24%,11.45,82,2%,,,,,,,,,,
UBER 401,02/09,MR UBER POI 401,G,718788,,,,,,,,,,,,,,,,,,6.68,72,10%,,,,,,,,,,,,,,,,,,,,87,9,,,,,,,,,,,,,,,,,,,,,,,,,,,,,,,,,,,5.37,69,19%,9.87,78,3%,,,,,,,,,,
180688EE,08/18,180688 DE ESPIRITU,G,150563EE,,,,,,,,,,,,,,,,,,6.57,38,10%,,,,,,,,,,,,,,,,,,,,80,1,,,,,,,,,,,,,,,,,,,,,,,,,,,,,,,,,,,8.54,36,7%,1.92,43,40%,,,,,,,,,,
091010EE,08/09,PROMETEDOR,G,061210EE,,,,,,,,,,,,,,,,,,6.48,76,11%,,,,,,,,,,,,,,,,,,,,129,3,,,,,,,,,,,,,,,,,,,,,,,,,,,,,,,,,,,6.19,74,15%,6.98,79,9%,,,,,,,,,,
CABR 2264,09/14,CABR MUSSAMBE 2264,,864762,,,,,,,,,,,,,,,,,,6.31,46,12%,,,,,,,,,,,,,,,,,,,,173,8,,,,,,,,,,,,,,,,,,,,,,,,,,,,,,,,,,,7.13,43,11%,4.30,54,20%,,,,,,,,,,
UBER 1242,11/13,MR UBER EDDIE 1242,G,AAAA 334,,,,,,,,,,,,,,,,,,6.27,31,12%,,,,,,,,,,,,,,,,,,,,28,3,,,,,,,,,,,,,,,,,,,,,,,,,,,,,,,,,,,4.25,29,26%,10.84,37,2%,,,,,,,,,,
851136,10/05,MSP SPECIAL RELOAD 94,779252,4.84,,,,,,,,,,,,,,,,,,45,12%,SUMÁRIO GERAL DE TOUROS - COMPARATIVO ÍNDICES,,,,,,,,,,,,,,,,,,,,3,6.24,,,,,,,,,,,,,,,,,,,,,,,,,,,,,,,,,,,48,22%,9.39,39,4%,91,,,,,,,,,,
NGT 124,11/07,BEETHOVEN DA NGT,,FEP 1034,-1.15,39,0.5%,,,,70.23,54,0.5%,-0.05,7,77%,-0.08,33,65%,,,0.1%,,,,,,,,,27.14,52,0.1%,,,,,,,,,,,,,57,,19.50,,,,,,,,,,,,,,,,,,,,,,,,,,,,,,,,,,,,,,,,,,,,43,,,
NGT 507,01/09,DOBRADO FIV DA NGT,,FEP 1034,-0.96,29,0.5%,,,,57.45,42,12%,0.98,7,41%,0.23,32,11%,,,4%,,,,,,,,,6.08,34,34%,,,,,,,,,,,,,31,,10.01,,,,,,,,,,,,,,,,,,,,,,,,,,,,,,,,,,,,,,,,,,,,29,,,
PAT 471,11/03,LAGARTO DA PATURI,,PAT 271,-0.81,24,1%,,,,57.97,42,11%,0.11,9,70%,0.29,8,7%,,,10%,,,,,,,,,0.40,55,73%,,,,,,,,,,,,,26,,7.64,,,,,,,,,,,,,,,,,,,,,,,,,,,,,,,,,,,,,,,,,,,,31,,,
CCTA 2318,09/13,FEITICEIRO FIV CCC,,CCCC 1987,-0.65,25,2%,,,,41.80,14,95%,1.41,16,28%,0.11,8,23%,,,37%,,,,,,,,,8.75,21,21%,,,,,,,,,,,,,27,,3.57,,,,,,,,,,,,,,,,,,,,,,,,,,,,,,,,,,,,,,,,,,,,15,,,
NGT 130,11/07,BRAHMS DA NGT,,SJP 2593,-0.58,26,3%,,,,48.95,42,60%,1.59,15,23%,0.58,16,1%,,,0.5%,,,,,,,,,34.03,33,0.1%,,,,,,,,,,,,,24,,13.90,,,,,,,,,,,,,,,,,,,,,,,,,,,,,,,,,,,,,,,,,,,,27,,,
JCVB 1677,09/07,QUINO,,TABA R2816,-0.48,25,5%,,,,52.46,39,31%,1.68,11,20%,0.17,17,16%,,,13%,,,,,,,,,8.32,18,23%,,,,,,,,,,,,,23,,7.08,,,,,,,,,,,,,,,,,,,,,,,,,,,,,,,,,,,,,,,,,,,,22,,,
CCCC 2815,11/05,UILEGAL CC TE,,CCCC 1019,-0.41,21,8%,,,,45.00,41,85%,1.33,11,30%,0.03,17,37%,,,23%,,,,,,,,,14.55,50,5%,,,,,,,,,,,,,14,,5.43,,,,,,,,,,,,,,,,,,,,,,,,,,,,,,,,,,,,,,,,,,,,33,,,
PRTA 325,06/10,RAMBO FIV DA PRATA,G,NCG 1396,-0.29,54,15%,,,,50.51,65,43%,-0.22,56,83%,0.08,80,28%,,,15%,,,,,,,,,11.25,80,12%,,,,,,,,,,,,,15,,6.73,,,,,,,,,,,,,,,,,,,,,,,,,,,,,,,,,,,,,,,,,,,,70,,,
PRT 4757,11/04,LANHO FIV DA PRATA,,PRT 2365,-0.29,28,15%,,,,47.31,45,73%,2.64,27,5%,0.04,35,35%,,,11%,,,,,,,,,13.10,61,7%,,,,,,,,,,,,,28,,7.43,,,,,,,,,,,,,,,,,,,,,,,,,,,,,,,,,,,,,,,,,,,,42,,,
UZI 171,02/10,INVICTO FIV UZI,,650,-0.27,20,17%,,,,55.36,28,18%,-3.07,21,100%,-0.02,34,52%,,,15%,,,,,,,,,9.42,59,18%,,,,,,,,,,,,,10,,6.65,,,,,,,,,,,,,,,,,,,,,,,,,,,,,,,,,,,,,,,,,,,,34,,,
NGT 801,11/09,DUTO DA NGT,,MBF 1779,-0.26,25,18%,,,,58.32,36,10%,1.80,10,18%,0.09,17,26%,,,2%,,,,,,,,,26.15,32,0.5%,,,,,,,,,,,,,19,,11.73,,,,,,,,,,,,,,,,,,,,,,,,,,,,,,,,,,,,,,,,,,,,25,,,
CCCC 1673,03/03,SARDONICO CC,,CBA 804,-0.24,37,20%,,,,43.49,54,91%,1.30,11,31%,0.55,26,2%,,,6%,,,,,,,,,11.60,51,11%,,,,,,,,,,,,,55,,9.10,,,,,,,,,,,,,,,,,,,,,,,,,,,,,,,,,,,,,,,,,,,,40,,,
RNF 2523,04/12,TOTEM FIV RF 4 IRMAS,G,RNF 1769,-0.20,52,25%,,,,48.15,65,67%,1.28,54,32%,0.03,78,37%,,,10%,,,,,,,,,20.00,76,1%,,,,,,,,,,,,,6,,7.72,,,,,,,,,,,,,,,,,,,,,,,,,,,,,,,,,,,,,,,,,,,,68,,,
ALD 1119,09/04,PIBO DO COCA,NCG 1396,-0.19,20,26%,52.98,,,,28,28%,-1.60,26,98%,9.84,17,100%,8,,,SUMÁRIO DE TOUROS LÍDERES DA RAÇA TABAPUÃ : HABILIDADE MATERNAL - MP120  (TOP 30%),"TOP 45% para MGTe, Acurácia maior ou igual a 25% para MP120, NN120 >= 10, Nascidos a partir de 2003, 40 melhores para MP120",RG,,,,,,,44,16%,-0.59,,,,,,,,,,,,,1,,29,,,,,,,,,,,,,,,,,,,,,,,,,,,,,,,,,,,,,,,,,,,,23%,,,
OEJ 102,01/11,SANCAO,,ALN 628,0.09,27,77%,,,,-0.46,4,71%,4.61,26,0.1%,15.27,66,4%,,,12%,,,,,,,,,6.19,26,0.1%,,,,,,,,,,,,,41,,7.29,,,,,,,,,,,,,,,,,,,,,,,,,,,,,,,,,,,,,,,,,,,,39,,,
RNF 1429,01/07,ILUMINADO RF 4 IRMAS,,1206,0.15,31,84%,,,,-2.39,15,97%,3.34,28,2%,12.28,33,9%,,,44%,,,,,,,,,4.15,27,3%,,,,,,,,,,,,,41,,2.89,,,,,,,,,,,,,,,,,,,,,,,,,,,,,,,,,,,,,,,,,,,,25,,,
PRT 4757,11/04,LANHO FIV DA PRATA,,PRT 2365,-0.29,28,15%,,,,1.60,16,8%,2.64,27,5%,13.10,61,7%,,,11%,,,,,,,,,3.59,27,5%,,,,,,,,,,,,,49,,7.43,,,,,,,,,,,,,,,,,,,,,,,,,,,,,,,,,,,,,,,,,,,,42,,,
GER 4092,09/03,COPACABANA GER 4092,,PRT 2888,-0.06,32,46%,,,,3.98,20,0.5%,2.63,35,5%,4.03,69,46%,,,24%,,,,,,,,,3.43,34,6%,,,,,,,,,,,,,64,,5.21,,,,,,,,,,,,,,,,,,,,,,,,,,,,,,,,,,,,,,,,,,,,52,,,
TRO 107,10/05,NONODO TRO,,6176,-0.27,19,17%,,,,-2.66,16,98%,2.27,26,9%,6.50,58,32%,,,34%,,,,,,,,,3.05,26,9%,,,,,,,,,,,,,31,,3.98,,,,,,,,,,,,,,,,,,,,,,,,,,,,,,,,,,,,,,,,,,,,36,,,
DORN 618,04/09,EROS FIV DA DORN,G,NYFP 4183,,,,,,,,,,-1.23,10,97%,-0.35,28,94%,,,9.73,31,4%,,,,,,,13.56,50,6%,,,8.18,53,0.1%,14.43,54,0.1%,45,4,,,,,,,,,,,,,,,,,,,,,,,,,,,,,,,,,,,,,,,,,,,,,,,,,,,,
GER 6421,08/10,6421 DA COPAC.,,CSC 7425,,,,,,,,,,2.59,16,5%,0.33,33,5%,,,13.50,28,0.5%,,,,,,,25.81,45,0.5%,,,9.10,36,0.1%,14.14,37,0.1%,6,1,,,,,,,,,,,,,,,,,,,,,,,,,,,,,,,,,,,,,,,,,,,,,,,,,,,,
RNF 3282,09/16,TROUBLE FIV RF 4 IRMA,,TABA R2816,,,,,,,,,,2.54,14,6%,0.36,27,4%,,,13.62,23,0.5%,,,,,,,19.58,35,1%,,,7.24,32,0.5%,12.00,32,0.5%,11,2,,,,,,,,,,,,,,,,,,,,,,,,,,,,,,,,,,,,,,,,,,,,,,,,,,,,
NYFP 4183,04/03,TERNO DA PROG.NY,,NYFP 1578,,,,,,,,,,0.21,12,66%,-0.79,60,100%,,,7.84,45,10%,,,,,,,18.67,69,2%,,,7.87,62,0.1%,11.93,64,0.5%,105,4,,,,,,,,,,,,,,,,,,,,,,,,,,,,,,,,,,,,,,,,,,,,,,,,,,,,
CCCC 1673,03/03,SARDONICO CC,,CBA 804,,,,,,,,,,1.30,11,31%,0.55,26,2%,,,9.10,40,6%,,,,,,,11.60,51,11%,,,7.04,45,0.5%,11.63,46,0.5%,31,4,,,,,,,,,,,,,,,,,,,,,,,,,,,,,,,,,,,,,,,,,,,,,,,,,,,,
JCVZ 10,12/07,MAJESTOSO FIV,G,TABA R2198,,,,,,,,,,-1.07,21,96%,0.36,38,4%,,,8.55,33,7%,,,,,,,8.28,56,23%,,,7.15,48,0.5%,11.28,50,1%,41,2,,,,,,,,,,,,,,,,,,,,,,,,,,,,,,,,,,,,,,,,,,,,,,,,,,,,
CCCC 3090,06/06,VOTORO TE CC,,CCCC 1019,,,,,,,,,,1.33,11,30%,0.29,30,7%,,,7.25,24,12%,,,,,,,15.90,36,3%,,,6.64,28,1%,11.08,30,1%,10,1,,,,,,,,,,,,,,,,,,,,,,,,,,,,,,,,,,,,,,,,,,,,,,,,,,,,
ALN 628,09/04,ALN 628 LORRAN,,ELV 1194,,,,,,,,,,3.82,17,0.5%,0.27,40,8%,,,5.30,32,24%,,,,,,,13.52,53,6%,,,6.66,43,1%,11.07,45,1%,28,2,,,,,,,,,,,,,,,,,,,,,,,,,,,,,,,,,,,,,,,,,,,,,,,,,,,,
CCCC 2007,06/04,TUCANO TE CC,,NYFP 1459,,,,,,,,,,2.63,15,5%,0.68,39,1%,,,5.59,33,22%,,,,,,,8.81,47,21%,,,7.21,49,0.5%,10.97,50,1%,42,2,,,,,,,,,,,,,,,,,,,,,,,,,,,,,,,,,,,,,,,,,,,,,,,,,,,,
CSC 9974,08/08,RUSSEL DO CÓRREGO,,TABA R2816,,,,,,,,,,2.53,19,6%,0.02,50,39%,,,12.54,43,1%,,,,,,,9.03,58,20%,,,5.89,61,2%,10.53,63,1%,86,3,,,,,,,,,,,,,,,,,,,,,,,,,,,,,,,,,,,,,,,,,,,,,,,,,,,,
OEJ 102,01/11,SANCAO,,ALN 628,,,,,,,,,,4.61,26,0.1%,0.47,55,2%,,,7.29,39,12%,,,,,,,15.27,66,4%,,,7.19,57,0.5%,10.50,59,1%,84,2,,,,,,,,,,,,,,,,,,,,,,,,,,,,,,,,,,,,,,,,,,,,,,,,,,,,
ALD 1325,08/06,RULO DO COCA,,NCG 1396,,,,,,,,,,-0.68,26,92%,-0.28,24,90%,,,8.77,32,7%,,,,,,,8.20,51,23%,,,5.54,46,3%,10.36,48,2%,40,1,,,,,,,,,,,,,,,,,,,,,,,,,,,,,,,,,,,,,,,,,,,,,,,,,,,,
NGT 124,11/07,BEETHOVEN DA NGT,,FEP 1034,,,,,,,,,,-0.05,7,77%,-0.08,33,65%,,,19.50,43,0.1%,,,,,,,27.14,52,0.1%,,,5.38,50,4%,10.25,51,2%,35,4,,,,,,,,,,,,,,,,,,,,,,,,,,,,,,,,,,,,,,,,,,,,,,,,,,,,
PRT 4757,11/04,LANHO FIV DA PRATA,,PRT 2365,,,,,,,,,,2.64,27,5%,0.04,35,35%,,,7.43,42,11%,,,,,,,13.10,61,7%,,,5.72,51,3%,10.23,53,2%,48,6,,,,,,,,,,,,,,,,,,,,,,,,,,,,,,,,,,,,,,,,,,,,,,,,,,,,
ALD 2413,11/16,BENEDITO DO COCA,G,MBF 1871,,,,,,,,,,1.81,55,17%,-0.39,79,96%,,,11.95,70,2%,,,,,,,30.75,80,0.1%,,,5.60,72,3%,10.03,75,2%,119,3,,,,,,,,,,,,,,,,,,,,,,,,,,,,,,,,,,,,,,,,,,,,,,,,,,,,
ALD 2588,08/18,DANDI DO COCA,,OEJ 102,,,,,,,,,,4.47,11,0.1%,0.74,31,0.5%,,,12.40,22,1%,,,,,,,15.76,34,4%,,,5.99,39,2%,9.76,41,2%,21,1,,,,,,,,,,,,,,,,,,,,,,,,,,,,,,,,,,,,,,,,,,,,,,,,,,,,
CSC 9643,09/07,POLITZ DO CORREGO,,TABA R2816,,,,,,,,,,1.43,15,27%,-0.30,27,91%,,,9.77,29,4%,,,,,,,16.49,42,3%,,,4.98,40,5%,9.39,41,3%,17,3,,,,,,,,,,,,,,,,,,,,,,,,,,,,,,,,,,,,,,,,,,,,,,,,,,,,
CCCC 2815,11/05,UILEGAL CC TE,,CCCC 1019,,,,,,,,,,1.33,11,30%,0.03,17,37%,,,5.43,33,23%,,,,,,,14.55,50,5%,,,5.47,45,3%,9.04,47,3%,37,1,,,,,,,,,,,,,,,,,,,,,,,,,,,,,,,,,,,,,,,,,,,,,,,,,,,,
ALD 2367,08/16,BARETA DO COCA,G,UZI 171,,,,,,,,,,0.13,11,69%,0.09,17,26%,,,11.53,21,2%,,,,,,,18.38,41,2%,,,4.95,31,5%,8.70,33,4%,9,1,,,,,,,,,,,,,,,,,,,,,,,,,,,,,,,,,,,,,,,,,,,,,,,,,,,,
ALD 1119,09/04,PIBO DO COCA,,NCG 1396,,,,,,,,,,-1.60,26,98%,-0.59,17,100%,,,5.44,29,23%,,,,,,,9.84,44,16%,,,4.01,41,12%,8.68,43,4%,23,1,,,,,,,,,,,,,,,,,,,,,,,,,,,,,,,,,,,,,,,,,,,,,,,,,,,,
TROA 1284,07/10,SAFISMO TRO,,TRO 177,,,,,,,,,,1.17,9,35%,-0.57,40,100%,,,6.19,26,18%,,,,,,,14.50,48,5%,,,5.07,43,5%,8.31,44,5%,33,1,,,,,,,,,,,,,,,,,,,,,,,,,,,,,,,,,,,,,,,,,,,,,,,,,,,,
PRT 5785,09/08,PAIRANTE DA PRATA,,PRT 4450,,,,,,,,,,0.81,2,47%,-0.09,33,66%,,,4.01,20,34%,,,,,,,9.00,36,20%,,,4.20,28,10%,8.06,30,6%,17,2,,,,,,,,,,,,,,,,,,,,,,,,,,,,,,,,,,,,,,,,,,,,,,,,,,,,
UZI 171,02/10,INVICTO FIV UZI,,650,,,,,,,,,,-3.07,21,100%,-0.02,34,52%,,,6.65,34,15%,,,,,,,9.42,59,18%,,,4.45,51,8%,8.05,53,6%,57,1,,,,,,,,,,,,,,,,,,,,,,,,,,,,,,,,,,,,,,,,,,,,,,,,,,,,
GER 6043,09/09,6043 DA COPAC.,,SJP 2593,,,,,,,,,,1.55,15,24%,-0.46,40,98%,,,6.33,31,17%,,,,,,,14.18,46,6%,,,4.38,47,9%,7.91,48,6%,25,1,,,,,,,,,,,,,,,,,,,,,,,,,,,,,,,,,,,,,,,,,,,,,,,,,,,,
CSC 10007,09/08,SANFORD DO CÓRREGO,,8954,,,,,,,,,,1.43,15,27%,-0.20,21,82%,,,3.83,26,35%,,,,,,,5.21,34,39%,,,4.60,41,7%,7.81,42,7%,21,2,,,,,,,,,,,,,,,,,,,,,,,,,,,,,,,,,,,,,,,,,,,,,,,,,,,,
GOLY 28,06/05,ALDEON TE DA GOLY,,A130,,,,,,,,,,0.91,11,44%,-0.24,25,86%,,,3.98,25,34%,,,,,,,8.66,38,21%,,,4.30,34,9%,7.74,36,7%,20,3,,,,,,,,,,,,,,,,,,,,,,,,,,,,,,,,,,,,,,,,,,,,,,,,,,,,
TRO 352,01/08,QI FIV TRO,,PRT 2365,,,,,,,,,,1.51,14,25%,0.90,41,0.5%,,,9.57,31,5%,,,,,,,19.95,54,1%,,,4.45,49,8%,7.57,51,8%,50,1,,,,,,,,,,,,,,,,,,,,,,,,,,,,,,,,,,,,,,,,,,,,,,,,,,,,
AGNJ 6,12/03,AG LAPSO TE DA JANG.,,A50,,,,,,,,,,1.00,17,41%,-0.27,46,89%,,,2.88,41,44%,,,,,,,6.60,60,32%,,,4.83,50,6%,7.54,50,8%,36,4,,,,,,,,,,,,,,,,,,,,,,,,,,,,,,,,,,,,,,,,,,,,,,,,,,,,
ALD 1871,11/11,ULCERANTE DO COCA,,8801,,,,,,,,,,3.63,18,1%,-0.10,24,68%,,,6.44,24,16%,,,,,,,10.03,40,16%,,,3.82,32,13%,7.48,34,8%,15,1,,,,,,,,,,,,,,,,,,,,,,,,,,,,,,,,,,,,,,,,,,,,,,,,,,,,
PRTA 325,06/10,RAMBO FIV DA PRATA,G,NCG 1396,,,,,,,,,,-0.22,56,83%,0.08,80,28%,,,6.73,70,15%,,,,,,,11.25,80,12%,,,4.44,67,8%,7.37,70,9%,42,3,,,,,,,,,,,,,,,,,,,,,,,,,,,,,,,,,,,,,,,,,,,,,,,,,,,,
GER 6827,06/11,6827 DA COPAC.,,DORN 415,,,,,,,,,,1.94,8,15%,-0.14,29,74%,,,5.44,23,23%,,,,,,,11.91,38,10%,,,4.51,35,8%,7.34,36,9%,11,2,,,,,,,,,,,,,,,,,,,,,,,,,,,,,,,,,,,,,,,,,,,,,,,,,,,,
TJG 1015,10/16,HASTIL TJG,,PRTA 325,,,,,,,,,,0.71,8,50%,0.08,14,28%,,,7.41,23,11%,,,,,,,11.79,44,10%,,,4.31,32,9%,7.07,33,10%,21,1,,,,,,,,,,,,,,,,,,,,,,,,,,,,,,,,,,,,,,,,,,,,,,,,,,,,
VAAT 2695,10/13,2695 VERSATIL,,LIA 838,,,,,,,,,,1.62,6,22%,0.36,19,4%,,,3.45,19,39%,,,,,,,7.03,42,29%,,,4.50,31,8%,7.04,30,10%,8,1,,,,,,,,,,,,,,,,,,,,,,,,,,,,,,,,,,,,,,,,,,,,,,,,,,,,
NNT 400,06/05,GIANO DA FSA,,TABA P9551,,,,,,,,,,3.20,12,2%,0.37,38,4%,,,6.43,33,16%,,,,,,,14.37,54,5%,,,3.84,49,13%,6.74,50,12%,53,3,,,,,,,,,,,,,,,,,,,,,,,,,,,,,,,,,,,,,,,,,,,,,,,,,,,,
PAT 471,11/03,LAGARTO DA PATURI,,PAT 271,,,,,,,,,,0.11,9,70%,0.29,8,7%,,,7.64,31,10%,,,,,,,0.40,55,73%,,,4.24,45,10%,6.36,46,14%,34,1,,,,,,,,,,,,,,,,,,,,,,,,,,,,,,,,,,,,,,,,,,,,,,,,,,,,
TRO 8,10/04,MAJOR TRO,,A130,,,,,,,,,,0.33,26,62%,0.02,53,39%,,,6.30,40,17%,,,,,,,8.79,61,21%,,,4.38,52,9%,6.34,55,14%,59,2,,,,,,,,,,,,,,,,,,,,,,,,,,,,,,,,,,,,,,,,,,,,,,,,,,,,
CSC 9480,03/07,PADRÃO DO CÓRREGO,,CCCC 2007,,,,,,,,,,2.19,9,10%,0.16,22,17%,,,2.77,23,45%,,,,,,,0.84,39,69%,,,3.72,39,14%,6.27,39,14%,16,2,,,,,,,,,,,,,,,,,,,,,,,,,,,,,,,,,,,,,,,,,,,,,,,,,,,,
NCG 4402,04/04,ARCO ONDA VERDE,,4047,,,,,,,,,,0.22,10,66%,-0.29,36,90%,,,4.24,28,31%,,,,,,,6.11,46,34%,,,3.58,34,16%,6.24,36,15%,24,3,,,,,,,,,,,,,,,,,,,,,,,,,,,,,,,,,,,,,,,,,,,,,,,,,,,,
ALD 2413,11/16,BENEDITO DO COCA,G,MBF 1871,,,,,,,,,,1.81,55,17%,-0.39,79,96%,,,11.95,70,2%,,,,,,,30.75,80,0.1%,,,,,,10.03,75,2%,,,72,4,,,,,,,,,,,,,,,,,,,,,,,,,,,,,,,,,,,,,,,,,,,,,,,,22.40,79,0.5%
NGT 124,11/07,BEETHOVEN DA NGT,,FEP 1034,,,,,,,,,,-0.05,7,77%,-0.08,33,65%,,,19.50,43,0.1%,,,,,,,27.14,52,0.1%,,,,,,10.25,51,2%,,,13,4,,,,,,,,,,,,,,,,,,,,,,,,,,,,,,,,,,,,,,,,,,,,,,,,19.88,53,0.5%
GER 6421,08/10,6421 DA COPAC.,,CSC 7425,,,,,,,,,,2.59,16,5%,0.33,33,5%,,,13.50,28,0.5%,,,,,,,25.81,45,0.5%,,,,,,14.14,37,0.1%,,,10,2,,,,,,,,,,,,,,,,,,,,,,,,,,,,,,,,,,,,,,,,,,,,,,,,25.80,43,0.1%
SATB 28,08/09,SATB CABAL,,NNT 400,,,,,,,,,,2.01,5,13%,0.77,35,0.5%,,,7.64,24,10%,,,,,,,20.41,41,1%,,,,,,3.33,37,39%,,,10,2,,,,,,,,,,,,,,,,,,,,,,,,,,,,,,,,,,,,,,,,,,,,,,,,15.34,42,3%
RNF 2523,04/12,TOTEM FIV RF 4 IRMAS,G,RNF 1769,,,,,,,,,,1.28,54,32%,0.03,78,37%,,,7.72,68,10%,,,,,,,20.00,76,1%,,,,,,9.09,66,3%,,,8,2,,,,,,,,,,,,,,,,,,,,,,,,,,,,,,,,,,,,,,,,,,,,,,,,12.22,73,8%
TRO 352,01/08,QI FIV TRO,,PRT 2365,,,,,,,,,,1.51,14,25%,0.90,41,0.5%,,,9.57,31,5%,,,,,,,19.95,54,1%,,,,,,7.57,51,8%,,,25,1,,,,,,,,,,,,,,,,,,,,,,,,,,,,,,,,,,,,,,,,,,,,,,,,13.56,53,5%
RNF 3282,09/16,TROUBLE FIV RF 4 IRMA,,TABA R2816,,,,,,,,,,2.54,14,6%,0.36,27,4%,,,13.62,23,0.5%,,,,,,,19.58,35,1%,,,,,,12.00,32,0.5%,,,5,2,,,,,,,,,,,,,,,,,,,,,,,,,,,,,,,,,,,,,,,,,,,,,,,,17.81,34,1%
NYFP 4183,04/03,TERNO DA PROG.NY,,NYFP 1578,,,,,,,,,,0.21,12,66%,-0.79,60,100%,,,7.84,45,10%,,,,,,,18.67,69,2%,,,,,,11.93,64,0.5%,,,80,4,,,,,,,,,,,,,,,,,,,,,,,,,,,,,,,,,,,,,,,,,,,,,,,,17.60,69,2%
ALD 2367,08/16,BARETA DO COCA,G,UZI 171,,,,,,,,,,0.13,11,69%,0.09,17,26%,,,11.53,21,2%,,,,,,,18.38,41,2%,,,,,,8.70,33,4%,,,7,1,,,,,,,,,,,,,,,,,,,,,,,,,,,,,,,,,,,,,,,,,,,,,,,,15.22,38,3%
MBF 3413,06/09,UAI MB DA FLOR,,TABA R2816,,,,,,,,,,2.25,15,9%,0.05,36,33%,,,10.22,30,4%,,,,,,,17.34,51,2%,,,,,,5.77,48,18%,,,17,1,,,,,,,,,,,,,,,,,,,,,,,,,,,,,,,,,,,,,,,,,,,,,,,,11.45,51,10%
CMC 442,03/10,PARANA DE CMC,,TABA R2816,,,,,,,,,,2.16,14,11%,-0.08,23,65%,,,12.10,21,2%,,,,,,,17.09,32,2%,,,,,,7.62,28,8%,,,5,2,,,,,,,,,,,,,,,,,,,,,,,,,,,,,,,,,,,,,,,,,,,,,,,,15.71,31,3%
CSC 9643,09/07,POLITZ DO CORREGO,,TABA R2816,,,,,,,,,,1.43,15,27%,-0.30,27,91%,,,9.77,29,4%,,,,,,,16.49,42,3%,,,,,,9.39,41,3%,,,5,2,,,,,,,,,,,,,,,,,,,,,,,,,,,,,,,,,,,,,,,,,,,,,,,,14.20,44,4%
CCCC 3090,06/06,VOTORO TE CC,,CCCC 1019,,,,,,,,,,1.33,11,30%,0.29,30,7%,,,7.25,24,12%,,,,,,,15.90,36,3%,,,,,,11.08,30,1%,,,9,1,,,,,,,,,,,,,,,,,,,,,,,,,,,,,,,,,,,,,,,,,,,,,,,,15.01,34,3%
OEJ 102,01/11,SANCAO,,ALN 628,,,,,,,,,,4.61,26,0.1%,0.47,55,2%,,,7.29,39,12%,,,,,,,15.27,66,4%,,,,,,10.50,59,1%,,,75,5,,,,,,,,,,,,,,,,,,,,,,,,,,,,,,,,,,,,,,,,,,,,,,,,15.30,66,3%
CCCC 2815,11/05,UILEGAL CC TE,,CCCC 1019,,,,,,,,,,1.33,11,30%,0.03,17,37%,,,5.43,33,23%,,,,,,,14.55,50,5%,,,,,,9.04,47,3%,,,19,1,,,,,,,,,,,,,,,,,,,,,,,,,,,,,,,,,,,,,,,,,,,,,,,,6.06,52,36%
TROA 1284,07/10,SAFISMO TRO,,TRO 177,,,,,,,,,,1.17,9,35%,-0.57,40,100%,,,6.19,26,18%,,,,,,,14.50,48,5%,,,,,,8.31,44,5%,,,10,2,,,,,,,,,,,,,,,,,,,,,,,,,,,,,,,,,,,,,,,,,,,,,,,,16.24,47,2%
NNT 400,06/05,GIANO DA FSA,,TABA P9551,,,,,,,,,,3.20,12,2%,0.37,38,4%,,,6.43,33,16%,,,,,,,14.37,54,5%,,,,,,6.74,50,12%,,,30,1,,,,,,,,,,,,,,,,,,,,,,,,,,,,,,,,,,,,,,,,,,,,,,,,16.52,54,2%
GER 6043,09/09,6043 DA COPAC.,,SJP 2593,,,,,,,,,,1.55,15,24%,-0.46,40,98%,,,6.33,31,17%,,,,,,,14.18,46,6%,,,,,,7.91,48,6%,,,9,1,,,,,,,,,,,,,,,,,,,,,,,,,,,,,,,,,,,,,,,,,,,,,,,,11.33,47,11%
TJG 1297,09/17,IGUAL TJG,,PRTA 325,,,,,,,,,,0.56,8,55%,0.35,16,5%,,,6.55,23,16%,,,,,,,13.96,42,6%,,,,,,5.80,32,18%,,,19,1,,,,,,,,,,,,,,,,,,,,,,,,,,,,,,,,,,,,,,,,,,,,,,,,8.38,39,23%
MBF 1871,08/03,OLSEN TE MB DA FLOR,,8202,,,,,,,,,,-0.20,18,83%,-0.15,48,75%,,,3.86,37,35%,,,,,,,13.64,65,6%,,,,,,4.92,59,24%,,,60,5,,,,,,,,,,,,,,,,,,,,,,,,,,,,,,,,,,,,,,,,,,,,,,,,12.59,65,7%
GER 5668,10/08,5668 DA COPAC.,,MBF 496,,,,,,,,,,2.31,13,8%,-0.17,38,78%,,,5.37,29,23%,,,,,,,13.59,49,6%,,,,,,1.80,39,55%,,,14,1,,,,,,,,,,,,,,,,,,,,,,,,,,,,,,,,,,,,,,,,,,,,,,,,10.02,46,15%
DORN 618,04/09,EROS FIV DA DORN,G,NYFP 4183,,,,,,,,,,-1.23,10,97%,-0.35,28,94%,,,9.73,31,4%,,,,,,,13.56,50,6%,,,,,,14.43,54,0.1%,,,11,1,,,,,,,,,,,,,,,,,,,,,,,,,,,,,,,,,,,,,,,,,,,,,,,,15.13,51,3%
ALN 628,09/04,ALN 628 LORRAN,,ELV 1194,,,,,,,,,,3.82,17,0.5%,0.27,40,8%,,,5.30,32,24%,,,,,,,13.52,53,6%,,,,,,11.07,45,1%,,,25,2,,,,,,,,,,,,,,,,,,,,,,,,,,,,,,,,,,,,,,,,,,,,,,,,15.96,51,2%
PRT 4757,11/04,LANHO FIV DA PRATA,,PRT 2365,,,,,,,,,,2.64,27,5%,0.04,35,35%,,,7.43,42,11%,,,,,,,13.10,61,7%,,,,,,10.23,53,2%,,,43,4,,,,,,,,,,,,,,,,,,,,,,,,,,,,,,,,,,,,,,,,,,,,,,,,12.00,60,9%
RNF 1429,01/07,ILUMINADO RF 4 IRMAS,,1206,,,,,,,,,,3.34,28,2%,0.28,17,8%,,,2.89,25,44%,,,,,,,12.28,33,9%,,,,,,8.23,27,5%,,,4,1,,,,,,,,,,,,,,,,,,,,,,,,,,,,,,,,,,,,,,,,,,,,,,,,13.53,33,5%
TJG 1015,10/16,HASTIL TJG,,PRTA 325,,,,,,,,,,0.71,8,50%,0.08,14,28%,,,7.41,23,11%,,,,,,,11.79,44,10%,,,,,,7.07,33,10%,,,22,1,,,,,,,,,,,,,,,,,,,,,,,,,,,,,,,,,,,,,,,,,,,,,,,,8.68,41,21%
CCCC 1673,03/03,SARDONICO CC,,CBA 804,,,,,,,,,,1.30,11,31%,0.55,26,2%,,,9.10,40,6%,,,,,,,11.60,51,11%,,,,,,11.63,46,0.5%,,,22,3,,,,,,,,,,,,,,,,,,,,,,,,,,,,,,,,,,,,,,,,,,,,,,,,9.63,50,17%
PRTA 325,06/10,RAMBO FIV DA PRATA,G,NCG 1396,,,,,,,,,,-0.22,56,83%,0.08,80,28%,,,6.73,70,15%,,,,,,,11.25,80,12%,,,,,,7.37,70,9%,,,82,4,,,,,,,,,,,,,,,,,,,,,,,,,,,,,,,,,,,,,,,,,,,,,,,,9.64,78,17%
CSC 8418,11/04,MUMU DO CORREGO,,A130,,,,,,,,,,1.80,17,18%,0.18,26,15%,,,2.84,25,44%,,,,,,,11.23,34,12%,,,,,,10.25,29,2%,,,9,3,,,,,,,,,,,,,,,,,,,,,,,,,,,,,,,,,,,,,,,,,,,,,,,,17.41,33,2%
CSC 8501,03/05,NHEMBOCAIO DO CÓRREG,,CSC 7553,,,,,,,,,,2.27,18,9%,0.27,39,8%,,,3.01,39,43%,,,,,,,11.12,52,12%,,,,,,2.44,62,48%,,,11,4,,,,,,,,,,,,,,,,,,,,,,,,,,,,,,,,,,,,,,,,,,,,,,,,7.61,59,26%
TROA 2561,08/15,BALANCETE TRO,,TABA R2816,,,,,,,,,,1.26,15,33%,-0.02,24,52%,,,9.57,34,5%,,,,,,,10.08,49,16%,,,,,,3.77,55,35%,,,9,2,,,,,,,,,,,,,,,,,,,,,,,,,,,,,,,,,,,,,,,,,,,,,,,,7.84,50,25%
ALD 1871,11/11,ULCERANTE DO COCA,,8801,,,,,,,,,,3.63,18,1%,-0.10,24,68%,,,6.44,24,16%,,,,,,,10.03,40,16%,,,,,,7.48,34,8%,,,12,1,,,,,,,,,,,,,,,,,,,,,,,,,,,,,,,,,,,,,,,,,,,,,,,,14.26,38,4%
ALD 1119,09/04,PIBO DO COCA,,NCG 1396,,,,,,,,,,-1.60,26,98%,-0.59,17,100%,,,5.44,29,23%,,,,,,,9.84,44,16%,,,,,,8.68,43,4%,,,7,1,,,,,,,,,,,,,,,,,,,,,,,,,,,,,,,,,,,,,,,,,,,,,,,,5.75,46,38%
THUT 1,12/11,GROSCO THU,,8202,,,,,,,,,,0.69,14,51%,0.30,30,7%,,,5.18,22,25%,,,,,,,9.74,37,17%,,,,,,4.00,26,32%,,,12,1,,,,,,,,,,,,,,,,,,,,,,,,,,,,,,,,,,,,,,,,,,,,,,,,6.54,38,33%
VMUT 56,12/04,CELESTINO TE V.MUTUM,,A50,,,,,,,,,,1.38,11,29%,-0.12,25,71%,,,3.59,23,37%,,,,,,,9.46,35,18%,,,,,,3.97,30,33%,,,8,1,,,,,,,,,,,,,,,,,,,,,,,,,,,,,,,,,,,,,,,,,,,,,,,,9.54,33,17%
UZI 171,02/10,INVICTO FIV UZI,,650,,,,,,,,,,-3.07,21,100%,-0.02,34,52%,,,6.65,34,15%,,,,,,,9.42,59,18%,,,,,,8.05,53,6%,,,44,1,,,,,,,,,,,,,,,,,,,,,,,,,,,,,,,,,,,,,,,,,,,,,,,,7.69,58,26%
CSC 9974,08/08,RUSSEL DO CÓRREGO,,TABA R2816,,,,,,,,,,2.53,19,6%,0.02,50,39%,,,12.54,43,1%,,,,,,,9.03,58,20%,,,,,,10.53,63,1%,,,24,3,,,,,,,,,,,,,,,,,,,,,,,,,,,,,,,,,,,,,,,,,,,,,,,,15.85,63,2%
CSC 8769,10/05,MAMON DO CÓRREGO,,CSC 6825,,,,,,,,,,-0.19,17,82%,0.73,44,0.5%,,,8.51,35,7%,,,,,,,9.03,46,20%,,,,,,5.10,58,23%,,,6,2,,,,,,,,,,,,,,,,,,,,,,,,,,,,,,,,,,,,,,,,,,,,,,,,10.27,56,14%
PRT 5785,09/08,PAIRANTE DA PRATA,,PRT 4450,,,,,,,,,,0.81,2,47%,-0.09,33,66%,,,4.01,20,34%,,,,,,,9.00,36,20%,,,,,,8.06,30,6%,,,11,2,,,,,,,,,,,,,,,,,,,,,,,,,,,,,,,,,,,,,,,,,,,,,,,,5.35,37,40%
CCCC 2007,06/04,TUCANO TE CC,NYFP 1459,2.63,,,,,,,,,,15,5%,10.97,39,1%,10,,,33,22%,CRESCIMENTO PÓS-DESMAME,,,,,,,47,21%,0.68,,,,,,50,1%,12.41,,,2,5.59,,,,,,,,,,,,,,,,,,,,,,,,,,,,,,,,,,,,,,,,,,,,,,,,52,8%,8.81
CSC 9872,03/08,REQUI DO CÓRREGO,,CSC 8037,-0.07,9,44%,,,,38.52,14,99%,1.98,10,14%,0.91,33,0.5%,,,14%,,,,,,,,,30.71,36,0.1%,,,,,,,,,,,,,4,23,6.80,,,,,,,,,,,,,,,,,,,,,,,,,,,,,,,,,,,,,,,,,,,,,,,
TRO 352,01/08,QI FIV TRO,,PRT 2365,-0.33,13,12%,,,,49.79,18,51%,1.51,14,25%,0.90,41,0.5%,,,5%,,,,,,,,,19.95,54,1%,,,,,,,,,,,,,13,31,9.57,,,,,,,,,,,,,,,,,,,,,,,,,,,,,,,,,,,,,,,,,,,,,,,
SATB 28,08/09,SATB CABAL,,NNT 400,-0.17,5,29%,,,,47.32,7,73%,2.01,5,13%,0.77,35,0.5%,,,10%,,,,,,,,,20.41,41,1%,,,,,,,,,,,,,10,24,7.64,,,,,,,,,,,,,,,,,,,,,,,,,,,,,,,,,,,,,,,,,,,,,,,
CSC 8769,10/05,MAMON DO CÓRREGO,,CSC 6825,0.06,13,73%,,,,56.43,21,15%,-0.19,17,82%,0.73,44,0.5%,,,7%,,,,,,,,,9.03,46,20%,,,,,,,,,,,,,16,35,8.51,,,,,,,,,,,,,,,,,,,,,,,,,,,,,,,,,,,,,,,,,,,,,,,
CCCC 2007,06/04,TUCANO TE CC,,NYFP 1459,0.02,16,65%,,,,43.50,21,90%,2.63,15,5%,0.68,39,1%,,,22%,,,,,,,,,8.81,47,21%,,,,,,,,,,,,,11,33,5.59,,,,,,,,,,,,,,,,,,,,,,,,,,,,,,,,,,,,,,,,,,,,,,,
TVCA 825,02/17,CACIFE FIV DA GE 05,,GTRT 3506,-0.29,6,15%,,,,45.14,6,84%,1.96,6,14%,0.56,27,1%,,,18%,,,,,,,,,14.15,27,6%,,,,,,,,,,,,,6,15,6.13,,,,,,,,,,,,,,,,,,,,,,,,,,,,,,,,,,,,,,,,,,,,,,,
CCCC 1673,03/03,SARDONICO CC,,CBA 804,-0.24,37,20%,,,,43.49,54,91%,1.30,11,31%,0.55,26,2%,,,6%,,,,,,,,,11.60,51,11%,,,,,,,,,,,,,4,40,9.10,,,,,,,,,,,,,,,,,,,,,,,,,,,,,,,,,,,,,,,,,,,,,,,
OEJ 102,01/11,SANCAO,,ALN 628,0.09,27,77%,,,,45.88,7,81%,4.61,26,0.1%,0.47,55,2%,,,12%,,,,,,,,,15.27,66,4%,,,,,,,,,,,,,33,39,7.29,,,,,,,,,,,,,,,,,,,,,,,,,,,,,,,,,,,,,,,,,,,,,,,
GER 4092,09/03,COPACABANA GER 4092,,PRT 2888,-0.06,32,46%,,,,52.98,46,28%,2.63,35,5%,0.46,58,2%,,,24%,,,,,,,,,4.03,69,46%,,,,,,,,,,,,,32,52,5.21,,,,,,,,,,,,,,,,,,,,,,,,,,,,,,,,,,,,,,,,,,,,,,,
CAP 2207,10/14,ACOLHIDO DA CAPEBA,,LETA 453,-0.46,7,6%,,,,48.60,10,63%,0.95,6,42%,0.41,22,3%,,,13%,,,,,,,,,10.75,23,13%,,,,,,,,,,,,,4,14,6.99,,,,,,,,,,,,,,,,,,,,,,,,,,,,,,,,,,,,,,,,,,,,,,,
NNT 400,06/05,GIANO DA FSA,,TABA P9551,-0.09,17,41%,,,,45.93,21,81%,3.20,12,2%,0.37,38,4%,,,16%,,,,,,,,,14.37,54,5%,,,,,,,,,,,,,11,33,6.43,,,,,,,,,,,,,,,,,,,,,,,,,,,,,,,,,,,,,,,,,,,,,,,
JCVZ 10,12/07,MAJESTOSO FIV,G,TABA R2198,0.03,18,67%,,,,53.34,23,26%,-1.07,21,96%,0.36,38,4%,,,7%,,,,,,,,,8.28,56,23%,,,,,,,,,,,,,10,33,8.55,,,,,,,,,,,,,,,,,,,,,,,,,,,,,,,,,,,,,,,,,,,,,,,
RNF 3282,09/16,TROUBLE FIV RF 4 IRMA,,TABA R2816,-0.25,14,19%,,,,56.12,15,16%,2.54,14,6%,0.36,27,4%,,,0.5%,,,,,,,,,19.58,35,1%,,,,,,,,,,,,,4,23,13.62,,,,,,,,,,,,,,,,,,,,,,,,,,,,,,,,,,,,,,,,,,,,,,,
GER 6421,08/10,6421 DA COPAC.,,CSC 7425,-0.01,15,56%,,,,49.94,16,49%,2.59,16,5%,0.33,33,5%,,,0.5%,,,,,,,,,25.81,45,0.5%,,,,,,,,,,,,,6,28,13.50,,,,,,,,,,,,,,,,,,,,,,,,,,,,,,,,,,,,,,,,,,,,,,,
THUT 1,12/11,GROSCO THU,,8202,-0.19,14,26%,,,,51.79,19,35%,0.69,14,51%,0.30,30,7%,,,25%,,,,,,,,,9.74,37,17%,,,,,,,,,,,,,8,22,5.18,,,,,,,,,,,,,,,,,,,,,,,,,,,,,,,,,,,,,,,,,,,,,,,
CCCC 3090,06/06,VOTORO TE CC,,CCCC 1019,-0.19,12,26%,,,,46.18,15,80%,1.33,11,30%,0.29,30,7%,,,12%,,,,,,,,,15.90,36,3%,,,,,,,,,,,,,6,24,7.25,,,,,,,,,,,,,,,,,,,,,,,,,,,,,,,,,,,,,,,,,,,,,,,
ALN 628,09/04,ALN 628 LORRAN,,ELV 1194,0.01,17,63%,,,,41.77,16,95%,3.82,17,0.5%,0.27,40,8%,,,24%,,,,,,,,,13.52,53,6%,,,,,,,,,,,,,11,32,5.30,,,,,,,,,,,,,,,,,,,,,,,,,,,,,,,,,,,,,,,,,,,,,,,
CSC 8501,03/05,NHEMBOCAIO DO CÓRREG,,CSC 7553,-0.03,16,52%,,,,42.75,26,93%,2.27,18,9%,0.27,39,8%,,,43%,,,,,,,,,11.12,52,12%,,,,,,,,,,,,,10,39,3.01,,,,,,,,,,,,,,,,,,,,,,,,,,,,,,,,,,,,,,,,,,,,,,,
NGT 507,01/09,DOBRADO FIV DA NGT,,FEP 1034,-0.96,29,0.5%,,,,57.45,42,12%,0.98,7,41%,0.23,32,11%,,,4%,,,,,,,,,6.08,34,34%,,,,,,,,,,,,,9,29,10.01,,,,,,,,,,,,,,,,,,,,,,,,,,,,,,,,,,,,,,,,,,,,,,,
CSC 8418,11/04,MUMU DO CORREGO,,A130,0.30,14,93%,,,,40.56,20,97%,1.80,17,18%,0.18,26,15%,,,44%,,,,,,,,,11.23,34,12%,,,,,,,,,,,,,4,25,2.84,,,,,,,,,,,,,,,,,,,,,,,,,,,,,,,,,,,,,,,,,,,,,,,
PRTA 325,06/10,RAMBO FIV DA PRATA,G,NCG 1396,-0.29,54,15%,,,,50.51,65,43%,-0.22,56,83%,0.08,80,28%,,,15%,FERTILIDADE,,,,,,,,11.25,80,12%,,,,,,,,,,,,,45,70,6.73,,,,,,,,,,,,,,,,,,,,,,,,,,,,,,,,,,,,,,,,,,,,,,,
TAB 620,10/03,LABIRINTO DE UCHOA,,PRT 3180,-0.13,18,34%,,,,63.59,28,3%,0.74,23,49%,,,,,,23%,,,,,,,,,0.67,67,70%,,,,,,,,,,,,,13,,5.39,40,,,,,,,,,,,,,,,,,,,,,,,,,,,,,,,,,,,,,,,,,,,,,,
CSC 7825,08/03,JURUMUM DO CORREGO,,A130,0.12,26,81%,,,,63.39,39,3%,1.07,34,39%,,,,,,25%,,,,,,,,,-0.87,57,84%,,,,,,,,,,,,,26,,5.15,47,,,,,,,,,,,,,,,,,,,,,,,,,,,,,,,,,,,,,,,,,,,,,,
CSC 9974,08/08,RUSSEL DO CÓRREGO,,TABA R2816,-0.33,18,12%,,,,61.23,24,5%,2.53,19,6%,,,,,,1%,,,,,,,,,9.03,58,20%,,,,,,,,,,,,,5,,12.54,43,,,,,,,,,,,,,,,,,,,,,,,,,,,,,,,,,,,,,,,,,,,,,,
ALD 1101,05/04,PALOSO TE DO COCA,,2064,0.02,22,65%,,,,60.43,30,6%,1.27,29,32%,,,,,,17%,,,,,,,,,2.78,50,54%,,,,,,,,,,,,,9,,6.39,32,,,,,,,,,,,,,,,,,,,,,,,,,,,,,,,,,,,,,,,,,,,,,,
NGT 801,11/09,DUTO DA NGT,,MBF 1779,-0.26,25,18%,,,,58.32,36,10%,1.80,10,18%,,,,,,2%,,,,,,,,,26.15,32,0.5%,,,,,,,,,,,,,20,,11.73,25,,,,,,,,,,,,,,,,,,,,,,,,,,,,,,,,,,,,,,,,,,,,,,
NGT 507,01/09,DOBRADO FIV DA NGT,,FEP 1034,-0.96,29,0.5%,,,,57.45,42,12%,0.98,7,41%,,,,,,4%,,,,,,,,,6.08,34,34%,,,,,,,,,,,,,30,,10.01,29,,,,,,,,,,,,,,,,,,,,,,,,,,,,,,,,,,,,,,,,,,,,,,
CSC 8721,09/05,MAILLY DO CORREGO,,CSC 7155,0.15,13,84%,,,,55.23,21,19%,0.71,13,50%,,,,,,36%,,,,,,,,,4.99,38,41%,,,,,,,,,,,,,7,,3.70,25,,,,,,,,,,,,,,,,,,,,,,,,,,,,,,,,,,,,,,,,,,,,,,
MBF 3143,11/07,SATURNO MB DA FLOR,,MBF 1636,-0.34,16,11%,,,,54.16,23,23%,1.35,8,30%,,,,,,22%,,,,,,,,,6.33,11,33%,,,,,,,,,,,,,9,,5.50,12,,,,,,,,,,,,,,,,,,,,,,,,,,,,,,,,,,,,,,,,,,,,,,
TRO 180,04/06,OBSTACULO TRO,,TAB 489,0.29,12,93%,,,,53.84,21,24%,2.35,15,8%,,,,,,38%,,,,,,,,,1.68,59,62%,,,,,,,,,,,,,9,,3.54,33,,,,,,,,,,,,,,,,,,,,,,,,,,,,,,,,,,,,,,,,,,,,,,
LETA 2266,10/07,KATUMBO DA PALMEIRA,,TABA R2816,-0.13,13,34%,,,,53.00,29,28%,1.55,11,24%,,,,,,13%,,,,,,,,,9.31,18,19%,,,,,,,,,,,,,15,,6.97,19,,,,,,,,,,,,,,,,,,,,,,,,,,,,,,,,,,,,,,,,,,,,,,
GER 4092,09/03,COPACABANA GER 4092,,PRT 2888,-0.06,32,46%,,,,52.98,46,28%,2.63,35,5%,,,,,,24%,,,,,,,,,4.03,69,46%,,,,,,,,,,,,,39,,5.21,52,,,,,,,,,,,,,,,,,,,,,,,,,,,,,,,,,,,,,,,,,,,,,,
TRO 107,10/05,NONODO TRO,,6176,-0.27,19,17%,,,,52.59,30,30%,2.27,26,9%,,,,,,34%,,,,,,,,,6.50,58,32%,,,,,,,,,,,,,15,,3.98,36,,,,,,,,,,,,,,,,,,,,,,,,,,,,,,,,,,,,,,,,,,,,,,
ASBR 1643,10/18,PIETROO DA ASA BR,G,PRTA 325,-0.28,51,16%,,,,,,,,,,0.15,78,18%,,,9.07,68,6%,,,,,,,11.66,76,11%,,,,,,,,,,,,,,,,,3.23,76,0.1%,-0.03,73,67%,,,,,,,,,,,,,,,,,,,,,,,,,,,,,,,,,,,,,,,,
JAAX 247,10/18,GLADIADOR,G,GCK 1876,-0.13,51,34%,,,,,,,,,,-0.04,78,57%,,,11.39,68,2%,,,,,,,17.38,76,2%,,,,,,,,,,,,,,,,,2.88,76,0.5%,0.19,73,3%,,,,,,,,,,,,,,,,,,,,,,,,,,,,,,,,,,,,,,,,
NGT 124,11/07,BEETHOVEN DA NGT,,FEP 1034,-1.15,39,0.5%,,,,,,,,,,-0.08,33,65%,,,19.50,43,0.1%,,,,,,,27.14,52,0.1%,,,,,,,,,,,,,,,,,2.44,37,0.5%,-0.30,32,100%,,,,,,,,,,,,,,,,,,,,,,,,,,,,,,,,,,,,,,,,
PRTA 325,06/10,RAMBO FIV DA PRATA,G,NCG 1396,-0.29,54,15%,,,,,,,,,,0.08,80,28%,,,6.73,70,15%,,,,,,,11.25,80,12%,,,,,,,,,,,,,,,,,2.08,77,1%,-0.25,75,100%,,,,,,,,,,,,,,,,,,,,,,,,,,,,,,,,,,,,,,,,
TJG 1297,09/17,IGUAL TJG,,PRTA 325,-0.12,9,36%,,,,,,,,,,0.35,16,5%,,,6.55,23,16%,,,,,,,13.96,42,6%,,,,,,,,,,,,,,,,,1.90,44,2%,-0.07,40,82%,,,,,,,,,,,,,,,,,,,,,,,,,,,,,,,,,,,,,,,,
TJG 1015,10/16,HASTIL TJG,,PRTA 325,-0.29,8,15%,,,,,,,,,,0.08,14,28%,,,7.41,23,11%,,,,,,,11.79,44,10%,,,,,,,,,,,,,,,,,1.76,40,2%,-0.16,36,97%,,,,,,,,,,,,,,,,,,,,,,,,,,,,,,,,,,,,,,,,
DAGA 29,07/18,AVAIANO FIV DAGA,,TABA R2816,-0.26,12,18%,,,,,,,,,,0.09,15,26%,,,8.75,15,7%,,,,,,,9.67,18,17%,,,,,,,,,,,,,,,,,1.65,17,3%,0.14,16,5%,,,,,,,,,,,,,,,,,,,,,,,,,,,,,,,,,,,,,,,,
GCK 1876,10/10,PRUDENTE DA KAYLUA,,TABA R2816,-0.19,17,26%,,,,,,,,,,-0.04,47,57%,,,8.14,33,9%,,,,,,,8.75,55,21%,,,,,,,,,,,,,,,,,1.51,27,4%,0.26,23,1%,,,,,,,,,,,,,,,,,,,,,,,,,,,,,,,,,,,,,,,,
CAP 2207,10/14,ACOLHIDO DA CAPEBA,,LETA 453,-0.46,7,6%,,,,,,,,,,0.41,22,3%,,,6.99,14,13%,,,,,,,10.75,23,13%,,,,,,,,,,,,,,,,,1.51,20,4%,0.07,18,13%,,,,,,,,,,,,,,,,,,,,,,,,,,,,,,,,,,,,,,,,
DORN 618,04/09,EROS FIV DA DORN,G,NYFP 4183,0.33,15,94%,,,,,,,,,,-0.35,28,94%,,,9.73,31,4%,,,,,,,13.56,50,6%,,,,,,,,,,,,,,,,,1.27,28,6%,0.27,23,1%,,,,,,,,,,,,,,,,,,,,,,,,,,,,,,,,,,,,,,,,
RNF 3282,09/16,TROUBLE FIV RF 4 IRMA,,TABA R2816,-0.25,14,19%,,,,,,,,,,0.36,27,4%,,,13.62,23,0.5%,,,,,,,19.58,35,1%,,,,,,,,,,,,,,,,,1.24,21,7%,0.07,19,13%,,,,,,,,,,,,,,,,,,,,,,,,,,,,,,,,,,,,,,,,
NGT 4198,08/16,KRISTOPHER DA NGT,,NGT 507,-0.62,9,3%,,,,,,,,,,0.01,28,42%,,,5.84,17,20%,,,,,,,6.40,28,33%,,,,,,,,,,,,,,,,,1.19,24,7%,-0.01,21,53%,,,,,,,,,,,,,,,,,,,,,,,,,,,,,,,,,,,,,,,,
GER 6827,06/11,6827 DA COPAC.,,DORN 415,-0.14,7,33%,,,,,,,,,,-0.14,29,74%,,,5.44,23,23%,,,,,,,11.91,38,10%,,,,,,,,,,,,,,,,,1.07,26,10%,0.06,21,15%,,,,,,,,,,,,,,,,,,,,,,,,,,,,,,,,,,,,,,,,
GREG 1132,11/10,JEDIEL DO GREGG,G,NCG 4402,0.07,52,74%,,,,,,,,,,-0.52,78,99%,,,3.09,68,42%,,,,,,,4.11,76,46%,,,,,,,,,,,,,,,,,1.04,75,10%,0.01,73,33%,,,,,,,,,,,,,,,,,,,,,,,,,,,,,,,,,,,,,,,,
MBF 3413,06/09,UAI MB DA FLOR,,TABA R2816,-0.35,15,11%,,,,,,,,,,0.05,36,33%,,,10.22,30,4%,,,,,,,17.34,51,2%,,,,,,,,,,,,,,,,,0.99,22,12%,-0.05,18,76%,,,,,,,,,,,,,,,,,,,,,,,,,,,,,,,,,,,,,,,,
TROA 2561,08/15,BALANCETE TRO,,TABA R2816,-0.27,13,17%,,,,,,,,,,-0.02,24,52%,,,9.57,34,5%,,,,,,,10.08,49,16%,,,,,,,,,,,,,,,,,0.91,50,14%,-0.08,46,85%,,,,,,,,,,,,,,,,,,,,,,,,,,,,,,,,,,,,,,,,
NNT 400,06/05,GIANO DA FSA,,TABA P9551,-0.09,17,41%,,,,,,,,,,0.37,38,4%,,,6.43,33,16%,,,,,,,14.37,54,5%,,,,,,,,,,,,,,,,,0.65,25,24%,0.25,20,1%,,,,,,,,,,,,,,,,,,,,,,,,,,,,,,,,,,,,,,,,
RNF 2523,04/12,TOTEM FIV RF 4 IRMAS,G,RNF 1769,-0.20,52,25%,,,,,,,,,,0.03,78,37%,,,7.72,68,10%,,,,,,,20.00,76,1%,,,,,,,,,,,,,,,,,0.61,75,26%,0.11,73,8%,,,,,,,,,,,,,,,,,,,,,,,,,,,,,,,,,,,,,,,,
ALD 2413,11/16,BENEDITO DO COCA,G,MBF 1871,0.26,52,91%,,,,,,,,,,-0.39,79,96%,,,11.95,70,2%,,,,,,,30.75,80,0.1%,,,,,,,,,,,,,,,,,0.55,75,28%,0.15,73,4%,,,,,,,,,,,,,,,,,,,,,,,,,,,,,,,,,,,,,,,,
CSC 11626,11/16,CISQUEIRO DO CORREGO,,CSC 9643,0.03,7,67%,,,,,,,,,,-0.05,12,59%,,,6.20,20,18%,,,,,,,5.47,27,38%,,,,,,,,,,,,,,,,,0.03,42,62%,0.32,38,0.5%,,,,,,,,,,,,,,,,,,,,,,,,,,,,,,,,,,,,,,,,
DORN 618,04/09,EROS FIV DA DORN,G,NYFP 4183,0.33,15,94%,,,,,,,,,,-0.35,28,94%,,,9.73,31,4%,,,,,,,13.56,50,6%,,,,,,,,,,,,,,,,,1.27,28,6%,0.27,23,1%,,,,,,,,,,,,,,,,,,,,,,,,,,,,,,,,,,,,,,,,
GCK 1876,10/10,PRUDENTE DA KAYLUA,,TABA R2816,-0.19,17,26%,,,,,,,,,,-0.04,47,57%,,,8.14,33,9%,,,,,,,8.75,55,21%,,,,,,,,,,,,,,,,,1.51,27,4%,0.26,23,1%,,,,,,,,,,,,,,,,,,,,,,,,,,,,,,,,,,,,,,,,
NNT 400,06/05,GIANO DA FSA,,TABA P9551,-0.09,17,41%,,,,,,,,,,0.37,38,4%,,,6.43,33,16%,,,,,,,14.37,54,5%,,,,,,,,,,,,,,,,,0.65,25,24%,0.25,20,1%,,,,,,,,,,,,,,,,,,,,,,,,,,,,,,,,,,,,,,,,
JAAX 247,10/18,GLADIADOR,G,GCK 1876,-0.13,51,34%,,,,,,,,,,-0.04,78,57%,,,11.39,68,2%,,,,,,,17.38,76,2%,,,,,,,,,,,,,,,,,2.88,76,0.5%,0.19,73,3%,,,,,,,,,,,,,,,,,,,,,,,,,,,,,,,,,,,,,,,,
ALD 2413,11/16,BENEDITO DO COCA,G,MBF 1871,0.26,52,91%,,,,,,,,,,-0.39,79,96%,,,11.95,70,2%,,,,,,,30.75,80,0.1%,,,,,,,,,,,,,,,,,0.55,75,28%,0.15,73,4%,,,,,,,,,,,,,,,,,,,,,,,,,,,,,,,,,,,,,,,,
DAGA 29,07/18,AVAIANO FIV DAGA,,TABA R2816,-0.26,12,18%,,,,,,,,,,0.09,15,26%,,,8.75,15,7%,,,,,,,9.67,18,17%,,,,,,,,,,,,,,,,,1.65,17,3%,0.14,16,5%,,,,,,,,,,,,,,,,,,,,,,,,,,,,,,,,,,,,,,,,
CSC 11667,08/17,DOURADO DO CORREGO,,CSC 9643,-0.27,5,17%,,,,,,,,,,-0.07,19,63%,,,5.66,13,21%,,,,,,,16.09,20,3%,,,,,,,,,,,,,,,,,0.33,18,39%,0.13,15,6%,,,,,,,,,,,,,,,,,,,,,,,,,,,,,,,,,,,,,,,,
RNF 2523,04/12,TOTEM FIV RF 4 IRMAS,G,RNF 1769,-0.20,52,25%,,,,,,,,,,0.03,78,37%,,,7.72,68,10%,,,,,,,20.00,76,1%,,,,,,,,,,,,,,,,,0.61,75,26%,0.11,73,8%,,,,,,,,,,,,,,,,,,,,,,,,,,,,,,,,,,,,,,,,
RNF 3282,09/16,TROUBLE FIV RF 4 IRMA,,TABA R2816,-0.25,14,19%,,,,,,,,,,0.36,27,4%,,,13.62,23,0.5%,,,,,,,19.58,35,1%,,,,,,,,,,,,,,,,,1.24,21,7%,0.07,19,13%,,,,,,,,,,,,,,,,,,,,,,,,,,,,,,,,,,,,,,,,
CAP 2207,10/14,ACOLHIDO DA CAPEBA,,LETA 453,-0.46,7,6%,,,,,,,,,,0.41,22,3%,,,6.99,14,13%,,,,,,,10.75,23,13%,,,,,,,,,,,,,,,,,1.51,20,4%,0.07,18,13%,,,,,,,,,,,,,,,,,,,,,,,,,,,,,,,,,,,,,,,,
GER 6827,06/11,6827 DA COPAC.,,DORN 415,-0.14,7,33%,,,,,,,,,,-0.14,29,74%,,,5.44,23,23%,,,,,,,11.91,38,10%,,,,,,,,,,,,,,,,,1.07,26,10%,0.06,21,15%,,,,,,,,,,,,,,,,,,,,,,,,,,,,,,,,,,,,,,,,
TVCA 825,02/17,CACIFE FIV DA GE 05,,GTRT 3506,-0.29,6,15%,,,,,,,,,,0.56,27,1%,,,6.13,15,18%,,,,,,,14.15,27,6%,,,,,,,,,,,,,,,,,0.01,22,65%,0.04,20,20%,,,,,,,,,,,,,,,,,,,,,,,,,,,,,,,,,,,,,,,,
NGT 124,11/07,BEETHOVEN DA NGT,,FEP 1034,-1.15,39,0.5%,,,,,,,-0.05,7,77%,-0.08,33,65%,,,19.50,43,0.1%,,,,,,,27.14,52,0.1%,,,,,,10.25,51,2%,,,13,4,,,,,,,,,,,,,,,,,,,,,,,,,,,,,,,,,,,,,,,,,,,,,,,,,,
CSC 9974,08/08,RUSSEL DO CÓRREGO,,TABA R2816,-0.33,18,12%,,,,,,,2.53,19,6%,0.02,50,39%,,,12.54,43,1%,,,,,,,9.03,58,20%,,,,,,10.53,63,1%,,,24,3,,,,,,,,,,,,,,,,,,,,,,,,,,,,,,,,,,,,,,,,,,,,,,,,,,
ALD 2413,11/16,BENEDITO DO COCA,G,MBF 1871,0.26,52,91%,,,,,,,1.81,55,17%,-0.39,79,96%,,,11.95,70,2%,,,,,,,30.75,80,0.1%,,,,,,10.03,75,2%,,,72,4,,,,,,,,,,,,,,,,,,,,,,,,,,,,,,,,,,,,,,,,,,,,,,,,,,
MBF 3413,06/09,UAI MB DA FLOR,,TABA R2816,-0.35,15,11%,,,,,,,2.25,15,9%,0.05,36,33%,,,10.22,30,4%,,,,,,,17.34,51,2%,,,,,,5.77,48,18%,,,17,1,,,,,,,,,,,,,,,,,,,,,,,,,,,,,,,,,,,,,,,,,,,,,,,,,,
DORN 618,04/09,EROS FIV DA DORN,G,NYFP 4183,0.33,15,94%,,,,,,,-1.23,10,97%,-0.35,28,94%,,,9.73,31,4%,,,,,,,13.56,50,6%,,,,,,14.43,54,0.1%,,,11,1,,,,,,,,,,,,,,,,,,,,,,,,,,,,,,,,,,,,,,,,,,,,,,,,,,
TROA 2561,08/15,BALANCETE TRO,,TABA R2816,-0.27,13,17%,,,,,,,1.26,15,33%,-0.02,24,52%,,,9.57,34,5%,,,,,,,10.08,49,16%,,,,,,3.77,55,35%,,,9,2,,,,,,,,,,,,,,,,,,,,,,,,,,,,,,,,,,,,,,,,,,,,,,,,,,
TRO 352,01/08,QI FIV TRO,,PRT 2365,-0.33,13,12%,,,,,,,1.51,14,25%,0.90,41,0.5%,,,9.57,31,5%,,,,,,,19.95,54,1%,,,,,,7.57,51,8%,,,25,1,,,,,,,,,,,,,,,,,,,,,,,,,,,,,,,,,,,,,,,,,,,,,,,,,,
CCCC 1673,03/03,SARDONICO CC,,CBA 804,-0.24,37,20%,,,,,,,1.30,11,31%,0.55,26,2%,,,9.10,40,6%,,,,,,,11.60,51,11%,,,,,,11.63,46,0.5%,,,22,3,,,,,,,,,,,,,,,,,,,,,,,,,,,,,,,,,,,,,,,,,,,,,,,,,,
ALD 1325,08/06,RULO DO COCA,,NCG 1396,-0.15,20,32%,,,,,,,-0.68,26,92%,-0.28,24,90%,,,8.77,32,7%,,,,,,,8.20,51,23%,,,,,,10.36,48,2%,,,19,1,,,,,,,,,,,,,,,,,,,,,,,,,,,,,,,,,,,,,,,,,,,,,,,,,,
JCVZ 10,12/07,MAJESTOSO FIV,G,TABA R2198,0.03,18,67%,,,,,,,-1.07,21,96%,0.36,38,4%,,,8.55,33,7%,,,,,,,8.28,56,23%,,,,,,11.28,50,1%,,,34,1,,,,,,,,,,,,,,,,,,,,,,,,,,,,,,,,,,,,,,,,,,,,,,,,,,
GCK 1876,10/10,PRUDENTE DA KAYLUA,,TABA R2816,-0.19,17,26%,,,,,,,2.50,17,6%,-0.04,47,57%,,,8.14,33,9%,,,,,,,8.75,55,21%,,,,,,2.34,48,49%,,,33,2,,,,,,,,,,,,,,,,,,,,,,,,,,,,,,,,,,,,,,,,,,,,,,,,,,
NYFP 4183,04/03,TERNO DA PROG.NY,,NYFP 1578,0.07,13,74%,,,,,,,0.21,12,66%,-0.79,60,100%,,,7.84,45,10%,,,,,,,18.67,69,2%,,,,,,11.93,64,0.5%,,,80,4,,,,,,,,,,,,,,,,,,,,,,,,,,,,,,,,,,,,,,,,,,,,,,,,,,
RNF 2523,04/12,TOTEM FIV RF 4 IRMAS,G,RNF 1769,-0.20,52,25%,,,,,,,1.28,54,32%,0.03,78,37%,,,7.72,68,10%,,,,,,,20.00,76,1%,,,,,,9.09,66,3%,,,8,2,,,,,,,,,,,,,,,,,,,,,,,,,,,,,,,,,,,,,,,,,,,,,,,,,,
PAT 471,11/03,LAGARTO DA PATURI,,PAT 271,-0.81,24,1%,,,,,,,0.11,9,70%,0.29,8,7%,,,7.64,31,10%,,,,,,,0.40,55,73%,,,,,,6.36,46,14%,,,37,1,,,,,,,,,,,,,,,,,,,,,,,,,,,,,,,,,,,,,,,,,,,,,,,,,,
PRT 4757,11/04,LANHO FIV DA PRATA,,PRT 2365,-0.29,28,15%,,,,,,,2.64,27,5%,0.04,35,35%,,,7.43,42,11%,,,,,,,13.10,61,7%,,,,,,10.23,53,2%,,,43,4,,,,,,,,,,,,,,,,,,,,,,,,,,,,,,,,,,,,,,,,,,,,,,,,,,
OEJ 102,01/11,SANCAO,,ALN 628,0.09,27,77%,,,,,,,4.61,26,0.1%,0.47,55,2%,,,7.29,39,12%,,,,,,,15.27,66,4%,,,,,,10.50,59,1%,,,75,5,,,,,,,,,,,,,,,,,,,,,,,,,,,,,,,,,,,,,,,,,,,,,,,,,,
PRTA 325,06/10,RAMBO FIV DA PRATA,G,NCG 1396,-0.29,54,15%,,,,,,,-0.22,56,83%,0.08,80,28%,,,6.73,70,15%,,,,,,,11.25,80,12%,,,,,,7.37,70,9%,,,82,4,,,,,,,,,,,,,,,,,,,,,,,,,,,,,,,,,,,,,,,,,,,,,,,,,,
UZI 171,02/10,INVICTO FIV UZI,,650,-0.27,20,17%,,,,,,,-3.07,21,100%,-0.02,34,52%,,,6.65,34,15%,,,,,,,9.42,59,18%,,,,,,8.05,53,6%,,,44,1,,,,,,,,,,,,,,,,,,,,,,,,,,,,,,,,,,,,,,,,,,,,,,,,,,
NNT 400,06/05,GIANO DA FSA,,TABA P9551,-0.09,17,41%,,,,,,,3.20,12,2%,0.37,38,4%,,,6.43,33,16%,,,,,,,14.37,54,5%,,,,,,6.74,50,12%,,,30,1,,,,,,,,,,,,,,,,,,,,,,,,,,,,,,,,,,,,,,,,,,,,,,,,,,
ALD 1101,05/04,PALOSO TE DO COCA,,2064,0.02,22,65%,,,,,,,1.27,29,32%,-0.31,24,91%,,,6.39,32,17%,,,,,,,2.78,50,54%,,,,,,4.89,45,24%,,,18,1,,,,,,,,,,,,,,,,,,,,,,,,,,,,,,,,,,,,,,,,,,,,,,,,,,
GER 6043,09/09,6043 DA COPAC.,,SJP 2593,-0.15,12,32%,,,,,,,1.55,15,24%,-0.46,40,98%,,,6.33,31,17%,,,,,,,14.18,46,6%,,,,,,7.91,48,6%,,,9,1,,,,,,,,,,,,,,,,,,,,,,,,,,,,,,,,,,,,,,,,,,,,,,,,,,
TRO 8,10/04,MAJOR TRO,,A130,0.57,22,98%,,,,,,,0.33,26,62%,0.02,53,39%,,,6.30,40,17%,,,,,,,8.79,61,21%,,,,,,6.34,55,14%,,,42,2,,,,,,,,,,,,,,,,,,,,,,,,,,,,,,,,,,,,,,,,,,,,,,,,,,
GER 5284,10/07,IMPERADOR DA COPAC.,,LVRT 797,-0.44,10,6%,,,,,,,2.93,11,3%,0.03,62,37%,,,5.62,42,21%,,,,,,,7.33,65,28%,,,,,,0.23,64,75%,,,49,2,,,,,,,,,,,,,,,,,,,,,,,,,,,,,,,,,,,,,,,,,,,,,,,,,,
CCCC 2007,06/04,TUCANO TE CC,,NYFP 1459,0.02,16,65%,,,,,,,2.63,15,5%,0.68,39,1%,,,5.59,33,22%,,,,,,,8.81,47,21%,,,,,,10.97,50,1%,,,10,2,,,,,,,,,,,,,,,,,,,,,,,,,,,,,,,,,,,,,,,,,,,,,,,,,,
CCCC 2815,11/05,UILEGAL CC TE,,CCCC 1019,-0.41,21,8%,,,,,,,1.33,11,30%,0.03,17,37%,,,5.43,33,23%,,,,,,,14.55,50,5%,,,,,,9.04,47,3%,,,19,1,,,,,,,,,,,,,,,,,,,,,,,,,,,,,,,,,,,,,,,,,,,,,,,,,,
TAB 620,10/03,LABIRINTO DE UCHOA,,PRT 3180,-0.13,18,34%,,,,,,,0.74,23,49%,-0.01,56,49%,,,5.39,40,23%,,,,,,,0.67,67,70%,,,,,,-0.88,63,92%,,,56,1,,,,,,,,,,,,,,,,,,,,,,,,,,,,,,,,,,,,,,,,,,,,,,,,,,
ALN 628,09/04,ALN 628 LORRAN,,ELV 1194,0.01,17,63%,,,,,,,3.82,17,0.5%,0.27,40,8%,,,5.30,32,24%,,,,,,,13.52,53,6%,,,,,,11.07,45,1%,,,25,2,,,,,,,,,,,,,,,,,,,,,,,,,,,,,,,,,,,,,,,,,,,,,,,,,,
GER 4092,09/03,COPACABANA GER 4092,,PRT 2888,-0.06,32,46%,,,,,,,2.63,35,5%,0.46,58,2%,,,5.21,52,24%,,,,,,,4.03,69,46%,,,,,,4.20,62,30%,,,82,2,,,,,,,,,,,,,,,,,,,,,,,,,,,,,,,,,,,,,,,,,,,,,,,,,,
CSC 7825,08/03,JURUMUM DO CORREGO,,A130,0.12,26,81%,,,,,,,1.07,34,39%,-0.51,55,99%,,,5.15,47,25%,,,,,,,-0.87,57,84%,,,,,,2.19,62,51%,,,23,3,,,,,,,,,,,,,,,,,,,,,,,,,,,,,,,,,,,,,,,,,,,,,,,,,,
GER 5694,10/08,5694 DA COPAC.,,TABA R2816,-0.17,14,29%,,,,,,,3.73,16,0.5%,-0.17,45,78%,,,5.10,36,25%,,,,,,,4.36,56,44%,,,,,,-2.45,51,98%,,,22,1,,,,,,,,,,,,,,,,,,,,,,,,,,,,,,,,,,,,,,,,,,,,,,,,,,
PRT 5013,11/05,MAMUTE DA PRATA,,7812,-0.26,13,18%,,,,,,,3.41,19,1%,-0.27,40,89%,,,4.42,32,30%,,,,,,,5.90,49,36%,,,,,,3.30,41,39%,,,21,2,,,,,,,,,,,,,,,,,,,,,,,,,,,,,,,,,,,,,,,,,,,,,,,,,,
NGT 124,11/07,BEETHOVEN DA NGT,,FEP 1034,,,,,,,,,,,,,,,,,,19.50,43,0.1%,,,,,,,,,,,,,,,,,,,,13,4,,,,,,,,,,,,,,,,,,,,,,,,,,,,,,,,,,,18.84,42,0.1%,20.91,44,0.1%,,,,,,,,,,
CSC 9974,08/08,RUSSEL DO CÓRREGO,,TABA R2816,,,,,,,,,,,,,,,,,,12.54,43,1%,,,,,,,,,,,,,,,,,,,,24,3,,,,,,,,,,,,,,,,,,,,,,,,,,,,,,,,,,,14.28,38,0.5%,8.48,54,12%,,,,,,,,,,
ALD 2413,11/16,BENEDITO DO COCA,G,MBF 1871,,,,,,,,,,,,,,,,,,11.95,70,2%,,,,,,,,,,,,,,,,,,,,72,4,,,,,,,,,,,,,,,,,,,,,,,,,,,,,,,,,,,8.41,67,9%,19.88,77,0.1%,,,,,,,,,,
MBF 3413,06/09,UAI MB DA FLOR,,TABA R2816,,,,,,,,,,,,,,,,,,10.22,30,4%,,,,,,,,,,,,,,,,,,,,17,1,,,,,,,,,,,,,,,,,,,,,,,,,,,,,,,,,,,9.22,27,6%,12.43,36,3%,,,,,,,,,,
DORN 618,04/09,EROS FIV DA DORN,G,NYFP 4183,,,,,,,,,,,,,,,,,,9.73,31,4%,,,,,,,,,,,,,,,,,,,,11,1,,,,,,,,,,,,,,,,,,,,,,,,,,,,,,,,,,,8.78,28,7%,11.79,38,3%,,,,,,,,,,
TROA 2561,08/15,BALANCETE TRO,,TABA R2816,,,,,,,,,,,,,,,,,,9.57,34,5%,,,,,,,,,,,,,,,,,,,,9,2,,,,,,,,,,,,,,,,,,,,,,,,,,,,,,,,,,,10.30,28,4%,7.87,49,15%,,,,,,,,,,
TRO 352,01/08,QI FIV TRO,,PRT 2365,,,,,,,,,,,,,,,,,,9.57,31,5%,,,,,,,,,,,,,,,,,,,,25,1,,,,,,,,,,,,,,,,,,,,,,,,,,,,,,,,,,,8.22,30,9%,12.41,34,3%,,,,,,,,,,
CCCC 1673,03/03,SARDONICO CC,,CBA 804,,,,,,,,,,,,,,,,,,9.10,40,6%,,,,,,,,,,,,,,,,,,,,22,3,,,,,,,,,,,,,,,,,,,,,,,,,,,,,,,,,,,5.50,40,22%,17.48,41,0.5%,,,,,,,,,,
ALD 1325,08/06,RULO DO COCA,,NCG 1396,,,,,,,,,,,,,,,,,,8.77,32,7%,,,,,,,,,,,,,,,,,,,,19,1,,,,,,,,,,,,,,,,,,,,,,,,,,,,,,,,,,,9.42,32,6%,7.17,31,18%,,,,,,,,,,
JCVZ 10,12/07,MAJESTOSO FIV,G,TABA R2198,,,,,,,,,,,,,,,,,,8.55,33,7%,,,,,,,,,,,,,,,,,,,,34,1,,,,,,,,,,,,,,,,,,,,,,,,,,,,,,,,,,,8.54,32,8%,8.45,36,12%,,,,,,,,,,
GCK 1876,10/10,PRUDENTE DA KAYLUA,,TABA R2816,,,,,,,,,,,,,,,,,,8.14,33,9%,,,,,,,,,,,,,,,,,,,,33,2,,,,,,,,,,,,,,,,,,,,,,,,,,,,,,,,,,,7.59,30,11%,9.49,40,8%,,,,,,,,,,
NYFP 4183,04/03,TERNO DA PROG.NY,,NYFP 1578,,,,,,,,,,,,,,,,,,7.84,45,10%,,,,,,,,,,,,,,,,,,,,80,4,,,,,,,,,,,,,,,,,,,,,,,,,,,,,,,,,,,5.25,38,24%,13.69,61,2%,,,,,,,,,,
RNF 2523,04/12,TOTEM FIV RF 4 IRMAS,G,RNF 1769,,,,,,,,,,,,,,,,,,7.72,68,10%,,,,,,,,,,,,,,,,,,,,8,2,,,,,,,,,,,,,,,,,,,,,,,,,,,,,,,,,,,5.10,65,25%,13.56,75,2%,,,,,,,,,,
PAT 471,11/03,LAGARTO DA PATURI,,PAT 271,,,,,,,,,,,,,,,,,,7.64,31,10%,,,,,,,,,,,,,,,,,,,,37,1,,,,,,,,,,,,,,,,,,,,,,,,,,,,,,,,,,,10.35,31,4%,1.30,31,63%,,,,,,,,,,
PRT 4757,11/04,LANHO FIV DA PRATA,,PRT 2365,,,,,,,,,,,,,,,,,,7.43,42,11%,,,,,,,,,,,,,,,,,,,,43,4,,,,,,,,,,,,,,,,,,,,,,,,,,,,,,,,,,,6.21,41,18%,10.12,44,7%,,,,,,,,,,
OEJ 102,01/11,SANCAO,,ALN 628,,,,,,,,,,,,,,,,,,7.29,39,12%,,,,,,,,,,,,,,,,,,,,75,5,,,,,,,,,,,,,,,,,,,,,,,,,,,,,,,,,,,7.37,34,12%,6.81,51,21%,,,,,,,,,,
PRTA 325,06/10,RAMBO FIV DA PRATA,G,NCG 1396,,,,,,,,,,,,,,,,,,6.73,70,15%,,,,,,,,,,,,,,,,,,,,82,4,,,,,,,,,,,,,,,,,,,,,,,,,,,,,,,,,,,4.94,67,26%,10.83,78,5%,,,,,,,,,,
UZI 171,02/10,INVICTO FIV UZI,,650,,,,,,,,,,,,,,,,,,6.65,34,15%,,,,,,,,,,,,,,,,,,,,44,1,,,,,,,,,,,,,,,,,,,,,,,,,,,,,,,,,,,6.10,34,18%,7.79,34,15%,,,,,,,,,,
NNT 400,06/05,GIANO DA FSA,,TABA P9551,,,,,,,,,,,,,,,,,,6.43,33,16%,,,,,,,,,,,,,,,,,,,,30,1,,,,,,,,,,,,,,,,,,,,,,,,,,,,,,,,,,,4.51,30,29%,10.74,39,5%,,,,,,,,,,
ALD 1101,05/04,PALOSO TE DO COCA,,2064,,,,,,,,,,,,,,,,,,6.39,32,17%,,,,,,,,,,,,,,,,,,,,18,1,,,,,,,,,,,,,,,,,,,,,,,,,,,,,,,,,,,8.40,32,9%,1.73,31,58%,,,,,,,,,,
GER 6043,09/09,6043 DA COPAC.,,SJP 2593,,,,,,,,,,,,,,,,,,6.33,31,17%,,,,,,,,,,,,,,,,,,,,9,1,,,,,,,,,,,,,,,,,,,,,,,,,,,,,,,,,,,5.77,28,20%,7.46,37,17%,,,,,,,,,,
TRO 8,10/04,MAJOR TRO,,A130,,,,,,,,,,,,,,,,,,6.30,40,17%,,,,,,,,,,,,,,,,,,,,42,2,,,,,,,,,,,,,,,,,,,,,,,,,,,,,,,,,,,5.98,40,19%,6.98,39,20%,,,,,,,,,,
GER 5284,10/07,IMPERADOR DA COPAC.,,LVRT 797,,,,,,,,,,,,,,,,,,5.62,42,21%,,,,,,,,,,,,,,,,,,,,49,2,,,,,,,,,,,,,,,,,,,,,,,,,,,,,,,,,,,3.84,35,34%,9.89,59,7%,,,,,,,,,,
CCCC 2007,06/04,TUCANO TE CC,,NYFP 1459,,,,,,,,,,,,,,,,,,5.59,33,22%,,,,,,,,,,,,,,,,,,,,10,2,,,,,,,,,,,,,,,,,,,,,,,,,,,,,,,,,,,5.88,31,20%,4.66,37,35%,,,,,,,,,,
CCCC 2815,11/05,UILEGAL CC TE,,CCCC 1019,,,,,,,,,,,,,,,,,,5.43,33,23%,,,,,,,,,,,,,,,,,,,,19,1,,,,,,,,,,,,,,,,,,,,,,,,,,,,,,,,,,,3.65,33,36%,9.36,33,9%,,,,,,,,,,
TAB 620,10/03,LABIRINTO DE UCHOA,,PRT 3180,,,,,,,,,,,,,,,,,,5.39,40,23%,,,,,,,,,,,,,,,,,,,,56,1,,,,,,,,,,,,,,,,,,,,,,,,,,,,,,,,,,,7.91,41,10%,-0.40,39,83%,,,,,,,,,,
ALN 628,09/04,ALN 628 LORRAN,,ELV 1194,,,,,,,,,,,,,,,,,,5.30,32,24%,,,,,,,,,,,,,,,,,,,,25,2,,,,,,,,,,,,,,,,,,,,,,,,,,,,,,,,,,,4.39,28,30%,7.14,39,18%,,,,,,,,,,
GER 4092,09/03,COPACABANA GER 4092,,PRT 2888,,,,,,,,,,,,,,,,,,5.21,52,24%,,,,,,,,,,,,,,,,,,,,82,2,,,,,,,,,,,,,,,,,,,,,,,,,,,,,,,,,,,7.05,50,14%,0.84,56,67%,,,,,,,,,,
CSC 7825,08/03,JURUMUM DO CORREGO,,A130,,,,,,,,,,,,,,,,,,5.15,47,25%,,,,,,,,,,,,,,,,,,,,23,3,,,,,,,,,,,,,,,,,,,,,,,,,,,,,,,,,,,7.72,46,11%,-0.71,50,86%,,,,,,,,,,
GER 5694,10/08,5694 DA COPAC.,,TABA R2816,,,,,,,,,,,,,,,,,,5.10,36,25%,,,,,,,,,,,,,,,,,,,,22,1,,,,,,,,,,,,,,,,,,,,,,,,,,,,,,,,,,,7.69,31,11%,-0.94,47,88%,,,,,,,,,,
PRT 5013,11/05,MAMUTE DA PRATA,,7812,,,,,,,,,,,,,,,,,,4.42,32,30%,,,,,,,,,,,,,,,,,,,,21,2,,,,,,,,,,,,,,,,,,,,,,,,,,,,,,,,,,,3.74,30,35%,6.05,36,25%,,,,,,,,,,
